Symbol,Time,Open,High,Low,Latest,Change,%Change,Volume,Open Int,date,roll,fixed_latest,fixed_change,fixed_prev_date,fixed_prev_latest,fixed_prev_gap_days,same_contract_log_return,fixed_source_file,fixed_price_match,previous_nearby_symbol,previous_nearby_date,previous_nearby_latest,raw_nearby_log_return,incoming_latest_on_previous_nearby_date,roll_basis_log,roll_identity_error,overlap_adjusted_log_return,overlap_adjusted_log_index,overlap_adjusted_index,turkey_mom5,turkey_mom10,turkey_mom20,turkey_rv10,turkey_zero_range20,turkey_zero_oi20
IS7F23,2023-01-12,409.0,411.0,409.0,411.0,2.0,+0.49%,0.0,0.0,2023-01-12,False,411.0,2.0,,,,,is7f23_daily_historical-data-08-12-2026.csv,True,,,,,,,,,0.0,100.0,,,,,,
IS7F23,2023-01-13,411.0,413.0,411.0,413.0,2.0,+0.49%,0.0,12.0,2023-01-13,False,413.0,2.0,2023-01-12,411.0,1.0,0.004854378464798143,is7f23_daily_historical-data-08-12-2026.csv,True,IS7F23,2023-01-12,411.0,0.004854378464798143,411.0,,,0.004854378464798143,0.004854378464798143,100.48661800486617,,,,,,
IS7F23,2023-01-17,412.0,412.0,412.0,412.0,-1.0,-0.24%,0.0,12.0,2023-01-17,False,412.0,-1.0,2023-01-13,413.0,4.0,-0.0024242436115063915,is7f23_daily_historical-data-08-12-2026.csv,True,IS7F23,2023-01-13,413.0,-0.0024242436115063915,413.0,,,-0.0024242436115063915,0.0024301348532917515,100.24330900243308,,,,,,
IS7F23,2023-01-18,413.0,413.0,413.0,413.0,1.0,+0.24%,0.0,12.0,2023-01-18,False,413.0,1.0,2023-01-17,412.0,1.0,0.0024242436115064756,is7f23_daily_historical-data-08-12-2026.csv,True,IS7F23,2023-01-17,412.0,0.0024242436115064756,412.0,,,0.0024242436115064756,0.004854378464798227,100.48661800486617,,,,,,
IS7F23,2023-01-19,413.0,413.0,413.0,413.0,0.0,0.00%,0.0,12.0,2023-01-19,False,413.0,0.0,2023-01-18,413.0,1.0,0.0,is7f23_daily_historical-data-08-12-2026.csv,True,IS7F23,2023-01-18,413.0,0.0,413.0,,,0.0,0.004854378464798227,100.48661800486617,,,,,,
IS7F23,2023-01-20,412.0,412.0,412.0,412.0,-1.0,-0.24%,0.0,12.0,2023-01-20,False,412.0,-1.0,2023-01-19,413.0,1.0,-0.0024242436115063915,is7f23_daily_historical-data-08-12-2026.csv,True,IS7F23,2023-01-19,413.0,-0.0024242436115063915,413.0,,,-0.0024242436115063915,0.0024301348532918357,100.24330900243311,0.0024301348532918357,,,,,
IS7F23,2023-01-23,412.0,412.0,412.0,412.0,0.0,0.00%,0.0,12.0,2023-01-23,False,412.0,0.0,2023-01-20,412.0,3.0,0.0,is7f23_daily_historical-data-08-12-2026.csv,True,IS7F23,2023-01-20,412.0,0.0,412.0,,,0.0,0.0024301348532918357,100.24330900243311,-0.0024242436115063074,,,,,
IS7F23,2023-01-24,412.0,412.0,412.0,412.0,0.0,0.00%,0.0,12.0,2023-01-24,False,412.0,0.0,2023-01-23,412.0,1.0,0.0,is7f23_daily_historical-data-08-12-2026.csv,True,IS7F23,2023-01-23,412.0,0.0,412.0,,,0.0,0.0024301348532918357,100.24330900243311,8.413408858487514e-17,,,,,
IS7F23,2023-01-25,412.0,412.0,412.0,412.0,0.0,0.00%,0.0,12.0,2023-01-25,False,412.0,0.0,2023-01-24,412.0,1.0,0.0,is7f23_daily_historical-data-08-12-2026.csv,True,IS7F23,2023-01-24,412.0,0.0,412.0,,,0.0,0.0024301348532918357,100.24330900243311,-0.0024242436115063915,,,0.002593331537203189,,
IS7G23,2023-01-26,410.0,410.0,410.0,410.0,-2.0,-0.49%,0.0,0.0,2023-01-26,True,410.0,0.0,2023-01-25,410.0,1.0,0.0,is7g23_daily_historical-data-08-12-2026.csv,True,IS7F23,2023-01-25,412.0,-0.004866189651172899,410.0,-0.004866189651172899,0.0,0.0,0.0024301348532918357,100.24330900243311,-0.0024242436115063915,,,0.002404093744239399,,
IS7G23,2023-01-27,410.0,415.0,410.0,410.0,0.0,0.00%,0.0,12.0,2023-01-27,False,410.0,0.0,2023-01-26,410.0,1.0,0.0,is7g23_daily_historical-data-08-12-2026.csv,True,IS7G23,2023-01-26,410.0,0.0,410.0,,,0.0,0.0024301348532918357,100.24330900243311,0.0,0.0024301348532918357,,0.002251102194495145,,
IS7G23,2023-01-30,420.0,420.0,420.0,420.0,10.0,+2.44%,0.0,12.0,2023-01-30,False,420.0,10.0,2023-01-27,410.0,3.0,0.024097551579060524,is7g23_daily_historical-data-08-12-2026.csv,True,IS7G23,2023-01-27,410.0,0.024097551579060524,410.0,,,0.024097551579060524,0.02652768643235236,102.68826775859002,0.024097551579060524,0.021673307967554217,,0.0021240764268203897,,
IS7G23,2023-01-31,420.0,420.0,420.0,420.0,0.0,0.00%,0.0,12.0,2023-01-31,False,420.0,0.0,2023-01-30,420.0,1.0,0.0,is7g23_daily_historical-data-08-12-2026.csv,True,IS7G23,2023-01-30,420.0,0.0,420.0,,,0.0,0.02652768643235236,102.68826775859002,0.024097551579060524,0.024097551579060607,,0.00782694516500266,,
IS7G23,2023-02-01,420.0,420.0,420.0,420.0,0.0,0.00%,0.0,11.0,2023-02-01,False,420.0,0.0,2023-01-31,420.0,1.0,0.0,is7g23_daily_historical-data-08-12-2026.csv,True,IS7G23,2023-01-31,420.0,0.0,420.0,,,0.0,0.02652768643235236,102.68826775859002,0.024097551579060524,0.021673307967554133,,0.007705529811410283,,
IS7G23,2023-02-02,420.0,420.0,415.0,415.0,-5.0,-1.19%,0.0,0.0,2023-02-02,False,415.0,-5.0,2023-02-01,420.0,1.0,-0.01197619104671565,is7g23_daily_historical-data-08-12-2026.csv,True,IS7G23,2023-02-01,420.0,-0.01197619104671565,420.0,,,-0.01197619104671565,0.014551495385636711,101.46578838051154,0.012121360532344874,0.009697116920838484,,0.007743066585789778,,
IS7G23,2023-02-03,425.0,425.0,425.0,425.0,10.0,+2.41%,0.0,11.0,2023-02-03,False,425.0,10.0,2023-02-02,415.0,1.0,0.023810648693718607,is7g23_daily_historical-data-08-12-2026.csv,True,IS7G23,2023-02-02,415.0,0.023810648693718607,415.0,,,0.023810648693718607,0.038362144079355315,103.91074713666846,0.03593200922606348,0.03593200922606348,,0.008947964967417656,0.7333333333333333,0.2
IS7G23,2023-02-06,425.0,425.0,425.0,425.0,0.0,0.00%,0.0,11.0,2023-02-06,False,425.0,0.0,2023-02-03,425.0,3.0,0.0,is7g23_daily_historical-data-08-12-2026.csv,True,IS7G23,2023-02-03,425.0,0.0,425.0,,,0.0,0.038362144079355315,103.91074713666846,0.011834457647002958,0.03593200922606348,,0.011362497801522372,0.75,0.1875
IS7G23,2023-02-07,425.0,425.0,425.0,425.0,0.0,0.00%,0.0,11.0,2023-02-07,False,425.0,0.0,2023-02-06,425.0,1.0,0.0,is7g23_daily_historical-data-08-12-2026.csv,True,IS7G23,2023-02-06,425.0,0.0,425.0,,,0.0,0.038362144079355315,103.91074713666846,0.011834457647002958,0.03593200922606348,,0.011362497801522372,0.7647058823529411,0.17647058823529413
IS7G23,2023-02-08,425.0,425.0,425.0,425.0,0.0,0.00%,0.0,11.0,2023-02-08,False,425.0,0.0,2023-02-07,425.0,1.0,0.0,is7g23_daily_historical-data-08-12-2026.csv,True,IS7G23,2023-02-07,425.0,0.0,425.0,,,0.0,0.038362144079355315,103.91074713666846,0.011834457647002958,0.03593200922606348,,0.011362497801522372,0.7777777777777778,0.16666666666666666
IS7G23,2023-02-09,425.0,425.0,425.0,425.0,0.0,0.00%,0.0,0.0,2023-02-09,False,425.0,0.0,2023-02-08,425.0,1.0,0.0,is7g23_daily_historical-data-08-12-2026.csv,True,IS7G23,2023-02-08,425.0,0.0,425.0,,,0.0,0.038362144079355315,103.91074713666846,0.023810648693718607,0.03593200922606348,,0.011362497801522372,0.7894736842105263,0.15789473684210525
IS7G23,2023-02-10,425.0,430.0,425.0,425.0,0.0,0.00%,6.0,13.0,2023-02-10,False,425.0,0.0,2023-02-09,425.0,1.0,0.0,is7g23_daily_historical-data-08-12-2026.csv,True,IS7G23,2023-02-09,425.0,0.0,425.0,,,0.0,0.038362144079355315,103.91074713666846,0.0,0.03593200922606348,0.038362144079355315,0.011362497801522372,0.8,0.2
IS7G23,2023-02-13,420.0,420.0,420.0,420.0,-5.0,-1.18%,0.0,13.0,2023-02-13,False,420.0,-5.0,2023-02-10,425.0,3.0,-0.011834457647002796,is7g23_daily_historical-data-08-12-2026.csv,True,IS7G23,2023-02-10,425.0,-0.011834457647002796,425.0,,,-0.011834457647002796,0.026527686432352517,102.68826775859002,-0.011834457647002796,1.6132928326584306e-16,0.02167330796755438,0.011362497801522372,0.8,0.15
IS7G23,2023-02-14,420.0,420.0,420.0,420.0,0.0,0.00%,0.0,13.0,2023-02-14,False,420.0,0.0,2023-02-13,420.0,1.0,0.0,is7g23_daily_historical-data-08-12-2026.csv,True,IS7G23,2023-02-13,420.0,0.0,420.0,,,0.0,0.026527686432352517,102.68826775859002,-0.011834457647002796,1.6132928326584306e-16,0.024097551579060773,0.009720714028425292,0.85,0.15
IS7G23,2023-02-15,420.0,426.0,420.0,426.0,6.0,+1.43%,0.0,13.0,2023-02-15,False,426.0,6.0,2023-02-14,420.0,1.0,0.014184634991956381,is7g23_daily_historical-data-08-12-2026.csv,True,IS7G23,2023-02-14,420.0,0.014184634991956381,420.0,,,0.014184634991956381,0.040712321424308896,104.15524301228416,0.002350177344953585,0.014184634991956543,0.035857942959510676,0.009720714028425292,0.85,0.15
IS7G23,2023-02-16,425.0,425.0,425.0,425.0,-1.0,-0.23%,0.0,0.0,2023-02-16,False,425.0,-1.0,2023-02-15,426.0,1.0,-0.0023501773449536266,is7g23_daily_historical-data-08-12-2026.csv,True,IS7G23,2023-02-15,426.0,-0.0023501773449536266,426.0,,,-0.0023501773449536266,0.03836214407935527,103.91074713666846,-4.163336342344337e-17,0.023810648693718565,0.03350776561455705,0.010705730624666752,0.8,0.15
IS7G23,2023-02-17,425.0,425.0,425.0,425.0,0.0,0.00%,0.0,13.0,2023-02-17,False,425.0,0.0,2023-02-16,425.0,1.0,0.0,is7g23_daily_historical-data-08-12-2026.csv,True,IS7G23,2023-02-16,425.0,0.0,425.0,,,0.0,0.03836214407935527,103.91074713666846,-4.163336342344337e-17,-4.163336342344337e-17,0.03593200922606345,0.009758380348879539,0.8,0.2
IS7G23,2023-02-21,427.0,427.0,427.0,427.0,2.0,+0.47%,8.0,15.0,2023-02-21,False,427.0,2.0,2023-02-17,425.0,4.0,0.0046948443042076635,is7g23_daily_historical-data-08-12-2026.csv,True,IS7G23,2023-02-17,425.0,0.0046948443042076635,425.0,,,0.0046948443042076635,0.043056988383562936,104.39973888789984,0.01652930195121042,0.004694844304207622,0.04062685353027111,0.0062073575627500256,0.8,0.2
IS7G23,2023-02-22,427.0,427.0,427.0,427.0,0.0,0.00%,0.0,17.0,2023-02-22,False,427.0,0.0,2023-02-21,427.0,1.0,0.0,is7g23_daily_historical-data-08-12-2026.csv,True,IS7G23,2023-02-21,427.0,0.0,427.0,,,0.0,0.043056988383562936,104.39973888789984,0.01652930195121042,0.004694844304207622,0.04062685353027111,0.0063824324685738,0.8,0.2
IS7H23,2023-02-23,470.0,470.0,470.0,470.0,43.0,+10.07%,0.0,0.0,2023-02-23,True,470.0,15.0,2023-02-22,455.0,1.0,0.032435275753153955,is7h23_daily_historical-data-08-12-2026.csv,True,IS7G23,2023-02-22,427.0,0.09594868147547962,455.0,0.06351340572232593,-2.636779683484747e-16,0.032435275753153955,0.07549226413671689,107.84148852156687,0.034779942712407995,0.037130120057361576,0.07306212928342506,0.0063824324685738,0.8,0.2
IS7H23,2023-02-24,470.0,470.0,470.0,470.0,0.0,0.00%,0.0,18.0,2023-02-24,False,470.0,0.0,2023-02-23,470.0,1.0,0.0,is7h23_daily_historical-data-08-12-2026.csv,True,IS7H23,2023-02-23,470.0,0.0,470.0,,,0.0,0.07549226413671689,107.84148852156687,0.03713012005736162,0.037130120057361576,0.07306212928342506,0.011939689582243238,0.8,0.25
IS7H23,2023-02-27,470.0,470.0,470.0,470.0,0.0,0.00%,0.0,18.0,2023-02-27,False,470.0,0.0,2023-02-24,470.0,3.0,0.0,is7h23_daily_historical-data-08-12-2026.csv,True,IS7H23,2023-02-24,470.0,0.0,470.0,,,0.0,0.07549226413671689,107.84148852156687,0.03713012005736162,0.037130120057361576,0.07306212928342506,0.011939689582243238,0.8,0.2
IS7H23,2023-02-28,470.0,470.0,470.0,470.0,0.0,0.00%,0.0,18.0,2023-02-28,False,470.0,0.0,2023-02-27,470.0,1.0,0.0,is7h23_daily_historical-data-08-12-2026.csv,True,IS7H23,2023-02-27,470.0,0.0,470.0,,,0.0,0.07549226413671689,107.84148852156687,0.032435275753153955,0.048964577704364375,0.048964577704364534,0.011939689582243238,0.85,0.2
IS7H23,2023-03-01,470.0,470.0,468.0,470.0,0.0,0.00%,0.0,17.0,2023-03-01,False,470.0,0.0,2023-02-28,470.0,1.0,0.0,is7h23_daily_historical-data-08-12-2026.csv,True,IS7H23,2023-02-28,470.0,0.0,470.0,,,0.0,0.07549226413671689,107.84148852156687,0.032435275753153955,0.048964577704364375,0.048964577704364534,0.010755168745279748,0.85,0.2
IS7H23,2023-03-02,464.0,464.0,464.0,464.0,-6.0,-1.28%,0.0,0.0,2023-03-02,False,464.0,-6.0,2023-03-01,470.0,1.0,-0.012848142477849024,is7h23_daily_historical-data-08-12-2026.csv,True,IS7H23,2023-03-01,470.0,-0.012848142477849024,470.0,,,-0.012848142477849024,0.06264412165886787,106.46478866810006,-0.012848142477849024,0.021931800234558964,0.03611643522651551,0.010755168745279748,0.8,0.2
IS7H23,2023-03-03,459.0,459.0,459.0,459.0,-5.0,-1.08%,0.0,17.0,2023-03-03,False,459.0,-5.0,2023-03-02,464.0,1.0,-0.010834342165710118,is7h23_daily_historical-data-08-12-2026.csv,True,IS7H23,2023-03-02,464.0,-0.010834342165710118,464.0,,,-0.010834342165710118,0.05180977949315776,105.31753879021106,-0.02368248464355914,0.013447635413802476,0.03725828410752104,0.011530569942330931,0.8,0.25
IS7H23,2023-03-06,459.0,459.0,459.0,459.0,0.0,0.00%,0.0,17.0,2023-03-06,False,459.0,0.0,2023-03-03,459.0,3.0,0.0,is7h23_daily_historical-data-08-12-2026.csv,True,IS7H23,2023-03-03,459.0,0.0,459.0,,,0.0,0.05180977949315776,105.31753879021106,-0.02368248464355914,0.013447635413802476,0.013447635413802438,0.012195001351630489,0.85,0.2
IS7H23,2023-03-07,459.0,459.0,459.0,459.0,0.0,0.00%,0.0,17.0,2023-03-07,False,459.0,0.0,2023-03-06,459.0,1.0,0.0,is7h23_daily_historical-data-08-12-2026.csv,True,IS7H23,2023-03-06,459.0,0.0,459.0,,,0.0,0.05180977949315776,105.31753879021106,-0.02368248464355914,0.008752791109594812,0.013447635413802438,0.012195001351630489,0.85,0.2
IS7H23,2023-03-08,458.0,459.0,458.0,459.0,0.0,0.00%,0.0,17.0,2023-03-08,False,459.0,0.0,2023-03-07,459.0,1.0,0.0,is7h23_daily_historical-data-08-12-2026.csv,True,IS7H23,2023-03-07,459.0,0.0,459.0,,,0.0,0.05180977949315776,105.31753879021106,-0.02368248464355914,0.008752791109594812,0.013447635413802438,0.012141955330620763,0.85,0.2
IS7H23,2023-03-09,459.0,459.0,459.0,459.0,0.0,0.00%,0.0,0.0,2023-03-09,False,459.0,0.0,2023-03-08,459.0,1.0,0.0,is7h23_daily_historical-data-08-12-2026.csv,True,IS7H23,2023-03-08,459.0,0.0,459.0,,,0.0,0.05180977949315776,105.31753879021106,-0.010834342165710118,-0.023682484643559144,0.013447635413802438,0.012141955330620763,0.8,0.2
IS7H23,2023-03-10,458.0,458.0,458.0,458.0,-1.0,-0.22%,0.0,17.0,2023-03-10,False,458.0,-1.0,2023-03-09,459.0,1.0,-0.002181025946360226,is7h23_daily_historical-data-08-12-2026.csv,True,IS7H23,2023-03-09,459.0,-0.002181025946360226,459.0,,,-0.002181025946360226,0.049628753546797535,105.08808881463325,-0.002181025946360226,-0.02586351058991937,0.011266609467442212,0.005015218256085409,0.8,0.25
IS7H23,2023-03-13,458.0,458.0,458.0,458.0,0.0,0.00%,0.0,17.0,2023-03-13,False,458.0,0.0,2023-03-10,458.0,3.0,0.0,is7h23_daily_historical-data-08-12-2026.csv,True,IS7H23,2023-03-10,458.0,0.0,458.0,,,0.0,0.049628753546797535,105.08808881463325,-0.002181025946360226,-0.02586351058991937,0.011266609467442212,0.004947754726135911,0.8,0.2
IS7H23,2023-03-14,458.0,458.0,458.0,458.0,0.0,0.00%,0.0,17.0,2023-03-14,False,458.0,0.0,2023-03-13,458.0,1.0,0.0,is7h23_daily_historical-data-08-12-2026.csv,True,IS7H23,2023-03-13,458.0,0.0,458.0,,,0.0,0.049628753546797535,105.08808881463325,-0.002181025946360226,-0.02586351058991937,0.02310106711444501,0.004947754726135911,0.85,0.2
IS7H23,2023-03-15,458.0,458.0,458.0,458.0,0.0,0.00%,0.0,17.0,2023-03-15,False,458.0,0.0,2023-03-14,458.0,1.0,0.0,is7h23_daily_historical-data-08-12-2026.csv,True,IS7H23,2023-03-14,458.0,0.0,458.0,,,0.0,0.049628753546797535,105.08808881463325,-0.002181025946360226,-0.02586351058991937,0.02310106711444501,0.004947754726135911,0.85,0.2
IS7H23,2023-03-16,450.0,450.0,450.0,450.0,-8.0,-1.75%,0.0,0.0,2023-03-16,False,450.0,-8.0,2023-03-15,458.0,1.0,-0.01762160134981956,is7h23_daily_historical-data-08-12-2026.csv,True,IS7H23,2023-03-15,458.0,-0.01762160134981956,458.0,,,-0.01762160134981956,0.03200715219697797,103.25248901001083,-0.019802627296179785,-0.030636969461889905,-0.008705169227330932,0.004947754726135911,0.85,0.2
IS7H23,2023-03-17,454.0,454.0,454.0,454.0,4.0,+0.89%,0.0,17.0,2023-03-17,False,454.0,4.0,2023-03-16,450.0,1.0,0.0088496152769826,is7h23_daily_historical-data-08-12-2026.csv,True,IS7H23,2023-03-16,450.0,0.0088496152769826,450.0,,,0.0088496152769826,0.040856767473960574,104.17028891232205,-0.00877198607283696,-0.010953012019197185,0.0024946233946052943,0.006135491365756617,0.9,0.25
IS7H23,2023-03-20,454.0,454.0,454.0,454.0,0.0,0.00%,0.0,17.0,2023-03-20,False,454.0,0.0,2023-03-17,454.0,3.0,0.0,is7h23_daily_historical-data-08-12-2026.csv,True,IS7H23,2023-03-17,454.0,0.0,454.0,,,0.0,0.040856767473960574,104.17028891232205,-0.00877198607283696,-0.010953012019197187,0.0024946233946052943,0.006511498817323049,0.9,0.2
IS7H23,2023-03-21,455.0,455.0,455.0,455.0,1.0,+0.22%,0.0,17.0,2023-03-21,False,455.0,1.0,2023-03-20,454.0,1.0,0.0022002209096023376,is7h23_daily_historical-data-08-12-2026.csv,True,IS7H23,2023-03-20,454.0,0.0022002209096023376,454.0,,,0.0022002209096023376,0.043056988383562915,104.39973888789984,-0.006571765163234622,-0.00875279110959485,-3.165870343657673e-17,0.006511498817323049,0.9,0.2
IS7H23,2023-03-22,455.0,455.0,455.0,455.0,0.0,0.00%,0.0,17.0,2023-03-22,False,455.0,0.0,2023-03-21,455.0,1.0,0.0,is7h23_daily_historical-data-08-12-2026.csv,True,IS7H23,2023-03-21,455.0,0.0,455.0,,,0.0,0.043056988383562915,104.39973888789984,-0.006571765163234622,-0.00875279110959485,-3.165870343657673e-17,0.006589328373223328,0.9,0.2
IS7H23,2023-03-23,455.0,455.0,455.0,455.0,0.0,0.00%,0.0,0.0,2023-03-23,False,455.0,0.0,2023-03-22,455.0,1.0,0.0,is7h23_daily_historical-data-08-12-2026.csv,True,IS7H23,2023-03-22,455.0,0.0,455.0,,,0.0,0.043056988383562915,104.39973888789984,0.011049836186584937,-0.00875279110959485,-0.03243527575315399,0.006589328373223328,0.9,0.2
IS7H23,2023-03-24,456.0,456.0,456.0,456.0,1.0,+0.22%,0.0,17.0,2023-03-24,False,456.0,1.0,2023-03-23,455.0,1.0,0.002195390563435656,is7h23_daily_historical-data-08-12-2026.csv,True,IS7H23,2023-03-23,455.0,0.002195390563435656,455.0,,,0.002195390563435656,0.04525237894699857,104.62918886347762,0.004395611473037993,-0.004376374599798968,-0.030239885189718332,0.006589328373223328,0.9,0.2
IS7J23,2023-03-27,440.0,440.0,440.0,440.0,-16.0,-3.51%,0.0,17.0,2023-03-27,True,440.0,0.0,2023-03-24,440.0,3.0,0.0,is7j23_daily_historical-data-08-12-2026.csv,True,IS7H23,2023-03-24,456.0,-0.03571808260207923,440.0,-0.03571808260207923,0.0,0.0,0.04525237894699857,104.62918886347762,0.004395611473037993,-0.004376374599798968,-0.030239885189718332,0.006638121981704225,0.9,0.2
IS7J23,2023-03-28,440.0,440.0,440.0,440.0,0.0,0.00%,0.0,17.0,2023-03-28,False,440.0,0.0,2023-03-27,440.0,1.0,0.0,is7j23_daily_historical-data-08-12-2026.csv,True,IS7J23,2023-03-27,440.0,0.0,440.0,,,0.0,0.04525237894699857,104.62918886347762,0.002195390563435656,-0.004376374599798968,-0.030239885189718332,0.006638121981704225,0.9,0.2
IS7J23,2023-03-29,440.0,440.0,440.0,440.0,0.0,0.00%,0.0,17.0,2023-03-29,False,440.0,0.0,2023-03-28,440.0,1.0,0.0,is7j23_daily_historical-data-08-12-2026.csv,True,IS7J23,2023-03-28,440.0,0.0,440.0,,,0.0,0.04525237894699857,104.62918886347762,0.002195390563435656,-0.004376374599798968,-0.030239885189718332,0.006638121981704225,0.9,0.2
IS7J23,2023-03-30,440.0,440.0,440.0,440.0,0.0,0.00%,0.0,0.0,2023-03-30,False,440.0,0.0,2023-03-29,440.0,1.0,0.0,is7j23_daily_historical-data-08-12-2026.csv,True,IS7J23,2023-03-29,440.0,0.0,440.0,,,0.0,0.04525237894699857,104.62918886347762,0.002195390563435656,0.013245226750020591,-0.017391742711869308,0.006638121981704225,0.95,0.2
IS7J23,2023-03-31,440.0,440.0,440.0,440.0,0.0,0.00%,0.0,16.0,2023-03-31,False,440.0,0.0,2023-03-30,440.0,1.0,0.0,is7j23_daily_historical-data-08-12-2026.csv,True,IS7J23,2023-03-30,440.0,0.0,440.0,,,0.0,0.04525237894699857,104.62918886347762,0.0,0.004395611473037991,-0.006557400546159192,0.0027974750353713094,0.95,0.2
IS7J23,2023-04-03,440.0,440.0,440.0,440.0,0.0,0.00%,0.0,16.0,2023-04-03,False,440.0,0.0,2023-03-31,440.0,3.0,0.0,is7j23_daily_historical-data-08-12-2026.csv,True,IS7J23,2023-03-31,440.0,0.0,440.0,,,0.0,0.04525237894699857,104.62918886347762,0.0,0.004395611473037991,-0.006557400546159192,0.0009266769636648139,0.95,0.2
IS7J23,2023-04-04,440.0,440.0,440.0,440.0,0.0,0.00%,0.0,16.0,2023-04-04,False,440.0,0.0,2023-04-03,440.0,1.0,0.0,is7j23_daily_historical-data-08-12-2026.csv,True,IS7J23,2023-04-03,440.0,0.0,440.0,,,0.0,0.04525237894699857,104.62918886347762,0.0,0.0021953905634356542,-0.006557400546159192,0.0009266769636648139,0.95,0.2
IS7J23,2023-04-05,440.0,440.0,440.0,440.0,0.0,0.00%,6.0,22.0,2023-04-05,False,440.0,0.0,2023-04-04,440.0,1.0,0.0,is7j23_daily_historical-data-08-12-2026.csv,True,IS7J23,2023-04-04,440.0,0.0,440.0,,,0.0,0.04525237894699857,104.62918886347762,0.0,0.0021953905634356542,-0.006557400546159192,0.0006942434534097058,0.95,0.2
IS7J23,2023-04-06,435.0,435.0,435.0,435.0,-5.0,-1.14%,0.0,2.0,2023-04-06,False,435.0,-5.0,2023-04-05,440.0,1.0,-0.011428695823622744,is7j23_daily_historical-data-08-12-2026.csv,True,IS7J23,2023-04-05,440.0,-0.011428695823622744,440.0,,,-0.011428695823622744,0.03382368312337583,103.44022080821085,-0.011428695823622744,-0.00923330526018709,-0.017986096369781934,0.0006942434534097058,1.0,0.2
IS7J23,2023-04-10,435.0,435.0,435.0,435.0,0.0,0.00%,0.0,22.0,2023-04-10,False,435.0,0.0,2023-04-06,435.0,4.0,0.0,is7j23_daily_historical-data-08-12-2026.csv,True,IS7J23,2023-04-06,435.0,0.0,435.0,,,0.0,0.03382368312337583,103.44022080821085,-0.011428695823622744,-0.011428695823622746,-0.015805070423421712,0.003755136265498149,1.0,0.15
IS7J23,2023-04-11,436.0,436.0,436.0,436.0,1.0,+0.23%,0.0,22.0,2023-04-11,False,436.0,1.0,2023-04-10,435.0,1.0,0.002296212260350157,is7j23_daily_historical-data-08-12-2026.csv,True,IS7J23,2023-04-10,435.0,0.002296212260350157,435.0,,,0.002296212260350157,0.03611989538372599,103.67801441926419,-0.009132483563272587,-0.009132483563272589,-0.013508858163071553,0.0036140709487901867,1.0,0.15
IS7J23,2023-04-12,436.0,436.0,435.0,436.0,0.0,0.00%,0.0,22.0,2023-04-12,False,436.0,0.0,2023-04-11,436.0,1.0,0.0,is7j23_daily_historical-data-08-12-2026.csv,True,IS7J23,2023-04-11,436.0,0.0,436.0,,,0.0,0.03611989538372599,103.67801441926419,-0.009132483563272587,-0.009132483563272589,-0.013508858163071553,0.003764563621901983,1.0,0.15
IS7J23,2023-04-13,435.0,435.0,428.0,435.0,-1.0,-0.23%,0.0,0.0,2023-04-13,False,435.0,-1.0,2023-04-12,436.0,1.0,-0.002296212260350268,is7j23_daily_historical-data-08-12-2026.csv,True,IS7J23,2023-04-12,436.0,-0.002296212260350268,436.0,,,-0.002296212260350268,0.03382368312337572,103.44022080821082,-0.011428695823622855,-0.011428695823622857,-0.015805070423421823,0.003764563621901983,0.95,0.15
IS7J23,2023-04-14,436.0,436.0,436.0,436.0,1.0,+0.23%,0.0,22.0,2023-04-14,False,436.0,1.0,2023-04-13,435.0,1.0,0.002296212260350157,is7j23_daily_historical-data-08-12-2026.csv,True,IS7J23,2023-04-13,435.0,0.002296212260350157,435.0,,,0.002296212260350157,0.03611989538372588,103.67801441926419,0.002296212260350046,-0.0091324835632727,0.004112743186747895,0.0037726907711895298,0.9,0.2
IS7J23,2023-04-17,436.0,436.0,436.0,436.0,0.0,0.00%,0.0,22.0,2023-04-17,False,436.0,0.0,2023-04-14,436.0,3.0,0.0,is7j23_daily_historical-data-08-12-2026.csv,True,IS7J23,2023-04-14,436.0,0.0,436.0,,,0.0,0.03611989538372588,103.67801441926419,0.002296212260350046,-0.0091324835632727,-0.004736872090234705,0.0039170940881573454,0.9,0.15
IS7J23,2023-04-18,433.0,433.0,428.0,433.0,-3.0,-0.69%,18.0,24.0,2023-04-18,False,433.0,-3.0,2023-04-17,436.0,1.0,-0.006904515346544487,is7j23_daily_historical-data-08-12-2026.csv,True,IS7J23,2023-04-17,436.0,-0.006904515346544487,436.0,,,-0.006904515346544487,0.02921538003718139,102.9646335861041,-0.006904515346544598,-0.016036998909817187,-0.011641387436779192,0.0039170940881573454,0.9,0.15
IS7J23,2023-04-19,433.0,433.0,433.0,433.0,0.0,0.00%,0.0,25.0,2023-04-19,False,433.0,0.0,2023-04-18,433.0,1.0,0.0,is7j23_daily_historical-data-08-12-2026.csv,True,IS7J23,2023-04-18,433.0,0.0,433.0,,,0.0,0.02921538003718139,102.9646335861041,-0.006904515346544598,-0.016036998909817187,-0.01384160834638153,0.004325462842671165,0.85,0.15
IS7J23,2023-04-20,426.0,426.0,426.0,426.0,-7.0,-1.62%,0.0,0.0,2023-04-20,False,426.0,-7.0,2023-04-19,433.0,1.0,-0.01629838173311942,is7j23_daily_historical-data-08-12-2026.csv,True,IS7J23,2023-04-19,433.0,-0.01629838173311942,433.0,,,-0.01629838173311942,0.012916998304061969,101.3000783087306,-0.02090668481931375,-0.032335380642936604,-0.03013999007950095,0.004325462842671165,0.85,0.15
IS7J23,2023-04-21,431.0,431.0,431.0,431.0,5.0,+1.17%,0.0,0.0,2023-04-21,False,431.0,5.0,2023-04-20,426.0,1.0,0.011668743834377424,is7j23_daily_historical-data-08-12-2026.csv,True,IS7J23,2023-04-20,426.0,0.011668743834377424,426.0,,,0.011668743834377424,0.024585742138439393,102.4890463639974,-0.011534153245286484,-0.009237940984936441,-0.018471246245123526,0.006282115316245254,0.85,0.2
IS7K23,2023-04-24,400.0,400.0,400.0,400.0,-31.0,-7.19%,0.0,25.0,2023-04-24,True,400.0,0.0,2023-04-21,400.0,3.0,0.0,is7k23_daily_historical-data-08-12-2026.csv,True,IS7J23,2023-04-21,431.0,-0.07464354299576584,400.0,-0.07464354299576584,0.0,0.0,0.024585742138439393,102.4890463639974,-0.011534153245286484,-0.00923794098493644,-0.020666636808559184,0.007123926654678125,0.85,0.2
IS7K23,2023-04-25,400.0,400.0,400.0,400.0,0.0,0.00%,0.0,25.0,2023-04-25,False,400.0,0.0,2023-04-24,400.0,1.0,0.0,is7k23_daily_historical-data-08-12-2026.csv,True,IS7K23,2023-04-24,400.0,0.0,400.0,,,0.0,0.024585742138439393,102.4890463639974,-0.004629637898741997,-0.011534153245286597,-0.020666636808559184,0.007123926654678125,0.85,0.2
IS7K23,2023-04-26,400.0,400.0,400.0,400.0,0.0,0.00%,0.0,25.0,2023-04-26,False,400.0,0.0,2023-04-25,400.0,1.0,0.0,is7k23_daily_historical-data-08-12-2026.csv,True,IS7K23,2023-04-25,400.0,0.0,400.0,,,0.0,0.024585742138439393,102.4890463639974,-0.004629637898741997,-0.011534153245286597,-0.020666636808559184,0.007045177029098702,0.85,0.2
IS7K23,2023-04-27,400.0,400.0,400.0,400.0,0.0,0.00%,0.0,0.0,2023-04-27,False,400.0,0.0,2023-04-26,400.0,1.0,0.0,is7k23_daily_historical-data-08-12-2026.csv,True,IS7K23,2023-04-26,400.0,0.0,400.0,,,0.0,0.024585742138439393,102.4890463639974,0.011668743834377424,-0.009237940984936329,-0.020666636808559184,0.007045177029098702,0.85,0.2
IS7K23,2023-04-28,400.0,400.0,400.0,400.0,0.0,0.00%,0.0,22.0,2023-04-28,False,400.0,0.0,2023-04-27,400.0,1.0,0.0,is7k23_daily_historical-data-08-12-2026.csv,True,IS7K23,2023-04-27,400.0,0.0,400.0,,,0.0,0.024585742138439393,102.4890463639974,0.0,-0.011534153245286486,-0.020666636808559184,0.007041210417897196,0.85,0.25
IS7K23,2023-05-01,400.0,400.0,400.0,400.0,0.0,0.00%,0.0,22.0,2023-05-01,False,400.0,0.0,2023-04-28,400.0,3.0,0.0,is7k23_daily_historical-data-08-12-2026.csv,True,IS7K23,2023-04-28,400.0,0.0,400.0,,,0.0,0.024585742138439393,102.4890463639974,0.0,-0.011534153245286486,-0.020666636808559184,0.006961525158987114,0.85,0.2
IS7K23,2023-05-02,400.0,400.0,395.0,400.0,0.0,0.00%,15.0,34.0,2023-05-02,False,400.0,0.0,2023-05-01,400.0,1.0,0.0,is7k23_daily_historical-data-08-12-2026.csv,True,IS7K23,2023-05-01,400.0,0.0,400.0,,,0.0,0.024585742138439393,102.4890463639974,0.0,-0.004629637898741999,-0.020666636808559184,0.006961525158987114,0.85,0.2
IS7K23,2023-05-03,398.0,398.0,398.0,398.0,-2.0,-0.50%,0.0,34.0,2023-05-03,False,398.0,-2.0,2023-05-02,400.0,1.0,-0.005012541823544286,is7k23_daily_historical-data-08-12-2026.csv,True,IS7K23,2023-05-02,400.0,-0.005012541823544286,400.0,,,-0.005012541823544286,0.019573200314895105,101.97660113217741,-0.005012541823544286,-0.009642179722286285,-0.02567917863210347,0.006663778333343589,0.8,0.2
IS7K23,2023-05-04,388.0,388.0,382.0,388.0,-10.0,-2.51%,0.0,0.0,2023-05-04,False,388.0,-10.0,2023-05-03,398.0,1.0,-0.025446665661164262,is7k23_daily_historical-data-08-12-2026.csv,True,IS7K23,2023-05-03,398.0,-0.025446665661164262,398.0,,,-0.025446665661164262,-0.005873465346269157,99.41437497307749,-0.03045920748470855,-0.01879046365033113,-0.05112584429326773,0.006811960415686318,0.8,0.2
IS7K23,2023-05-05,375.0,375.0,375.0,375.0,-13.0,-3.35%,0.0,34.0,2023-05-05,False,375.0,-13.0,2023-05-04,388.0,1.0,-0.03407931365286262,is7k23_daily_historical-data-08-12-2026.csv,True,IS7K23,2023-05-04,388.0,-0.03407931365286262,388.0,,,-0.03407931365286262,-0.03995277899913177,96.08348096624756,-0.06453852113757116,-0.06453852113757116,-0.0737764621225076,0.009270681378869966,0.75,0.25
IS7K23,2023-05-08,377.0,377.0,377.0,377.0,2.0,+0.53%,0.0,34.0,2023-05-08,False,377.0,2.0,2023-05-05,375.0,3.0,0.005319161477600027,is7k23_daily_historical-data-08-12-2026.csv,True,IS7K23,2023-05-05,375.0,0.005319161477600027,375.0,,,0.005319161477600027,-0.03463361752153175,96.59592619806756,-0.059219359659971146,-0.059219359659971146,-0.06845730064490758,0.01255005939247378,0.75,0.25
IS7K23,2023-05-09,378.0,379.0,375.0,379.0,2.0,+0.53%,0.0,34.0,2023-05-09,False,379.0,2.0,2023-05-08,377.0,1.0,0.00529101763441568,is7k23_daily_historical-data-08-12-2026.csv,True,IS7K23,2023-05-08,377.0,0.00529101763441568,377.0,,,0.00529101763441568,-0.029342599887116065,97.10837142988755,-0.053928342025555465,-0.053928342025555465,-0.06546249527084205,0.012960016335831303,0.75,0.25
IS7K23,2023-05-10,379.0,379.0,379.0,379.0,0.0,0.00%,0.0,34.0,2023-05-10,False,379.0,0.0,2023-05-09,379.0,1.0,0.0,is7k23_daily_historical-data-08-12-2026.csv,True,IS7K23,2023-05-09,379.0,0.0,379.0,,,0.0,-0.029342599887116065,97.10837142988755,-0.04891580020201118,-0.053928342025555465,-0.06546249527084205,0.013331332045323397,0.7,0.25
IS7K23,2023-05-11,379.0,379.0,379.0,379.0,0.0,0.00%,0.0,0.0,2023-05-11,False,379.0,0.0,2023-05-10,379.0,1.0,0.0,is7k23_daily_historical-data-08-12-2026.csv,True,IS7K23,2023-05-10,379.0,0.0,379.0,,,0.0,-0.029342599887116065,97.10837142988755,-0.023469134540846915,-0.053928342025555465,-0.06316628301049179,0.013331332045323397,0.75,0.25
IS7K23,2023-05-12,379.0,379.0,379.0,379.0,0.0,0.00%,15.0,41.0,2023-05-12,False,379.0,0.0,2023-05-11,379.0,1.0,0.0,is7k23_daily_historical-data-08-12-2026.csv,True,IS7K23,2023-05-11,379.0,0.0,379.0,,,0.0,-0.029342599887116065,97.10837142988755,0.010610179112015703,-0.053928342025555465,-0.06546249527084194,0.013331332045323397,0.8,0.25
IS7K23,2023-05-15,379.0,379.0,379.0,379.0,0.0,0.00%,6.0,44.0,2023-05-15,False,379.0,0.0,2023-05-12,379.0,3.0,0.0,is7k23_daily_historical-data-08-12-2026.csv,True,IS7K23,2023-05-12,379.0,0.0,379.0,,,0.0,-0.029342599887116065,97.10837142988755,0.0052910176344156765,-0.053928342025555465,-0.06546249527084194,0.013331332045323397,0.8,0.25
IS7K23,2023-05-16,380.0,380.0,380.0,380.0,1.0,+0.26%,0.0,44.0,2023-05-16,False,380.0,1.0,2023-05-15,379.0,1.0,0.002635047638005032,is7k23_daily_historical-data-08-12-2026.csv,True,IS7K23,2023-05-15,379.0,0.002635047638005032,379.0,,,0.002635047638005032,-0.026707552249111033,97.36459404579753,0.0026350476380050283,-0.05129329438755043,-0.05592293228629243,0.013331332045323397,0.8,0.25
IS7K23,2023-05-17,380.0,380.0,380.0,380.0,0.0,0.00%,0.0,44.0,2023-05-17,False,380.0,0.0,2023-05-16,380.0,1.0,0.0,is7k23_daily_historical-data-08-12-2026.csv,True,IS7K23,2023-05-16,380.0,0.0,380.0,,,0.0,-0.026707552249111033,97.36459404579753,0.0026350476380050283,-0.04628075256400615,-0.05592293228629243,0.013475037025009089,0.85,0.25
IS7K23,2023-05-18,380.0,380.0,380.0,380.0,0.0,0.00%,0.0,0.0,2023-05-18,False,380.0,0.0,2023-05-17,380.0,1.0,0.0,is7k23_daily_historical-data-08-12-2026.csv,True,IS7K23,2023-05-17,380.0,0.0,380.0,,,0.0,-0.026707552249111033,97.36459404579753,0.0026350476380050283,-0.020834086902841883,-0.039624550553173,0.013572739955183153,0.85,0.25
IS7K23,2023-05-19,380.0,380.0,380.0,380.0,0.0,0.00%,0.0,44.0,2023-05-19,False,380.0,0.0,2023-05-18,380.0,1.0,0.0,is7k23_daily_historical-data-08-12-2026.csv,True,IS7K23,2023-05-18,380.0,0.0,380.0,,,0.0,-0.026707552249111033,97.36459404579753,0.0026350476380050283,0.013245226750020735,-0.051293294387550425,0.011456320544813823,0.85,0.25
IS7K23,2023-05-22,380.0,380.0,380.0,380.0,0.0,0.00%,0.0,44.0,2023-05-22,False,380.0,0.0,2023-05-19,380.0,3.0,0.0,is7k23_daily_historical-data-08-12-2026.csv,True,IS7K23,2023-05-19,380.0,0.0,380.0,,,0.0,-0.026707552249111033,97.36459404579753,0.0026350476380050283,0.007926065272420709,-0.051293294387550425,0.0022531020423972353,0.85,0.2
IS7K23,2023-05-23,379.0,379.0,379.0,379.0,-1.0,-0.26%,0.0,44.0,2023-05-23,False,379.0,-1.0,2023-05-22,380.0,1.0,-0.0026350476380051138,is7k23_daily_historical-data-08-12-2026.csv,True,IS7K23,2023-05-22,380.0,-0.0026350476380051138,380.0,,,-0.0026350476380051138,-0.02934259988711615,97.10837142988754,-0.0026350476380051172,-8.543513119185775e-17,-0.05392834202555554,0.0017843795246523326,0.85,0.2
IS7K23,2023-05-24,379.0,379.0,378.0,378.0,-1.0,-0.26%,9.0,53.0,2023-05-24,False,378.0,-1.0,2023-05-23,379.0,1.0,-0.0026420094628386965,is7k23_daily_historical-data-08-12-2026.csv,True,IS7K23,2023-05-23,379.0,-0.0026420094628386965,379.0,,,-0.0026420094628386965,-0.03198460934995485,96.85214881397755,-0.005277057100843814,-0.002642009462838782,-0.05657035148839425,0.0012421733690553267,0.85,0.2
IS7K23,2023-05-25,378.0,378.0,378.0,378.0,0.0,0.00%,0.0,0.0,2023-05-25,False,378.0,0.0,2023-05-24,378.0,1.0,0.0,is7k23_daily_historical-data-08-12-2026.csv,True,IS7K23,2023-05-24,378.0,0.0,378.0,,,0.0,-0.03198460934995485,96.85214881397755,-0.005277057100843814,-0.002642009462838782,-0.05657035148839425,0.0014970023643812917,0.8,0.2
IS7M23,2023-05-26,365.0,365.0,365.0,365.0,-13.0,-3.44%,16.0,62.0,2023-05-26,True,365.0,0.0,2023-05-25,365.0,1.0,0.0,is7m23_daily_historical-data-08-12-2026.csv,True,IS7K23,2023-05-25,378.0,-0.034996842037096215,365.0,-0.034996842037096215,0.0,0.0,-0.03198460934995485,96.85214881397755,-0.005277057100843814,-0.002642009462838782,-0.05657035148839425,0.0014970023643812917,0.8,0.2
IS7M23,2023-05-30,365.0,370.0,365.0,365.0,0.0,0.00%,0.0,62.0,2023-05-30,False,365.0,0.0,2023-05-26,365.0,4.0,0.0,is7m23_daily_historical-data-08-12-2026.csv,True,IS7M23,2023-05-26,365.0,0.0,365.0,,,0.0,-0.03198460934995485,96.85214881397755,-0.005277057100843814,-0.002642009462838782,-0.05657035148839425,0.0014970023643812917,0.8,0.2
IS7M23,2023-05-31,370.0,370.0,370.0,370.0,5.0,+1.37%,0.0,62.0,2023-05-31,False,370.0,5.0,2023-05-30,365.0,1.0,0.013605652055778678,is7m23_daily_historical-data-08-12-2026.csv,True,IS7M23,2023-05-30,365.0,0.013605652055778678,365.0,,,0.013605652055778678,-0.01837895729417617,98.1788905785526,0.010963642592939978,0.008328594954934864,-0.04296469943261556,0.0014970023643812917,0.75,0.2
IS7M23,2023-06-01,375.0,375.0,375.0,375.0,5.0,+1.35%,0.0,0.0,2023-06-01,False,375.0,5.0,2023-05-31,370.0,1.0,0.01342302033214077,is7m23_daily_historical-data-08-12-2026.csv,True,IS7M23,2023-05-31,370.0,0.01342302033214077,370.0,,,0.01342302033214077,-0.0049559369620354,99.50563234312763,0.027028672387919443,0.021751615287075636,-0.024529137276930506,0.004620015735024474,0.8,0.2
IS7M23,2023-06-02,375.0,375.0,375.0,375.0,0.0,0.00%,0.0,58.0,2023-06-02,False,375.0,0.0,2023-06-01,375.0,1.0,0.0,is7m23_daily_historical-data-08-12-2026.csv,True,IS7M23,2023-06-01,375.0,0.0,375.0,,,0.0,-0.0049559369620354,99.50563234312763,0.027028672387919443,0.021751615287075636,0.0009175283842337584,0.006072722764740436,0.8,0.25
IS7M23,2023-06-05,380.0,380.0,380.0,380.0,5.0,+1.33%,9.0,55.0,2023-06-05,False,380.0,5.0,2023-06-02,375.0,3.0,0.013245226750020723,is7m23_daily_historical-data-08-12-2026.csv,True,IS7M23,2023-06-02,375.0,0.013245226750020723,375.0,,,0.013245226750020723,0.008289289787985323,100.83237410770268,0.04027389913794017,0.034996842037096354,0.0482420687871171,0.006072722764740436,0.85,0.2
IS7M23,2023-06-06,381.0,381.0,381.0,381.0,1.0,+0.26%,0.0,55.0,2023-06-06,False,381.0,1.0,2023-06-05,380.0,1.0,0.0026281224062694084,is7m23_daily_historical-data-08-12-2026.csv,True,IS7M23,2023-06-05,380.0,0.0026281224062694084,380.0,,,0.0026281224062694084,0.010917412194254732,101.09772246061767,0.04290202154420958,0.037624964443365765,0.04555102971578648,0.006929590890271323,0.85,0.2
IS7M23,2023-06-07,381.0,381.0,381.0,381.0,0.0,0.00%,0.0,55.0,2023-06-07,False,381.0,0.0,2023-06-06,381.0,1.0,0.0,is7m23_daily_historical-data-08-12-2026.csv,True,IS7M23,2023-06-06,381.0,0.0,381.0,,,0.0,0.010917412194254732,101.09772246061767,0.0292963694884309,0.04026001208137088,0.0402600120813708,0.006831253316450233,0.85,0.2
IS7M23,2023-06-08,382.0,382.0,382.0,382.0,1.0,+0.26%,0.0,0.0,2023-06-08,False,382.0,1.0,2023-06-07,381.0,1.0,0.002621233479874287,is7m23_daily_historical-data-08-12-2026.csv,True,IS7M23,2023-06-07,381.0,0.002621233479874287,381.0,,,0.002621233479874287,0.013538645674129018,101.36307081353269,0.018494582636164415,0.045523255024083865,0.04288124556124509,0.006604103593509916,0.9,0.2
IS7M23,2023-06-09,386.0,386.0,386.0,386.0,4.0,+1.05%,0.0,55.0,2023-06-09,False,386.0,4.0,2023-06-08,382.0,1.0,0.01041676085825558,is7m23_daily_historical-data-08-12-2026.csv,True,IS7M23,2023-06-08,382.0,0.01041676085825558,382.0,,,0.01041676085825558,0.0239554065323846,102.42446422519271,0.028911343494419997,0.05594001588233944,0.053298006419500665,0.0062117137722837385,0.9,0.25
IS7M23,2023-06-12,386.0,386.0,386.0,386.0,0.0,0.00%,3.0,55.0,2023-06-12,False,386.0,0.0,2023-06-09,386.0,3.0,0.0,is7m23_daily_historical-data-08-12-2026.csv,True,IS7M23,2023-06-09,386.0,0.0,386.0,,,0.0,0.0239554065323846,102.42446422519271,0.015666116744399272,0.05594001588233945,0.053298006419500665,0.006236857611402997,0.9,0.2
IS7M23,2023-06-13,386.0,386.0,386.0,386.0,0.0,0.00%,0.0,55.0,2023-06-13,False,386.0,0.0,2023-06-12,386.0,1.0,0.0,is7m23_daily_historical-data-08-12-2026.csv,True,IS7M23,2023-06-12,386.0,0.0,386.0,,,0.0,0.0239554065323846,102.42446422519271,0.013037994338129863,0.05594001588233945,0.053298006419500665,0.006236857611402998,0.9,0.2
IS7M23,2023-06-14,386.0,386.0,386.0,386.0,0.0,0.00%,0.0,55.0,2023-06-14,False,386.0,0.0,2023-06-13,386.0,1.0,0.0,is7m23_daily_historical-data-08-12-2026.csv,True,IS7M23,2023-06-13,386.0,0.0,386.0,,,0.0,0.0239554065323846,102.42446422519271,0.013037994338129863,0.042334363826560764,0.05066295878149563,0.006236857611402998,0.9,0.2
IS7M23,2023-06-15,386.0,386.0,386.0,386.0,0.0,0.00%,0.0,0.0,2023-06-15,False,386.0,0.0,2023-06-14,386.0,1.0,0.0,is7m23_daily_historical-data-08-12-2026.csv,True,IS7M23,2023-06-14,386.0,0.0,386.0,,,0.0,0.0239554065323846,102.42446422519271,0.010416760858255577,0.028911343494419997,0.05066295878149563,0.005760791511521873,0.9,0.2
IS7M23,2023-06-16,386.0,386.0,386.0,386.0,0.0,0.00%,0.0,55.0,2023-06-16,False,386.0,0.0,2023-06-15,386.0,1.0,0.0,is7m23_daily_historical-data-08-12-2026.csv,True,IS7M23,2023-06-15,386.0,0.0,386.0,,,0.0,0.0239554065323846,102.42446422519271,0.0,0.028911343494419997,0.05066295878149563,0.004877798370743655,0.9,0.25
IS7M23,2023-06-20,386.0,386.0,386.0,386.0,0.0,0.00%,5.0,55.0,2023-06-20,False,386.0,0.0,2023-06-16,386.0,4.0,0.0,is7m23_daily_historical-data-08-12-2026.csv,True,IS7M23,2023-06-16,386.0,0.0,386.0,,,0.0,0.0239554065323846,102.42446422519271,0.0,0.015666116744399272,0.05066295878149563,0.004877798370743655,0.9,0.2
IS7M23,2023-06-21,386.0,386.0,386.0,386.0,0.0,0.00%,0.0,55.0,2023-06-21,False,386.0,0.0,2023-06-20,386.0,1.0,0.0,is7m23_daily_historical-data-08-12-2026.csv,True,IS7M23,2023-06-20,386.0,0.0,386.0,,,0.0,0.0239554065323846,102.42446422519271,0.0,0.013037994338129863,0.05066295878149563,0.0032955201533718466,0.9,0.2
IS7M23,2023-06-22,386.0,386.0,386.0,386.0,0.0,0.00%,0.0,55.0,2023-06-22,False,386.0,0.0,2023-06-21,386.0,1.0,0.0,is7m23_daily_historical-data-08-12-2026.csv,True,IS7M23,2023-06-21,386.0,0.0,386.0,,,0.0,0.0239554065323846,102.42446422519271,0.0,0.013037994338129863,0.05329800641950075,0.0033062372385469115,0.9,0.2
IS7M23,2023-06-23,386.0,386.0,386.0,386.0,0.0,0.00%,0.0,5.0,2023-06-23,False,386.0,0.0,2023-06-22,386.0,1.0,0.0,is7m23_daily_historical-data-08-12-2026.csv,True,IS7M23,2023-06-22,386.0,0.0,386.0,,,0.0,0.0239554065323846,102.42446422519271,0.0,0.010416760858255577,0.05594001588233945,0.0033062372385469115,0.9,0.2
IS7N23,2023-06-26,380.0,380.0,380.0,380.0,-6.0,-1.55%,0.0,55.0,2023-06-26,True,380.0,0.0,2023-06-23,380.0,3.0,0.0,is7n23_daily_historical-data-08-12-2026.csv,True,IS7M23,2023-06-23,386.0,-0.015666116744399463,380.0,-0.015666116744399463,0.0,0.0,0.0239554065323846,102.42446422519271,0.0,0.0,0.05594001588233945,0.003294069015337802,0.95,0.2
IS7N23,2023-06-27,380.0,380.0,380.0,380.0,0.0,0.00%,0.0,55.0,2023-06-27,False,380.0,0.0,2023-06-26,380.0,1.0,0.0,is7n23_daily_historical-data-08-12-2026.csv,True,IS7N23,2023-06-26,380.0,0.0,380.0,,,0.0,0.0239554065323846,102.42446422519271,0.0,0.0,0.05594001588233945,0.0,0.95,0.15
IS7N23,2023-06-28,380.0,380.0,380.0,380.0,0.0,0.00%,0.0,55.0,2023-06-28,False,380.0,0.0,2023-06-27,380.0,1.0,0.0,is7n23_daily_historical-data-08-12-2026.csv,True,IS7N23,2023-06-27,380.0,0.0,380.0,,,0.0,0.0239554065323846,102.42446422519271,0.0,0.0,0.05594001588233945,0.0,0.95,0.15
IS7N23,2023-06-29,380.0,380.0,380.0,380.0,0.0,0.00%,0.0,4.0,2023-06-29,False,380.0,0.0,2023-06-28,380.0,1.0,0.0,is7n23_daily_historical-data-08-12-2026.csv,True,IS7N23,2023-06-28,380.0,0.0,380.0,,,0.0,0.0239554065323846,102.42446422519271,0.0,0.0,0.042334363826560764,0.0,1.0,0.15
IS7N23,2023-06-30,380.0,380.0,380.0,380.0,0.0,0.00%,0.0,43.0,2023-06-30,False,380.0,0.0,2023-06-29,380.0,1.0,0.0,is7n23_daily_historical-data-08-12-2026.csv,True,IS7N23,2023-06-29,380.0,0.0,380.0,,,0.0,0.0239554065323846,102.42446422519271,0.0,0.0,0.028911343494419997,0.0,1.0,0.15
IS7N23,2023-07-03,376.0,376.0,376.0,376.0,-4.0,-1.05%,0.0,43.0,2023-07-03,False,376.0,-4.0,2023-06-30,380.0,3.0,-0.010582109330536972,is7n23_daily_historical-data-08-12-2026.csv,True,IS7N23,2023-06-30,380.0,-0.010582109330536972,380.0,,,-0.010582109330536972,0.013373297201847628,101.34631197019065,-0.010582109330536976,-0.010582109330536976,0.018329234163883025,0.0,1.0,0.1
IS7N23,2023-07-05,376.0,376.0,376.0,376.0,0.0,0.00%,0.0,43.0,2023-07-05,False,376.0,0.0,2023-07-03,376.0,2.0,0.0,is7n23_daily_historical-data-08-12-2026.csv,True,IS7N23,2023-07-03,376.0,0.0,376.0,,,0.0,0.013373297201847628,101.34631197019065,-0.010582109330536976,-0.010582109330536976,0.005084007413862302,0.0033463567933416432,1.0,0.1
IS7N23,2023-07-06,376.0,376.0,375.0,375.0,-1.0,-0.27%,0.0,43.0,2023-07-06,False,375.0,-1.0,2023-07-05,376.0,1.0,-0.002663117419483662,is7n23_daily_historical-data-08-12-2026.csv,True,IS7N23,2023-07-05,376.0,-0.002663117419483662,376.0,,,-0.002663117419483662,0.010710179782363966,101.07677390644017,-0.013245226750020638,-0.013245226750020638,-0.00020723241189076836,0.0033463567933416432,1.0,0.1
IS7N23,2023-07-07,375.0,375.0,375.0,375.0,0.0,0.00%,0.0,4.0,2023-07-07,False,375.0,0.0,2023-07-06,375.0,1.0,0.0,is7n23_daily_historical-data-08-12-2026.csv,True,IS7N23,2023-07-06,375.0,0.0,375.0,,,0.0,0.010710179782363966,101.07677390644017,-0.013245226750020638,-0.013245226750020638,-0.00020723241189076836,0.0033587304001404515,0.95,0.1
IS7N23,2023-07-10,375.0,375.0,375.0,375.0,0.0,0.00%,0.0,43.0,2023-07-10,False,375.0,0.0,2023-07-07,375.0,3.0,0.0,is7n23_daily_historical-data-08-12-2026.csv,True,IS7N23,2023-07-07,375.0,0.0,375.0,,,0.0,0.010710179782363966,101.07677390644017,-0.013245226750020638,-0.013245226750020638,-0.0028284658917650555,0.0033587304001404515,0.95,0.1
IS7N23,2023-07-11,375.0,375.0,375.0,375.0,0.0,0.00%,0.0,43.0,2023-07-11,False,375.0,0.0,2023-07-10,375.0,1.0,0.0,is7n23_daily_historical-data-08-12-2026.csv,True,IS7N23,2023-07-10,375.0,0.0,375.0,,,0.0,0.010710179782363966,101.07677390644017,-0.0026631174194836653,-0.013245226750020638,-0.013245226750020635,0.0033587304001404515,0.95,0.05
IS7N23,2023-07-12,375.0,375.0,375.0,375.0,0.0,0.00%,0.0,43.0,2023-07-12,False,375.0,0.0,2023-07-11,375.0,1.0,0.0,is7n23_daily_historical-data-08-12-2026.csv,True,IS7N23,2023-07-11,375.0,0.0,375.0,,,0.0,0.010710179782363966,101.07677390644017,-0.0026631174194836653,-0.013245226750020638,-0.013245226750020636,0.0033587304001404515,0.95,0.05
IS7N23,2023-07-13,375.0,375.0,375.0,375.0,0.0,0.00%,0.0,4.0,2023-07-13,False,375.0,0.0,2023-07-12,375.0,1.0,0.0,is7n23_daily_historical-data-08-12-2026.csv,True,IS7N23,2023-07-12,375.0,0.0,375.0,,,0.0,0.010710179782363966,101.07677390644017,0.0,-0.013245226750020638,-0.013245226750020636,0.0033587304001404515,0.95,0.05
IS7N23,2023-07-14,375.0,375.0,375.0,375.0,0.0,0.00%,0.0,43.0,2023-07-14,False,375.0,0.0,2023-07-13,375.0,1.0,0.0,is7n23_daily_historical-data-08-12-2026.csv,True,IS7N23,2023-07-13,375.0,0.0,375.0,,,0.0,0.010710179782363966,101.07677390644017,0.0,-0.013245226750020638,-0.013245226750020636,0.0033587304001404515,0.95,0.05
IS7N23,2023-07-17,375.0,375.0,375.0,375.0,0.0,0.00%,0.0,43.0,2023-07-17,False,375.0,0.0,2023-07-14,375.0,3.0,0.0,is7n23_daily_historical-data-08-12-2026.csv,True,IS7N23,2023-07-14,375.0,0.0,375.0,,,0.0,0.010710179782363966,101.07677390644017,0.0,-0.013245226750020638,-0.013245226750020636,0.0033587304001404515,0.95,0.05
IS7N23,2023-07-18,374.0,374.0,374.0,374.0,-1.0,-0.27%,0.0,43.0,2023-07-18,False,374.0,-1.0,2023-07-17,375.0,1.0,-0.0026702285558789208,is7n23_daily_historical-data-08-12-2026.csv,True,IS7N23,2023-07-17,375.0,-0.0026702285558789208,375.0,,,-0.0026702285558789208,0.008039951226485044,100.80723584268965,-0.0026702285558789242,-0.005333345975362586,-0.015915455305899558,0.0033587304001404515,0.95,0.0
IS7N23,2023-07-19,373.0,373.0,373.0,373.0,-1.0,-0.27%,0.0,43.0,2023-07-19,False,373.0,-1.0,2023-07-18,374.0,1.0,-0.002677377770716403,is7n23_daily_historical-data-08-12-2026.csv,True,IS7N23,2023-07-18,374.0,-0.002677377770716403,374.0,,,-0.002677377770716403,0.005362573455768641,100.53769777893915,-0.005347606326595327,-0.00801072374607899,-0.01859283307661596,0.0011243693047559746,0.95,0.0
IS7N23,2023-07-20,372.0,372.0,372.0,372.0,-1.0,-0.27%,0.0,4.0,2023-07-20,False,372.0,-1.0,2023-07-19,373.0,1.0,-0.002684565370668987,is7n23_daily_historical-data-08-12-2026.csv,True,IS7N23,2023-07-19,373.0,-0.002684565370668987,373.0,,,-0.002684565370668987,0.0026780080850996543,100.26815971518863,-0.008032171697264313,-0.008032171697264313,-0.021277398447284948,0.0012898534440485645,0.95,0.0
IS7N23,2023-07-21,371.0,371.0,371.0,371.0,-1.0,-0.27%,9.0,49.0,2023-07-21,False,371.0,-1.0,2023-07-20,372.0,1.0,-0.0026917916657114146,is7n23_daily_historical-data-08-12-2026.csv,True,IS7N23,2023-07-20,372.0,-0.0026917916657114146,372.0,,,-0.0026917916657114146,-1.3783580611760344e-05,99.99862165143813,-0.010723963362975729,-0.010723963362975729,-0.023969190112996364,0.0012933069275534318,0.95,0.0
IS7N23,2023-07-24,370.0,370.0,370.0,370.0,-1.0,-0.27%,0.0,49.0,2023-07-24,False,370.0,-1.0,2023-07-21,371.0,3.0,-0.002699056969165058,is7n23_daily_historical-data-08-12-2026.csv,True,IS7N23,2023-07-21,371.0,-0.002699056969165058,371.0,,,-0.002699056969165058,-0.0027128405497768185,99.72908358768763,-0.013423020332140788,-0.013423020332140788,-0.02666824708216142,0.001384468082682601,0.95,0.0
IS7N23,2023-07-25,368.0,368.0,368.0,368.0,-2.0,-0.54%,0.0,49.0,2023-07-25,False,368.0,-2.0,2023-07-24,370.0,1.0,-0.005420067469339145,is7n23_daily_historical-data-08-12-2026.csv,True,IS7N23,2023-07-24,370.0,-0.005420067469339145,370.0,,,-0.005420067469339145,-0.008132908019115963,99.1900074601866,-0.01617285924560101,-0.018843087801479932,-0.03208831455150057,0.0014149309723185983,0.95,0.0
IS7Q23,2023-07-26,363.0,363.0,363.0,363.0,-5.0,-1.36%,0.0,49.0,2023-07-26,True,363.0,-2.0,2023-07-25,365.0,1.0,-0.005494519317640702,is7q23_daily_historical-data-08-12-2026.csv,True,IS7N23,2023-07-25,368.0,-0.013680103904080154,365.0,-0.008185584586439405,-4.683753385137379e-17,-0.005494519317640702,-0.013627427336756665,98.6465005699938,-0.01899000079252531,-0.024337607119120634,-0.03758283386914127,0.0018229082372926584,0.95,0.0
IS7Q23,2023-07-27,363.0,363.0,363.0,363.0,0.0,0.00%,0.0,4.0,2023-07-27,False,363.0,0.0,2023-07-26,363.0,1.0,0.0,is7q23_daily_historical-data-08-12-2026.csv,True,IS7Q23,2023-07-26,363.0,0.0,363.0,,,0.0,-0.013627427336756665,98.6465005699938,-0.01630543542185632,-0.024337607119120634,-0.03758283386914127,0.0020102784845000055,0.95,0.0
IS7Q23,2023-07-28,363.0,363.0,363.0,363.0,0.0,0.00%,0.0,49.0,2023-07-28,False,363.0,0.0,2023-07-27,363.0,1.0,0.0,is7q23_daily_historical-data-08-12-2026.csv,True,IS7Q23,2023-07-27,363.0,0.0,363.0,,,0.0,-0.013627427336756665,98.6465005699938,-0.013613643756144909,-0.024337607119120634,-0.03758283386914127,0.0020102784845000055,0.95,0.0
IS7Q23,2023-07-31,363.0,363.0,363.0,363.0,0.0,0.00%,0.0,49.0,2023-07-31,False,363.0,0.0,2023-07-28,363.0,3.0,0.0,is7q23_daily_historical-data-08-12-2026.csv,True,IS7Q23,2023-07-28,363.0,0.0,363.0,,,0.0,-0.013627427336756665,98.6465005699938,-0.01091458678697985,-0.024337607119120634,-0.03758283386914127,0.0020102784845000055,0.95,0.0
IS7Q23,2023-08-01,363.0,363.0,363.0,363.0,0.0,0.00%,0.0,43.0,2023-08-01,False,363.0,0.0,2023-07-31,363.0,1.0,0.0,is7q23_daily_historical-data-08-12-2026.csv,True,IS7Q23,2023-07-31,363.0,0.0,363.0,,,0.0,-0.013627427336756665,98.6465005699938,-0.005494519317640705,-0.021667378563241715,-0.027000724538604293,0.0020102784845000055,0.95,0.0
IS7Q23,2023-08-02,356.0,356.0,356.0,356.0,-7.0,-1.93%,0.0,6.0,2023-08-02,False,356.0,-7.0,2023-08-01,363.0,1.0,-0.019472103412820296,is7q23_daily_historical-data-08-12-2026.csv,True,IS7Q23,2023-08-01,363.0,-0.019472103412820296,363.0,,,-0.019472103412820296,-0.03309953074957696,96.744226454319,-0.0194721034128203,-0.038462104205345606,-0.046472827951424586,0.0021480026478037165,0.95,0.0
IS7Q23,2023-08-03,356.0,356.0,356.0,356.0,0.0,0.00%,0.0,3.0,2023-08-03,False,356.0,0.0,2023-08-02,356.0,1.0,0.0,is7q23_daily_historical-data-08-12-2026.csv,True,IS7Q23,2023-08-02,356.0,0.0,356.0,,,0.0,-0.03309953074957696,96.744226454319,-0.0194721034128203,-0.03577753883467662,-0.043809710531940924,0.005892875937728951,0.95,0.0
IS7Q23,2023-08-04,355.0,355.0,355.0,355.0,-1.0,-0.28%,0.0,43.0,2023-08-04,False,355.0,-1.0,2023-08-03,356.0,1.0,-0.0028129413766146126,is7q23_daily_historical-data-08-12-2026.csv,True,IS7Q23,2023-08-03,356.0,-0.0028129413766146126,356.0,,,-0.0028129413766146126,-0.03591247212619157,96.4724730092226,-0.022285044789434914,-0.035898688545579815,-0.04662265190855554,0.0060116286165637686,1.0,0.0
IS7Q23,2023-08-07,354.0,355.0,354.0,355.0,0.0,0.00%,0.0,43.0,2023-08-07,False,355.0,0.0,2023-08-04,355.0,3.0,0.0,is7q23_daily_historical-data-08-12-2026.csv,True,IS7Q23,2023-08-04,355.0,0.0,355.0,,,0.0,-0.03591247212619157,96.4724730092226,-0.022285044789434914,-0.03319963157641476,-0.04662265190855554,0.006009766578989918,1.0,0.0
IS7Q23,2023-08-08,355.0,355.0,355.0,355.0,0.0,0.00%,12.0,55.0,2023-08-08,False,355.0,0.0,2023-08-07,355.0,1.0,0.0,is7q23_daily_historical-data-08-12-2026.csv,True,IS7Q23,2023-08-07,355.0,0.0,355.0,,,0.0,-0.03591247212619157,96.4724730092226,-0.022285044789434914,-0.027779564107075615,-0.04662265190855554,0.006113925550477061,0.95,0.0
IS7Q23,2023-08-09,354.0,354.0,354.0,354.0,-1.0,-0.28%,0.0,55.0,2023-08-09,False,354.0,-1.0,2023-08-08,355.0,1.0,-0.0028208763416413406,is7q23_daily_historical-data-08-12-2026.csv,True,IS7Q23,2023-08-08,355.0,-0.0028208763416413406,355.0,,,-0.0028208763416413406,-0.03873334846783291,96.2007195641262,-0.005633817718255957,-0.025105921131076254,-0.04944352825019688,0.006147219559749059,0.95,0.0
IS7Q23,2023-08-10,354.0,354.0,354.0,354.0,0.0,0.00%,0.0,3.0,2023-08-10,False,354.0,0.0,2023-08-09,354.0,1.0,0.0,is7q23_daily_historical-data-08-12-2026.csv,True,IS7Q23,2023-08-09,354.0,0.0,354.0,,,0.0,-0.03873334846783291,96.2007195641262,-0.005633817718255957,-0.025105921131076254,-0.04944352825019688,0.006073641286179779,0.95,0.0
IS7Q23,2023-08-11,354.0,354.0,354.0,354.0,0.0,0.00%,0.0,55.0,2023-08-11,False,354.0,0.0,2023-08-10,354.0,1.0,0.0,is7q23_daily_historical-data-08-12-2026.csv,True,IS7Q23,2023-08-10,354.0,0.0,354.0,,,0.0,-0.03873334846783291,96.2007195641262,-0.002820876341641344,-0.025105921131076254,-0.04944352825019688,0.006073641286179779,0.95,0.0
IS7Q23,2023-08-14,356.0,356.0,356.0,356.0,2.0,+0.56%,0.0,55.0,2023-08-14,False,356.0,2.0,2023-08-11,354.0,3.0,0.005633817718256064,is7q23_daily_historical-data-08-12-2026.csv,True,IS7Q23,2023-08-11,354.0,0.005633817718256064,354.0,,,0.005633817718256064,-0.03309953074957685,96.74422645431902,0.00281294137661472,-0.01947210341282019,-0.04380971053194081,0.006073641286179779,0.95,0.0
IS7Q23,2023-08-15,360.0,360.0,360.0,360.0,4.0,+1.12%,0.0,55.0,2023-08-15,False,360.0,4.0,2023-08-14,356.0,1.0,0.011173300598125255,is7q23_daily_historical-data-08-12-2026.csv,True,IS7Q23,2023-08-14,356.0,0.011173300598125255,356.0,,,0.011173300598125255,-0.021926230151451592,97.83124023470462,0.013986241974739974,-0.008298802814694934,-0.02996618137793664,0.006573147519290974,0.95,0.0
IS7Q23,2023-08-16,363.0,363.0,363.0,363.0,3.0,+0.83%,0.0,55.0,2023-08-16,False,363.0,3.0,2023-08-15,360.0,1.0,0.008298802814695064,is7q23_daily_historical-data-08-12-2026.csv,True,IS7Q23,2023-08-15,360.0,0.008298802814695064,360.0,,,0.008298802814695064,-0.013627427336756528,98.64650056999382,0.025105921131076382,0.019472103412820428,-0.018990000792525177,0.007779805262955232,0.95,0.0
IS7Q23,2023-08-17,362.0,362.0,362.0,362.0,-1.0,-0.28%,0.0,3.0,2023-08-17,False,362.0,-1.0,2023-08-16,363.0,1.0,-0.0027586224390797514,is7q23_daily_historical-data-08-12-2026.csv,True,IS7Q23,2023-08-16,363.0,-0.0027586224390797514,363.0,,,-0.0027586224390797514,-0.01638604977583628,98.37474712489743,0.022347298691996628,0.016713480973740674,-0.01906405786093594,0.004754020262273205,0.95,0.0
IS7Q23,2023-08-18,363.0,363.0,363.0,363.0,1.0,+0.28%,0.0,55.0,2023-08-18,False,363.0,1.0,2023-08-17,362.0,1.0,0.0027586224390796607,is7q23_daily_historical-data-08-12-2026.csv,True,IS7Q23,2023-08-17,362.0,0.0027586224390796607,362.0,,,0.0027586224390796607,-0.01362742733675662,98.64650056999382,0.02510592113107629,0.02228504478943495,-0.013613643756144862,0.004955340689648002,0.95,0.0
IS7Q23,2023-08-21,363.0,363.0,363.0,363.0,0.0,0.00%,0.0,55.0,2023-08-21,False,363.0,0.0,2023-08-18,363.0,3.0,0.0,is7q23_daily_historical-data-08-12-2026.csv,True,IS7Q23,2023-08-18,363.0,0.0,363.0,,,0.0,-0.01362742733675662,98.64650056999382,0.019472103412820223,0.02228504478943495,-0.010914586786979805,0.004701863616655994,0.95,0.0
IS7Q23,2023-08-22,363.0,363.0,363.0,363.0,0.0,0.00%,0.0,55.0,2023-08-22,False,363.0,0.0,2023-08-21,363.0,1.0,0.0,is7q23_daily_historical-data-08-12-2026.csv,True,IS7Q23,2023-08-21,363.0,0.0,363.0,,,0.0,-0.01362742733675662,98.64650056999382,0.00829880281469497,0.02228504478943495,-0.00549451931764066,0.004701863616655994,0.95,0.0
IS7Q23,2023-08-23,361.0,361.0,361.0,361.0,-2.0,-0.55%,0.0,55.0,2023-08-23,False,361.0,-2.0,2023-08-22,363.0,1.0,-0.005524875931969804,is7q23_daily_historical-data-08-12-2026.csv,True,IS7Q23,2023-08-22,363.0,-0.005524875931969804,363.0,,,-0.005524875931969804,-0.019152303268726426,98.10299367980102,-0.005524875931969897,0.019581045199106487,-0.005524875931969762,0.004701863616655994,0.95,0.0
IS7Q23,2023-08-24,361.0,361.0,361.0,361.0,0.0,0.00%,0.0,3.0,2023-08-24,False,361.0,0.0,2023-08-23,361.0,1.0,0.0,is7q23_daily_historical-data-08-12-2026.csv,True,IS7Q23,2023-08-23,361.0,0.0,361.0,,,0.0,-0.019152303268726426,98.10299367980102,-0.002766253492890146,0.019581045199106487,-0.005524875931969762,0.005086531157798504,0.95,0.0
IS7Q23,2023-08-25,362.0,362.0,362.0,362.0,1.0,+0.28%,0.0,55.0,2023-08-25,False,362.0,1.0,2023-08-24,361.0,1.0,0.00276625349289011,is7q23_daily_historical-data-08-12-2026.csv,True,IS7Q23,2023-08-24,361.0,0.00276625349289011,361.0,,,0.00276625349289011,-0.016386049775836315,98.37474712489743,-0.002758622439079697,0.022347298691996597,-0.002758622439079652,0.005086531157798504,0.95,0.0
IS7U23,2023-08-28,375.0,375.0,375.0,375.0,13.0,+3.59%,0.0,55.0,2023-08-28,True,375.0,0.0,2023-08-25,375.0,3.0,0.0,is7u23_daily_historical-data-08-12-2026.csv,True,IS7Q23,2023-08-25,362.0,0.03528181414463983,375.0,0.03528181414463983,0.0,0.0,-0.016386049775836315,98.37474712489743,-0.0027586224390796967,0.016713480973740532,-0.002758622439079652,0.005043245302010243,0.95,0.0
IS7U23,2023-08-29,375.0,375.0,375.0,375.0,0.0,0.00%,0.0,55.0,2023-08-29,False,375.0,0.0,2023-08-28,375.0,1.0,0.0,is7u23_daily_historical-data-08-12-2026.csv,True,IS7U23,2023-08-28,375.0,0.0,375.0,,,0.0,-0.016386049775836315,98.37474712489743,-0.0027586224390796967,0.005540180375615277,-0.002758622439079652,0.0049348549203111465,0.95,0.0
IS7U23,2023-08-30,375.0,375.0,375.0,375.0,0.0,0.00%,0.0,55.0,2023-08-30,False,375.0,0.0,2023-08-29,375.0,1.0,0.0,is7u23_daily_historical-data-08-12-2026.csv,True,IS7U23,2023-08-29,375.0,0.0,375.0,,,0.0,-0.016386049775836315,98.37474712489743,0.002766253492890107,-0.0027586224390797874,0.016713480973740643,0.0036392486445408143,0.95,0.0
IS7U23,2023-08-31,375.0,375.0,375.0,375.0,0.0,0.00%,0.0,44.0,2023-08-31,False,375.0,0.0,2023-08-30,375.0,1.0,0.0,is7u23_daily_historical-data-08-12-2026.csv,True,IS7U23,2023-08-30,375.0,0.0,375.0,,,0.0,-0.016386049775836315,98.37474712489743,0.002766253492890107,-3.599551212651875e-17,0.016713480973740643,0.0024183421363780616,0.95,0.0
IS7U23,2023-09-01,375.0,375.0,375.0,375.0,0.0,0.00%,0.0,47.0,2023-09-01,False,375.0,0.0,2023-08-31,375.0,1.0,0.0,is7u23_daily_historical-data-08-12-2026.csv,True,IS7U23,2023-08-31,375.0,0.0,375.0,,,0.0,-0.016386049775836315,98.37474712489743,0.0,-0.0027586224390796967,0.019526422350355257,0.002255521871417384,0.95,0.0
IS7U23,2023-09-05,375.0,375.0,375.0,375.0,0.0,0.00%,0.0,47.0,2023-09-05,False,375.0,0.0,2023-09-01,375.0,4.0,0.0,is7u23_daily_historical-data-08-12-2026.csv,True,IS7U23,2023-09-01,375.0,0.0,375.0,,,0.0,-0.016386049775836315,98.37474712489743,0.0,-0.0027586224390796967,0.019526422350355257,0.0020389379772171802,0.95,0.0
IS7U23,2023-09-06,375.0,375.0,375.0,375.0,0.0,0.00%,0.0,47.0,2023-09-06,False,375.0,0.0,2023-09-05,375.0,1.0,0.0,is7u23_daily_historical-data-08-12-2026.csv,True,IS7U23,2023-09-05,375.0,0.0,375.0,,,0.0,-0.016386049775836315,98.37474712489743,0.0,-0.0027586224390796967,0.019526422350355257,0.0020389379772171802,1.0,0.0
IS7U23,2023-09-07,375.0,375.0,375.0,375.0,0.0,0.00%,0.0,41.0,2023-09-07,False,375.0,0.0,2023-09-06,375.0,1.0,0.0,is7u23_daily_historical-data-08-12-2026.csv,True,IS7U23,2023-09-06,375.0,0.0,375.0,,,0.0,-0.016386049775836315,98.37474712489743,0.0,0.002766253492890107,0.022347298691996597,0.0020389379772171802,1.0,0.0
IS7U23,2023-09-08,375.0,375.0,375.0,375.0,0.0,0.00%,9.0,44.0,2023-09-08,False,375.0,0.0,2023-09-07,375.0,1.0,0.0,is7u23_daily_historical-data-08-12-2026.csv,True,IS7U23,2023-09-07,375.0,0.0,375.0,,,0.0,-0.016386049775836315,98.37474712489743,0.0,0.002766253492890107,0.022347298691996597,0.0008747661622929044,1.0,0.0
IS7U23,2023-09-11,375.0,375.0,375.0,375.0,0.0,0.00%,0.0,44.0,2023-09-11,False,375.0,0.0,2023-09-08,375.0,3.0,0.0,is7u23_daily_historical-data-08-12-2026.csv,True,IS7U23,2023-09-08,375.0,0.0,375.0,,,0.0,-0.016386049775836315,98.37474712489743,0.0,0.0,0.022347298691996597,0.0008747661622929044,1.0,0.0
IS7U23,2023-09-12,375.0,375.0,375.0,375.0,0.0,0.00%,2.0,42.0,2023-09-12,False,375.0,0.0,2023-09-11,375.0,1.0,0.0,is7u23_daily_historical-data-08-12-2026.csv,True,IS7U23,2023-09-11,375.0,0.0,375.0,,,0.0,-0.016386049775836315,98.37474712489743,0.0,0.0,0.016713480973740532,0.0,1.0,0.0
IS7U23,2023-09-13,375.0,375.0,375.0,375.0,0.0,0.00%,0.0,42.0,2023-09-13,False,375.0,0.0,2023-09-12,375.0,1.0,0.0,is7u23_daily_historical-data-08-12-2026.csv,True,IS7U23,2023-09-12,375.0,0.0,375.0,,,0.0,-0.016386049775836315,98.37474712489743,0.0,0.0,0.005540180375615277,0.0,1.0,0.0
IS7U23,2023-09-14,375.0,375.0,375.0,375.0,0.0,0.00%,0.0,42.0,2023-09-14,False,375.0,0.0,2023-09-13,375.0,1.0,0.0,is7u23_daily_historical-data-08-12-2026.csv,True,IS7U23,2023-09-13,375.0,0.0,375.0,,,0.0,-0.016386049775836315,98.37474712489743,0.0,0.0,-0.002758622439079787,0.0,1.0,0.0
IS7U23,2023-09-15,375.0,375.0,375.0,375.0,0.0,0.00%,0.0,42.0,2023-09-15,False,375.0,0.0,2023-09-14,375.0,1.0,0.0,is7u23_daily_historical-data-08-12-2026.csv,True,IS7U23,2023-09-14,375.0,0.0,375.0,,,0.0,-0.016386049775836315,98.37474712489743,0.0,0.0,-3.5561831257524545e-17,0.0,1.0,0.0
IS7U23,2023-09-18,375.0,375.0,375.0,375.0,0.0,0.00%,0.0,42.0,2023-09-18,False,375.0,0.0,2023-09-15,375.0,3.0,0.0,is7u23_daily_historical-data-08-12-2026.csv,True,IS7U23,2023-09-15,375.0,0.0,375.0,,,0.0,-0.016386049775836315,98.37474712489743,0.0,0.0,-0.0027586224390796963,0.0,1.0,0.0
IS7U23,2023-09-19,375.0,375.0,375.0,375.0,0.0,0.00%,0.0,42.0,2023-09-19,False,375.0,0.0,2023-09-18,375.0,1.0,0.0,is7u23_daily_historical-data-08-12-2026.csv,True,IS7U23,2023-09-18,375.0,0.0,375.0,,,0.0,-0.016386049775836315,98.37474712489743,0.0,0.0,-0.0027586224390796963,0.0,1.0,0.0
IS7U23,2023-09-20,375.0,375.0,375.0,375.0,0.0,0.00%,0.0,42.0,2023-09-20,False,375.0,0.0,2023-09-19,375.0,1.0,0.0,is7u23_daily_historical-data-08-12-2026.csv,True,IS7U23,2023-09-19,375.0,0.0,375.0,,,0.0,-0.016386049775836315,98.37474712489743,0.0,0.0,-0.0027586224390796963,0.0,1.0,0.0
IS7U23,2023-09-21,375.0,375.0,375.0,375.0,0.0,0.00%,0.0,42.0,2023-09-21,False,375.0,0.0,2023-09-20,375.0,1.0,0.0,is7u23_daily_historical-data-08-12-2026.csv,True,IS7U23,2023-09-20,375.0,0.0,375.0,,,0.0,-0.016386049775836315,98.37474712489743,0.0,0.0,0.0027662534928901074,0.0,1.0,0.0
IS7U23,2023-09-22,375.0,375.0,375.0,375.0,0.0,0.00%,0.0,42.0,2023-09-22,False,375.0,0.0,2023-09-21,375.0,1.0,0.0,is7u23_daily_historical-data-08-12-2026.csv,True,IS7U23,2023-09-21,375.0,0.0,375.0,,,0.0,-0.016386049775836315,98.37474712489743,0.0,0.0,0.0027662534928901074,0.0,1.0,0.0
IS7V23,2023-09-25,375.0,375.0,375.0,375.0,0.0,0.00%,3.0,43.0,2023-09-25,True,375.0,-5.0,2023-09-22,380.0,3.0,-0.01324522675002068,is7v23_daily_historical-data-08-12-2026.csv,True,IS7U23,2023-09-22,375.0,0.0,380.0,0.013245226750020723,-4.336808689942018e-17,-0.01324522675002068,-0.029631276525856995,97.08034255746455,-0.013245226750020683,-0.013245226750020683,-0.013245226750020683,0.0,1.0,0.0
IS7V23,2023-09-26,375.0,375.0,375.0,375.0,0.0,0.00%,0.0,43.0,2023-09-26,False,375.0,0.0,2023-09-25,375.0,1.0,0.0,is7v23_daily_historical-data-08-12-2026.csv,True,IS7V23,2023-09-25,375.0,0.0,375.0,,,0.0,-0.029631276525856995,97.08034255746455,-0.013245226750020683,-0.013245226750020683,-0.013245226750020683,0.004188508465545502,1.0,0.0
IS7V23,2023-09-27,375.0,375.0,375.0,375.0,0.0,0.00%,0.0,43.0,2023-09-27,False,375.0,0.0,2023-09-26,375.0,1.0,0.0,is7v23_daily_historical-data-08-12-2026.csv,True,IS7V23,2023-09-26,375.0,0.0,375.0,,,0.0,-0.029631276525856995,97.08034255746455,-0.013245226750020683,-0.013245226750020683,-0.013245226750020683,0.004188508465545502,1.0,0.0
IS7V23,2023-09-28,375.0,375.0,375.0,375.0,0.0,0.00%,0.0,35.0,2023-09-28,False,375.0,0.0,2023-09-27,375.0,1.0,0.0,is7v23_daily_historical-data-08-12-2026.csv,True,IS7V23,2023-09-27,375.0,0.0,375.0,,,0.0,-0.029631276525856995,97.08034255746455,-0.013245226750020683,-0.013245226750020683,-0.013245226750020683,0.004188508465545502,1.0,0.0
IS7V23,2023-09-29,375.0,375.0,375.0,375.0,0.0,0.00%,0.0,35.0,2023-09-29,False,375.0,0.0,2023-09-28,375.0,1.0,0.0,is7v23_daily_historical-data-08-12-2026.csv,True,IS7V23,2023-09-28,375.0,0.0,375.0,,,0.0,-0.029631276525856995,97.08034255746455,-0.013245226750020683,-0.013245226750020683,-0.013245226750020683,0.004188508465545502,1.0,0.0
IS7V23,2023-10-02,375.0,375.0,375.0,375.0,0.0,0.00%,0.0,35.0,2023-10-02,False,375.0,0.0,2023-09-29,375.0,3.0,0.0,is7v23_daily_historical-data-08-12-2026.csv,True,IS7V23,2023-09-29,375.0,0.0,375.0,,,0.0,-0.029631276525856995,97.08034255746455,0.0,-0.013245226750020683,-0.013245226750020683,0.004188508465545502,1.0,0.0
IS7V23,2023-10-03,375.0,375.0,375.0,375.0,0.0,0.00%,0.0,35.0,2023-10-03,False,375.0,0.0,2023-10-02,375.0,1.0,0.0,is7v23_daily_historical-data-08-12-2026.csv,True,IS7V23,2023-10-02,375.0,0.0,375.0,,,0.0,-0.029631276525856995,97.08034255746455,0.0,-0.013245226750020683,-0.013245226750020683,0.004188508465545502,1.0,0.0
IS7V23,2023-10-04,373.0,373.0,373.0,373.0,-2.0,-0.53%,0.0,35.0,2023-10-04,False,373.0,-2.0,2023-10-03,375.0,1.0,-0.005347606326595242,is7v23_daily_historical-data-08-12-2026.csv,True,IS7V23,2023-10-03,375.0,-0.005347606326595242,375.0,,,-0.005347606326595242,-0.03497888285245224,96.5625807304914,-0.005347606326595245,-0.018592833076615925,-0.018592833076615925,0.004188508465545502,1.0,0.0
IS7V23,2023-10-05,373.0,373.0,373.0,373.0,0.0,0.00%,0.0,35.0,2023-10-05,False,373.0,0.0,2023-10-04,373.0,1.0,0.0,is7v23_daily_historical-data-08-12-2026.csv,True,IS7V23,2023-10-04,373.0,0.0,373.0,,,0.0,-0.03497888285245224,96.5625807304914,-0.005347606326595245,-0.018592833076615925,-0.018592833076615925,0.004339272608043049,1.0,0.0
IS7V23,2023-10-06,373.0,373.0,373.0,373.0,0.0,0.00%,0.0,35.0,2023-10-06,False,373.0,0.0,2023-10-05,373.0,1.0,0.0,is7v23_daily_historical-data-08-12-2026.csv,True,IS7V23,2023-10-05,373.0,0.0,373.0,,,0.0,-0.03497888285245224,96.5625807304914,-0.005347606326595245,-0.018592833076615925,-0.018592833076615925,0.004339272608043049,1.0,0.0
IS7V23,2023-10-09,373.0,373.0,373.0,373.0,0.0,0.00%,0.0,35.0,2023-10-09,False,373.0,0.0,2023-10-06,373.0,3.0,0.0,is7v23_daily_historical-data-08-12-2026.csv,True,IS7V23,2023-10-06,373.0,0.0,373.0,,,0.0,-0.03497888285245224,96.5625807304914,-0.005347606326595245,-0.005347606326595245,-0.018592833076615925,0.004339272608043049,1.0,0.0
IS7V23,2023-10-10,372.0,372.0,372.0,372.0,-1.0,-0.27%,0.0,35.0,2023-10-10,False,372.0,-1.0,2023-10-09,373.0,1.0,-0.002684565370668987,is7v23_daily_historical-data-08-12-2026.csv,True,IS7V23,2023-10-09,373.0,-0.002684565370668987,373.0,,,-0.002684565370668987,-0.037663448223121225,96.30369981700484,-0.008032171697264232,-0.008032171697264232,-0.021277398447284913,0.0016910616021967224,1.0,0.0
IS7V23,2023-10-11,371.0,371.0,371.0,371.0,-1.0,-0.27%,0.0,35.0,2023-10-11,False,371.0,-1.0,2023-10-10,372.0,1.0,-0.0026917916657114146,is7v23_daily_historical-data-08-12-2026.csv,True,IS7V23,2023-10-10,372.0,-0.0026917916657114146,372.0,,,-0.0026917916657114146,-0.04035523988883264,96.04481890351828,-0.005376357036380406,-0.010723963362975647,-0.023969190112996325,0.0018059225539012625,1.0,0.0
IS7V23,2023-10-12,371.0,371.0,371.0,371.0,0.0,0.00%,0.0,35.0,2023-10-12,False,371.0,0.0,2023-10-11,371.0,1.0,0.0,is7v23_daily_historical-data-08-12-2026.csv,True,IS7V23,2023-10-11,371.0,0.0,371.0,,,0.0,-0.04035523988883264,96.04481890351828,-0.005376357036380406,-0.010723963362975647,-0.023969190112996325,0.001872288795511633,1.0,0.0
IS7V23,2023-10-13,370.0,370.0,370.0,370.0,-1.0,-0.27%,30.0,40.0,2023-10-13,False,370.0,-1.0,2023-10-12,371.0,1.0,-0.002699056969165058,is7v23_daily_historical-data-08-12-2026.csv,True,IS7V23,2023-10-12,371.0,-0.002699056969165058,371.0,,,-0.002699056969165058,-0.0430542968579977,95.78593799003168,-0.008075414005545463,-0.013423020332140705,-0.026668247082161384,0.001872288795511633,1.0,0.0
IS7V23,2023-10-16,369.0,369.0,369.0,369.0,-1.0,-0.27%,30.0,40.0,2023-10-16,False,369.0,-1.0,2023-10-13,370.0,3.0,-0.002706361597742914,is7v23_daily_historical-data-08-12-2026.csv,True,IS7V23,2023-10-13,370.0,-0.002706361597742914,370.0,,,-0.002706361597742914,-0.045760658455740615,95.52705707654512,-0.010781775603288378,-0.01612938192988362,-0.0293746086799043,0.0018949256234105925,1.0,0.0
IS7V23,2023-10-17,368.0,368.0,368.0,368.0,-1.0,-0.27%,45.0,85.0,2023-10-17,False,368.0,-1.0,2023-10-16,369.0,1.0,-0.002713705871596273,is7v23_daily_historical-data-08-12-2026.csv,True,IS7V23,2023-10-16,369.0,-0.002713705871596273,369.0,,,-0.002713705871596273,-0.048474364327336886,95.26817616305856,-0.010810916104215664,-0.01884308780147989,-0.032088314551500574,0.0018750742948765299,1.0,0.0
IS7V23,2023-10-18,367.0,367.0,367.0,367.0,-1.0,-0.27%,0.0,85.0,2023-10-18,False,367.0,-1.0,2023-10-17,368.0,1.0,-0.0027210901143606132,is7v23_daily_historical-data-08-12-2026.csv,True,IS7V23,2023-10-17,368.0,-0.0027210901143606132,368.0,,,-0.0027210901143606132,-0.0511954544416975,95.00929524957198,-0.010840214552864862,-0.016216571589245263,-0.03480940466586119,0.0018109798579735814,1.0,0.0
IS7V23,2023-10-19,366.0,366.0,366.0,366.0,-1.0,-0.27%,9.0,94.0,2023-10-19,False,366.0,-1.0,2023-10-18,367.0,1.0,-0.0027285146532040625,is7v23_daily_historical-data-08-12-2026.csv,True,IS7V23,2023-10-18,367.0,-0.0027285146532040625,367.0,,,-0.0027285146532040625,-0.05392396909490156,94.75041433608541,-0.013568729206068924,-0.018945086242449324,-0.03753791931906525,0.001395737430680367,1.0,0.0
IS7V23,2023-10-20,362.0,362.0,362.0,362.0,-4.0,-1.09%,0.0,94.0,2023-10-20,False,362.0,-4.0,2023-10-19,366.0,1.0,-0.010989121575595206,is7v23_daily_historical-data-08-12-2026.csv,True,IS7V23,2023-10-19,366.0,-0.010989121575595206,366.0,,,-0.010989121575595206,-0.06491309067049676,93.71489068213911,-0.021858793812499073,-0.029934207818044532,-0.04852704089466045,0.0013073989924399416,1.0,0.0
IS7V23,2023-10-23,363.0,363.0,363.0,363.0,1.0,+0.28%,0.0,94.0,2023-10-23,False,363.0,1.0,2023-10-20,362.0,3.0,0.0027586224390796607,is7v23_daily_historical-data-08-12-2026.csv,True,IS7V23,2023-10-20,362.0,0.0027586224390796607,362.0,,,0.0027586224390796607,-0.0621544682314171,93.97377159562568,-0.016393809775676497,-0.027175585378964872,-0.03252319170556011,0.0030263724459804143,1.0,0.0
IS7V23,2023-10-24,363.0,363.0,363.0,363.0,0.0,0.00%,0.0,94.0,2023-10-24,False,363.0,0.0,2023-10-23,363.0,1.0,0.0,is7v23_daily_historical-data-08-12-2026.csv,True,IS7V23,2023-10-23,363.0,0.0,363.0,,,0.0,-0.0621544682314171,93.97377159562568,-0.013680103904080225,-0.024491020008295884,-0.03252319170556012,0.003428553389436458,1.0,0.0
IS7V23,2023-10-25,364.0,364.0,364.0,364.0,1.0,+0.28%,0.0,94.0,2023-10-25,False,364.0,1.0,2023-10-24,363.0,1.0,0.0027510333718897976,is7v23_daily_historical-data-08-12-2026.csv,True,IS7V23,2023-10-24,363.0,0.0027510333718897976,363.0,,,0.0027510333718897976,-0.0594034348595273,94.23265250911224,-0.008207980417829814,-0.019048194970694675,-0.02977215833367032,0.0035348762642624875,1.0,0.0
IS7X23,2023-10-26,357.0,357.0,357.0,357.0,-7.0,-1.92%,3.0,94.0,2023-10-26,True,357.0,0.0,2023-10-25,357.0,1.0,0.0,is7x23_daily_historical-data-08-12-2026.csv,True,IS7V23,2023-10-25,364.0,-0.019418085857101627,357.0,-0.019418085857101627,0.0,0.0,-0.0594034348595273,94.23265250911224,-0.005479465764625751,-0.019048194970694675,-0.029772158333670317,0.0038941298702161943,1.0,0.0
IS7X23,2023-10-27,366.0,366.0,366.0,366.0,9.0,+2.52%,0.0,94.0,2023-10-27,False,366.0,9.0,2023-10-26,357.0,1.0,0.024897551621727087,is7x23_daily_historical-data-08-12-2026.csv,True,IS7X23,2023-10-26,357.0,0.024897551621727087,357.0,,,0.024897551621727087,-0.03450588323780021,96.60826559757724,0.030407207432696544,0.008548413620197471,-0.00487460671194323,0.0038941298702161943,1.0,0.0
IS7X23,2023-10-30,383.0,383.0,375.0,375.0,9.0,+2.46%,15.0,88.0,2023-10-30,False,375.0,9.0,2023-10-27,366.0,3.0,0.024292692569044483,is7x23_daily_historical-data-08-12-2026.csv,True,IS7X23,2023-10-27,366.0,0.024292692569044483,366.0,,,0.024292692569044483,-0.010213190668755728,98.98387868604226,0.05194127756266136,0.035547467786984865,0.019418085857101253,0.009297892418719408,1.0,0.0
IS7X23,2023-10-31,375.0,375.0,375.0,375.0,0.0,0.00%,0.0,88.0,2023-10-31,False,375.0,0.0,2023-10-30,375.0,1.0,0.0,is7x23_daily_historical-data-08-12-2026.csv,True,IS7X23,2023-10-30,375.0,0.0,375.0,,,0.0,-0.010213190668755728,98.98387868604226,0.05194127756266136,0.038261173658581143,0.019418085857101253,0.011746455923963785,0.95,0.0
IS7X23,2023-11-01,375.0,375.0,375.0,375.0,0.0,0.00%,0.0,84.0,2023-11-01,False,375.0,0.0,2023-10-31,375.0,1.0,0.0,is7x23_daily_historical-data-08-12-2026.csv,True,IS7X23,2023-10-31,375.0,0.0,375.0,,,0.0,-0.010213190668755728,98.98387868604226,0.049190244190771566,0.04098226377294176,0.024765692183696494,0.011616173337389658,0.95,0.0
IS7X23,2023-11-02,375.0,375.0,375.0,375.0,0.0,0.00%,12.0,84.0,2023-11-02,False,375.0,0.0,2023-11-01,375.0,1.0,0.0,is7x23_daily_historical-data-08-12-2026.csv,True,IS7X23,2023-11-01,375.0,0.0,375.0,,,0.0,-0.010213190668755728,98.98387868604226,0.049190244190771566,0.04371077842614582,0.024765692183696494,0.011476798635148814,0.95,0.0
IS7X23,2023-11-03,374.0,374.0,374.0,374.0,-1.0,-0.27%,12.0,84.0,2023-11-03,False,374.0,-1.0,2023-11-02,375.0,1.0,-0.0026702285558789208,is7x23_daily_historical-data-08-12-2026.csv,True,IS7X23,2023-11-02,375.0,-0.0026702285558789208,375.0,,,-0.0026702285558789208,-0.01288341922463465,98.7199216762128,0.02162246401316556,0.052029671445862104,0.022095463627817575,0.011327933759450917,0.95,0.0
IS7X23,2023-11-06,373.0,373.0,373.0,373.0,-1.0,-0.27%,0.0,84.0,2023-11-06,False,373.0,-1.0,2023-11-03,374.0,3.0,-0.002677377770716403,is7x23_daily_historical-data-08-12-2026.csv,True,IS7X23,2023-11-03,374.0,-0.002677377770716403,374.0,,,-0.002677377770716403,-0.015560796995351053,98.45596466638337,-0.005347606326595327,0.04659367123606604,0.01941808585710117,0.010336680215241657,0.95,0.0
IS7X23,2023-11-07,373.0,373.0,373.0,373.0,0.0,0.00%,0.0,84.0,2023-11-07,False,373.0,0.0,2023-11-06,373.0,1.0,0.0,is7x23_daily_historical-data-08-12-2026.csv,True,IS7X23,2023-11-06,373.0,0.0,373.0,,,0.0,-0.015560796995351053,98.45596466638337,-0.005347606326595327,0.04659367123606604,0.022102651227770158,0.010618603308273133,0.95,0.0
IS7X23,2023-11-08,378.0,378.0,378.0,378.0,5.0,+1.34%,0.0,84.0,2023-11-08,False,378.0,5.0,2023-11-07,373.0,1.0,0.013315775975772156,is7x23_daily_historical-data-08-12-2026.csv,True,IS7X23,2023-11-07,373.0,0.013315775975772156,373.0,,,0.013315775975772156,-0.0022450210195788974,99.7757497155306,0.00796816964917683,0.057158413839948394,0.038110218869253726,0.010618603308273133,0.95,0.0
IS7X23,2023-11-09,376.0,376.0,376.0,376.0,-2.0,-0.53%,0.0,84.0,2023-11-09,False,376.0,-2.0,2023-11-08,378.0,1.0,-0.005305052229693229,is7x23_daily_historical-data-08-12-2026.csv,True,IS7X23,2023-11-08,378.0,-0.005305052229693229,378.0,,,-0.005305052229693229,-0.007550073249272126,99.2478356958717,0.0026631174194836,0.051853361610255166,0.0328051666395605,0.010928672400034601,0.95,0.0
IS7X23,2023-11-10,376.0,376.0,376.0,376.0,0.0,0.00%,0.0,84.0,2023-11-10,False,376.0,0.0,2023-11-09,376.0,1.0,0.0,is7x23_daily_historical-data-08-12-2026.csv,True,IS7X23,2023-11-09,376.0,0.0,376.0,,,0.0,-0.007550073249272126,99.2478356958717,0.005333345975362521,0.026955809988528083,0.03550422360872556,0.011357316874287437,0.95,0.0
IS7X23,2023-11-13,377.0,377.0,377.0,377.0,1.0,+0.27%,0.0,84.0,2023-11-13,False,377.0,1.0,2023-11-10,376.0,3.0,0.0026560440581162104,is7x23_daily_historical-data-08-12-2026.csv,True,IS7X23,2023-11-10,376.0,0.0026560440581162104,376.0,,,0.0026560440581162104,-0.004894029191155916,99.51179270570114,0.010666767804195135,0.005319161477599811,0.04086662926458468,0.009050630943658801,0.95,0.0
IS7X23,2023-11-14,385.0,385.0,385.0,385.0,8.0,+2.12%,0.0,84.0,2023-11-14,False,385.0,8.0,2023-11-13,377.0,1.0,0.020998146839773402,is7x23_daily_historical-data-08-12-2026.csv,True,IS7X23,2023-11-13,377.0,0.020998146839773402,377.0,,,0.020998146839773402,0.016104117648617487,101.62344878433669,0.031664914643968534,0.026317308317373212,0.06457848197595435,0.004988622203693541,0.95,0.0
IS7X23,2023-11-15,380.0,380.0,380.0,380.0,-5.0,-1.30%,1.0,83.0,2023-11-15,False,380.0,-5.0,2023-11-14,385.0,1.0,-0.013072081567352775,is7x23_daily_historical-data-08-12-2026.csv,True,IS7X23,2023-11-14,385.0,-0.013072081567352775,385.0,,,-0.013072081567352775,0.003032036081264712,100.30366373518946,0.005277057100843606,0.013245226750020437,0.05422749052296219,0.008154539365018,0.95,0.0
IS7X23,2023-11-16,380.0,380.0,380.0,380.0,0.0,0.00%,12.0,89.0,2023-11-16,False,380.0,0.0,2023-11-15,380.0,1.0,0.0,is7x23_daily_historical-data-08-12-2026.csv,True,IS7X23,2023-11-15,380.0,0.0,380.0,,,0.0,0.003032036081264712,100.30366373518946,0.010582109330536835,0.013245226750020437,0.05695600517616625,0.009551407082760111,0.95,0.0
IS7X23,2023-11-17,380.0,380.0,380.0,380.0,0.0,0.00%,0.0,89.0,2023-11-17,False,380.0,0.0,2023-11-16,380.0,1.0,0.0,is7x23_daily_historical-data-08-12-2026.csv,True,IS7X23,2023-11-16,380.0,0.0,380.0,,,0.0,0.003032036081264712,100.30366373518946,0.010582109330536835,0.015915455305899356,0.06794512675176145,0.009551407082760111,0.95,0.0
IS7X23,2023-11-20,378.0,378.0,378.0,378.0,-2.0,-0.53%,6.0,89.0,2023-11-20,False,378.0,-2.0,2023-11-17,380.0,3.0,-0.005277057100843781,is7x23_daily_historical-data-08-12-2026.csv,True,IS7X23,2023-11-17,380.0,-0.005277057100843781,380.0,,,-0.005277057100843781,-0.002245021019579069,99.77574971553057,0.0026490081715768426,0.01331577597577198,0.059909447211838024,0.009464246792894395,0.95,0.0
IS7X23,2023-11-21,378.0,378.0,378.0,378.0,0.0,0.00%,6.0,89.0,2023-11-21,False,378.0,0.0,2023-11-20,378.0,1.0,0.0,is7x23_daily_historical-data-08-12-2026.csv,True,IS7X23,2023-11-20,378.0,0.0,378.0,,,0.0,-0.002245021019579069,99.77574971553057,-0.01834913866819656,0.013315775975771979,0.05990944721183802,0.009628810177479871,0.95,0.0
IS7X23,2023-11-22,379.0,379.0,379.0,379.0,1.0,+0.26%,0.0,89.0,2023-11-22,False,379.0,1.0,2023-11-21,378.0,1.0,0.002642009462838576,is7x23_daily_historical-data-08-12-2026.csv,True,IS7X23,2023-11-21,378.0,0.002642009462838576,378.0,,,0.002642009462838576,0.0003969884432595068,100.03970672536002,-0.002635047638005207,0.002642009462838399,0.0598004233027868,0.009628810177479871,0.95,0.0
IS7X23,2023-11-24,379.0,379.0,379.0,379.0,0.0,0.00%,0.0,89.0,2023-11-24,False,379.0,0.0,2023-11-22,379.0,2.0,0.0,is7x23_daily_historical-data-08-12-2026.csv,True,IS7X23,2023-11-22,379.0,0.0,379.0,,,0.0,0.0003969884432595068,100.03970672536002,-0.002635047638005207,0.007947061692531628,0.0598004233027868,0.008699483769191002,0.95,0.0
IS7Z23,2023-11-27,401.0,401.0,401.0,401.0,22.0,+5.80%,0.0,89.0,2023-11-27,True,401.0,0.0,2023-11-24,401.0,3.0,0.0,is7z23_daily_historical-data-08-12-2026.csv,True,IS7X23,2023-11-24,379.0,0.05642522222414277,401.0,0.05642522222414277,0.0,0.0,0.0003969884432595068,100.03970672536002,-0.002635047638005207,0.007947061692531628,0.03490287168105972,0.008481142637507103,0.95,0.0
IS7Z23,2023-11-28,401.0,401.0,401.0,401.0,0.0,0.00%,0.0,89.0,2023-11-28,False,401.0,0.0,2023-11-27,401.0,1.0,0.0,is7z23_daily_historical-data-08-12-2026.csv,True,IS7Z23,2023-11-27,401.0,0.0,401.0,,,0.0,0.0003969884432595068,100.03970672536002,0.002642009462838574,0.005291017634415417,0.010610179112015231,0.008481142637507103,0.95,0.0
IS7Z23,2023-11-29,401.0,401.0,401.0,401.0,0.0,0.00%,0.0,89.0,2023-11-29,False,401.0,0.0,2023-11-28,401.0,1.0,0.0,is7z23_daily_historical-data-08-12-2026.csv,True,IS7Z23,2023-11-28,401.0,0.0,401.0,,,0.0,0.0003969884432595068,100.03970672536002,0.002642009462838574,-0.015707129205357984,0.010610179112015231,0.008457932148743469,1.0,0.0
IS7Z23,2023-11-30,403.0,405.0,403.0,403.0,2.0,+0.50%,0.0,83.0,2023-11-30,False,403.0,2.0,2023-11-29,401.0,1.0,0.004975134640113708,is7z23_daily_historical-data-08-12-2026.csv,True,IS7Z23,2023-11-29,401.0,0.004975134640113708,401.0,,,0.004975134640113708,0.005372123083373214,100.53865788109746,0.004975134640113706,0.0023400870021084985,0.015585313752128939,0.004484980755110917,1.0,0.0
IS7Z23,2023-12-01,405.0,410.0,405.0,405.0,2.0,+0.50%,0.0,83.0,2023-12-01,False,405.0,2.0,2023-11-30,403.0,1.0,0.004950505159856205,is7z23_daily_historical-data-08-12-2026.csv,True,IS7Z23,2023-11-30,403.0,0.004950505159856205,403.0,,,0.004950505159856205,0.01032262824322942,101.03760903683492,0.00992563979996991,0.007290592161964703,0.020535818911985144,0.0025610742020750676,0.95,0.0
IS7Z23,2023-12-04,419.0,419.0,419.0,419.0,14.0,+3.46%,0.0,83.0,2023-12-04,False,419.0,14.0,2023-12-01,405.0,3.0,0.03398385281559857,is7z23_daily_historical-data-08-12-2026.csv,True,IS7Z23,2023-12-01,405.0,0.03398385281559857,405.0,,,0.03398385281559857,0.04430648105882799,104.53026712699712,0.04390949261556848,0.041274444977563274,0.05718990028346263,0.002958448134206448,0.9,0.0
IS7Z23,2023-12-05,419.0,419.0,419.0,419.0,0.0,0.00%,0.0,83.0,2023-12-05,False,419.0,0.0,2023-12-04,419.0,1.0,0.0,is7z23_daily_historical-data-08-12-2026.csv,True,IS7Z23,2023-12-04,419.0,0.0,419.0,,,0.0,0.04430648105882799,104.53026712699712,0.04390949261556848,0.04655150207840705,0.05986727805417903,0.010896642107874813,0.9,0.0
IS7Z23,2023-12-06,425.0,425.0,425.0,425.0,6.0,+1.43%,0.0,83.0,2023-12-06,False,425.0,6.0,2023-12-05,419.0,1.0,0.014218249002279172,is7z23_daily_historical-data-08-12-2026.csv,True,IS7Z23,2023-12-05,419.0,0.014218249002279172,419.0,,,0.014218249002279172,0.058524730061107165,106.02712059420949,0.05812774161784765,0.060769751080686225,0.07408552705645821,0.010511568746668407,0.9,0.0
IS7Z23,2023-12-07,423.0,423.0,423.0,423.0,-2.0,-0.47%,0.0,83.0,2023-12-07,False,423.0,-2.0,2023-12-06,425.0,1.0,-0.00471698987813891,is7z23_daily_historical-data-08-12-2026.csv,True,IS7Z23,2023-12-06,425.0,-0.00471698987813891,425.0,,,-0.00471698987813891,0.05380774018296826,105.52816943847203,0.04843561709959503,0.053410751739708745,0.05605276120254714,0.010770351651480683,0.9,0.0
IS7Z23,2023-12-08,426.0,426.0,426.0,426.0,3.0,+0.71%,0.0,83.0,2023-12-08,False,426.0,3.0,2023-12-07,423.0,1.0,0.007067167223092353,is7z23_daily_historical-data-08-12-2026.csv,True,IS7Z23,2023-12-07,423.0,0.007067167223092353,423.0,,,0.007067167223092353,0.06087490740606061,106.27659617207821,0.050552279162831185,0.060477918962801094,0.06842498065533273,0.011270903918588523,0.9,0.0
IS7Z23,2023-12-11,424.0,424.0,424.0,424.0,-2.0,-0.47%,0.0,83.0,2023-12-11,False,424.0,-2.0,2023-12-08,426.0,3.0,-0.004705891037412617,is7z23_daily_historical-data-08-12-2026.csv,True,IS7Z23,2023-12-08,426.0,-0.004705891037412617,426.0,,,-0.004705891037412617,0.05616901636864799,105.77764501634076,0.011862535309819998,0.055772027925388476,0.06371908961792011,0.011119339012981963,0.9,0.0
IS7Z23,2023-12-12,422.0,423.0,422.0,423.0,-1.0,-0.24%,0.0,83.0,2023-12-12,False,423.0,-1.0,2023-12-11,424.0,1.0,-0.00236127618567982,is7z23_daily_historical-data-08-12-2026.csv,True,IS7Z23,2023-12-11,424.0,-0.00236127618567982,424.0,,,-0.00236127618567982,0.05380774018296817,105.52816943847203,0.009501259124140179,0.053410751739708655,0.05870176937412407,0.01149690136777291,0.9,0.0
IS7Z23,2023-12-13,422.0,422.0,422.0,422.0,-1.0,-0.24%,6.0,83.0,2023-12-13,False,422.0,-1.0,2023-12-12,423.0,1.0,-0.002366865010266168,is7z23_daily_historical-data-08-12-2026.csv,True,IS7Z23,2023-12-12,423.0,-0.002366865010266168,423.0,,,-0.002366865010266168,0.051440875172702,105.27869386060328,-0.007083854888405162,0.05104388672944249,0.0353367575240845,0.011647438271133072,0.85,0.0
IS7Z23,2023-12-14,421.0,421.0,421.0,421.0,-1.0,-0.24%,3.0,80.0,2023-12-14,False,421.0,-1.0,2023-12-13,422.0,1.0,-0.0023724803536303565,is7z23_daily_historical-data-08-12-2026.csv,True,IS7Z23,2023-12-13,422.0,-0.0023724803536303565,422.0,,,-0.0023724803536303565,0.049068394819071645,105.02921828273458,-0.004739345363896608,0.04369627173569843,0.046036358737806926,0.01179119453655888,0.85,0.0
IS7Z23,2023-12-15,423.0,423.0,421.0,421.0,0.0,0.00%,0.0,80.0,2023-12-15,False,421.0,0.0,2023-12-14,421.0,1.0,0.0,is7z23_daily_historical-data-08-12-2026.csv,True,IS7Z23,2023-12-14,421.0,0.0,421.0,,,0.0,0.049068394819071645,105.02921828273458,-0.01180651258698896,0.03874576657584222,0.046036358737806926,0.012026722729990828,0.85,0.0
IS7Z23,2023-12-18,421.0,421.0,421.0,421.0,0.0,0.00%,0.0,80.0,2023-12-18,False,421.0,0.0,2023-12-15,421.0,3.0,0.0,is7z23_daily_historical-data-08-12-2026.csv,True,IS7Z23,2023-12-15,421.0,0.0,421.0,,,0.0,0.049068394819071645,105.02921828273458,-0.007100621549576344,0.004761913760243654,0.046036358737806926,0.012101808904659088,0.8,0.0
IS7Z23,2023-12-19,421.0,421.0,421.0,421.0,0.0,0.00%,0.0,80.0,2023-12-19,False,421.0,0.0,2023-12-18,421.0,1.0,0.0,is7z23_daily_historical-data-08-12-2026.csv,True,IS7Z23,2023-12-18,421.0,0.0,421.0,,,0.0,0.049068394819071645,105.02921828273458,-0.004739345363896525,0.004761913760243654,0.051313415838650706,0.005878752864536573,0.8,0.0
IS7Z23,2023-12-20,422.0,422.0,422.0,422.0,1.0,+0.24%,0.0,80.0,2023-12-20,False,422.0,1.0,2023-12-19,421.0,1.0,0.0023724803536303955,is7z23_daily_historical-data-08-12-2026.csv,True,IS7Z23,2023-12-19,421.0,0.0023724803536303955,421.0,,,0.0023724803536303955,0.051440875172702044,105.27869386060328,3.903127820947816e-17,-0.007083854888405123,0.053685896192281105,0.005878752864536573,0.8,0.0
IS7Z23,2023-12-21,422.0,422.0,422.0,422.0,0.0,0.00%,0.0,80.0,2023-12-21,False,422.0,0.0,2023-12-20,422.0,1.0,0.0,is7z23_daily_historical-data-08-12-2026.csv,True,IS7Z23,2023-12-20,422.0,0.0,422.0,,,0.0,0.051440875172702044,105.27869386060328,0.0023724803536303955,-0.0023668650102662125,0.051043886729442524,0.00352384193390339,0.8,0.0
IS7Z23,2023-12-22,422.0,422.0,422.0,422.0,0.0,0.00%,0.0,80.0,2023-12-22,False,422.0,0.0,2023-12-21,422.0,1.0,0.0,is7z23_daily_historical-data-08-12-2026.csv,True,IS7Z23,2023-12-21,422.0,0.0,422.0,,,0.0,0.051440875172702044,105.27869386060328,0.0023724803536303955,-0.009434032233358565,0.051043886729442524,0.0032311858723673096,0.8,0.0
IS7F24,2023-12-26,419.0,419.0,419.0,419.0,-3.0,-0.71%,0.0,80.0,2023-12-26,True,419.0,0.0,2023-12-22,419.0,4.0,0.0,is7f24_daily_historical-data-08-12-2026.csv,True,IS7Z23,2023-12-22,422.0,-0.007134394113874092,419.0,-0.007134394113874092,0.0,0.0,0.051440875172702044,105.27869386060328,0.0023724803536303955,-0.004728141195945949,0.051043886729442524,0.0019911000671488485,0.8,0.0
IS7F24,2023-12-27,419.0,419.0,419.0,419.0,0.0,0.00%,0.0,80.0,2023-12-27,False,419.0,0.0,2023-12-26,419.0,1.0,0.0,is7f24_daily_historical-data-08-12-2026.csv,True,IS7F24,2023-12-26,419.0,0.0,419.0,,,0.0,0.051440875172702044,105.27869386060328,0.0023724803536303955,-0.0023668650102661288,0.051043886729442524,0.0014981273251676451,0.8,0.0
IS7F24,2023-12-28,414.0,414.0,414.0,414.0,-5.0,-1.19%,0.0,69.0,2023-12-28,False,414.0,-5.0,2023-12-27,419.0,1.0,-0.012004946096823375,is7f24_daily_historical-data-08-12-2026.csv,True,IS7F24,2023-12-27,419.0,-0.012004946096823375,419.0,,,-0.012004946096823375,0.03943592907587867,104.02238486465339,-0.012004946096823375,-0.012004946096823337,0.039038940632619146,0.0013457410612688434,0.8,0.0
IS7F24,2023-12-29,414.0,414.0,410.0,414.0,0.0,0.00%,0.0,69.0,2023-12-29,False,414.0,0.0,2023-12-28,414.0,1.0,0.0,is7f24_daily_historical-data-08-12-2026.csv,True,IS7F24,2023-12-28,414.0,0.0,414.0,,,0.0,0.03943592907587867,104.02238486465339,-0.012004946096823375,-0.00963246574319298,0.03406380599250544,0.003957611285240916,0.8,0.0
IS7F24,2024-01-02,414.0,414.0,414.0,414.0,0.0,0.00%,0.0,69.0,2024-01-02,False,414.0,0.0,2023-12-29,414.0,4.0,0.0,is7f24_daily_historical-data-08-12-2026.csv,True,IS7F24,2023-12-29,414.0,0.0,414.0,,,0.0,0.03943592907587867,104.02238486465339,-0.012004946096823375,-0.00963246574319298,0.029113300832649236,0.003950653310060375,0.8,0.0
IS7F24,2024-01-03,414.0,414.0,414.0,414.0,0.0,0.00%,0.0,69.0,2024-01-03,False,414.0,0.0,2024-01-02,414.0,1.0,0.0,is7f24_daily_historical-data-08-12-2026.csv,True,IS7F24,2024-01-02,414.0,0.0,414.0,,,0.0,0.03943592907587867,104.02238486465339,-0.012004946096823375,-0.00963246574319298,-0.004870551982949332,0.003950653310060375,0.85,0.0
IS7F24,2024-01-04,414.0,414.0,414.0,414.0,0.0,0.00%,0.0,69.0,2024-01-04,False,414.0,0.0,2024-01-03,414.0,1.0,0.0,is7f24_daily_historical-data-08-12-2026.csv,True,IS7F24,2024-01-03,414.0,0.0,414.0,,,0.0,0.03943592907587867,104.02238486465339,-0.012004946096823375,-0.00963246574319298,-0.004870551982949332,0.003950653310060375,0.85,0.0
IS7F24,2024-01-05,414.0,414.0,414.0,414.0,0.0,0.00%,0.0,69.0,2024-01-05,False,414.0,0.0,2024-01-04,414.0,1.0,0.0,is7f24_daily_historical-data-08-12-2026.csv,True,IS7F24,2024-01-04,414.0,0.0,414.0,,,0.0,0.03943592907587867,104.02238486465339,0.0,-0.012004946096823375,-0.019088800985228506,0.003950653310060375,0.85,0.0
IS7F24,2024-01-08,419.0,419.0,419.0,419.0,5.0,+1.21%,0.0,69.0,2024-01-08,False,419.0,5.0,2024-01-05,414.0,3.0,0.0120049460968234,is7f24_daily_historical-data-08-12-2026.csv,True,IS7F24,2024-01-05,414.0,0.0120049460968234,414.0,,,0.0120049460968234,0.05144087517270207,105.27869386060328,0.0120049460968234,2.6020852139652106e-17,-0.0023668650102661934,0.0037962972853510233,0.85,0.0
IS7F24,2024-01-09,419.0,419.0,419.0,419.0,0.0,0.00%,0.0,69.0,2024-01-09,False,419.0,0.0,2024-01-08,419.0,1.0,0.0,is7f24_daily_historical-data-08-12-2026.csv,True,IS7F24,2024-01-08,419.0,0.0,419.0,,,0.0,0.05144087517270207,105.27869386060328,0.0120049460968234,2.5153490401663703e-17,-0.009434032233358546,0.005659185861895202,0.85,0.0
IS7F24,2024-01-10,416.0,416.0,416.0,416.0,-3.0,-0.72%,0.0,69.0,2024-01-10,False,416.0,-3.0,2024-01-09,419.0,1.0,-0.007185659660874486,is7f24_daily_historical-data-08-12-2026.csv,True,IS7F24,2024-01-09,419.0,-0.007185659660874486,419.0,,,-0.007185659660874486,0.04425521551182759,104.52490846303336,0.004819286435948915,-0.007185659660874461,-0.011913800856820415,0.005659185861895202,0.85,0.0
IS7F24,2024-01-11,417.0,417.0,417.0,417.0,1.0,+0.24%,0.0,21.0,2024-01-11,False,417.0,1.0,2024-01-10,416.0,1.0,0.002400961537538268,is7f24_daily_historical-data-08-12-2026.csv,True,IS7F24,2024-01-10,416.0,0.002400961537538268,416.0,,,0.002400961537538268,0.04665617704936586,104.77617026222335,0.007220247973487182,-0.004784698123336192,-0.0071515631336023285,0.0060983403558399745,0.85,0.0
IS7F24,2024-01-12,419.0,419.0,419.0,419.0,2.0,+0.48%,0.0,69.0,2024-01-12,False,419.0,2.0,2024-01-11,417.0,1.0,0.004784698123336253,is7f24_daily_historical-data-08-12-2026.csv,True,IS7F24,2024-01-11,417.0,0.004784698123336253,417.0,,,0.004784698123336253,0.051440875172702114,105.27869386060331,0.012004946096823435,0.012004946096823435,9.280770596475918e-17,0.006176536687144541,0.9,0.0
IS7F24,2024-01-16,420.0,420.0,420.0,420.0,1.0,+0.24%,15.0,78.0,2024-01-16,False,420.0,1.0,2024-01-12,419.0,4.0,0.0023837913552761975,is7f24_daily_historical-data-08-12-2026.csv,True,IS7F24,2024-01-12,419.0,0.0023837913552761975,419.0,,,0.0023837913552761975,0.053824666527978314,105.52995565979329,0.002383791355276232,0.014388737452099632,0.004756271708906646,0.004830441835173936,0.9,0.0
IS7F24,2024-01-17,421.0,421.0,421.0,421.0,1.0,+0.24%,0.0,78.0,2024-01-17,False,421.0,1.0,2024-01-16,420.0,1.0,0.0023781224049674193,is7f24_daily_historical-data-08-12-2026.csv,True,IS7F24,2024-01-16,420.0,0.0023781224049674193,420.0,,,0.0023781224049674193,0.05620278893294573,105.78121745898326,0.0047619137602436514,0.01676685985706705,0.007134394113874066,0.004823429769419434,0.9,0.0
IS7F24,2024-01-18,420.0,420.0,420.0,420.0,-1.0,-0.24%,0.0,78.0,2024-01-18,False,420.0,-1.0,2024-01-17,421.0,1.0,-0.0023781224049674358,is7f24_daily_historical-data-08-12-2026.csv,True,IS7F24,2024-01-17,421.0,-0.0023781224049674358,421.0,,,-0.0023781224049674358,0.05382466652797829,105.52995565979329,0.0095694510161507,0.014388737452099617,0.004756271708906631,0.004803188251771425,0.95,0.0
IS7F24,2024-01-19,421.0,421.0,421.0,421.0,1.0,+0.24%,0.0,78.0,2024-01-19,False,421.0,1.0,2024-01-18,420.0,1.0,0.0023781224049674193,is7f24_daily_historical-data-08-12-2026.csv,True,IS7F24,2024-01-18,420.0,0.0023781224049674193,420.0,,,0.0023781224049674193,0.05620278893294571,105.78121745898326,0.009546611883579852,0.016766859857067037,0.00713439411387405,0.004951994042927564,0.95,0.0
IS7F24,2024-01-22,422.0,422.0,421.0,421.0,0.0,0.00%,0.0,78.0,2024-01-22,False,421.0,0.0,2024-01-19,421.0,3.0,0.0,is7f24_daily_historical-data-08-12-2026.csv,True,IS7F24,2024-01-19,421.0,0.0,421.0,,,0.0,0.05620278893294571,105.78121745898326,0.004761913760243599,0.016766859857067037,0.004761913760243654,0.00493228016667986,0.95,0.0
IS7F24,2024-01-23,422.0,422.0,421.0,421.0,0.0,0.00%,0.0,78.0,2024-01-23,False,421.0,0.0,2024-01-22,421.0,1.0,0.0,is7f24_daily_historical-data-08-12-2026.csv,True,IS7F24,2024-01-22,421.0,0.0,421.0,,,0.0,0.05620278893294571,105.78121745898326,0.002378122404967402,0.004761913760243635,0.004761913760243654,0.00493228016667986,0.9,0.0
IS7F24,2024-01-24,422.0,422.0,422.0,422.0,1.0,+0.24%,0.0,78.0,2024-01-24,False,422.0,1.0,2024-01-23,421.0,1.0,0.0023724803536303955,is7f24_daily_historical-data-08-12-2026.csv,True,IS7F24,2024-01-23,421.0,0.0023724803536303955,421.0,,,0.0023724803536303955,0.05857526928657611,106.03247925817325,0.002372480353630378,0.0071343941138740305,0.00713439411387405,0.0033445301061190264,0.85,0.0
IS7F24,2024-01-25,422.0,422.0,422.0,422.0,0.0,0.00%,0.0,3.0,2024-01-25,False,422.0,0.0,2024-01-24,422.0,1.0,0.0,is7f24_daily_historical-data-08-12-2026.csv,True,IS7F24,2024-01-24,422.0,0.0,422.0,,,0.0,0.05857526928657611,106.03247925817325,0.004750602758597814,0.014320053774748516,0.00713439411387405,0.003390824580701129,0.85,0.0
IS7G24,2024-01-26,413.0,413.0,413.0,413.0,-9.0,-2.13%,0.0,78.0,2024-01-26,True,413.0,4.0,2024-01-25,409.0,1.0,0.009732436918231054,is7g24_daily_historical-data-08-12-2026.csv,True,IS7F24,2024-01-25,422.0,-0.021557721074979105,409.0,-0.0312901579932101,-5.551115123125783e-17,0.009732436918231054,0.06830770620480717,107.06947172035588,0.01210491727186145,0.0216515291554413,0.016866831032105102,0.002011883617075279,0.85,0.0
IS7G24,2024-01-29,420.0,421.0,420.0,420.0,7.0,+1.69%,0.0,78.0,2024-01-29,False,420.0,7.0,2024-01-26,413.0,3.0,0.01680711831638119,is7g24_daily_historical-data-08-12-2026.csv,True,IS7G24,2024-01-26,413.0,0.01680711831638119,413.0,,,0.01680711831638119,0.08511482452118836,108.88420852917547,0.02891203558824264,0.03367394934848624,0.045678895445309675,0.003316831081264637,0.85,0.0
IS7G24,2024-01-30,420.0,420.0,420.0,420.0,0.0,0.00%,0.0,78.0,2024-01-30,False,420.0,0.0,2024-01-29,420.0,1.0,0.0,is7g24_daily_historical-data-08-12-2026.csv,True,IS7G24,2024-01-29,420.0,0.0,420.0,,,0.0,0.08511482452118836,108.88420852917547,0.02891203558824264,0.03129015799321005,0.045678895445309675,0.005696817735159182,0.8,0.0
IS7G24,2024-01-31,420.0,420.0,420.0,420.0,0.0,0.00%,0.0,78.0,2024-01-31,False,420.0,0.0,2024-01-30,420.0,1.0,0.0,is7g24_daily_historical-data-08-12-2026.csv,True,IS7G24,2024-01-30,420.0,0.0,420.0,,,0.0,0.08511482452118836,108.88420852917547,0.026539555234612246,0.028912035588242627,0.045678895445309675,0.005791633978723728,0.85,0.0
IS7G24,2024-02-01,420.0,420.0,420.0,420.0,0.0,0.00%,0.0,57.0,2024-02-01,False,420.0,0.0,2024-01-31,420.0,1.0,0.0,is7g24_daily_historical-data-08-12-2026.csv,True,IS7G24,2024-01-31,420.0,0.0,420.0,,,0.0,0.08511482452118836,108.88420852917547,0.026539555234612246,0.03129015799321006,0.045678895445309675,0.005874129435801823,0.85,0.0
IS7G24,2024-02-02,420.0,420.0,420.0,420.0,0.0,0.00%,0.0,57.0,2024-02-02,False,420.0,0.0,2024-02-01,420.0,1.0,0.0,is7g24_daily_historical-data-08-12-2026.csv,True,IS7G24,2024-02-01,420.0,0.0,420.0,,,0.0,0.08511482452118836,108.88420852917547,0.01680711831638119,0.028912035588242645,0.045678895445309675,0.0056820994256382715,0.85,0.0
IS7G24,2024-02-05,420.0,420.0,420.0,420.0,0.0,0.00%,0.0,57.0,2024-02-05,False,420.0,0.0,2024-02-02,420.0,3.0,0.0,is7g24_daily_historical-data-08-12-2026.csv,True,IS7G24,2024-02-02,420.0,0.0,420.0,,,0.0,0.08511482452118836,108.88420852917547,0.0,0.028912035588242645,0.045678895445309675,0.005766162187095069,0.85,0.0
IS7G24,2024-02-06,420.0,420.0,420.0,420.0,0.0,0.00%,0.0,57.0,2024-02-06,False,420.0,0.0,2024-02-05,420.0,1.0,0.0,is7g24_daily_historical-data-08-12-2026.csv,True,IS7G24,2024-02-05,420.0,0.0,420.0,,,0.0,0.08511482452118836,108.88420852917547,0.0,0.028912035588242645,0.033673949348486276,0.005766162187095069,0.85,0.0
IS7G24,2024-02-07,420.0,420.0,420.0,420.0,0.0,0.00%,0.0,57.0,2024-02-07,False,420.0,0.0,2024-02-06,420.0,1.0,0.0,is7g24_daily_historical-data-08-12-2026.csv,True,IS7G24,2024-02-06,420.0,0.0,420.0,,,0.0,0.08511482452118836,108.88420852917547,0.0,0.026539555234612246,0.033673949348486276,0.005766162187095069,0.85,0.0
IS7G24,2024-02-08,420.0,420.0,420.0,420.0,0.0,0.00%,0.0,57.0,2024-02-08,False,420.0,0.0,2024-02-07,420.0,1.0,0.0,is7g24_daily_historical-data-08-12-2026.csv,True,IS7G24,2024-02-07,420.0,0.0,420.0,,,0.0,0.08511482452118836,108.88420852917547,0.0,0.026539555234612246,0.04085960900936075,0.005838233706097153,0.85,0.0
IS7G24,2024-02-09,420.0,420.0,420.0,420.0,0.0,0.00%,0.0,57.0,2024-02-09,False,420.0,0.0,2024-02-08,420.0,1.0,0.0,is7g24_daily_historical-data-08-12-2026.csv,True,IS7G24,2024-02-08,420.0,0.0,420.0,,,0.0,0.08511482452118836,108.88420852917547,0.0,0.016807118316381195,0.03845864747182248,0.005838233706097153,0.85,0.0
IS7G24,2024-02-12,420.0,420.0,420.0,420.0,0.0,0.00%,0.0,57.0,2024-02-12,False,420.0,0.0,2024-02-09,420.0,3.0,0.0,is7g24_daily_historical-data-08-12-2026.csv,True,IS7G24,2024-02-09,420.0,0.0,420.0,,,0.0,0.08511482452118836,108.88420852917547,0.0,0.0,0.033673949348486235,0.005314877478369909,0.85,0.0
IS7G24,2024-02-13,420.0,420.0,420.0,420.0,0.0,0.00%,0.0,57.0,2024-02-13,False,420.0,0.0,2024-02-12,420.0,1.0,0.0,is7g24_daily_historical-data-08-12-2026.csv,True,IS7G24,2024-02-12,420.0,0.0,420.0,,,0.0,0.08511482452118836,108.88420852917547,0.0,0.0,0.03129015799321004,0.0,0.85,0.0
IS7G24,2024-02-14,420.0,420.0,420.0,420.0,0.0,0.00%,0.0,57.0,2024-02-14,False,420.0,0.0,2024-02-13,420.0,1.0,0.0,is7g24_daily_historical-data-08-12-2026.csv,True,IS7G24,2024-02-13,420.0,0.0,420.0,,,0.0,0.08511482452118836,108.88420852917547,0.0,0.0,0.02891203558824262,0.0,0.85,0.0
IS7G24,2024-02-15,420.0,420.0,420.0,420.0,0.0,0.00%,0.0,57.0,2024-02-15,False,420.0,0.0,2024-02-14,420.0,1.0,0.0,is7g24_daily_historical-data-08-12-2026.csv,True,IS7G24,2024-02-14,420.0,0.0,420.0,,,0.0,0.08511482452118836,108.88420852917547,0.0,0.0,0.031290157993210055,0.0,0.85,0.0
IS7G24,2024-02-16,420.0,420.0,420.0,420.0,0.0,0.00%,0.0,57.0,2024-02-16,False,420.0,0.0,2024-02-15,420.0,1.0,0.0,is7g24_daily_historical-data-08-12-2026.csv,True,IS7G24,2024-02-15,420.0,0.0,420.0,,,0.0,0.08511482452118836,108.88420852917547,0.0,0.0,0.028912035588242638,0.0,0.85,0.0
IS7G24,2024-02-20,419.0,419.0,419.0,419.0,-1.0,-0.24%,0.0,57.0,2024-02-20,False,419.0,-1.0,2024-02-16,420.0,4.0,-0.0023837913552762504,is7g24_daily_historical-data-08-12-2026.csv,True,IS7G24,2024-02-16,420.0,-0.0023837913552762504,420.0,,,-0.0023837913552762504,0.08273103316591211,108.62496041362981,-0.0023837913552762504,-0.0023837913552762504,0.02652824423296639,0.0,0.85,0.0
IS7G24,2024-02-21,419.0,419.0,419.0,419.0,0.0,0.00%,0.0,57.0,2024-02-21,False,419.0,0.0,2024-02-20,419.0,1.0,0.0,is7g24_daily_historical-data-08-12-2026.csv,True,IS7G24,2024-02-20,419.0,0.0,419.0,,,0.0,0.08273103316591211,108.62496041362981,-0.0023837913552762504,-0.0023837913552762504,0.02652824423296639,0.0007538210149292591,0.9,0.0
IS7G24,2024-02-22,418.0,418.0,418.0,418.0,-1.0,-0.24%,0.0,57.0,2024-02-22,False,418.0,-1.0,2024-02-21,419.0,1.0,-0.002389487397381467,is7g24_daily_historical-data-08-12-2026.csv,True,IS7G24,2024-02-21,419.0,-0.002389487397381467,419.0,,,-0.002389487397381467,0.08034154576853064,108.36571229808413,-0.004773278752657718,-0.004773278752657718,0.021766276481954522,0.0007538210149292591,0.95,0.0
IS7H24,2024-02-23,395.0,395.0,395.0,395.0,-23.0,-5.50%,6.0,57.0,2024-02-23,True,395.0,0.0,2024-02-22,395.0,1.0,0.0,is7h24_daily_historical-data-08-12-2026.csv,True,IS7G24,2024-02-22,418.0,-0.05659566762363445,395.0,-0.05659566762363445,0.0,0.0,0.08034154576853064,108.36571229808413,-0.004773278752657718,-0.004773278752657718,0.021766276481954526,0.0010062964132941082,0.95,0.0
IS7H24,2024-02-26,395.0,395.0,395.0,395.0,0.0,0.00%,0.0,57.0,2024-02-26,False,395.0,0.0,2024-02-23,395.0,3.0,0.0,is7h24_daily_historical-data-08-12-2026.csv,True,IS7H24,2024-02-23,395.0,0.0,395.0,,,0.0,0.08034154576853064,108.36571229808413,-0.004773278752657718,-0.004773278752657718,0.012033839563723468,0.0010062964132941082,0.95,0.0
IS7H24,2024-02-27,395.0,395.0,395.0,395.0,0.0,0.00%,0.0,57.0,2024-02-27,False,395.0,0.0,2024-02-26,395.0,1.0,0.0,is7h24_daily_historical-data-08-12-2026.csv,True,IS7H24,2024-02-26,395.0,0.0,395.0,,,0.0,0.08034154576853064,108.36571229808413,-0.002389487397381467,-0.004773278752657718,-0.004773278752657723,0.0010062964132941082,0.95,0.0
IS7H24,2024-02-28,395.0,395.0,395.0,395.0,0.0,0.00%,0.0,57.0,2024-02-28,False,395.0,0.0,2024-02-27,395.0,1.0,0.0,is7h24_daily_historical-data-08-12-2026.csv,True,IS7H24,2024-02-27,395.0,0.0,395.0,,,0.0,0.08034154576853064,108.36571229808413,-0.002389487397381467,-0.004773278752657718,-0.004773278752657723,0.0010062964132941082,1.0,0.0
IS7H24,2024-02-29,395.0,395.0,395.0,395.0,0.0,0.00%,0.0,57.0,2024-02-29,False,395.0,0.0,2024-02-28,395.0,1.0,0.0,is7h24_daily_historical-data-08-12-2026.csv,True,IS7H24,2024-02-28,395.0,0.0,395.0,,,0.0,0.08034154576853064,108.36571229808413,0.0,-0.004773278752657718,-0.004773278752657723,0.0010062964132941082,1.0,0.0
IS7H24,2024-03-01,390.0,390.0,388.0,390.0,-5.0,-1.27%,0.0,33.0,2024-03-01,False,390.0,-5.0,2024-02-29,395.0,1.0,-0.012739025777429714,is7h24_daily_historical-data-08-12-2026.csv,True,IS7H24,2024-02-29,395.0,-0.012739025777429714,395.0,,,-0.012739025777429714,0.06760251999110092,106.99399442089322,-0.012739025777429714,-0.01751230453008743,-0.01751230453008744,0.0010062964132941082,1.0,0.0
IS7H24,2024-03-04,382.0,382.0,382.0,382.0,-8.0,-2.05%,0.0,33.0,2024-03-04,False,382.0,-8.0,2024-03-01,390.0,3.0,-0.02072613051711697,is7h24_daily_historical-data-08-12-2026.csv,True,IS7H24,2024-03-01,390.0,-0.02072613051711697,390.0,,,-0.02072613051711697,0.046876389473983954,104.79924581738771,-0.03346515629454668,-0.0382384350472044,-0.03823843504720441,0.0039861817989747935,0.95,0.0
IS7H24,2024-03-05,376.0,376.0,374.0,376.0,-6.0,-1.57%,0.0,33.0,2024-03-05,False,376.0,-6.0,2024-03-04,382.0,1.0,-0.015831465216680628,is7h24_daily_historical-data-08-12-2026.csv,True,IS7H24,2024-03-04,382.0,-0.015831465216680628,382.0,,,-0.015831465216680628,0.031044924257303326,103.15318436475857,-0.04929662151122731,-0.05168610890860878,-0.054069900263885036,0.007126083416516738,0.95,0.0
IS7H24,2024-03-06,378.0,378.0,378.0,378.0,2.0,+0.53%,0.0,33.0,2024-03-06,False,378.0,2.0,2024-03-05,376.0,1.0,0.005305052229693098,is7h24_daily_historical-data-08-12-2026.csv,True,IS7H24,2024-03-05,376.0,0.005305052229693098,376.0,,,0.005305052229693098,0.03634997648699642,103.70187151563495,-0.043991569281534214,-0.046381056678915684,-0.04876484803419194,0.008035026235790279,0.9,0.0
IS7H24,2024-03-07,379.0,379.0,379.0,379.0,1.0,+0.26%,0.0,33.0,2024-03-07,False,379.0,1.0,2024-03-06,378.0,1.0,0.002642009462838576,is7h24_daily_historical-data-08-12-2026.csv,True,IS7H24,2024-03-06,378.0,0.002642009462838576,378.0,,,0.002642009462838576,0.038991985949834995,103.97621509107313,-0.04134955981869563,-0.04134955981869563,-0.04612283857135336,0.00857142242956398,0.9,0.0
IS7H24,2024-03-08,380.0,380.0,380.0,380.0,1.0,+0.26%,0.0,33.0,2024-03-08,False,380.0,1.0,2024-03-07,379.0,1.0,0.002635047638005032,is7h24_daily_historical-data-08-12-2026.csv,True,IS7H24,2024-03-07,379.0,0.002635047638005032,379.0,,,0.002635047638005032,0.04162703358784003,104.25055866651132,-0.025975486403260892,-0.0387145121806906,-0.04348779093334833,0.00886087366095758,0.9,0.0
IS7H24,2024-03-11,380.0,380.0,380.0,380.0,0.0,0.00%,0.0,33.0,2024-03-11,False,380.0,0.0,2024-03-08,380.0,3.0,0.0,is7h24_daily_historical-data-08-12-2026.csv,True,IS7H24,2024-03-08,380.0,0.0,380.0,,,0.0,0.04162703358784003,104.25055866651132,-0.005249355886143922,-0.0387145121806906,-0.04348779093334833,0.009034972045426389,0.9,0.0
IS7H24,2024-03-12,380.0,380.0,380.0,380.0,0.0,0.00%,0.0,33.0,2024-03-12,False,380.0,0.0,2024-03-11,380.0,1.0,0.0,is7h24_daily_historical-data-08-12-2026.csv,True,IS7H24,2024-03-11,380.0,0.0,380.0,,,0.0,0.04162703358784003,104.25055866651132,0.010582109330536705,-0.0387145121806906,-0.04348779093334833,0.009034972045426389,0.9,0.0
IS7H24,2024-03-13,380.0,380.0,380.0,380.0,0.0,0.00%,6.0,33.0,2024-03-13,False,380.0,0.0,2024-03-12,380.0,1.0,0.0,is7h24_daily_historical-data-08-12-2026.csv,True,IS7H24,2024-03-12,380.0,0.0,380.0,,,0.0,0.04162703358784003,104.25055866651132,0.005277057100843607,-0.0387145121806906,-0.04348779093334833,0.009034972045426389,0.9,0.0
IS7H24,2024-03-14,380.0,380.0,380.0,380.0,0.0,0.00%,0.0,33.0,2024-03-14,False,380.0,0.0,2024-03-13,380.0,1.0,0.0,is7h24_daily_historical-data-08-12-2026.csv,True,IS7H24,2024-03-13,380.0,0.0,380.0,,,0.0,0.04162703358784003,104.25055866651132,0.002635047638005031,-0.0387145121806906,-0.04348779093334833,0.009034972045426389,0.9,0.0
IS7H24,2024-03-15,380.0,380.0,380.0,380.0,0.0,0.00%,0.0,33.0,2024-03-15,False,380.0,0.0,2024-03-14,380.0,1.0,0.0,is7h24_daily_historical-data-08-12-2026.csv,True,IS7H24,2024-03-14,380.0,0.0,380.0,,,0.0,0.04162703358784003,104.25055866651132,0.0,-0.025975486403260892,-0.04348779093334833,0.009034972045426389,0.9,0.0
IS7H24,2024-03-18,380.0,380.0,380.0,380.0,0.0,0.00%,0.0,33.0,2024-03-18,False,380.0,0.0,2024-03-15,380.0,3.0,0.0,is7h24_daily_historical-data-08-12-2026.csv,True,IS7H24,2024-03-15,380.0,0.0,380.0,,,0.0,0.04162703358784003,104.25055866651132,0.0,-0.005249355886143922,-0.04348779093334833,0.008529702723405188,0.9,0.0
IS7H24,2024-03-19,380.0,380.0,380.0,380.0,0.0,0.00%,0.0,33.0,2024-03-19,False,380.0,0.0,2024-03-18,380.0,1.0,0.0,is7h24_daily_historical-data-08-12-2026.csv,True,IS7H24,2024-03-18,380.0,0.0,380.0,,,0.0,0.04162703358784003,104.25055866651132,0.0,0.010582109330536705,-0.04110399957807208,0.005675943253974868,0.9,0.0
IS7H24,2024-03-20,380.0,380.0,380.0,380.0,0.0,0.00%,0.0,33.0,2024-03-20,False,380.0,0.0,2024-03-19,380.0,1.0,0.0,is7h24_daily_historical-data-08-12-2026.csv,True,IS7H24,2024-03-19,380.0,0.0,380.0,,,0.0,0.04162703358784003,104.25055866651132,0.0,0.005277057100843607,-0.04110399957807208,0.001852000882760554,0.9,0.0
IS7H24,2024-03-21,380.0,380.0,380.0,380.0,0.0,0.00%,0.0,33.0,2024-03-21,False,380.0,0.0,2024-03-20,380.0,1.0,0.0,is7h24_daily_historical-data-08-12-2026.csv,True,IS7H24,2024-03-20,380.0,0.0,380.0,,,0.0,0.04162703358784003,104.25055866651132,0.0,0.002635047638005031,-0.03871451218069061,0.0011125025289223666,0.9,0.0
IS7J24,2024-03-22,385.0,385.0,385.0,385.0,5.0,+1.32%,0.0,33.0,2024-03-22,True,385.0,0.0,2024-03-21,385.0,1.0,0.0,is7j24_daily_historical-data-08-12-2026.csv,True,IS7H24,2024-03-21,380.0,0.0130720815673527,385.0,0.0130720815673527,0.0,0.0,0.04162703358784003,104.25055866651132,0.0,0.0,-0.03871451218069061,0.0008332752279142683,0.9,0.0
IS7J24,2024-03-25,389.0,389.0,389.0,389.0,4.0,+1.04%,0.0,33.0,2024-03-25,False,389.0,4.0,2024-03-22,385.0,3.0,0.010336009330662073,is7j24_daily_historical-data-08-12-2026.csv,True,IS7J24,2024-03-22,385.0,0.010336009330662073,385.0,,,0.010336009330662073,0.0519630429185021,105.33368135395558,0.01033600933066207,0.01033600933066207,-0.028378502850028537,0.0,0.9,0.0
IS7J24,2024-03-26,389.0,398.0,389.0,389.0,0.0,0.00%,0.0,33.0,2024-03-26,False,389.0,0.0,2024-03-25,389.0,1.0,0.0,is7j24_daily_historical-data-08-12-2026.csv,True,IS7J24,2024-03-25,389.0,0.0,389.0,,,0.0,0.0519630429185021,105.33368135395558,0.010336009330662073,0.010336009330662073,-0.02837850285002854,0.0032685331401644596,0.9,0.0
IS7J24,2024-03-27,395.0,395.0,395.0,395.0,6.0,+1.54%,0.0,33.0,2024-03-27,False,395.0,6.0,2024-03-26,389.0,1.0,0.015306421282675507,is7j24_daily_historical-data-08-12-2026.csv,True,IS7J24,2024-03-26,389.0,0.015306421282675507,389.0,,,0.015306421282675507,0.0672694642011776,106.95836538512198,0.02564243061333758,0.02564243061333758,-0.013072081567353034,0.0032685331401644596,0.85,0.0
IS7J24,2024-03-28,395.0,395.0,395.0,395.0,0.0,0.00%,0.0,12.0,2024-03-28,False,395.0,0.0,2024-03-27,395.0,1.0,0.0,is7j24_daily_historical-data-08-12-2026.csv,True,IS7J24,2024-03-27,395.0,0.0,395.0,,,0.0,0.0672694642011776,106.95836538512198,0.02564243061333758,0.02564243061333758,-0.013072081567353032,0.005531387173719445,0.85,0.0
IS7J24,2024-04-01,393.0,393.0,393.0,393.0,-2.0,-0.51%,0.0,12.0,2024-04-01,False,393.0,-2.0,2024-03-28,395.0,4.0,-0.005076153031860661,is7j24_daily_historical-data-08-12-2026.csv,True,IS7J24,2024-03-28,395.0,-0.005076153031860661,395.0,,,-0.005076153031860661,0.062193311169316944,106.41680404139984,0.02056627758147692,0.02056627758147692,-0.005409208821783979,0.005531387173719445,0.85,0.0
IS7J24,2024-04-02,394.0,394.0,394.0,394.0,1.0,+0.25%,0.0,12.0,2024-04-02,False,394.0,1.0,2024-04-01,393.0,1.0,0.002541297428672548,is7j24_daily_historical-data-08-12-2026.csv,True,IS7J24,2024-04-01,393.0,0.002541297428672548,393.0,,,0.002541297428672548,0.06473460859798949,106.68758471326092,0.012771565679487394,0.023107575010149466,0.017858219124005537,0.00600545838396026,0.9,0.0
IS7J24,2024-04-03,389.0,389.0,386.0,389.0,-5.0,-1.27%,0.0,12.0,2024-04-03,False,389.0,-5.0,2024-04-02,394.0,1.0,-0.012771565679487505,is7j24_daily_historical-data-08-12-2026.csv,True,IS7J24,2024-04-02,394.0,-0.012771565679487505,394.0,,,-0.012771565679487505,0.051963042918501984,105.33368135395558,-1.1102230246251565e-16,0.010336009330661962,0.02091811866119866,0.0059623740732581846,0.9,0.0
IS7J24,2024-04-04,385.0,385.0,385.0,385.0,-4.0,-1.03%,0.0,12.0,2024-04-04,False,385.0,-4.0,2024-04-03,389.0,1.0,-0.01033600933066206,is7j24_daily_historical-data-08-12-2026.csv,True,IS7J24,2024-04-03,389.0,-0.01033600933066206,389.0,,,-0.01033600933066206,0.04162703358783992,104.2505586665113,-0.02564243061333768,-9.8879238130678e-17,0.005277057100843502,0.007643259373150167,0.9,0.0
IS7J24,2024-04-05,385.0,385.0,385.0,385.0,0.0,0.00%,0.0,12.0,2024-04-05,False,385.0,0.0,2024-04-04,385.0,1.0,0.0,is7j24_daily_historical-data-08-12-2026.csv,True,IS7J24,2024-04-04,385.0,0.0,385.0,,,0.0,0.04162703358783992,104.2505586665113,-0.02564243061333768,-9.8879238130678e-17,0.002635047638004927,0.008454394796521953,0.9,0.0
IS7J24,2024-04-08,385.0,385.0,385.0,385.0,0.0,0.00%,0.0,12.0,2024-04-08,False,385.0,0.0,2024-04-05,385.0,3.0,0.0,is7j24_daily_historical-data-08-12-2026.csv,True,IS7J24,2024-04-05,385.0,0.0,385.0,,,0.0,0.04162703358783992,104.2505586665113,-0.02056627758147702,-9.8879238130678e-17,-1.0495077029659683e-16,0.008454394796521953,0.9,0.0
IS7J24,2024-04-09,390.0,390.0,390.0,390.0,5.0,+1.30%,0.0,12.0,2024-04-09,False,390.0,5.0,2024-04-08,385.0,1.0,0.012903404835907782,is7j24_daily_historical-data-08-12-2026.csv,True,IS7J24,2024-04-08,385.0,0.012903404835907782,385.0,,,0.012903404835907782,0.054530438423747704,105.60446202581663,-0.010204170174241783,0.002567395505245611,0.012903404835907677,0.008454394796521953,0.9,0.0
IS7J24,2024-04-10,388.0,388.0,388.0,388.0,-2.0,-0.51%,0.0,12.0,2024-04-10,False,388.0,-2.0,2024-04-09,390.0,1.0,-0.005141399500418652,is7j24_daily_historical-data-08-12-2026.csv,True,IS7J24,2024-04-09,390.0,-0.005141399500418652,390.0,,,-0.005141399500418652,0.04938903892332905,105.0629006820945,-0.0025740039951729302,-0.0025740039951730413,0.007762005335489026,0.008833627277416658,0.9,0.0
IS7J24,2024-04-11,387.0,387.0,387.0,387.0,-1.0,-0.26%,0.0,3.0,2024-04-11,False,387.0,-1.0,2024-04-10,388.0,1.0,-0.0025806465934916254,is7j24_daily_historical-data-08-12-2026.csv,True,IS7J24,2024-04-10,388.0,-0.0025806465934916254,388.0,,,-0.0025806465934916254,0.046808392329837425,104.79212001023343,0.005181358741997505,-0.020461071871340174,0.005181358741997401,0.008998316688390486,0.9,0.0
IS7J24,2024-04-12,386.0,386.0,386.0,386.0,-1.0,-0.26%,0.0,12.0,2024-04-12,False,386.0,-1.0,2024-04-11,387.0,1.0,-0.0025873235649509123,is7j24_daily_historical-data-08-12-2026.csv,True,IS7J24,2024-04-11,387.0,-0.0025873235649509123,387.0,,,-0.0025873235649509123,0.04422106876488651,104.52133933837236,0.0025940351770465924,-0.023048395436291086,0.0025940351770464883,0.007148407257122702,0.9,0.0
IS7J24,2024-04-15,386.0,386.0,379.0,386.0,0.0,0.00%,0.0,12.0,2024-04-15,False,386.0,0.0,2024-04-12,386.0,3.0,0.0,is7j24_daily_historical-data-08-12-2026.csv,True,IS7J24,2024-04-12,386.0,0.0,386.0,,,0.0,0.04422106876488651,104.52133933837236,0.0025940351770465924,-0.017972242404430426,0.0025940351770464883,0.00711285591217731,0.9,0.0
IS7J24,2024-04-16,386.0,386.0,386.0,386.0,0.0,0.00%,0.0,12.0,2024-04-16,False,386.0,0.0,2024-04-15,386.0,1.0,0.0,is7j24_daily_historical-data-08-12-2026.csv,True,IS7J24,2024-04-15,386.0,0.0,386.0,,,0.0,0.04422106876488651,104.52133933837236,-0.01030936965886119,-0.020513539833102973,0.0025940351770464883,0.007074130075753303,0.85,0.0
IS7J24,2024-04-17,385.0,385.0,385.0,385.0,-1.0,-0.26%,0.0,12.0,2024-04-17,False,385.0,-1.0,2024-04-16,386.0,1.0,-0.0025940351770466466,is7j24_daily_historical-data-08-12-2026.csv,True,IS7J24,2024-04-16,386.0,-0.0025940351770466466,386.0,,,-0.0025940351770466466,0.04162703358783986,104.2505586665113,-0.007762005335489184,-0.010336009330662114,-1.5829351718288365e-16,0.006945432331100376,0.85,0.0
IS7J24,2024-04-18,385.0,385.0,385.0,385.0,0.0,0.00%,0.0,12.0,2024-04-18,False,385.0,0.0,2024-04-17,385.0,1.0,0.0,is7j24_daily_historical-data-08-12-2026.csv,True,IS7J24,2024-04-17,385.0,0.0,385.0,,,0.0,0.04162703358783986,104.2505586665113,-0.005181358741997559,-5.421010862427522e-17,-1.5829351718288365e-16,0.005861025922210574,0.85,0.0
IS7J24,2024-04-19,385.0,385.0,385.0,385.0,0.0,0.00%,0.0,12.0,2024-04-19,False,385.0,0.0,2024-04-18,385.0,1.0,0.0,is7j24_daily_historical-data-08-12-2026.csv,True,IS7J24,2024-04-18,385.0,0.0,385.0,,,0.0,0.04162703358783986,104.2505586665113,-0.0025940351770466466,-5.421010862427522e-17,-1.5829351718288365e-16,0.0048650093496797105,0.85,0.0
IS7J24,2024-04-22,385.0,388.0,385.0,388.0,3.0,+0.78%,0.0,12.0,2024-04-22,False,388.0,3.0,2024-04-19,385.0,3.0,0.007762005335489109,is7j24_daily_historical-data-08-12-2026.csv,True,IS7J24,2024-04-19,385.0,0.007762005335489109,385.0,,,0.007762005335489109,0.04938903892332897,105.0629006820945,0.005167970158442463,0.007762005335489056,0.0077620053354889515,0.0048650093496797105,0.85,0.0
IS7J24,2024-04-23,386.0,386.0,386.0,386.0,-2.0,-0.52%,0.0,12.0,2024-04-23,False,386.0,-2.0,2024-04-22,388.0,1.0,-0.005167970158442561,is7j24_daily_historical-data-08-12-2026.csv,True,IS7J24,2024-04-22,388.0,-0.005167970158442561,388.0,,,-0.005167970158442561,0.04422106876488641,104.52133933837236,-9.80118763926896e-17,-0.010309369658861287,-0.007741974153615682,0.005449145681231797,0.8,0.0
IS7J24,2024-04-24,385.0,385.0,385.0,385.0,-1.0,-0.26%,0.0,12.0,2024-04-24,False,385.0,-1.0,2024-04-23,386.0,1.0,-0.0025940351770466466,is7j24_daily_historical-data-08-12-2026.csv,True,IS7J24,2024-04-23,386.0,-0.0025940351770466466,386.0,,,-0.0025940351770466466,0.041627033587839764,104.25055866651127,-9.80118763926896e-17,-0.007762005335489283,-0.01033600933066233,0.003694520259088225,0.8,0.0
IS7K24,2024-04-25,386.0,386.0,386.0,386.0,1.0,+0.26%,0.0,12.0,2024-04-25,True,386.0,0.0,2024-04-24,386.0,1.0,0.0,is7k24_daily_historical-data-08-12-2026.csv,True,IS7J24,2024-04-24,385.0,0.002594035177046528,386.0,0.002594035177046528,0.0,0.0,0.041627033587839764,104.25055866651127,-9.80118763926896e-17,-0.0051813587419976565,-0.025642430613337836,0.003459990153705623,0.85,0.0
IS7K24,2024-04-26,386.0,386.0,386.0,386.0,0.0,0.00%,0.0,12.0,2024-04-26,False,386.0,0.0,2024-04-25,386.0,1.0,0.0,is7k24_daily_historical-data-08-12-2026.csv,True,IS7K24,2024-04-25,386.0,0.0,386.0,,,0.0,0.041627033587839764,104.25055866651127,-9.80118763926896e-17,-0.0025940351770467446,-0.025642430613337836,0.003406273212351451,0.85,0.0
IS7K24,2024-04-29,386.0,386.0,386.0,386.0,0.0,0.00%,0.0,12.0,2024-04-29,False,386.0,0.0,2024-04-26,386.0,3.0,0.0,is7k24_daily_historical-data-08-12-2026.csv,True,IS7K24,2024-04-26,386.0,0.0,386.0,,,0.0,0.041627033587839764,104.25055866651127,-0.007762005335489207,-0.0025940351770467446,-0.020566277581477176,0.003329026843726245,0.85,0.0
IS7K24,2024-04-30,386.0,386.0,386.0,386.0,0.0,0.00%,0.0,12.0,2024-04-30,False,386.0,0.0,2024-04-29,386.0,1.0,0.0,is7k24_daily_historical-data-08-12-2026.csv,True,IS7K24,2024-04-29,386.0,0.0,386.0,,,0.0,0.041627033587839764,104.25055866651127,-0.002594035177046646,-0.0025940351770467446,-0.023107575010149723,0.003329026843726245,0.85,0.0
IS7K24,2024-05-01,386.0,386.0,386.0,386.0,0.0,0.00%,0.0,9.0,2024-05-01,False,386.0,0.0,2024-04-30,386.0,1.0,0.0,is7k24_daily_historical-data-08-12-2026.csv,True,IS7K24,2024-04-30,386.0,0.0,386.0,,,0.0,0.041627033587839764,104.25055866651127,0.0,-9.80118763926896e-17,-0.010336009330662218,0.003329026843726245,0.85,0.0
IS7K24,2024-05-02,386.0,389.0,386.0,389.0,3.0,+0.78%,0.0,9.0,2024-05-02,False,389.0,3.0,2024-05-01,386.0,1.0,0.007741974153615459,is7k24_daily_historical-data-08-12-2026.csv,True,IS7K24,2024-05-01,386.0,0.007741974153615459,386.0,,,0.007741974153615459,0.04936900774145522,105.06079616910075,0.007741974153615459,0.007741974153615361,0.0077419741536153015,0.0032263784459164715,0.9,0.0
IS7K24,2024-05-03,389.0,389.0,389.0,389.0,0.0,0.00%,0.0,9.0,2024-05-03,False,389.0,0.0,2024-05-02,389.0,1.0,0.0,is7k24_daily_historical-data-08-12-2026.csv,True,IS7K24,2024-05-02,389.0,0.0,389.0,,,0.0,0.04936900774145522,105.06079616910075,0.007741974153615459,0.007741974153615361,0.0077419741536153015,0.0040501029932335526,0.85,0.0
IS7K24,2024-05-06,388.0,389.0,388.0,389.0,0.0,0.00%,0.0,9.0,2024-05-06,False,389.0,0.0,2024-05-03,389.0,3.0,0.0,is7k24_daily_historical-data-08-12-2026.csv,True,IS7K24,2024-05-03,389.0,0.0,389.0,,,0.0,0.04936900774145522,105.06079616910075,0.007741974153615459,-2.0031181873748048e-05,0.0077419741536153015,0.0040501029932335526,0.85,0.0
IS7K24,2024-05-07,390.0,390.0,387.0,390.0,1.0,+0.26%,0.0,9.0,2024-05-07,False,390.0,1.0,2024-05-06,389.0,1.0,0.0025673955052457334,is7k24_daily_historical-data-08-12-2026.csv,True,IS7K24,2024-05-06,389.0,0.0025673955052457334,389.0,,,0.0025673955052457334,0.05193640324670096,105.33087533663057,0.010309369658861194,0.0077153344818145465,-0.0025940351770467477,0.0032210256773741626,0.8,0.0
IS7K24,2024-05-08,385.0,385.0,384.0,385.0,-5.0,-1.28%,0.0,9.0,2024-05-08,False,385.0,-5.0,2024-05-07,390.0,1.0,-0.012903404835907841,is7k24_daily_historical-data-08-12-2026.csv,True,IS7K24,2024-05-07,390.0,-0.012903404835907841,390.0,,,-0.012903404835907841,0.039032998410793114,103.98047949898145,-0.0025940351770466497,-0.002594035177046648,-0.010356040512535938,0.0027346757548754675,0.75,0.0
IS7K24,2024-05-09,385.0,386.0,385.0,386.0,1.0,+0.26%,0.0,9.0,2024-05-09,False,386.0,1.0,2024-05-08,385.0,1.0,0.002594035177046528,is7k24_daily_historical-data-08-12-2026.csv,True,IS7K24,2024-05-08,385.0,0.002594035177046528,385.0,,,0.002594035177046528,0.04162703358783964,104.25055866651127,-0.007741974153615581,-1.205632815803881e-16,-0.005181358741997783,0.005081061109485782,0.7,0.0
IS7K24,2024-05-10,385.0,386.0,385.0,386.0,0.0,0.00%,0.0,9.0,2024-05-10,False,386.0,0.0,2024-05-09,386.0,1.0,0.0,is7k24_daily_historical-data-08-12-2026.csv,True,IS7K24,2024-05-09,386.0,0.0,386.0,,,0.0,0.04162703358783964,104.25055866651127,-0.007741974153615581,-1.205632815803881e-16,-0.0025940351770468704,0.005161358115142115,0.65,0.0
IS7K24,2024-05-13,387.0,387.0,387.0,387.0,1.0,+0.26%,0.0,9.0,2024-05-13,False,387.0,1.0,2024-05-10,386.0,3.0,0.0025873235649509544,is7k24_daily_historical-data-08-12-2026.csv,True,IS7K24,2024-05-10,386.0,0.0025873235649509544,386.0,,,0.0025873235649509544,0.044214357152790595,104.52063783404108,-0.005154650588664627,0.002587323564950834,-6.71161209591601e-06,0.005161358115142115,0.6,0.0
IS7K24,2024-05-14,385.0,385.0,385.0,385.0,-2.0,-0.52%,0.0,9.0,2024-05-14,False,385.0,-2.0,2024-05-13,387.0,1.0,-0.005181358741997629,is7k24_daily_historical-data-08-12-2026.csv,True,IS7K24,2024-05-13,387.0,-0.005181358741997629,387.0,,,-0.005181358741997629,0.03903299841079297,103.98047949898144,-0.012903404835907989,-0.002594035177046795,-0.005188070354093545,0.0052258053844090315,0.65,0.0
IS7K24,2024-05-15,384.0,385.0,384.0,385.0,0.0,0.00%,0.0,9.0,2024-05-15,False,385.0,0.0,2024-05-14,385.0,1.0,0.0,is7k24_daily_historical-data-08-12-2026.csv,True,IS7K24,2024-05-14,385.0,0.0,385.0,,,0.0,0.03903299841079297,103.98047949898144,-1.474514954580286e-16,-0.002594035177046795,-0.002594035177046898,0.005503780298099565,0.65,0.0
IS7K24,2024-05-16,384.0,388.0,384.0,388.0,3.0,+0.78%,0.0,9.0,2024-05-16,False,388.0,3.0,2024-05-15,385.0,1.0,0.007762005335489109,is7k24_daily_historical-data-08-12-2026.csv,True,IS7K24,2024-05-15,385.0,0.007762005335489109,385.0,,,0.007762005335489109,0.04679500374628208,104.7907170015709,0.005167970158442434,-0.0025740039951731453,0.005167970158442212,0.005503780298099565,0.6,0.0
IS7K24,2024-05-17,388.0,388.0,388.0,388.0,0.0,0.00%,0.0,9.0,2024-05-17,False,388.0,0.0,2024-05-16,388.0,1.0,0.0,is7k24_daily_historical-data-08-12-2026.csv,True,IS7K24,2024-05-16,388.0,0.0,388.0,,,0.0,0.04679500374628208,104.7907170015709,0.005167970158442434,-0.0025740039951731453,0.005167970158442212,0.005507018686830581,0.55,0.0
IS7K24,2024-05-20,386.0,386.0,386.0,386.0,-2.0,-0.52%,0.0,9.0,2024-05-20,False,386.0,-2.0,2024-05-17,388.0,3.0,-0.005167970158442561,is7k24_daily_historical-data-08-12-2026.csv,True,IS7K24,2024-05-17,388.0,-0.005167970158442561,388.0,,,-0.005167970158442561,0.04162703358783952,104.25055866651125,-0.002587323564951082,-0.0077419741536157065,-0.007762005335489459,0.005507018686830581,0.55,0.0
IS7K24,2024-05-21,384.0,386.0,384.0,386.0,0.0,0.00%,0.0,9.0,2024-05-21,False,386.0,0.0,2024-05-20,386.0,1.0,0.0,is7k24_daily_historical-data-08-12-2026.csv,True,IS7K24,2024-05-20,386.0,0.0,386.0,,,0.0,0.04162703358783952,104.25055866651125,0.002594035177046547,-0.01030936965886144,-0.0025940351770468977,0.005718604551905368,0.6,0.0
IS7K24,2024-05-22,383.0,386.0,383.0,386.0,0.0,0.00%,0.0,9.0,2024-05-22,False,386.0,0.0,2024-05-21,386.0,1.0,0.0,is7k24_daily_historical-data-08-12-2026.csv,True,IS7K24,2024-05-21,386.0,0.0,386.0,,,0.0,0.04162703358783952,104.25055866651125,0.002594035177046547,0.0025940351770464016,-2.5110122314764283e-16,0.005608484927248071,0.55,0.0
IS7K24,2024-05-23,385.0,385.0,385.0,385.0,-1.0,-0.26%,0.0,9.0,2024-05-23,False,385.0,-1.0,2024-05-22,386.0,1.0,-0.0025940351770466466,is7k24_daily_historical-data-08-12-2026.csv,True,IS7K24,2024-05-22,386.0,-0.0025940351770466466,386.0,,,-0.0025940351770466466,0.03903299841079287,103.98047949898144,-0.007762005335489208,-0.002594035177046773,-0.0025940351770468977,0.0037498663780566785,0.5,0.0
IS7K24,2024-05-24,382.0,385.0,382.0,385.0,0.0,0.00%,0.0,9.0,2024-05-24,False,385.0,0.0,2024-05-23,385.0,1.0,0.0,is7k24_daily_historical-data-08-12-2026.csv,True,IS7K24,2024-05-23,385.0,0.0,385.0,,,0.0,0.03903299841079287,103.98047949898144,-0.007762005335489208,-0.002594035177046773,-0.0025940351770468977,0.003749866378056685,0.5,0.0
IS7M24,2024-05-28,385.0,385.0,385.0,385.0,0.0,0.00%,0.0,9.0,2024-05-28,True,385.0,0.0,2024-05-24,385.0,4.0,0.0,is7m24_daily_historical-data-08-12-2026.csv,True,IS7K24,2024-05-24,385.0,0.0,385.0,0.0,0.0,0.0,0.03903299841079287,103.98047949898144,-0.0025940351770466475,-0.005181358741997728,-0.0025940351770468977,0.003749866378056685,0.45,0.0
IS7M24,2024-05-29,385.0,385.0,385.0,385.0,0.0,0.00%,0.0,9.0,2024-05-29,False,385.0,0.0,2024-05-28,385.0,1.0,0.0,is7m24_daily_historical-data-08-12-2026.csv,True,IS7M24,2024-05-28,385.0,0.0,385.0,,,0.0,0.03903299841079287,103.98047949898144,-0.0025940351770466475,-9.8879238130678e-17,-0.0025940351770468977,0.0036185861489816573,0.45,0.0
IS7M24,2024-05-30,385.0,385.0,385.0,385.0,0.0,0.00%,0.0,6.0,2024-05-30,False,385.0,0.0,2024-05-29,385.0,1.0,0.0,is7m24_daily_historical-data-08-12-2026.csv,True,IS7M24,2024-05-29,385.0,0.0,385.0,,,0.0,0.03903299841079287,103.98047949898144,-0.0025940351770466475,-9.8879238130678e-17,-0.0025940351770468977,0.0032263784459164715,0.45,0.0
IS7M24,2024-05-31,385.0,385.0,385.0,385.0,0.0,0.00%,0.0,6.0,2024-05-31,False,385.0,0.0,2024-05-30,385.0,1.0,0.0,is7m24_daily_historical-data-08-12-2026.csv,True,IS7M24,2024-05-30,385.0,0.0,385.0,,,0.0,0.03903299841079287,103.98047949898144,0.0,-0.007762005335489208,-0.010336009330662357,0.0032263784459164715,0.45,0.0
IS7M24,2024-06-03,388.0,388.0,388.0,388.0,3.0,+0.78%,0.0,6.0,2024-06-03,False,388.0,3.0,2024-05-31,385.0,3.0,0.007762005335489109,is7m24_daily_historical-data-08-12-2026.csv,True,IS7M24,2024-05-31,385.0,0.007762005335489109,385.0,,,0.007762005335489109,0.04679500374628198,104.7907170015709,0.0077620053354891085,-9.8879238130678e-17,-0.0025740039951732477,0.0017452176360777665,0.5,0.0
IS7M24,2024-06-04,383.0,383.0,383.0,383.0,-5.0,-1.29%,0.0,6.0,2024-06-04,False,383.0,-5.0,2024-06-03,388.0,1.0,-0.012970350442627404,is7m24_daily_historical-data-08-12-2026.csv,True,IS7M24,2024-06-03,388.0,-0.012970350442627404,388.0,,,-0.012970350442627404,0.03382465330365458,103.4403211639218,-0.005208345107138295,-0.0078023802841849415,-0.015544354437800651,0.0032263784459164715,0.5,0.0
IS7M24,2024-06-05,383.0,383.0,383.0,383.0,0.0,0.00%,0.0,6.0,2024-06-05,False,383.0,0.0,2024-06-04,383.0,1.0,0.0,is7m24_daily_historical-data-08-12-2026.csv,True,IS7M24,2024-06-04,383.0,0.0,383.0,,,0.0,0.03382465330365458,103.4403211639218,-0.005208345107138295,-0.0078023802841849415,-0.018111749943046384,0.005045570357832896,0.55,0.0
IS7M24,2024-06-06,382.0,382.0,382.0,382.0,-1.0,-0.26%,0.0,6.0,2024-06-06,False,382.0,-1.0,2024-06-05,383.0,1.0,-0.0026143805740708207,is7m24_daily_historical-data-08-12-2026.csv,True,IS7M24,2024-06-05,383.0,-0.0026143805740708207,383.0,,,-0.0026143805740708207,0.031210272729583755,103.17024199639195,-0.007822725681209116,-0.010416760858255762,-0.007822725681209366,0.005045570357832896,0.6,0.0
IS7M24,2024-06-07,389.0,389.0,389.0,389.0,7.0,+1.83%,0.0,6.0,2024-06-07,False,389.0,7.0,2024-06-06,382.0,1.0,0.018158735011871048,is7m24_daily_historical-data-08-12-2026.csv,True,IS7M24,2024-06-06,382.0,0.018158735011871048,382.0,,,0.018158735011871048,0.04936900774145481,105.06079616910071,0.010336009330661932,0.010336009330661932,0.007741974153615154,0.0050683312072860994,0.65,0.0
IS7M24,2024-06-10,387.0,388.0,388.0,388.0,-1.0,-0.26%,3.0,6.0,2024-06-10,False,388.0,-1.0,2024-06-07,389.0,3.0,-0.0025740039951728773,is7m24_daily_historical-data-08-12-2026.csv,True,IS7M24,2024-06-07,389.0,-0.0025740039951728773,389.0,,,-0.0025740039951728773,0.04679500374628193,104.79071700157088,-5.4643789493269423e-17,0.007762005335489055,0.005167970158442277,0.007848354757256832,0.7,0.0
IS7M24,2024-06-11,384.0,384.0,384.0,384.0,-4.0,-1.03%,0.0,6.0,2024-06-11,False,384.0,-4.0,2024-06-10,388.0,1.0,-0.010362787035546547,is7m24_daily_historical-data-08-12-2026.csv,True,IS7M24,2024-06-10,388.0,-0.010362787035546547,388.0,,,-0.010362787035546547,0.03643221671073538,103.71040033145161,0.0026075634070808033,-0.002600781700057491,-0.007782140442055224,0.007927827111121562,0.75,0.0
IS7M24,2024-06-12,386.0,386.0,386.0,386.0,2.0,+0.52%,0.0,6.0,2024-06-12,False,386.0,2.0,2024-06-11,384.0,1.0,0.00519481687710393,is7m24_daily_historical-data-08-12-2026.csv,True,IS7M24,2024-06-11,384.0,0.00519481687710393,384.0,,,0.00519481687710393,0.041627033587839306,104.25055866651122,0.0078023802841847316,0.0025940351770464385,0.002594035177046335,0.008681972418089993,0.75,0.0
IS7M24,2024-06-13,385.0,385.0,385.0,385.0,-1.0,-0.26%,0.0,6.0,2024-06-13,False,385.0,-1.0,2024-06-12,386.0,1.0,-0.0025940351770466466,is7m24_daily_historical-data-08-12-2026.csv,True,IS7M24,2024-06-12,386.0,-0.0025940351770466466,386.0,,,-0.0025940351770466466,0.039032998410792656,103.98047949898141,0.007822725681208906,-2.0816681711721685e-16,-3.1181654480683108e-16,0.00885299342155009,0.75,0.0
IS7M24,2024-06-14,384.0,387.0,384.0,387.0,2.0,+0.52%,0.0,6.0,2024-06-14,False,387.0,2.0,2024-06-13,385.0,1.0,0.0051813587419975845,is7m24_daily_historical-data-08-12-2026.csv,True,IS7M24,2024-06-13,385.0,0.0051813587419975845,385.0,,,0.0051813587419975845,0.04421435715279024,104.52063783404107,-0.005154650588664558,0.005181358741997376,-0.002580646593491837,0.008899321778451643,0.8,0.0
IS7M24,2024-06-17,385.0,385.0,385.0,385.0,-2.0,-0.52%,0.0,6.0,2024-06-17,False,385.0,-2.0,2024-06-14,387.0,3.0,-0.005181358741997629,is7m24_daily_historical-data-08-12-2026.csv,True,IS7M24,2024-06-14,387.0,-0.005181358741997629,387.0,,,-0.005181358741997629,0.039032998410792615,103.98047949898141,-0.00776200533548931,-0.007762005335489362,-0.007762005335489466,0.009048899157231846,0.8,0.0
IS7M24,2024-06-18,387.0,387.0,387.0,387.0,2.0,+0.52%,0.0,6.0,2024-06-18,False,387.0,2.0,2024-06-17,385.0,1.0,0.0051813587419975845,is7m24_daily_historical-data-08-12-2026.csv,True,IS7M24,2024-06-17,385.0,0.0051813587419975845,385.0,,,0.0051813587419975845,0.0442143571527902,104.52063783404104,0.0077821404420548215,0.010389703849135627,0.00258732356495068,0.008820435302708424,0.8,0.0
IS7M24,2024-06-20,385.0,387.0,385.0,387.0,0.0,0.00%,0.0,6.0,2024-06-20,False,387.0,0.0,2024-06-18,387.0,2.0,0.0,is7m24_daily_historical-data-08-12-2026.csv,True,IS7M24,2024-06-18,387.0,0.0,387.0,,,0.0,0.0442143571527902,104.52063783404104,0.0025873235649508915,0.010389703849135627,0.00258732356495068,0.007846071035504455,0.8,0.0
IS7N24,2024-06-21,382.0,382.0,382.0,382.0,-5.0,-1.29%,9.0,15.0,2024-06-21,True,382.0,0.0,2024-06-20,382.0,1.0,0.0,is7n24_daily_historical-data-08-12-2026.csv,True,IS7M24,2024-06-20,387.0,-0.013004084423206573,382.0,-0.013004084423206573,0.0,0.0,0.0442143571527902,104.52063783404104,0.0051813587419975386,0.013004084423206448,0.00258732356495068,0.007846071035504455,0.8,0.0
IS7N24,2024-06-24,382.0,382.0,382.0,382.0,0.0,0.00%,0.0,15.0,2024-06-24,False,382.0,0.0,2024-06-21,382.0,3.0,0.0,is7n24_daily_historical-data-08-12-2026.csv,True,IS7N24,2024-06-21,382.0,0.0,382.0,,,0.0,0.0442143571527902,104.52063783404104,-4.683753385137379e-17,-0.0051546505886646,0.005181358741997327,0.0077538267534327495,0.85,0.0
IS7N24,2024-06-25,382.0,382.0,382.0,382.0,0.0,0.00%,0.0,15.0,2024-06-25,False,382.0,0.0,2024-06-24,382.0,1.0,0.0,is7n24_daily_historical-data-08-12-2026.csv,True,IS7N24,2024-06-24,382.0,0.0,382.0,,,0.0,0.0442143571527902,104.52063783404104,0.005181358741997582,-0.0025806465934917226,0.005181358741997327,0.005006777468462786,0.85,0.0
IS7N24,2024-06-26,382.0,382.0,382.0,382.0,0.0,0.00%,0.0,15.0,2024-06-26,False,382.0,0.0,2024-06-25,382.0,1.0,0.0,is7n24_daily_historical-data-08-12-2026.csv,True,IS7N24,2024-06-25,382.0,0.0,382.0,,,0.0,0.0442143571527902,104.52063783404104,0.0,0.007782140442054824,0.005181358741997327,0.0049550866971478655,0.9,0.0
IS7N24,2024-06-27,382.0,382.0,382.0,382.0,0.0,0.00%,0.0,12.0,2024-06-27,False,382.0,0.0,2024-06-26,382.0,1.0,0.0,is7n24_daily_historical-data-08-12-2026.csv,True,IS7N24,2024-06-26,382.0,0.0,382.0,,,0.0,0.0442143571527902,104.52063783404104,0.0,0.002587323564950894,0.005181358741997327,0.003467282079032792,0.9,0.0
IS7N24,2024-06-28,382.0,382.0,382.0,382.0,0.0,0.00%,0.0,12.0,2024-06-28,False,382.0,0.0,2024-06-27,382.0,1.0,0.0,is7n24_daily_historical-data-08-12-2026.csv,True,IS7N24,2024-06-27,382.0,0.0,382.0,,,0.0,0.0442143571527902,104.52063783404104,0.0,0.00518135874199754,0.005181358741997327,0.0031019533168026264,0.9,0.0
IS7N24,2024-07-01,384.0,384.0,384.0,384.0,2.0,+0.52%,0.0,12.0,2024-07-01,False,384.0,2.0,2024-06-28,382.0,3.0,0.005221943981151625,is7n24_daily_historical-data-08-12-2026.csv,True,IS7N24,2024-06-28,382.0,0.005221943981151625,382.0,,,0.005221943981151625,0.049436301133941825,105.06786630437634,0.005221943981151622,0.005221943981151582,0.010403302723148952,0.002941178663931586,0.9,0.0
IS7N24,2024-07-02,394.0,394.0,394.0,394.0,10.0,+2.60%,0.0,12.0,2024-07-02,False,394.0,10.0,2024-07-01,384.0,1.0,0.02570835671020703,is7n24_daily_historical-data-08-12-2026.csv,True,IS7N24,2024-07-01,384.0,0.02570835671020703,384.0,,,0.02570835671020703,0.07514465784414885,107.80400865605282,0.03093030069135865,0.036111659433356244,0.028349654097866873,0.0029483476704872304,0.9,0.0
IS7N24,2024-07-03,394.0,394.0,394.0,394.0,0.0,0.00%,0.0,12.0,2024-07-03,False,394.0,0.0,2024-07-02,394.0,1.0,0.0,is7n24_daily_historical-data-08-12-2026.csv,True,IS7N24,2024-07-02,394.0,0.0,394.0,,,0.0,0.07514465784414885,107.80400865605282,0.03093030069135865,0.030930300691358655,0.041320004540494275,0.008059704898042254,0.9,0.0
IS7N24,2024-07-05,392.0,392.0,392.0,392.0,-2.0,-0.51%,0.0,12.0,2024-07-05,False,392.0,-2.0,2024-07-03,394.0,2.0,-0.005089069507471293,is7n24_daily_historical-data-08-12-2026.csv,True,IS7N24,2024-07-03,394.0,-0.005089069507471293,394.0,,,-0.005089069507471293,0.07005558833667756,107.25678018571752,0.02584123118388736,0.025841231183887363,0.03623093503302298,0.008113910918880451,0.9,0.0
IS7N24,2024-07-08,392.0,392.0,392.0,392.0,0.0,0.00%,0.0,12.0,2024-07-08,False,392.0,0.0,2024-07-05,392.0,3.0,0.0,is7n24_daily_historical-data-08-12-2026.csv,True,IS7N24,2024-07-05,392.0,0.0,392.0,,,0.0,0.07005558833667756,107.25678018571752,0.02584123118388736,0.025841231183887363,0.038845315607093804,0.008480762604752367,0.9,0.0
IS7N24,2024-07-09,390.0,390.0,390.0,390.0,-2.0,-0.51%,0.0,12.0,2024-07-09,False,390.0,-2.0,2024-07-08,392.0,1.0,-0.005115100666770377,is7n24_daily_historical-data-08-12-2026.csv,True,IS7N24,2024-07-08,392.0,-0.005115100666770377,392.0,,,-0.005115100666770377,0.06494048766990719,106.70955171538223,0.015504186535965357,0.020726130517116984,0.015571479928452378,0.008480762604752367,0.9,0.0
IS7N24,2024-07-10,392.0,392.0,392.0,392.0,2.0,+0.51%,0.0,12.0,2024-07-10,False,392.0,2.0,2024-07-09,390.0,1.0,0.005115100666770409,is7n24_daily_historical-data-08-12-2026.csv,True,IS7N24,2024-07-09,390.0,0.005115100666770409,390.0,,,0.005115100666770409,0.0700555883366776,107.25678018571752,-0.0050890695074712645,0.025841231183887394,0.023260584590395664,0.008802107944144495,0.9,0.0
IS7N24,2024-07-11,391.0,392.0,391.0,392.0,0.0,0.00%,0.0,12.0,2024-07-11,False,392.0,0.0,2024-07-10,392.0,1.0,0.0,is7n24_daily_historical-data-08-12-2026.csv,True,IS7N24,2024-07-10,392.0,0.0,392.0,,,0.0,0.0700555883366776,107.25678018571752,-0.0050890695074712645,0.025841231183887394,0.033623371625942214,0.008816893625849344,0.9,0.0
IS7N24,2024-07-12,392.0,392.0,392.0,392.0,0.0,0.00%,0.0,12.0,2024-07-12,False,392.0,0.0,2024-07-11,392.0,1.0,0.0,is7n24_daily_historical-data-08-12-2026.csv,True,IS7N24,2024-07-11,392.0,0.0,392.0,,,0.0,0.0700555883366776,107.25678018571752,2.862293735361732e-17,0.025841231183887394,0.028428554748838285,0.008816893625849344,0.85,0.0
IS7N24,2024-07-15,391.0,392.0,391.0,392.0,0.0,0.00%,0.0,12.0,2024-07-15,False,392.0,0.0,2024-07-12,392.0,3.0,0.0,is7n24_daily_historical-data-08-12-2026.csv,True,IS7N24,2024-07-12,392.0,0.0,392.0,,,0.0,0.0700555883366776,107.25678018571752,2.862293735361732e-17,0.025841231183887394,0.031022589925884927,0.008816893625849344,0.85,0.0
IS7N24,2024-07-16,392.0,392.0,392.0,392.0,0.0,0.00%,0.0,12.0,2024-07-16,False,392.0,0.0,2024-07-15,392.0,1.0,0.0,is7n24_daily_historical-data-08-12-2026.csv,True,IS7N24,2024-07-15,392.0,0.0,392.0,,,0.0,0.0700555883366776,107.25678018571752,0.005115100666770405,0.02061928720273577,0.025841231183887342,0.008816893625849344,0.8,0.0
IS7N24,2024-07-17,392.0,392.0,392.0,392.0,0.0,0.00%,0.0,12.0,2024-07-17,False,392.0,0.0,2024-07-16,392.0,1.0,0.0,is7n24_daily_historical-data-08-12-2026.csv,True,IS7N24,2024-07-16,392.0,0.0,392.0,,,0.0,0.0700555883366776,107.25678018571752,0.0,-0.005089069507471261,0.03102258992588497,0.008797924265154952,0.85,0.0
IS7N24,2024-07-18,391.0,392.0,391.0,392.0,0.0,0.00%,0.0,12.0,2024-07-18,False,392.0,0.0,2024-07-17,392.0,1.0,0.0,is7n24_daily_historical-data-08-12-2026.csv,True,IS7N24,2024-07-17,392.0,0.0,392.0,,,0.0,0.0700555883366776,107.25678018571752,0.0,-0.005089069507471261,0.02584123118388739,0.002898989771724643,0.85,0.0
IS7N24,2024-07-19,391.0,391.0,391.0,391.0,-1.0,-0.26%,0.0,12.0,2024-07-19,False,391.0,-1.0,2024-07-18,392.0,1.0,-0.0025542798050967423,is7n24_daily_historical-data-08-12-2026.csv,True,IS7N24,2024-07-18,392.0,-0.0025542798050967423,392.0,,,-0.0025542798050967423,0.06750130853158086,106.98316595054989,-0.002554279805096746,-0.0025542798050967102,0.023286951378790645,0.002898989771724643,0.8,0.0
IS7N24,2024-07-22,390.0,391.0,390.0,391.0,0.0,0.00%,0.0,12.0,2024-07-22,False,391.0,0.0,2024-07-19,391.0,3.0,0.0,is7n24_daily_historical-data-08-12-2026.csv,True,IS7N24,2024-07-19,391.0,0.0,391.0,,,0.0,0.06750130853158086,106.98316595054989,-0.002554279805096746,-0.0025542798050967102,0.023286951378790645,0.002542973335221821,0.85,0.0
IS7N24,2024-07-23,390.0,391.0,390.0,391.0,0.0,0.00%,0.0,12.0,2024-07-23,False,391.0,0.0,2024-07-22,391.0,1.0,0.0,is7n24_daily_historical-data-08-12-2026.csv,True,IS7N24,2024-07-22,391.0,0.0,391.0,,,0.0,0.06750130853158086,106.98316595054989,-0.002554279805096746,0.0025608208616736666,0.023286951378790645,0.002542973335221821,0.8,0.0
IS7N24,2024-07-24,391.0,391.0,391.0,391.0,0.0,0.00%,0.0,12.0,2024-07-24,False,391.0,0.0,2024-07-23,391.0,1.0,0.0,is7n24_daily_historical-data-08-12-2026.csv,True,IS7N24,2024-07-23,391.0,0.0,391.0,,,0.0,0.06750130853158086,106.98316595054989,-0.002554279805096746,-0.0025542798050967423,0.023286951378790645,0.0018865847981460555,0.75,0.0
IS7N24,2024-07-25,390.0,391.0,390.0,391.0,0.0,0.00%,0.0,12.0,2024-07-25,False,391.0,0.0,2024-07-24,391.0,1.0,0.0,is7n24_daily_historical-data-08-12-2026.csv,True,IS7N24,2024-07-24,391.0,0.0,391.0,,,0.0,0.06750130853158086,106.98316595054989,-0.002554279805096746,-0.0025542798050967423,0.023286951378790645,0.0008077341965476888,0.75,0.0
IS7U24,2024-07-26,380.0,380.0,380.0,380.0,-11.0,-2.81%,0.0,12.0,2024-07-26,True,380.0,-2.0,2024-07-25,382.0,1.0,-0.005249355886143678,is7u24_daily_historical-data-08-12-2026.csv,True,IS7N24,2024-07-25,391.0,-0.02853630726493436,382.0,-0.02328695137879054,-1.3877787807814457e-16,-0.005249355886143678,0.06225195264543718,106.42304466285066,-0.005249355886143682,-0.0078036356912404205,0.01803759549264697,0.0008077341965476888,0.7,0.0
IS7U24,2024-07-29,380.0,380.0,380.0,380.0,0.0,0.00%,3.0,12.0,2024-07-29,False,380.0,0.0,2024-07-26,380.0,3.0,0.0,is7u24_daily_historical-data-08-12-2026.csv,True,IS7U24,2024-07-26,380.0,0.0,380.0,,,0.0,0.06225195264543718,106.42304466285066,-0.005249355886143682,-0.0078036356912404205,0.01803759549264697,0.0017635321104708685,0.7,0.0
IS7U24,2024-07-30,380.0,380.0,380.0,380.0,0.0,0.00%,0.0,9.0,2024-07-30,False,380.0,0.0,2024-07-29,380.0,1.0,0.0,is7u24_daily_historical-data-08-12-2026.csv,True,IS7U24,2024-07-29,380.0,0.0,380.0,,,0.0,0.06225195264543718,106.42304466285066,-0.005249355886143682,-0.0078036356912404205,0.012815651511495343,0.0017635321104708685,0.7,0.0
IS7U24,2024-07-31,380.0,380.0,380.0,380.0,0.0,0.00%,0.0,9.0,2024-07-31,False,380.0,0.0,2024-07-30,380.0,1.0,0.0,is7u24_daily_historical-data-08-12-2026.csv,True,IS7U24,2024-07-30,380.0,0.0,380.0,,,0.0,0.06225195264543718,106.42304466285066,-0.005249355886143682,-0.0078036356912404205,-0.012892705198711687,0.0017635321104708685,0.7,0.0
IS7U24,2024-08-01,378.0,378.0,378.0,378.0,-2.0,-0.53%,0.0,6.0,2024-08-01,False,378.0,-2.0,2024-07-31,380.0,1.0,-0.005277057100843781,is7u24_daily_historical-data-08-12-2026.csv,True,IS7U24,2024-07-31,380.0,-0.005277057100843781,380.0,,,-0.005277057100843781,0.0569748955445934,105.86292337515147,-0.010526412986987463,-0.013080692792084202,-0.01816976229955547,0.0017635321104708685,0.7,0.0
IS7U24,2024-08-02,378.0,378.0,378.0,378.0,0.0,0.00%,0.0,6.0,2024-08-02,False,378.0,0.0,2024-08-01,378.0,1.0,0.0,is7u24_daily_historical-data-08-12-2026.csv,True,IS7U24,2024-08-01,378.0,0.0,378.0,,,0.0,0.0569748955445934,105.86292337515147,-0.005277057100843785,-0.01052641298698746,-0.013080692792084176,0.002231515722940951,0.7,0.0
IS7U24,2024-08-05,378.0,378.0,378.0,378.0,0.0,0.00%,0.0,6.0,2024-08-05,False,378.0,0.0,2024-08-02,378.0,3.0,0.0,is7u24_daily_historical-data-08-12-2026.csv,True,IS7U24,2024-08-02,378.0,0.0,378.0,,,0.0,0.0569748955445934,105.86292337515147,-0.005277057100843785,-0.01052641298698746,-0.013080692792084174,0.00221917231386678,0.7,0.0
IS7U24,2024-08-06,378.0,378.0,378.0,378.0,0.0,0.00%,0.0,6.0,2024-08-06,False,378.0,0.0,2024-08-05,378.0,1.0,0.0,is7u24_daily_historical-data-08-12-2026.csv,True,IS7U24,2024-08-05,378.0,0.0,378.0,,,0.0,0.0569748955445934,105.86292337515147,-0.005277057100843785,-0.01052641298698746,-0.007965592125313798,0.00221917231386678,0.7,0.0
IS7U24,2024-08-07,376.0,376.0,376.0,376.0,-2.0,-0.53%,0.0,6.0,2024-08-07,False,376.0,-2.0,2024-08-06,378.0,1.0,-0.005305052229693229,is7u24_daily_historical-data-08-12-2026.csv,True,IS7U24,2024-08-06,378.0,-0.005305052229693229,378.0,,,-0.005305052229693229,0.051669843314900175,105.30280208745224,-0.010582109330537014,-0.01583146521668069,-0.018385745021777436,0.00221917231386678,0.7,0.0
IS7U24,2024-08-08,375.0,375.0,375.0,375.0,-1.0,-0.27%,0.0,6.0,2024-08-08,False,375.0,-1.0,2024-08-07,376.0,1.0,-0.002663117419483662,is7u24_daily_historical-data-08-12-2026.csv,True,IS7U24,2024-08-07,376.0,-0.002663117419483662,376.0,,,-0.002663117419483662,0.04900672589541651,105.02274144360264,-0.007968169649176893,-0.01849458263616435,-0.0210488624412611,0.0025491418803204567,0.7,0.0
IS7U24,2024-08-09,375.0,375.0,375.0,375.0,0.0,0.00%,0.0,6.0,2024-08-09,False,375.0,0.0,2024-08-08,375.0,1.0,0.0,is7u24_daily_historical-data-08-12-2026.csv,True,IS7U24,2024-08-08,375.0,0.0,375.0,,,0.0,0.04900672589541651,105.02274144360264,-0.007968169649176893,-0.013245226750020673,-0.0210488624412611,0.0025040829708941046,0.75,0.0
IS7U24,2024-08-12,371.0,371.0,371.0,371.0,-4.0,-1.07%,0.0,6.0,2024-08-12,False,371.0,-4.0,2024-08-09,375.0,3.0,-0.010723963362975724,is7u24_daily_historical-data-08-12-2026.csv,True,IS7U24,2024-08-09,375.0,-0.010723963362975724,375.0,,,-0.010723963362975724,0.03828276253244079,103.90249886820419,-0.01869213301215262,-0.023969190112996395,-0.03177282580423682,0.0022494320771981094,0.75,0.0
IS7U24,2024-08-13,371.0,371.0,371.0,371.0,0.0,0.00%,0.0,6.0,2024-08-13,False,371.0,0.0,2024-08-12,371.0,1.0,0.0,is7u24_daily_historical-data-08-12-2026.csv,True,IS7U24,2024-08-12,371.0,0.0,371.0,,,0.0,0.03828276253244079,103.90249886820419,-0.01869213301215262,-0.023969190112996395,-0.03177282580423682,0.003661121381617716,0.8,0.0
IS7U24,2024-08-14,371.0,371.0,366.0,371.0,0.0,0.00%,0.0,6.0,2024-08-14,False,371.0,0.0,2024-08-13,371.0,1.0,0.0,is7u24_daily_historical-data-08-12-2026.csv,True,IS7U24,2024-08-13,371.0,0.0,371.0,,,0.0,0.03828276253244079,103.90249886820419,-0.01338708078245939,-0.023969190112996395,-0.03177282580423682,0.003661121381617716,0.8,0.0
IS7U24,2024-08-15,363.0,363.0,363.0,363.0,-8.0,-2.16%,0.0,6.0,2024-08-15,False,363.0,-8.0,2024-08-14,371.0,1.0,-0.021799228342584402,is7u24_daily_historical-data-08-12-2026.csv,True,IS7U24,2024-08-14,371.0,-0.021799228342584402,371.0,,,-0.021799228342584402,0.01648353418985639,101.66201371740733,-0.03252319170556013,-0.040491361354737014,-0.05357205414682122,0.003661121381617716,0.75,0.0
IS7U24,2024-08-16,363.0,363.0,363.0,363.0,0.0,0.00%,0.0,6.0,2024-08-16,False,363.0,0.0,2024-08-15,363.0,1.0,0.0,is7u24_daily_historical-data-08-12-2026.csv,True,IS7U24,2024-08-15,363.0,0.0,363.0,,,0.0,0.01648353418985639,101.66201371740733,-0.03252319170556013,-0.040491361354737014,-0.051017774341724484,0.007160776538091401,0.8,0.0
IS7U24,2024-08-19,364.0,364.0,364.0,364.0,1.0,+0.28%,6.0,6.0,2024-08-19,False,364.0,1.0,2024-08-16,363.0,3.0,0.0027510333718897976,is7u24_daily_historical-data-08-12-2026.csv,True,IS7U24,2024-08-16,363.0,0.0027510333718897976,363.0,,,0.0027510333718897976,0.019234567561746185,101.94207436125693,-0.01904819497069461,-0.03774032798284722,-0.04826674096983469,0.007160776538091401,0.8,0.0
IS7V24,2024-09-25,370.0,370.0,370.0,370.0,6.0,+1.65%,120.0,120.0,2024-09-25,True,370.0,-8.0,2024-07-31,378.0,56.0,,is7v24_daily_historical-data-08-12-2026.csv,True,IS7U24,2024-08-19,364.0,0.01634913800152941,,,,,0.019234567561746185,101.94207436125693,,,,,0.85,0.0
IS7V24,2024-09-26,373.0,373.0,373.0,373.0,3.0,+0.81%,0.0,60.0,2024-09-26,False,373.0,3.0,2024-09-25,370.0,1.0,0.008075414005545331,is7v24_daily_historical-data-08-12-2026.csv,True,IS7V24,2024-09-25,370.0,0.008075414005545331,370.0,,,0.008075414005545331,0.027309981567291516,102.76863172094279,,,,,0.9,0.0
IS7V24,2024-09-27,375.0,375.0,375.0,375.0,2.0,+0.54%,0.0,120.0,2024-09-27,False,375.0,2.0,2024-09-26,373.0,1.0,0.005347606326595277,is7v24_daily_historical-data-08-12-2026.csv,True,IS7V24,2024-09-26,373.0,0.005347606326595277,373.0,,,0.005347606326595277,0.03265758789388679,103.31966996073338,,,,,0.9,0.0
IS7V24,2024-09-30,387.0,395.0,387.0,387.0,12.0,+3.20%,0.0,120.0,2024-09-30,False,387.0,12.0,2024-09-27,375.0,3.0,0.031498667059371016,is7v24_daily_historical-data-08-12-2026.csv,True,IS7V24,2024-09-27,375.0,0.031498667059371016,375.0,,,0.031498667059371016,0.0641562549532578,106.62589939947684,,,,,0.95,0.0
IS7V24,2024-10-01,387.0,387.0,387.0,387.0,0.0,0.00%,0.0,120.0,2024-10-01,False,387.0,0.0,2024-09-30,387.0,1.0,0.0,is7v24_daily_historical-data-08-12-2026.csv,True,IS7V24,2024-09-30,387.0,0.0,387.0,,,0.0,0.0641562549532578,106.62589939947684,,,,,0.9,0.0
IS7V24,2024-10-02,386.0,386.0,386.0,386.0,-1.0,-0.26%,0.0,120.0,2024-10-02,False,386.0,-1.0,2024-10-01,387.0,1.0,-0.0025873235649509123,is7v24_daily_historical-data-08-12-2026.csv,True,IS7V24,2024-10-01,387.0,-0.0025873235649509123,387.0,,,-0.0025873235649509123,0.06156893138830689,106.35038027958157,0.04233436382656071,,,,0.9,0.0
IS7V24,2024-10-03,385.0,385.0,385.0,385.0,-1.0,-0.26%,0.0,50.0,2024-10-03,False,385.0,-1.0,2024-10-02,386.0,1.0,-0.0025940351770466466,is7v24_daily_historical-data-08-12-2026.csv,True,IS7V24,2024-10-02,386.0,-0.0025940351770466466,386.0,,,-0.0025940351770466466,0.05897489621126024,106.07486115968628,0.031664914643968735,,,,0.9,0.0
IS7V24,2024-10-04,395.0,395.0,395.0,395.0,10.0,+2.60%,0.0,120.0,2024-10-04,False,395.0,10.0,2024-10-03,385.0,1.0,0.025642430613337652,is7v24_daily_historical-data-08-12-2026.csv,True,IS7V24,2024-10-03,385.0,0.025642430613337652,385.0,,,0.025642430613337652,0.08461732682459788,108.83005235863916,0.05195973893071111,,,,0.9,0.0
IS7V24,2024-10-07,398.0,398.0,398.0,398.0,3.0,+0.76%,0.0,120.0,2024-10-07,False,398.0,3.0,2024-10-04,395.0,3.0,0.0075662403833158766,is7v24_daily_historical-data-08-12-2026.csv,True,IS7V24,2024-10-04,395.0,0.0075662403833158766,395.0,,,0.0075662403833158766,0.09218356720791376,109.65660971832503,0.028027312254655972,,,0.01382167378114248,0.9,0.0
IS7V24,2024-10-08,393.0,393.0,391.0,393.0,-5.0,-1.26%,0.0,120.0,2024-10-08,False,393.0,-5.0,2024-10-07,398.0,1.0,-0.012642393415176468,is7v24_daily_historical-data-08-12-2026.csv,True,IS7V24,2024-10-07,398.0,-0.012642393415176468,398.0,,,-0.012642393415176468,0.0795411737927373,108.2790141188486,0.015384918839479504,,,0.012811747765556512,0.9,0.0
IS7V24,2024-10-09,394.0,394.0,394.0,394.0,1.0,+0.25%,0.0,120.0,2024-10-09,False,394.0,1.0,2024-10-08,393.0,1.0,0.002541297428672548,is7v24_daily_historical-data-08-12-2026.csv,True,IS7V24,2024-10-08,393.0,0.002541297428672548,393.0,,,0.002541297428672548,0.08208247122140985,108.55453323874387,0.020513539833102962,0.06284790365966368,,0.014008534529213964,0.85,0.0
IS7V24,2024-10-10,390.0,390.0,390.0,390.0,-4.0,-1.02%,0.0,50.0,2024-10-10,False,390.0,-4.0,2024-10-09,394.0,1.0,-0.010204170174241736,is7v24_daily_historical-data-08-12-2026.csv,True,IS7V24,2024-10-09,394.0,-0.010204170174241736,394.0,,,-0.010204170174241736,0.07187830104716812,107.4524567591627,0.012903404835907874,0.044568319479876606,,0.01327270858555423,0.85,0.0
IS7V24,2024-10-11,387.0,387.0,387.0,387.0,-3.0,-0.77%,0.0,120.0,2024-10-11,False,387.0,-3.0,2024-10-10,390.0,1.0,-0.007722046093910278,is7v24_daily_historical-data-08-12-2026.csv,True,IS7V24,2024-10-10,390.0,-0.007722046093910278,390.0,,,-0.007722046093910278,0.06415625495325784,106.62589939947684,-0.020461071871340056,0.03149866705937106,,0.014223409130618803,0.85,0.0
IS7V24,2024-10-14,389.0,389.0,386.0,389.0,2.0,+0.52%,6.0,117.0,2024-10-14,False,389.0,2.0,2024-10-11,387.0,3.0,0.005154650588664422,is7v24_daily_historical-data-08-12-2026.csv,True,IS7V24,2024-10-11,387.0,0.005154650588664422,387.0,,,0.005154650588664422,0.06931090554192226,107.17693763926741,-0.02287266166599151,0.005154650588664461,,0.014724123500037808,0.85,0.0
IS7V24,2024-10-15,384.0,384.0,382.0,384.0,-5.0,-1.29%,0.0,117.0,2024-10-15,False,384.0,-5.0,2024-10-14,389.0,1.0,-0.01293679103071945,is7v24_daily_historical-data-08-12-2026.csv,True,IS7V24,2024-10-14,389.0,-0.01293679103071945,389.0,,,-0.01293679103071945,0.05637411451120281,105.79934203979097,-0.023167059281534494,-0.00778214044205499,,0.010965411641237049,0.8,0.0
IS7V24,2024-10-16,382.0,382.0,382.0,382.0,-2.0,-0.52%,0.0,117.0,2024-10-16,False,382.0,-2.0,2024-10-15,384.0,1.0,-0.0052219439811517126,is7v24_daily_historical-data-08-12-2026.csv,True,IS7V24,2024-10-15,384.0,-0.0052219439811517126,384.0,,,-0.0052219439811517126,0.0511521705300511,105.24830380000039,-0.030930300691358752,-0.01041676085825579,,0.011766825804455655,0.75,0.0
IS7V24,2024-10-17,379.0,379.0,379.0,379.0,-3.0,-0.79%,0.0,60.0,2024-10-17,False,379.0,-3.0,2024-10-16,382.0,1.0,-0.00788440352414887,is7v24_daily_historical-data-08-12-2026.csv,True,IS7V24,2024-10-16,382.0,-0.00788440352414887,382.0,,,-0.00788440352414887,0.04326776700590223,104.42174644031452,-0.02861053404126589,-0.015707129205358016,,0.011841093425638742,0.75,0.0
IS7V24,2024-10-18,380.0,380.0,380.0,380.0,1.0,+0.26%,0.0,117.0,2024-10-18,False,380.0,1.0,2024-10-17,379.0,1.0,0.002635047638005032,is7v24_daily_historical-data-08-12-2026.csv,True,IS7V24,2024-10-17,379.0,0.002635047638005032,379.0,,,0.002635047638005032,0.04590281464390726,104.6972655602098,-0.01825344030935058,-0.038714512180690636,,0.012034754034114093,0.8,0.0
IS7V24,2024-10-21,380.0,380.0,379.0,380.0,0.0,0.00%,0.0,117.0,2024-10-21,False,380.0,0.0,2024-10-18,380.0,3.0,0.0,is7v24_daily_historical-data-08-12-2026.csv,True,IS7V24,2024-10-18,380.0,0.0,380.0,,,0.0,0.04590281464390726,104.6972655602098,-0.023408090898015002,-0.04628075256400651,,0.0076573640351250945,0.8,0.0
IS7V24,2024-10-22,379.0,379.0,379.0,379.0,-1.0,-0.26%,0.0,117.0,2024-10-22,False,379.0,-1.0,2024-10-21,380.0,1.0,-0.0026350476380051138,is7v24_daily_historical-data-08-12-2026.csv,True,IS7V24,2024-10-21,380.0,-0.0026350476380051138,380.0,,,-0.0026350476380051138,0.043267767005902145,104.42174644031452,-0.013106347505300665,-0.03627340678683516,,0.006717800249333692,0.75,0.0
IS7V24,2024-10-23,379.0,379.0,379.0,379.0,0.0,0.00%,0.0,117.0,2024-10-23,False,379.0,0.0,2024-10-22,379.0,1.0,0.0,is7v24_daily_historical-data-08-12-2026.csv,True,IS7V24,2024-10-22,379.0,0.0,379.0,,,0.0,0.043267767005902145,104.42174644031452,-0.007884403524148952,-0.03881470421550771,0.024033199444155967,0.006109080020726407,0.75,0.0
IS7V24,2024-10-24,379.0,379.0,379.0,379.0,0.0,0.00%,0.0,50.0,2024-10-24,False,379.0,0.0,2024-10-23,379.0,1.0,0.0,is7v24_daily_historical-data-08-12-2026.csv,True,IS7V24,2024-10-23,379.0,0.0,379.0,,,0.0,0.043267767005902145,104.42174644031452,-8.370040771588094e-17,-0.02861053404126597,0.015957785438610636,0.005872226658265122,0.75,0.0
IS7V24,2024-10-25,379.0,379.0,379.0,379.0,0.0,0.00%,0.0,117.0,2024-10-25,False,379.0,0.0,2024-10-24,379.0,1.0,0.0,is7v24_daily_historical-data-08-12-2026.csv,True,IS7V24,2024-10-24,379.0,0.0,379.0,,,0.0,0.043267767005902145,104.42174644031452,-0.0026350476380051155,-0.02088848794735569,0.010610179112015361,0.005527951046078492,0.75,0.0
IS7X24,2024-10-28,372.0,372.0,372.0,372.0,-7.0,-1.85%,0.0,117.0,2024-10-28,True,372.0,0.0,2024-10-25,372.0,3.0,0.0,is7x24_daily_historical-data-08-12-2026.csv,True,IS7V24,2024-10-25,379.0,-0.01864235080927983,372.0,-0.01864235080927983,0.0,0.0,0.043267767005902145,104.42174644031452,-0.0026350476380051155,-0.026043138536020114,-0.020888487947355656,0.005308458260948059,0.75,0.0
IS7X24,2024-10-29,372.0,372.0,372.0,372.0,0.0,0.00%,0.0,117.0,2024-10-29,False,372.0,0.0,2024-10-28,372.0,1.0,0.0,is7x24_daily_historical-data-08-12-2026.csv,True,IS7X24,2024-10-28,372.0,0.0,372.0,,,0.0,0.043267767005902145,104.42174644031452,0.0,-0.013106347505300663,-0.020888487947355656,0.0047475786304983295,0.8,0.0
IS7X24,2024-10-30,379.0,379.0,379.0,379.0,7.0,+1.88%,0.0,117.0,2024-10-30,False,379.0,7.0,2024-10-29,372.0,1.0,0.018642350809279774,is7x24_daily_historical-data-08-12-2026.csv,True,IS7X24,2024-10-29,372.0,0.018642350809279774,372.0,,,0.018642350809279774,0.06191011781518192,106.38667177655698,0.01864235080927977,0.010757947285130822,0.00034118642687502865,0.0030937542007161574,0.8,0.0
IS7X24,2024-10-31,379.0,379.0,379.0,379.0,0.0,0.00%,0.0,40.0,2024-10-31,False,379.0,0.0,2024-10-30,379.0,1.0,0.0,is7x24_daily_historical-data-08-12-2026.csv,True,IS7X24,2024-10-30,379.0,0.0,379.0,,,0.0,0.06191011781518192,106.38667177655698,0.018642350809279774,0.018642350809279694,0.002935221603921676,0.006766048179928404,0.8,0.0
IS7X24,2024-11-01,379.0,379.0,379.0,379.0,0.0,0.00%,0.0,107.0,2024-11-01,False,379.0,0.0,2024-10-31,379.0,1.0,0.0,is7x24_daily_historical-data-08-12-2026.csv,True,IS7X24,2024-10-31,379.0,0.0,379.0,,,0.0,0.06191011781518192,106.38667177655698,0.018642350809279774,0.01600730317127466,-0.022707209009415977,0.006024675845920318,0.8,0.0
IS7X24,2024-11-04,378.0,382.0,378.0,382.0,3.0,+0.79%,0.0,107.0,2024-11-04,False,382.0,3.0,2024-11-01,379.0,3.0,0.007884403524148835,is7x24_daily_historical-data-08-12-2026.csv,True,IS7X24,2024-11-01,379.0,0.007884403524148835,379.0,,,0.007884403524148835,0.06979452133933076,107.22878263494661,0.02652675433342861,0.023891706695423495,-0.02238904586858302,0.0060448080961093345,0.8,0.0
IS7X24,2024-11-05,381.0,381.0,381.0,381.0,-1.0,-0.26%,0.0,107.0,2024-11-05,False,381.0,-1.0,2024-11-04,382.0,1.0,-0.0026212334798741926,is7x24_daily_historical-data-08-12-2026.csv,True,IS7X24,2024-11-04,382.0,-0.0026212334798741926,382.0,,,-0.0026212334798741926,0.06717328785945656,106.94807901548342,0.023905520853554418,0.02390552085355442,-0.012367885933280745,0.006320717028597368,0.75,0.0
IS7X24,2024-11-06,379.0,379.0,379.0,379.0,-2.0,-0.52%,0.0,107.0,2024-11-06,False,379.0,-2.0,2024-11-05,381.0,1.0,-0.005263170044274644,is7x24_daily_historical-data-08-12-2026.csv,True,IS7X24,2024-11-05,381.0,-0.005263170044274644,381.0,,,-0.005263170044274644,0.061910117815181916,106.38667177655698,-1.734723475976807e-18,0.018642350809279777,-0.020172353406227937,0.006319498352593658,0.8,0.0
IS7X24,2024-11-07,379.0,379.0,379.0,379.0,0.0,0.00%,0.0,40.0,2024-11-07,False,379.0,0.0,2024-11-06,379.0,1.0,0.0,is7x24_daily_historical-data-08-12-2026.csv,True,IS7X24,2024-11-06,379.0,0.0,379.0,,,0.0,0.061910117815181916,106.38667177655698,-1.734723475976807e-18,0.018642350809279777,-0.009968183231986201,0.00674552660104954,0.8,0.0
IS7X24,2024-11-08,375.0,375.0,375.0,375.0,-4.0,-1.06%,0.0,107.0,2024-11-08,False,375.0,-4.0,2024-11-07,379.0,1.0,-0.010610179112015571,is7x24_daily_historical-data-08-12-2026.csv,True,IS7X24,2024-11-07,379.0,-0.010610179112015571,379.0,,,-0.010610179112015571,0.05129993870316635,105.26385729870414,-0.010610179112015573,0.008032171697264204,-0.012856316250091496,0.00674552660104954,0.8,0.0
IS7X24,2024-11-11,373.0,373.0,373.0,373.0,-2.0,-0.53%,0.0,107.0,2024-11-11,False,373.0,-2.0,2024-11-08,375.0,3.0,-0.005347606326595242,is7x24_daily_historical-data-08-12-2026.csv,True,IS7X24,2024-11-08,375.0,-0.005347606326595242,375.0,,,-0.005347606326595242,0.045952332376571106,104.70245005977772,-0.02384218896275965,0.0026845653706689607,-0.02335857316535116,0.007820181932172156,0.8,0.0
IS7X24,2024-11-12,370.0,370.0,370.0,370.0,-3.0,-0.80%,0.0,107.0,2024-11-12,False,370.0,-3.0,2024-11-11,373.0,1.0,-0.008075414005545418,is7x24_daily_historical-data-08-12-2026.csv,True,IS7X24,2024-11-11,373.0,-0.008075414005545418,373.0,,,-0.008075414005545418,0.03787691837102569,103.86033920138809,-0.029296369488430875,-0.005390848634876457,-0.018497196140177127,0.008060362492463294,0.85,0.0
IS7X24,2024-11-13,365.0,365.0,365.0,365.0,-5.0,-1.35%,0.0,107.0,2024-11-13,False,365.0,-5.0,2024-11-12,370.0,1.0,-0.013605652055778598,is7x24_daily_historical-data-08-12-2026.csv,True,IS7X24,2024-11-12,370.0,-0.013605652055778598,370.0,,,-0.013605652055778598,0.024271266315247092,102.45682110407203,-0.03763885149993483,-0.03763885149993483,-0.026880904214804012,0.008483656622344618,0.9,0.0
IS7X24,2024-11-14,364.0,364.0,364.0,364.0,-1.0,-0.27%,0.0,40.0,2024-11-14,False,364.0,-1.0,2024-11-13,365.0,1.0,-0.0027434859457508326,is7x24_daily_historical-data-08-12-2026.csv,True,IS7X24,2024-11-13,365.0,-0.0027434859457508326,365.0,,,-0.0027434859457508326,0.02152778036949626,102.17611748460882,-0.04038233744568566,-0.04038233744568566,-0.021739986636405976,0.006205429540297073,0.9,0.0
IS7X24,2024-11-15,363.0,367.0,363.0,367.0,3.0,+0.82%,0.0,107.0,2024-11-15,False,367.0,3.0,2024-11-14,364.0,1.0,0.008207980417829582,is7x24_daily_historical-data-08-12-2026.csv,True,IS7X24,2024-11-14,364.0,0.008207980417829582,364.0,,,0.008207980417829582,0.029735760787325843,103.01822834299846,-0.021564177915840508,-0.03217435702785608,-0.016167053856581425,0.006079911490735043,0.9,0.0
IS7X24,2024-11-18,367.0,367.0,367.0,367.0,0.0,0.00%,3.0,107.0,2024-11-18,False,367.0,0.0,2024-11-15,367.0,3.0,0.0,is7x24_daily_historical-data-08-12-2026.csv,True,IS7X24,2024-11-15,367.0,0.0,367.0,,,0.0,0.029735760787325843,103.01822834299846,-0.016216571589245266,-0.04005876055200491,-0.016167053856581425,0.007146197504019957,0.85,0.0
IS7X24,2024-11-19,364.0,364.0,364.0,364.0,-3.0,-0.82%,0.0,107.0,2024-11-19,False,364.0,-3.0,2024-11-18,367.0,1.0,-0.008207980417829622,is7x24_daily_historical-data-08-12-2026.csv,True,IS7X24,2024-11-18,367.0,-0.008207980417829622,367.0,,,-0.008207980417829622,0.02152778036949622,102.17611748460882,-0.01634913800152947,-0.045645507489960345,-0.02173998663640593,0.006150861956631657,0.9,0.0
IS7X24,2024-11-20,360.0,360.0,360.0,360.0,-4.0,-1.10%,0.0,107.0,2024-11-20,False,360.0,-4.0,2024-11-19,364.0,1.0,-0.011049836186584935,is7x24_daily_historical-data-08-12-2026.csv,True,IS7X24,2024-11-19,364.0,-0.011049836186584935,364.0,,,-0.011049836186584935,0.010477944182911286,101.053303006756,-0.013793322132335807,-0.051432173632270636,-0.032789822822990866,0.006263804285682345,0.9,0.0
IS7X24,2024-11-21,360.0,360.0,360.0,360.0,0.0,0.00%,0.0,40.0,2024-11-21,False,360.0,0.0,2024-11-20,360.0,1.0,0.0,is7x24_daily_historical-data-08-12-2026.csv,True,IS7X24,2024-11-20,360.0,0.0,360.0,,,0.0,0.010477944182911286,101.053303006756,-0.011049836186584975,-0.051432173632270636,-0.032789822822990866,0.006594100940714644,0.9,0.0
IS7Z24,2024-11-22,353.0,353.0,353.0,353.0,-7.0,-1.94%,3.0,107.0,2024-11-22,True,353.0,0.0,2024-11-21,353.0,1.0,0.0,is7z24_daily_historical-data-08-12-2026.csv,True,IS7X24,2024-11-21,360.0,-0.019635974516858962,353.0,-0.019635974516858962,0.0,0.0,0.010477944182911286,101.053303006756,-0.019257816604414557,-0.04082199452025506,-0.032789822822990866,0.006594100940714644,0.9,0.0
IS7Z24,2024-11-25,353.0,353.0,353.0,353.0,0.0,0.00%,0.0,107.0,2024-11-25,False,353.0,0.0,2024-11-22,353.0,3.0,0.0,is7z24_daily_historical-data-08-12-2026.csv,True,IS7Z24,2024-11-22,353.0,0.0,353.0,,,0.0,0.010477944182911286,101.053303006756,-0.019257816604414557,-0.03547438819365982,-0.032789822822990866,0.0064691312223751594,0.9,0.0
IS7Z24,2024-11-26,352.0,352.0,352.0,352.0,-1.0,-0.28%,0.0,107.0,2024-11-26,False,352.0,-1.0,2024-11-25,353.0,1.0,-0.0028368813351997263,is7z24_daily_historical-data-08-12-2026.csv,True,IS7Z24,2024-11-25,353.0,-0.0028368813351997263,353.0,,,-0.0028368813351997263,0.0076410628477115595,100.76703302656686,-0.013886717521784662,-0.03023585552331413,-0.035626704158190595,0.006573096153735459,0.9,0.0
IS7Z24,2024-11-27,350.0,350.0,350.0,350.0,-2.0,-0.57%,0.0,40.0,2024-11-27,False,350.0,-2.0,2024-11-26,352.0,1.0,-0.005698021114637779,is7z24_daily_historical-data-08-12-2026.csv,True,IS7Z24,2024-11-26,352.0,-0.005698021114637779,352.0,,,-0.005698021114637779,0.0019430417330737809,100.19449306618864,-0.008534902449837505,-0.02232822458217331,-0.05996707608210814,0.006377986861194151,0.9,0.0
IS7Z24,2024-11-29,350.0,350.0,350.0,350.0,0.0,0.00%,0.0,97.0,2024-11-29,False,350.0,0.0,2024-11-27,350.0,2.0,0.0,is7z24_daily_historical-data-08-12-2026.csv,True,IS7Z24,2024-11-27,350.0,0.0,350.0,,,0.0,0.0019430417330737809,100.19449306618864,-0.008534902449837505,-0.019584738636422478,-0.05996707608210815,0.0053231972326319935,0.9,0.0
IS7Z24,2024-12-02,355.0,355.0,355.0,355.0,5.0,+1.43%,0.0,97.0,2024-12-02,False,355.0,5.0,2024-11-29,350.0,3.0,0.014184634991956381,is7z24_daily_historical-data-08-12-2026.csv,True,IS7Z24,2024-11-29,350.0,0.014184634991956381,350.0,,,0.014184634991956381,0.01612767672503016,101.62584296713419,0.005649732542118877,-0.01360808406229568,-0.04578244109015177,0.005364491343977387,0.9,0.0
IS7Z24,2024-12-03,344.0,344.0,343.0,344.0,-11.0,-3.10%,0.0,97.0,2024-12-03,False,344.0,-11.0,2024-12-02,355.0,1.0,-0.0314761321020174,is7z24_daily_historical-data-08-12-2026.csv,True,IS7Z24,2024-12-02,355.0,-0.0314761321020174,355.0,,,-0.0314761321020174,-0.015348455376987237,98.47687318505398,-0.025826399559898523,-0.04508421616431307,-0.085142976716318,0.006771435407430915,0.9,0.0
IS7Z24,2024-12-04,345.0,345.0,345.0,345.0,1.0,+0.29%,0.0,97.0,2024-12-04,False,345.0,1.0,2024-12-03,344.0,1.0,0.00290275965796141,is7z24_daily_historical-data-08-12-2026.csv,True,IS7Z24,2024-12-03,344.0,0.00290275965796141,344.0,,,0.00290275965796141,-0.012445695719025826,98.76314316524308,-0.02008675856673739,-0.03397347608852204,-0.07961898357848239,0.011636519477090369,0.9,0.0
IS7Z24,2024-12-05,344.0,345.0,344.0,345.0,0.0,0.00%,0.0,30.0,2024-12-05,False,345.0,0.0,2024-12-04,345.0,1.0,0.0,is7z24_daily_historical-data-08-12-2026.csv,True,IS7Z24,2024-12-04,345.0,0.0,345.0,,,0.0,-0.012445695719025826,98.76314316524308,-0.014388737452099608,-0.022923639901937107,-0.07435581353420775,0.01177365839453131,0.9,0.0
IS7Z24,2024-12-06,343.0,343.0,343.0,343.0,-2.0,-0.58%,0.0,97.0,2024-12-06,False,343.0,-2.0,2024-12-05,345.0,1.0,-0.005813969865419845,is7z24_daily_historical-data-08-12-2026.csv,True,IS7Z24,2024-12-05,345.0,-0.005813969865419845,345.0,,,-0.005813969865419845,-0.01825966558444567,98.19060320486487,-0.020202707317519455,-0.028737609767356953,-0.0801697833996276,0.011490782727850788,0.85,0.0
IS7Z24,2024-12-09,345.0,345.0,345.0,345.0,2.0,+0.58%,3.0,97.0,2024-12-09,False,345.0,2.0,2024-12-06,343.0,3.0,0.005813969865419816,is7z24_daily_historical-data-08-12-2026.csv,True,IS7Z24,2024-12-06,343.0,0.005813969865419816,343.0,,,0.005813969865419816,-0.012445695719025854,98.76314316524308,-0.028573372444056017,-0.022923639901937135,-0.06374563442219221,0.011508978813688396,0.85,0.0
IS7Z24,2024-12-10,343.0,343.0,343.0,343.0,-2.0,-0.58%,0.0,97.0,2024-12-10,False,343.0,-2.0,2024-12-09,345.0,1.0,-0.005813969865419845,is7z24_daily_historical-data-08-12-2026.csv,True,IS7Z24,2024-12-09,345.0,-0.005813969865419845,345.0,,,-0.005813969865419845,-0.018259665584445698,98.19060320486487,-0.0029112102074584636,-0.02873760976735698,-0.06421199796101681,0.01181311550062559,0.85,0.0
IS7Z24,2024-12-11,341.0,341.0,341.0,341.0,-2.0,-0.58%,3.0,97.0,2024-12-11,False,341.0,-2.0,2024-12-10,343.0,1.0,-0.0058479698824231,is7z24_daily_historical-data-08-12-2026.csv,True,IS7Z24,2024-12-10,343.0,-0.0058479698824231,343.0,,,-0.0058479698824231,-0.024107635466868796,97.61806324448663,-0.011661939747842973,-0.031748698314580354,-0.061984553837894495,0.01183081584111489,0.85,0.0
IS7Z24,2024-12-12,340.0,348.0,340.0,348.0,7.0,+2.05%,0.0,30.0,2024-12-12,False,348.0,7.0,2024-12-11,341.0,1.0,0.02032000249095753,is7z24_daily_historical-data-08-12-2026.csv,True,IS7Z24,2024-12-11,341.0,0.02032000249095753,341.0,,,0.02032000249095753,-0.0037876329759112676,99.6219531058104,0.008658062743114555,-0.005730674708985046,-0.02805889929115837,0.011868032338457998,0.85,0.0
IS7Z24,2024-12-13,348.0,348.0,348.0,348.0,0.0,0.00%,0.0,97.0,2024-12-13,False,348.0,0.0,2024-12-12,348.0,1.0,0.0,is7z24_daily_historical-data-08-12-2026.csv,True,IS7Z24,2024-12-12,348.0,0.0,348.0,,,0.0,-0.0037876329759112676,99.6219531058104,0.0144720326085344,-0.005730674708985046,-0.025315413345407534,0.013926795523956403,0.8,0.0
IS7Z24,2024-12-16,347.0,347.0,347.0,347.0,-1.0,-0.29%,0.0,97.0,2024-12-16,False,347.0,-1.0,2024-12-13,348.0,3.0,-0.002877699827615169,is7z24_daily_historical-data-08-12-2026.csv,True,IS7Z24,2024-12-13,348.0,-0.002877699827615169,348.0,,,-0.002877699827615169,-0.006665332803526437,99.3356831256213,0.005780362915499414,-0.022793009528556597,-0.036401093590852286,0.013926795523956403,0.8,0.0
IS7Z24,2024-12-17,344.0,351.0,344.0,351.0,4.0,+1.15%,0.0,97.0,2024-12-17,False,351.0,4.0,2024-12-16,347.0,1.0,0.011461443519006598,is7z24_daily_historical-data-08-12-2026.csv,True,IS7Z24,2024-12-16,347.0,0.011461443519006598,347.0,,,0.011461443519006598,0.004796110715480161,100.48076304637775,0.023055776299925855,0.020144566092467397,-0.02493965007184569,0.012927188933333002,0.85,0.0
IS7Z24,2024-12-18,351.0,351.0,351.0,351.0,0.0,0.00%,0.0,97.0,2024-12-18,False,351.0,0.0,2024-12-17,351.0,1.0,0.0,is7z24_daily_historical-data-08-12-2026.csv,True,IS7Z24,2024-12-17,351.0,0.0,351.0,,,0.0,0.004796110715480161,100.48076304637775,0.028903746182348956,0.01724180643450599,-0.016731669654016068,0.008537495683617072,0.8,0.0
IS7Z24,2024-12-19,351.0,351.0,351.0,351.0,0.0,0.00%,0.0,30.0,2024-12-19,False,351.0,0.0,2024-12-18,351.0,1.0,0.0,is7z24_daily_historical-data-08-12-2026.csv,True,IS7Z24,2024-12-18,351.0,0.0,351.0,,,0.0,0.004796110715480161,100.48076304637775,0.00858374369139143,0.01724180643450599,-0.005681833467431131,0.008553269970478571,0.8,0.0
IS7Z24,2024-12-20,346.0,351.0,346.0,351.0,0.0,0.00%,0.0,97.0,2024-12-20,False,351.0,0.0,2024-12-19,351.0,1.0,0.0,is7z24_daily_historical-data-08-12-2026.csv,True,IS7Z24,2024-12-19,351.0,0.0,351.0,,,0.0,0.004796110715480161,100.48076304637775,0.00858374369139143,0.023055776299925834,-0.005681833467431131,0.008553269970478571,0.8,0.0
IS7Z24,2024-12-23,346.0,346.0,346.0,346.0,-5.0,-1.42%,0.0,97.0,2024-12-23,False,346.0,-5.0,2024-12-20,351.0,3.0,-0.01434744840814154,is7z24_daily_historical-data-08-12-2026.csv,True,IS7Z24,2024-12-20,351.0,-0.01434744840814154,351.0,,,-0.01434744840814154,-0.00955133769266138,99.0494131454322,-0.0028860048891349403,0.0028943580263644762,-0.020029281875572673,0.008173090710973961,0.75,0.0
IS7Z24,2024-12-24,346.0,346.0,346.0,346.0,0.0,0.00%,0.0,97.0,2024-12-24,False,346.0,0.0,2024-12-23,346.0,1.0,0.0,is7z24_daily_historical-data-08-12-2026.csv,True,IS7Z24,2024-12-23,346.0,0.0,346.0,,,0.0,-0.00955133769266138,99.0494131454322,-0.01434744840814154,0.008708327891784322,-0.020029281875572673,0.009577525123359822,0.75,0.0
IS7Z24,2024-12-26,346.0,346.0,346.0,346.0,0.0,0.00%,0.0,30.0,2024-12-26,False,346.0,0.0,2024-12-24,346.0,2.0,0.0,is7z24_daily_historical-data-08-12-2026.csv,True,IS7Z24,2024-12-24,346.0,0.0,346.0,,,0.0,-0.00955133769266138,99.0494131454322,-0.01434744840814154,0.01455629777420742,-0.017192400540372944,0.009339360406203666,0.75,0.0
IS7Z24,2024-12-27,346.0,346.0,346.0,346.0,0.0,0.00%,0.0,97.0,2024-12-27,False,346.0,0.0,2024-12-26,346.0,1.0,0.0,is7z24_daily_historical-data-08-12-2026.csv,True,IS7Z24,2024-12-26,346.0,0.0,346.0,,,0.0,-0.00955133769266138,99.0494131454322,-0.01434744840814154,-0.005763704716750109,-0.011494379425735167,0.00905053123305722,0.75,0.0
IS7F25,2024-12-30,354.0,354.0,354.0,354.0,8.0,+2.31%,0.0,30.0,2024-12-30,True,354.0,0.0,2024-12-27,354.0,3.0,0.0,is7f25_daily_historical-data-08-12-2026.csv,True,IS7Z24,2024-12-27,346.0,0.022858138076050184,354.0,0.022858138076050184,0.0,0.0,-0.00955133769266138,99.0494131454322,-0.01434744840814154,-0.005763704716750109,-0.011494379425735167,0.006165973748955983,0.75,0.0
IS7F25,2024-12-31,354.0,354.0,354.0,354.0,0.0,0.00%,0.0,97.0,2024-12-31,False,354.0,0.0,2024-12-30,354.0,1.0,0.0,is7f25_daily_historical-data-08-12-2026.csv,True,IS7F25,2024-12-30,354.0,0.0,354.0,,,0.0,-0.00955133769266138,99.0494131454322,0.0,-0.0028860048891349395,-0.025679014417691548,0.006165973748955983,0.75,0.0
IS7F25,2025-01-02,354.0,354.0,354.0,354.0,0.0,0.00%,0.0,20.0,2025-01-02,False,354.0,0.0,2024-12-31,354.0,2.0,0.0,is7f25_daily_historical-data-08-12-2026.csv,True,IS7F25,2024-12-31,354.0,0.0,354.0,,,0.0,-0.00955133769266138,99.0494131454322,0.0,-0.014347448408141537,0.00579711768432585,0.006113564707922957,0.75,0.0
IS7F25,2025-01-03,352.0,352.0,352.0,352.0,-2.0,-0.56%,0.0,87.0,2025-01-03,False,352.0,-2.0,2025-01-02,354.0,1.0,-0.005665737535677308,is7f25_daily_historical-data-08-12-2026.csv,True,IS7F25,2025-01-02,354.0,-0.005665737535677308,354.0,,,-0.005665737535677308,-0.015217075228338688,98.48981194122072,-0.005665737535677308,-0.020013185943818845,-0.0027713795093128675,0.004537061558148431,0.8,0.0
IS7F25,2025-01-06,352.0,352.0,352.0,352.0,0.0,0.00%,0.0,87.0,2025-01-06,False,352.0,0.0,2025-01-03,352.0,3.0,0.0,is7f25_daily_historical-data-08-12-2026.csv,True,IS7F25,2025-01-03,352.0,0.0,352.0,,,0.0,-0.015217075228338688,98.48981194122072,-0.005665737535677308,-0.020013185943818845,-0.0027713795093128675,0.004689196762361554,0.8,0.0
IS7F25,2025-01-07,351.0,352.0,351.0,352.0,0.0,0.00%,0.0,87.0,2025-01-07,False,352.0,0.0,2025-01-06,352.0,1.0,0.0,is7f25_daily_historical-data-08-12-2026.csv,True,IS7F25,2025-01-06,352.0,0.0,352.0,,,0.0,-0.015217075228338688,98.48981194122072,-0.005665737535677308,-0.020013185943818845,0.003042590356106977,0.004689196762361554,0.85,0.0
IS7F25,2025-01-08,349.0,349.0,349.0,349.0,-3.0,-0.85%,0.0,87.0,2025-01-08,False,349.0,-3.0,2025-01-07,352.0,1.0,-0.008559253395669948,is7f25_daily_historical-data-08-12-2026.csv,True,IS7F25,2025-01-07,352.0,-0.008559253395669948,352.0,,,-0.008559253395669948,-0.023776328624008636,97.6504101349035,-0.014224990931347256,-0.014224990931347253,-0.011330632904982787,0.004689196762361554,0.8,0.0
IS7F25,2025-01-09,347.0,347.0,346.0,347.0,-2.0,-0.57%,0.0,0.0,2025-01-09,False,347.0,-2.0,2025-01-08,349.0,1.0,-0.005747142255567959,is7f25_daily_historical-data-08-12-2026.csv,True,IS7F25,2025-01-08,349.0,-0.005747142255567959,349.0,,,-0.005747142255567959,-0.029523470879576595,97.090808930692,-0.019972133186915215,-0.019972133186915212,-0.0112638052951309,0.0030754649840810644,0.8,0.0
IS7F25,2025-01-10,346.0,349.0,346.0,349.0,2.0,+0.58%,0.0,87.0,2025-01-10,False,349.0,2.0,2025-01-09,347.0,1.0,0.005747142255568071,is7f25_daily_historical-data-08-12-2026.csv,True,IS7F25,2025-01-09,347.0,0.005747142255568071,347.0,,,0.005747142255568071,-0.023776328624008525,97.6504101349035,-0.008559253395669836,-0.014224990931347142,0.0003313068428602694,0.0033082797513144806,0.75,0.05
IS7F25,2025-01-13,348.0,348.0,348.0,348.0,-1.0,-0.29%,0.0,87.0,2025-01-13,False,348.0,-1.0,2025-01-10,349.0,3.0,-0.00286944242795282,is7f25_daily_historical-data-08-12-2026.csv,True,IS7F25,2025-01-10,349.0,-0.00286944242795282,349.0,,,-0.00286944242795282,-0.026645771051961344,97.37060953279776,-0.011428695823622655,-0.01709443335929996,-0.022858138076050076,0.00409858582692792,0.7,0.05
IS7F25,2025-01-14,347.0,347.0,347.0,347.0,-1.0,-0.29%,0.0,87.0,2025-01-14,False,347.0,-1.0,2025-01-13,348.0,1.0,-0.002877699827615169,is7f25_daily_historical-data-08-12-2026.csv,True,IS7F25,2025-01-13,348.0,-0.002877699827615169,348.0,,,-0.002877699827615169,-0.029523470879576512,97.09080893069202,-0.014306395651237825,-0.01997213318691513,-0.025735837903665248,0.004088363206654301,0.75,0.05
IS7F25,2025-01-15,345.0,348.0,345.0,348.0,1.0,+0.29%,0.0,87.0,2025-01-15,False,348.0,1.0,2025-01-14,347.0,1.0,0.0028776998276151956,is7f25_daily_historical-data-08-12-2026.csv,True,IS7F25,2025-01-14,347.0,0.0028776998276151956,347.0,,,0.0028776998276151956,-0.026645771051961316,97.37060953279777,-0.002869442427952682,-0.017094433359299936,-0.019980438248434883,0.004055817967473737,0.75,0.05
IS7F25,2025-01-16,345.0,345.0,345.0,345.0,-3.0,-0.86%,0.0,20.0,2025-01-16,False,345.0,-3.0,2025-01-15,348.0,1.0,-0.008658062743114541,is7f25_daily_historical-data-08-12-2026.csv,True,IS7F25,2025-01-15,348.0,-0.008658062743114541,348.0,,,-0.008658062743114541,-0.03530383379507586,96.53120772648055,-0.005780362915499264,-0.025752496102414476,-0.04009994451055601,0.0043075481035739875,0.7,0.05
IS7F25,2025-01-17,343.0,348.0,343.0,348.0,3.0,+0.87%,0.0,87.0,2025-01-17,False,348.0,3.0,2025-01-16,345.0,1.0,0.008658062743114531,is7f25_daily_historical-data-08-12-2026.csv,True,IS7F25,2025-01-16,345.0,0.008658062743114531,345.0,,,0.008658062743114531,-0.02664577105196133,97.37060953279777,-0.0028694424279528032,-0.011428695823622636,-0.03144188176744148,0.004770972950879449,0.75,0.05
IS7F25,2025-01-21,343.0,346.0,345.0,346.0,-2.0,-0.57%,0.0,87.0,2025-01-21,False,346.0,-2.0,2025-01-17,348.0,4.0,-0.0057637047167501294,is7f25_daily_historical-data-08-12-2026.csv,True,IS7F25,2025-01-17,348.0,-0.0057637047167501294,348.0,,,-0.0057637047167501294,-0.03240947576871146,96.81100832858628,-0.005763704716750114,-0.017192400540372767,-0.03720558648419162,0.005782912678749098,0.7,0.05
IS7F25,2025-01-22,342.0,345.0,342.0,345.0,-1.0,-0.29%,0.0,87.0,2025-01-22,False,345.0,-1.0,2025-01-21,346.0,1.0,-0.002894358026364526,is7f25_daily_historical-data-08-12-2026.csv,True,IS7F25,2025-01-21,346.0,-0.002894358026364526,346.0,,,-0.002894358026364526,-0.03530383379507599,96.53120772648055,-0.00578036291549947,-0.020086758566737292,-0.04009994451055614,0.005941405077935402,0.65,0.05
IS7F25,2025-01-23,341.0,345.0,345.0,345.0,0.0,0.00%,0.0,30.0,2025-01-23,False,345.0,0.0,2025-01-22,345.0,1.0,0.0,is7f25_daily_historical-data-08-12-2026.csv,True,IS7F25,2025-01-22,345.0,0.0,345.0,,,0.0,-0.03530383379507599,96.53120772648055,-0.008658062743114666,-0.011527505171067346,-0.025752496102414604,0.005918802748192047,0.65,0.05
IS7F25,2025-01-24,341.0,344.0,341.0,344.0,-1.0,-0.29%,0.0,87.0,2025-01-24,False,344.0,-1.0,2025-01-23,345.0,1.0,-0.002902759657961351,is7f25_daily_historical-data-08-12-2026.csv,True,IS7F25,2025-01-23,345.0,-0.002902759657961351,345.0,,,-0.002902759657961351,-0.03820659345303734,96.2514071243748,-0.0029027596579614765,-0.008683122573460739,-0.028655255760375954,0.005467974076197438,0.65,0.05
IS7G25,2025-01-27,349.0,349.0,349.0,349.0,5.0,+1.45%,0.0,87.0,2025-01-27,True,349.0,0.0,2025-01-24,349.0,3.0,0.0,is7g25_daily_historical-data-08-12-2026.csv,True,IS7F25,2025-01-24,344.0,0.014430264829028837,349.0,0.014430264829028837,0.0,0.0,-0.03820659345303734,96.2514071243748,-0.011560822401076008,-0.014430264829028809,-0.028655255760375954,0.005272925708984026,0.6,0.05
IS7G25,2025-01-28,354.0,354.0,354.0,354.0,5.0,+1.43%,0.0,87.0,2025-01-28,False,354.0,5.0,2025-01-27,349.0,1.0,0.01422499093134726,is7g25_daily_historical-data-08-12-2026.csv,True,IS7G25,2025-01-27,349.0,0.01422499093134726,349.0,,,0.01422499093134726,-0.02398160252169008,97.63036711183003,0.008427873247021381,0.0026641685302712693,-0.014430264829028695,0.004760024196313735,0.6,0.05
IS7G25,2025-01-29,356.0,356.0,356.0,356.0,2.0,+0.56%,0.0,87.0,2025-01-29,False,356.0,2.0,2025-01-28,354.0,1.0,0.005633817718256064,is7g25_daily_historical-data-08-12-2026.csv,True,IS7G25,2025-01-28,354.0,0.005633817718256064,354.0,,,0.005633817718256064,-0.018347784803434016,98.18195110681212,0.01695604899164197,0.011175686076142503,-0.00879644711077263,0.006816243794567567,0.6,0.05
IS7G25,2025-01-30,360.0,360.0,360.0,360.0,4.0,+1.12%,0.0,10.0,2025-01-30,False,360.0,4.0,2025-01-29,356.0,1.0,0.011173300598125255,is7g25_daily_historical-data-08-12-2026.csv,True,IS7G25,2025-01-29,356.0,0.011173300598125255,356.0,,,0.011173300598125255,-0.007174484205308761,99.28511909677631,0.028129349589767226,0.01947128684665256,0.0023768534873526252,0.006910776965934579,0.6,0.05
IS7G25,2025-01-31,360.0,360.0,360.0,360.0,0.0,0.00%,0.0,77.0,2025-01-31,False,360.0,0.0,2025-01-30,360.0,1.0,0.0,is7g25_daily_historical-data-08-12-2026.csv,True,IS7G25,2025-01-30,360.0,0.0,360.0,,,0.0,-0.007174484205308761,99.28511909677631,0.031032109247728576,0.0281293495897671,0.0023768534873526252,0.00760823770801552,0.6,0.05
IS7G25,2025-02-03,360.0,360.0,360.0,360.0,0.0,0.00%,0.0,77.0,2025-02-03,False,360.0,0.0,2025-01-31,360.0,3.0,0.0,is7g25_daily_historical-data-08-12-2026.csv,True,IS7G25,2025-01-31,360.0,0.0,360.0,,,0.0,-0.007174484205308761,99.28511909677631,0.031032109247728576,0.019471286846652572,0.008042591023029934,0.006706485658951047,0.6,0.05
IS7G25,2025-02-04,359.0,359.0,359.0,359.0,-1.0,-0.28%,0.0,77.0,2025-02-04,False,359.0,-1.0,2025-02-03,360.0,1.0,-0.0027816429618768026,is7g25_daily_historical-data-08-12-2026.csv,True,IS7G25,2025-02-03,360.0,-0.0027816429618768026,360.0,,,-0.0027816429618768026,-0.009956127167185564,99.00932709928526,0.014025475354504513,0.0224533486015259,0.005260948061153131,0.006420829197641819,0.6,0.05
IS7G25,2025-02-05,358.0,359.0,358.0,359.0,0.0,0.00%,0.0,77.0,2025-02-05,False,359.0,0.0,2025-02-04,359.0,1.0,0.0,is7g25_daily_historical-data-08-12-2026.csv,True,IS7G25,2025-02-04,359.0,0.0,359.0,,,0.0,-0.009956127167185564,99.00932709928526,0.00839165763624845,0.025347706627890425,0.005260948061153131,0.006083296699226464,0.6,0.05
IS7G25,2025-02-06,358.0,359.0,358.0,359.0,0.0,0.00%,0.0,10.0,2025-02-06,False,359.0,0.0,2025-02-05,359.0,1.0,0.0,is7g25_daily_historical-data-08-12-2026.csv,True,IS7G25,2025-02-05,359.0,0.0,359.0,,,0.0,-0.009956127167185564,99.00932709928526,-0.0027816429618768043,0.025347706627890425,0.013820201456823078,0.005876940279179672,0.6,0.05
IS7G25,2025-02-07,358.0,358.0,358.0,358.0,-1.0,-0.28%,0.0,77.0,2025-02-07,False,358.0,-1.0,2025-02-06,359.0,1.0,-0.0027894020875785254,is7g25_daily_historical-data-08-12-2026.csv,True,IS7G25,2025-02-06,359.0,-0.0027894020875785254,359.0,,,-0.0027894020875785254,-0.01274552925476409,98.73353510179422,-0.00557104504945533,0.02546106419827325,0.016777941624812512,0.005876940279179672,0.55,0.05
IS7G25,2025-02-10,357.0,358.0,357.0,358.0,0.0,0.00%,0.0,77.0,2025-02-10,False,358.0,0.0,2025-02-07,358.0,3.0,0.0,is7g25_daily_historical-data-08-12-2026.csv,True,IS7G25,2025-02-07,358.0,0.0,358.0,,,0.0,-0.01274552925476409,98.73353510179422,-0.00557104504945533,0.02546106419827325,0.01103079936924444,0.005865384688513149,0.6,0.0
IS7G25,2025-02-11,357.0,357.0,357.0,357.0,-1.0,-0.28%,0.0,77.0,2025-02-11,False,357.0,-1.0,2025-02-10,358.0,1.0,-0.002797204621061254,is7g25_daily_historical-data-08-12-2026.csv,True,IS7G25,2025-02-10,358.0,-0.002797204621061254,358.0,,,-0.002797204621061254,-0.015542733875825344,98.45774310430318,-0.0055866067086397814,0.008438868645864739,0.011103037176136006,0.005865384688513149,0.6,0.0
IS7G25,2025-02-12,357.0,358.0,357.0,358.0,1.0,+0.28%,0.0,77.0,2025-02-12,False,358.0,1.0,2025-02-11,357.0,1.0,0.002797204621061219,is7g25_daily_historical-data-08-12-2026.csv,True,IS7G25,2025-02-11,357.0,0.002797204621061219,357.0,,,0.002797204621061219,-0.012745529254764125,98.73353510179422,-0.002789402087578562,0.005602255548669893,0.016777941624812394,0.004381828045741468,0.6,0.0
IS7G25,2025-02-13,357.0,358.0,357.0,358.0,0.0,0.00%,0.0,10.0,2025-02-13,False,358.0,0.0,2025-02-12,358.0,1.0,0.0,is7g25_daily_historical-data-08-12-2026.csv,True,IS7G25,2025-02-12,358.0,0.0,358.0,,,0.0,-0.012745529254764125,98.73353510179422,-0.002789402087578562,-0.005571045049455362,0.0139002417971972,0.0041213688191414745,0.55,0.0
IS7G25,2025-02-14,357.0,358.0,357.0,358.0,0.0,0.00%,0.0,77.0,2025-02-14,False,358.0,0.0,2025-02-13,358.0,1.0,0.0,is7g25_daily_historical-data-08-12-2026.csv,True,IS7G25,2025-02-13,358.0,0.0,358.0,,,0.0,-0.012745529254764125,98.73353510179422,-3.642919299551295e-17,-0.005571045049455362,0.02255830454031174,0.0017658285642034796,0.55,0.0
IS7G25,2025-02-18,357.0,358.0,357.0,358.0,0.0,0.00%,0.0,77.0,2025-02-18,False,358.0,0.0,2025-02-14,358.0,4.0,0.0,is7g25_daily_historical-data-08-12-2026.csv,True,IS7G25,2025-02-14,358.0,0.0,358.0,,,0.0,-0.012745529254764125,98.73353510179422,-3.642919299551295e-17,-0.005571045049455362,0.01390024179719721,0.0017658285642034796,0.5,0.0
IS7G25,2025-02-19,357.0,358.0,357.0,358.0,0.0,0.00%,0.0,77.0,2025-02-19,False,358.0,0.0,2025-02-18,358.0,1.0,0.0,is7g25_daily_historical-data-08-12-2026.csv,True,IS7G25,2025-02-18,358.0,0.0,358.0,,,0.0,-0.012745529254764125,98.73353510179422,0.0027972046210612174,-0.0027894020875785593,0.019663946513947338,0.0017658285642034796,0.5,0.0
IS7G25,2025-02-20,357.0,357.0,357.0,357.0,-1.0,-0.28%,0.0,10.0,2025-02-20,False,357.0,-1.0,2025-02-19,358.0,1.0,-0.002797204621061254,is7g25_daily_historical-data-08-12-2026.csv,True,IS7G25,2025-02-19,358.0,-0.002797204621061254,358.0,,,-0.002797204621061254,-0.015542733875825379,98.45774310430316,-0.0027972046210612556,-0.005586606708639813,0.01976109991925061,0.0015864493895257944,0.5,0.0
IS7G25,2025-02-21,356.0,357.0,356.0,357.0,0.0,0.00%,0.0,77.0,2025-02-21,False,357.0,0.0,2025-02-20,357.0,1.0,0.0,is7g25_daily_historical-data-08-12-2026.csv,True,IS7G25,2025-02-20,357.0,0.0,357.0,,,0.0,-0.015542733875825379,98.45774310430316,-0.0027972046210612556,-0.005586606708639813,0.01976109991925061,0.0017680123061017219,0.55,0.0
IS7H25,2025-02-24,364.0,364.0,364.0,364.0,7.0,+1.96%,0.0,77.0,2025-02-24,True,364.0,0.0,2025-02-21,364.0,3.0,0.0,is7h25_daily_historical-data-08-12-2026.csv,True,IS7G25,2025-02-21,357.0,0.019418085857101516,364.0,0.019418085857101516,0.0,0.0,-0.015542733875825379,98.45774310430316,-0.0027972046210612556,-0.0027972046210612877,0.02266385957721196,0.0017680123061017219,0.5,0.0
IS7H25,2025-02-25,364.0,364.0,364.0,364.0,0.0,0.00%,0.0,77.0,2025-02-25,False,364.0,0.0,2025-02-24,364.0,1.0,0.0,is7h25_daily_historical-data-08-12-2026.csv,True,IS7H25,2025-02-24,364.0,0.0,364.0,,,0.0,-0.015542733875825379,98.45774310430316,-0.0027972046210612556,-0.0027972046210612877,0.02266385957721196,0.0015878226078868715,0.55,0.0
IS7H25,2025-02-26,364.0,364.0,364.0,364.0,0.0,0.00%,0.0,77.0,2025-02-26,False,364.0,0.0,2025-02-25,364.0,1.0,0.0,is7h25_daily_historical-data-08-12-2026.csv,True,IS7H25,2025-02-25,364.0,0.0,364.0,,,0.0,-0.015542733875825379,98.45774310430316,-0.0027972046210612556,-3.382710778154774e-17,0.008438868645864702,0.0015878226078868715,0.55,0.0
IS7H25,2025-02-27,364.0,364.0,364.0,364.0,0.0,0.00%,0.0,10.0,2025-02-27,False,364.0,0.0,2025-02-26,364.0,1.0,0.0,is7h25_daily_historical-data-08-12-2026.csv,True,IS7H25,2025-02-26,364.0,0.0,364.0,,,0.0,-0.015542733875825379,98.45774310430316,0.0,-0.002797204621061253,0.0028050509276086382,0.0013186149039458122,0.55,0.0
IS7H25,2025-02-28,364.0,364.0,364.0,364.0,0.0,0.00%,0.0,70.0,2025-02-28,False,364.0,0.0,2025-02-27,364.0,1.0,0.0,is7h25_daily_historical-data-08-12-2026.csv,True,IS7H25,2025-02-27,364.0,0.0,364.0,,,0.0,-0.015542733875825379,98.45774310430316,0.0,-0.002797204621061253,-0.008368249670516616,0.0008845537684101475,0.55,0.0
IS7H25,2025-03-03,364.0,364.0,364.0,364.0,0.0,0.00%,0.0,70.0,2025-03-03,False,364.0,0.0,2025-02-28,364.0,3.0,0.0,is7h25_daily_historical-data-08-12-2026.csv,True,IS7H25,2025-02-28,364.0,0.0,364.0,,,0.0,-0.015542733875825379,98.45774310430316,0.0,-0.002797204621061253,-0.008368249670516616,0.0008845537684101475,0.55,0.0
IS7H25,2025-03-04,364.0,364.0,364.0,364.0,0.0,0.00%,0.0,70.0,2025-03-04,False,364.0,0.0,2025-03-03,364.0,1.0,0.0,is7h25_daily_historical-data-08-12-2026.csv,True,IS7H25,2025-03-03,364.0,0.0,364.0,,,0.0,-0.015542733875825379,98.45774310430316,0.0,-0.002797204621061253,-0.008368249670516616,0.0008845537684101475,0.55,0.0
IS7H25,2025-03-05,364.0,365.0,364.0,365.0,1.0,+0.27%,0.0,70.0,2025-03-05,False,365.0,1.0,2025-03-04,364.0,1.0,0.002743485945750834,is7h25_daily_historical-data-08-12-2026.csv,True,IS7H25,2025-03-04,364.0,0.002743485945750834,364.0,,,0.002743485945750834,-0.012799247930074545,98.72823140953477,0.002743485945750832,-5.371867531041904e-05,-0.0028431207628889787,0.0008845537684101475,0.55,0.0
IS7H25,2025-03-06,368.0,368.0,368.0,368.0,3.0,+0.82%,3.0,73.0,2025-03-06,False,368.0,3.0,2025-03-05,365.0,1.0,0.008185584586439502,is7h25_daily_historical-data-08-12-2026.csv,True,IS7H25,2025-03-05,365.0,0.008185584586439502,365.0,,,0.008185584586439502,-0.004613663343635043,99.53969632522957,0.010929070532190334,0.010929070532190336,0.005342463823550523,0.0013060023930984799,0.5,0.0
IS7H25,2025-03-07,368.0,368.0,368.0,368.0,0.0,0.00%,0.0,73.0,2025-03-07,False,368.0,0.0,2025-03-06,368.0,1.0,0.0,is7h25_daily_historical-data-08-12-2026.csv,True,IS7H25,2025-03-06,368.0,0.0,368.0,,,0.0,-0.004613663343635043,99.53969632522957,0.010929070532190334,0.010929070532190338,0.005342463823550523,0.002637044892520765,0.55,0.0
IS7H25,2025-03-10,367.0,367.0,367.0,367.0,-1.0,-0.27%,0.0,73.0,2025-03-10,False,367.0,-1.0,2025-03-07,368.0,3.0,-0.0027210901143606132,is7h25_daily_historical-data-08-12-2026.csv,True,IS7H25,2025-03-07,368.0,-0.0027210901143606132,368.0,,,-0.0027210901143606132,-0.0073347534579956564,99.26920801999798,0.00820798041782972,0.008207980417829724,0.0054107757967684356,0.002637044892520765,0.6,0.0
IS7H25,2025-03-11,367.0,367.0,367.0,367.0,0.0,0.00%,0.0,73.0,2025-03-11,False,367.0,0.0,2025-03-10,367.0,1.0,0.0,is7h25_daily_historical-data-08-12-2026.csv,True,IS7H25,2025-03-10,367.0,0.0,367.0,,,0.0,-0.0073347534579956564,99.26920801999798,0.00820798041782972,0.008207980417829724,0.0054107757967684356,0.002890554489536398,0.6,0.0
IS7H25,2025-03-12,367.0,367.0,367.0,367.0,0.0,0.00%,0.0,73.0,2025-03-12,False,367.0,0.0,2025-03-11,367.0,1.0,0.0,is7h25_daily_historical-data-08-12-2026.csv,True,IS7H25,2025-03-11,367.0,0.0,367.0,,,0.0,-0.0073347534579956564,99.26920801999798,0.005464494472078887,0.008207980417829724,0.00820798041782969,0.002890554489536398,0.65,0.0
IS7H25,2025-03-13,367.0,367.0,367.0,367.0,0.0,0.00%,0.0,73.0,2025-03-13,False,367.0,0.0,2025-03-12,367.0,1.0,0.0,is7h25_daily_historical-data-08-12-2026.csv,True,IS7H25,2025-03-12,367.0,0.0,367.0,,,0.0,-0.0073347534579956564,99.26920801999798,-0.002721090114360615,0.008207980417829724,0.00541077579676847,0.002890554489536398,0.65,0.0
IS7H25,2025-03-14,372.0,372.0,372.0,372.0,5.0,+1.36%,0.0,73.0,2025-03-14,False,372.0,5.0,2025-03-13,367.0,1.0,0.013532006218576373,is7h25_daily_historical-data-08-12-2026.csv,True,IS7H25,2025-03-13,367.0,0.013532006218576373,367.0,,,0.013532006218576373,0.006197252760580717,100.621649546156,0.010810916104215758,0.021739986636406097,0.018942782015344842,0.002890554489536398,0.7,0.0
IS7H25,2025-03-17,371.0,371.0,371.0,371.0,-1.0,-0.27%,0.0,73.0,2025-03-17,False,371.0,-1.0,2025-03-14,372.0,3.0,-0.0026917916657114146,is7h25_daily_historical-data-08-12-2026.csv,True,IS7H25,2025-03-14,372.0,-0.0026917916657114146,372.0,,,-0.0026917916657114146,0.003505461094869302,100.3511612409244,0.010840214552864956,0.019048194970694682,0.01625099034963343,0.004919206484916906,0.75,0.0
IS7H25,2025-03-18,371.0,371.0,371.0,371.0,0.0,0.00%,0.0,73.0,2025-03-18,False,371.0,0.0,2025-03-17,371.0,1.0,0.0,is7h25_daily_historical-data-08-12-2026.csv,True,IS7H25,2025-03-17,371.0,0.0,371.0,,,0.0,0.003505461094869302,100.3511612409244,0.010840214552864956,0.019048194970694682,0.01625099034963343,0.005120898392033506,0.8,0.0
IS7H25,2025-03-19,371.0,371.0,371.0,371.0,0.0,0.00%,0.0,73.0,2025-03-19,False,371.0,0.0,2025-03-18,371.0,1.0,0.0,is7h25_daily_historical-data-08-12-2026.csv,True,IS7H25,2025-03-18,371.0,0.0,371.0,,,0.0,0.003505461094869302,100.3511612409244,0.010840214552864956,0.016304709024943846,0.01625099034963343,0.005120898392033506,0.85,0.0
IS7H25,2025-03-20,371.0,371.0,371.0,371.0,0.0,0.00%,0.0,10.0,2025-03-20,False,371.0,0.0,2025-03-19,371.0,1.0,0.0,is7h25_daily_historical-data-08-12-2026.csv,True,IS7H25,2025-03-19,371.0,0.0,371.0,,,0.0,0.003505461094869302,100.3511612409244,0.010840214552864956,0.008119124438504346,0.019048194970694682,0.005144411287607824,0.9,0.0
IS7H25,2025-03-21,373.0,373.0,373.0,373.0,2.0,+0.54%,0.0,73.0,2025-03-21,False,373.0,2.0,2025-03-20,371.0,1.0,0.005376357036380496,is7h25_daily_historical-data-08-12-2026.csv,True,IS7H25,2025-03-20,371.0,0.005376357036380496,371.0,,,0.005376357036380496,0.008881818131249799,100.89213785138762,0.0026845653706690795,0.013495481474884843,0.024424552007075176,0.004608847143349671,0.9,0.0
IS7H25,2025-03-24,372.0,372.0,372.0,372.0,-1.0,-0.27%,3.0,73.0,2025-03-24,False,372.0,-1.0,2025-03-21,373.0,3.0,-0.002684565370668987,is7h25_daily_historical-data-08-12-2026.csv,True,IS7H25,2025-03-21,373.0,-0.002684565370668987,373.0,,,-0.002684565370668987,0.006197252760580812,100.62164954615602,0.002691791665711507,0.013532006218576469,0.02173998663640619,0.00481268784961395,0.95,0.0
IS7H25,2025-03-25,373.0,373.0,373.0,373.0,1.0,+0.27%,0.0,73.0,2025-03-25,False,373.0,1.0,2025-03-24,372.0,1.0,0.002684565370668983,is7h25_daily_historical-data-08-12-2026.csv,True,IS7H25,2025-03-24,372.0,0.002684565370668983,372.0,,,0.002684565370668983,0.008881818131249795,100.89213785138762,0.00537635703638049,0.01621657158924545,0.024424552007075172,0.004809267923652512,0.95,0.0
IS7H25,2025-03-26,374.0,374.0,374.0,374.0,1.0,+0.27%,0.0,73.0,2025-03-26,False,374.0,1.0,2025-03-25,373.0,1.0,0.0026773777707163942,is7h25_daily_historical-data-08-12-2026.csv,True,IS7H25,2025-03-25,373.0,0.0026773777707163942,373.0,,,0.0026773777707163942,0.01155919590196619,101.16262615661921,0.008053734807096884,0.018893949359961845,0.027101929777791568,0.0048002570845702116,0.95,0.0
IS7J25,2025-03-27,378.0,378.0,378.0,378.0,4.0,+1.07%,1.0,73.0,2025-03-27,True,378.0,0.0,2025-03-26,378.0,1.0,0.0,is7j25_daily_historical-data-08-12-2026.csv,True,IS7H25,2025-03-26,374.0,0.010638398205055797,378.0,0.010638398205055797,0.0,0.0,0.01155919590196619,101.16262615661921,0.008053734807096884,0.018893949359961845,0.027101929777791568,0.004774354541576587,0.95,0.0
IS7J25,2025-03-28,376.0,376.0,373.0,376.0,-2.0,-0.53%,9.0,76.0,2025-03-28,False,376.0,-2.0,2025-03-27,378.0,1.0,-0.005305052229693229,is7j25_daily_historical-data-08-12-2026.csv,True,IS7J25,2025-03-27,378.0,-0.005305052229693229,378.0,,,-0.005305052229693229,0.0062541436722729615,100.62737416637255,-0.002627674458976841,5.689091169224381e-05,0.021796877548098337,0.004774354541576587,0.95,0.0
IS7J25,2025-03-31,376.0,376.0,376.0,376.0,0.0,0.00%,0.0,76.0,2025-03-31,False,376.0,0.0,2025-03-28,376.0,3.0,0.0,is7j25_daily_historical-data-08-12-2026.csv,True,IS7J25,2025-03-28,376.0,0.0,376.0,,,0.0,0.0062541436722729615,100.62737416637255,5.6890911692146235e-05,0.0027486825774036584,0.021796877548098337,0.0030889830588783553,0.9,0.0
IS7J25,2025-04-01,376.0,376.0,376.0,376.0,0.0,0.00%,0.0,76.0,2025-04-01,False,376.0,0.0,2025-03-31,376.0,1.0,0.0,is7j25_daily_historical-data-08-12-2026.csv,True,IS7J25,2025-03-31,376.0,0.0,376.0,,,0.0,0.0062541436722729615,100.62737416637255,-0.0026276744589768366,0.0027486825774036584,0.021796877548098337,0.0029415680387091165,0.9,0.0
IS7J25,2025-04-02,376.0,376.0,376.0,376.0,0.0,0.00%,0.0,66.0,2025-04-02,False,376.0,0.0,2025-04-01,376.0,1.0,0.0,is7j25_daily_historical-data-08-12-2026.csv,True,IS7J25,2025-04-01,376.0,0.0,376.0,,,0.0,0.0062541436722729615,100.62737416637255,-0.005305052229693231,0.0027486825774036584,0.019053391602347505,0.0029415680387091165,0.9,0.0
IS7J25,2025-04-03,376.0,376.0,371.0,371.0,-5.0,-1.33%,0.0,66.0,2025-04-03,False,371.0,-5.0,2025-04-02,376.0,1.0,-0.013387080782459409,is7j25_daily_historical-data-08-12-2026.csv,True,IS7J25,2025-04-02,376.0,-0.013387080782459409,376.0,,,-0.013387080782459409,-0.007132937110186447,99.28924419075588,-0.01869213301215264,-0.01063839820505575,-0.0025192737665514064,0.0029415680387091165,0.95,0.0
IS7J25,2025-04-04,371.0,371.0,371.0,371.0,0.0,0.00%,0.0,66.0,2025-04-04,False,371.0,0.0,2025-04-03,371.0,1.0,0.0,is7j25_daily_historical-data-08-12-2026.csv,True,IS7J25,2025-04-03,371.0,0.0,371.0,,,0.0,-0.007132937110186447,99.28924419075588,-0.01338708078245941,-0.016014755241436245,-0.0025192737665514064,0.005233729375327437,0.9,0.0
IS7J25,2025-04-07,370.0,370.0,370.0,370.0,-1.0,-0.27%,0.0,66.0,2025-04-07,False,370.0,-1.0,2025-04-04,371.0,3.0,-0.002699056969165058,is7j25_daily_historical-data-08-12-2026.csv,True,IS7J25,2025-04-04,371.0,-0.002699056969165058,371.0,,,-0.002699056969165058,-0.009831994079351505,99.02161819563256,-0.016086137751624468,-0.01602924683993232,-0.0024972406213558513,0.0047526882063087,0.9,0.0
IS7J25,2025-04-08,372.0,372.0,372.0,372.0,2.0,+0.54%,0.0,66.0,2025-04-08,False,372.0,2.0,2025-04-07,370.0,1.0,0.005390848634876373,is7j25_daily_historical-data-08-12-2026.csv,True,IS7J25,2025-04-07,370.0,0.005390848634876373,370.0,,,0.005390848634876373,-0.004441145444475132,99.5568701858792,-0.010695289116748096,-0.013322963575724926,0.0028936080135205217,0.004753057344601573,0.9,0.0
IS7J25,2025-04-09,370.0,370.0,370.0,370.0,-2.0,-0.54%,0.0,66.0,2025-04-09,False,370.0,-2.0,2025-04-08,372.0,1.0,-0.005390848634876423,is7j25_daily_historical-data-08-12-2026.csv,True,IS7J25,2025-04-08,372.0,-0.005390848634876423,372.0,,,-0.005390848634876423,-0.009831994079351555,99.02161819563256,-0.01608613775162452,-0.021391189981317744,-0.0024972406213559016,0.005089443152752903,0.9,0.0
IS7J25,2025-04-10,372.0,372.0,372.0,372.0,2.0,+0.54%,0.0,66.0,2025-04-10,False,372.0,2.0,2025-04-09,370.0,1.0,0.005390848634876373,is7j25_daily_historical-data-08-12-2026.csv,True,IS7J25,2025-04-09,370.0,0.005390848634876373,370.0,,,0.005390848634876373,-0.004441145444475182,99.5568701858792,0.002691791665711263,-0.01600034134644137,0.0028936080135204714,0.005022246251377518,0.9,0.0
IS7J25,2025-04-11,367.0,367.0,365.0,367.0,-5.0,-1.34%,4.0,68.0,2025-04-11,False,367.0,-5.0,2025-04-10,372.0,1.0,-0.013532006218576273,is7j25_daily_historical-data-08-12-2026.csv,True,IS7J25,2025-04-10,372.0,-0.013532006218576273,372.0,,,-0.013532006218576273,-0.017973151663051454,98.21874021026255,-0.01084021455286501,-0.024227295335324417,-0.024170404423632174,0.005540006761436378,0.9,0.0
IS7J25,2025-04-14,367.0,367.0,367.0,367.0,0.0,0.00%,0.0,68.0,2025-04-14,False,367.0,0.0,2025-04-11,367.0,3.0,0.0,is7j25_daily_historical-data-08-12-2026.csv,True,IS7J25,2025-04-11,367.0,0.0,367.0,,,0.0,-0.017973151663051454,98.21874021026255,-0.008141157583699953,-0.024227295335324417,-0.02147861275792076,0.006650827816348393,0.85,0.0
IS7J25,2025-04-15,368.0,368.0,368.0,368.0,1.0,+0.27%,0.0,68.0,2025-04-15,False,368.0,1.0,2025-04-14,367.0,1.0,0.0027210901143605863,is7j25_daily_historical-data-08-12-2026.csv,True,IS7J25,2025-04-14,367.0,0.0027210901143605863,367.0,,,0.0027210901143605863,-0.015252061548690868,98.48636620538588,-0.010810916104215739,-0.021506205220963828,-0.018757522643560173,0.006650827816348393,0.85,0.0
IS7J25,2025-04-16,365.0,365.0,365.0,365.0,-3.0,-0.82%,0.0,68.0,2025-04-16,False,365.0,-3.0,2025-04-15,368.0,1.0,-0.008185584586439405,is7j25_daily_historical-data-08-12-2026.csv,True,IS7J25,2025-04-15,368.0,-0.008185584586439405,368.0,,,-0.008185584586439405,-0.023437646135130275,97.68348822001587,-0.013605652055778721,-0.029691789807403234,-0.026943107229999576,0.006814611954557442,0.85,0.0
IS7J25,2025-04-17,365.0,365.0,365.0,365.0,0.0,0.00%,0.0,68.0,2025-04-17,False,365.0,0.0,2025-04-16,365.0,1.0,0.0,is7j25_daily_historical-data-08-12-2026.csv,True,IS7J25,2025-04-16,365.0,0.0,365.0,,,0.0,-0.023437646135130275,97.68348822001587,-0.018996500690655095,-0.016304709024943825,-0.026943107229999576,0.007016216675566279,0.85,0.0
IS7J25,2025-04-21,365.0,365.0,365.0,365.0,0.0,0.00%,0.0,68.0,2025-04-21,False,365.0,0.0,2025-04-17,365.0,4.0,0.0,is7j25_daily_historical-data-08-12-2026.csv,True,IS7J25,2025-04-17,365.0,0.0,365.0,,,0.0,-0.023437646135130275,97.68348822001587,-0.005464494472078819,-0.016304709024943825,-0.03231946426638007,0.006013019398939899,0.85,0.0
IS7J25,2025-04-22,363.0,363.0,363.0,363.0,-2.0,-0.55%,0.0,68.0,2025-04-22,False,363.0,-2.0,2025-04-21,365.0,1.0,-0.005494519317640702,is7j25_daily_historical-data-08-12-2026.csv,True,IS7J25,2025-04-21,365.0,-0.005494519317640702,365.0,,,-0.005494519317640702,-0.028932165452770976,97.14823622976922,-0.01095901378971952,-0.019100171373419468,-0.03512941821335179,0.006013019398939899,0.85,0.0
IS7J25,2025-04-23,357.0,357.0,355.0,357.0,-6.0,-1.65%,0.0,68.0,2025-04-23,False,357.0,-6.0,2025-04-22,363.0,1.0,-0.016667052485211647,is7j25_daily_historical-data-08-12-2026.csv,True,IS7J25,2025-04-22,363.0,-0.016667052485211647,363.0,,,-0.016667052485211647,-0.04559921793798262,95.54248025902923,-0.030347156389291752,-0.04115807249350749,-0.054481036069232415,0.00613202117872317,0.85,0.0
IS7J25,2025-04-24,355.0,355.0,355.0,355.0,-2.0,-0.56%,0.0,68.0,2025-04-24,False,355.0,-2.0,2025-04-23,357.0,1.0,-0.005617992304223261,is7j25_daily_historical-data-08-12-2026.csv,True,IS7J25,2025-04-23,357.0,-0.005617992304223261,357.0,,,-0.005617992304223261,-0.05121721024220588,95.00722826878258,-0.02777956410707561,-0.04138521616285432,-0.06277640614417207,0.0071042045819418665,0.8,0.0
IS7J25,2025-04-25,355.0,355.0,355.0,355.0,0.0,0.00%,0.0,68.0,2025-04-25,False,355.0,0.0,2025-04-24,355.0,1.0,0.0,is7j25_daily_historical-data-08-12-2026.csv,True,IS7J25,2025-04-24,355.0,0.0,355.0,,,0.0,-0.05121721024220588,95.00722826878258,-0.027779564107075612,-0.0467760647977307,-0.06277640614417207,0.007109095696972225,0.8,0.0
IS7K25,2025-04-28,335.0,335.0,335.0,335.0,-20.0,-5.63%,0.0,68.0,2025-04-28,True,335.0,0.0,2025-04-25,335.0,3.0,0.0,is7k25_daily_historical-data-08-12-2026.csv,True,IS7J25,2025-04-25,355.0,-0.0579872576503494,335.0,-0.0579872576503494,0.0,0.0,-0.05121721024220588,95.00722826878258,-0.027779564107075612,-0.033244058579154426,-0.05747135391447884,0.006483016389362632,0.8,0.0
IS7K25,2025-04-29,335.0,335.0,335.0,335.0,0.0,0.00%,0.0,68.0,2025-04-29,False,335.0,0.0,2025-04-28,335.0,1.0,0.0,is7k25_daily_historical-data-08-12-2026.csv,True,IS7K25,2025-04-28,335.0,0.0,335.0,,,0.0,-0.05121721024220588,95.00722826878258,-0.02228504478943491,-0.033244058579154426,-0.05747135391447884,0.005806448541232588,0.85,0.0
IS7K25,2025-04-30,335.0,335.0,335.0,335.0,0.0,0.00%,0.0,68.0,2025-04-30,False,335.0,0.0,2025-04-29,335.0,1.0,0.0,is7k25_daily_historical-data-08-12-2026.csv,True,IS7K25,2025-04-29,335.0,0.0,335.0,,,0.0,-0.05121721024220588,95.00722826878258,-0.005617992304223261,-0.03596514869351501,-0.05747135391447884,0.005806448541232588,0.85,0.0
IS7K25,2025-05-01,335.0,335.0,335.0,335.0,0.0,0.00%,0.0,68.0,2025-05-01,False,335.0,0.0,2025-04-30,335.0,1.0,0.0,is7k25_daily_historical-data-08-12-2026.csv,True,IS7K25,2025-04-30,335.0,0.0,335.0,,,0.0,-0.05121721024220588,95.00722826878258,0.0,-0.027779564107075605,-0.05747135391447884,0.005549742952747434,0.85,0.0
IS7K25,2025-05-02,335.0,335.0,335.0,335.0,0.0,0.00%,0.0,58.0,2025-05-02,False,335.0,0.0,2025-05-01,335.0,1.0,0.0,is7k25_daily_historical-data-08-12-2026.csv,True,IS7K25,2025-05-01,335.0,0.0,335.0,,,0.0,-0.05121721024220588,95.00722826878258,0.0,-0.027779564107075605,-0.04408427313201943,0.005399298312529199,0.85,0.0
IS7K25,2025-05-05,335.0,335.0,335.0,335.0,0.0,0.00%,0.0,58.0,2025-05-05,False,335.0,0.0,2025-05-02,335.0,3.0,0.0,is7k25_daily_historical-data-08-12-2026.csv,True,IS7K25,2025-05-02,335.0,0.0,335.0,,,0.0,-0.05121721024220588,95.00722826878258,0.0,-0.027779564107075605,-0.04408427313201943,0.005399298312529199,0.9,0.0
IS7K25,2025-05-06,335.0,335.0,335.0,335.0,0.0,0.00%,0.0,58.0,2025-05-06,False,335.0,0.0,2025-05-05,335.0,1.0,0.0,is7k25_daily_historical-data-08-12-2026.csv,True,IS7K25,2025-05-05,335.0,0.0,335.0,,,0.0,-0.05121721024220588,95.00722826878258,0.0,-0.022285044789434903,-0.04138521616285438,0.005399298312529199,0.9,0.0
IS7K25,2025-05-07,335.0,339.0,339.0,339.0,4.0,+1.19%,0.0,58.0,2025-05-07,False,339.0,4.0,2025-05-06,335.0,1.0,0.011869575555383729,is7k25_daily_historical-data-08-12-2026.csv,True,IS7K25,2025-05-06,335.0,0.011869575555383729,335.0,,,0.011869575555383729,-0.03934763468682215,96.14164293467849,0.011869575555383729,0.006251583251160469,-0.034906489242347016,0.005371634904740097,0.9,0.0
IS7K25,2025-05-08,338.0,338.0,338.0,338.0,-1.0,-0.29%,3.0,58.0,2025-05-08,False,338.0,-1.0,2025-05-07,339.0,1.0,-0.00295421189743152,is7k25_daily_historical-data-08-12-2026.csv,True,IS7K25,2025-05-07,339.0,-0.00295421189743152,339.0,,,-0.00295421189743152,-0.04230184658425367,95.8580392682045,0.00891536365795221,0.00891536365795221,-0.03246985250490212,0.00432743742596336,0.9,0.0
IS7K25,2025-05-09,339.0,339.0,339.0,339.0,1.0,+0.30%,0.0,58.0,2025-05-09,False,339.0,1.0,2025-05-08,338.0,1.0,0.0029542118974313827,is7k25_daily_historical-data-08-12-2026.csv,True,IS7K25,2025-05-08,338.0,0.0029542118974313827,338.0,,,0.0029542118974313827,-0.039347634686822286,96.14164293467847,0.011869575555383592,0.011869575555383592,-0.03490648924234711,0.0039674483947429425,0.9,0.0
IS7K25,2025-05-12,339.0,339.0,339.0,339.0,0.0,0.00%,0.0,58.0,2025-05-12,False,339.0,0.0,2025-05-09,339.0,3.0,0.0,is7k25_daily_historical-data-08-12-2026.csv,True,IS7K25,2025-05-09,339.0,0.0,339.0,,,0.0,-0.039347634686822286,96.14164293467847,0.011869575555383592,0.011869575555383594,-0.021374483023770836,0.0040035106448149255,0.9,0.0
IS7K25,2025-05-13,338.0,338.0,338.0,338.0,-1.0,-0.29%,0.0,58.0,2025-05-13,False,338.0,-1.0,2025-05-12,339.0,1.0,-0.00295421189743152,is7k25_daily_historical-data-08-12-2026.csv,True,IS7K25,2025-05-12,339.0,-0.00295421189743152,339.0,,,-0.00295421189743152,-0.04230184658425381,95.8580392682045,0.00891536365795207,0.008915363657952074,-0.024328694921202355,0.0040035106448149255,0.95,0.0
IS7K25,2025-05-14,339.0,339.0,339.0,339.0,1.0,+0.30%,0.0,58.0,2025-05-14,False,339.0,1.0,2025-05-13,338.0,1.0,0.0029542118974313827,is7k25_daily_historical-data-08-12-2026.csv,True,IS7K25,2025-05-13,338.0,0.0029542118974313827,338.0,,,0.0029542118974313827,-0.039347634686822425,96.14164293467846,-2.749536709423239e-16,0.011869575555383455,-0.024095573138131557,0.004204766564459732,0.95,0.0
IS7K25,2025-05-15,339.0,339.0,339.0,339.0,0.0,0.00%,0.0,58.0,2025-05-15,False,339.0,0.0,2025-05-14,339.0,1.0,0.0,is7k25_daily_historical-data-08-12-2026.csv,True,IS7K25,2025-05-14,339.0,0.0,339.0,,,0.0,-0.039347634686822425,96.14164293467846,0.002954211897431245,0.011869575555383455,-0.01590998855169215,0.0042388102788160475,0.95,0.0
IS7K25,2025-05-16,340.0,340.0,340.0,340.0,1.0,+0.29%,0.0,58.0,2025-05-16,False,340.0,1.0,2025-05-15,339.0,1.0,0.0029455102297567446,is7k25_daily_historical-data-08-12-2026.csv,True,IS7K25,2025-05-15,339.0,0.0029455102297567446,339.0,,,0.0029455102297567446,-0.03640212445706568,96.42524660115242,0.002945510229756607,0.0148150857851402,-0.012964478321935407,0.0042388102788160475,0.95,0.0
IS7K25,2025-05-19,340.0,340.0,340.0,340.0,0.0,0.00%,0.0,58.0,2025-05-19,False,340.0,0.0,2025-05-16,340.0,3.0,0.0,is7k25_daily_historical-data-08-12-2026.csv,True,IS7K25,2025-05-16,340.0,0.0,340.0,,,0.0,-0.03640212445706568,96.42524660115242,0.002945510229756607,0.014815085785140198,-0.012964478321935409,0.004249492119146059,0.95,0.0
IS7K25,2025-05-20,340.0,340.0,340.0,340.0,0.0,0.00%,9.0,55.0,2025-05-20,False,340.0,0.0,2025-05-19,340.0,1.0,0.0,is7k25_daily_historical-data-08-12-2026.csv,True,IS7K25,2025-05-19,340.0,0.0,340.0,,,0.0,-0.03640212445706568,96.42524660115242,0.005899722127188128,0.014815085785140198,-0.007469959004294707,0.004249492119146059,0.95,0.0
IS7K25,2025-05-21,341.0,341.0,341.0,341.0,1.0,+0.29%,0.0,55.0,2025-05-21,False,341.0,1.0,2025-05-20,340.0,1.0,0.0029368596733097057,is7k25_daily_historical-data-08-12-2026.csv,True,IS7K25,2025-05-20,340.0,0.0029368596733097057,340.0,,,0.0029368596733097057,-0.03346526478375597,96.7088502676264,0.00588236990306645,0.005882369903066176,0.012133953154226646,0.004249492119146059,0.95,0.0
IS7K25,2025-05-22,341.0,341.0,341.0,341.0,0.0,0.00%,0.0,55.0,2025-05-22,False,341.0,0.0,2025-05-21,341.0,1.0,0.0,is7k25_daily_historical-data-08-12-2026.csv,True,IS7K25,2025-05-21,341.0,0.0,341.0,,,0.0,-0.03346526478375597,96.7088502676264,0.00588236990306645,0.008836581800497696,0.017751945458449908,0.002327383352521942,1.0,0.0
IS7M25,2025-05-23,337.0,344.0,337.0,342.0,1.0,+0.29%,7.0,51.0,2025-05-23,True,342.0,-1.0,2025-05-22,343.0,1.0,-0.0029197101033347503,is7m25_daily_historical-data-08-12-2026.csv,True,IS7K25,2025-05-22,341.0,0.0029282597790883597,343.0,0.00584796988242312,-1.0408340855860843e-17,-0.0029197101033347503,-0.03638497488709072,96.42690026684615,1.714956997495541e-05,0.002962659799731562,0.014832235355115157,0.0019909450929256264,1.0,0.0
IS7M25,2025-05-27,342.0,342.0,342.0,342.0,0.0,0.00%,0.0,51.0,2025-05-27,False,342.0,0.0,2025-05-23,342.0,4.0,0.0,is7m25_daily_historical-data-08-12-2026.csv,True,IS7M25,2025-05-23,342.0,0.0,342.0,,,0.0,-0.03638497488709072,96.42690026684615,1.714956997495541e-05,0.0029626597997315625,0.014832235355115155,0.002170583201271691,0.95,0.0
IS7M25,2025-05-28,342.0,342.0,342.0,342.0,0.0,0.00%,0.0,51.0,2025-05-28,False,342.0,0.0,2025-05-27,342.0,1.0,0.0,is7m25_daily_historical-data-08-12-2026.csv,True,IS7M25,2025-05-27,342.0,0.0,342.0,,,0.0,-0.03638497488709072,96.42690026684615,1.714956997495541e-05,0.005916871697163083,0.014832235355115155,0.002170583201271691,0.95,0.0
IS7M25,2025-05-29,342.0,342.0,342.0,342.0,0.0,0.00%,0.0,40.0,2025-05-29,False,342.0,0.0,2025-05-28,342.0,1.0,0.0,is7m25_daily_historical-data-08-12-2026.csv,True,IS7M25,2025-05-28,342.0,0.0,342.0,,,0.0,-0.03638497488709072,96.42690026684615,-0.0029197101033347503,0.0029626597997317,0.014832235355115155,0.0018574867491283125,0.95,0.0
IS7M25,2025-05-30,341.0,341.0,341.0,341.0,-1.0,-0.29%,0.0,40.0,2025-05-30,False,341.0,-1.0,2025-05-29,342.0,1.0,-0.002928259779088334,is7m25_daily_historical-data-08-12-2026.csv,True,IS7M25,2025-05-29,342.0,-0.002928259779088334,342.0,,,-0.002928259779088334,-0.03931323466617905,96.1449502660659,-0.005847969882423084,3.440002064336589e-05,0.01190397557602682,0.0016649373372570916,0.95,0.0
IS7M25,2025-06-02,341.0,341.0,341.0,341.0,0.0,0.00%,0.0,40.0,2025-06-02,False,341.0,0.0,2025-05-30,341.0,3.0,0.0,is7m25_daily_historical-data-08-12-2026.csv,True,IS7M25,2025-05-30,341.0,0.0,341.0,,,0.0,-0.03931323466617905,96.1449502660659,-0.002928259779088334,-0.0029111102091133787,0.01190397557602682,0.0019550637767236844,0.95,0.0
IS7M25,2025-06-03,340.0,340.0,340.0,340.0,-1.0,-0.29%,0.0,40.0,2025-06-03,False,340.0,-1.0,2025-06-02,341.0,1.0,-0.0029368596733097135,is7m25_daily_historical-data-08-12-2026.csv,True,IS7M25,2025-06-02,341.0,-0.0029368596733097135,341.0,,,-0.0029368596733097135,-0.042250094339488765,95.86300026528566,-0.005865119452398048,-0.005847969882423093,0.008967115902717107,0.0016625649827598614,0.95,0.0
IS7M25,2025-06-04,340.0,340.0,340.0,340.0,0.0,0.00%,0.0,40.0,2025-06-04,False,340.0,0.0,2025-06-03,340.0,1.0,0.0,is7m25_daily_historical-data-08-12-2026.csv,True,IS7M25,2025-06-03,340.0,0.0,340.0,,,0.0,-0.042250094339488765,95.86300026528566,-0.005865119452398048,-0.005847969882423093,0.008967115902717107,0.0018538196822355188,0.95,0.0
IS7M25,2025-06-05,340.0,340.0,340.0,340.0,0.0,0.00%,0.0,40.0,2025-06-05,False,340.0,0.0,2025-06-04,340.0,1.0,0.0,is7m25_daily_historical-data-08-12-2026.csv,True,IS7M25,2025-06-04,340.0,0.0,340.0,,,0.0,-0.042250094339488765,95.86300026528566,-0.005865119452398048,-0.008784829555732798,-0.002902459652666621,0.0018538196822355188,0.95,0.0
IS7M25,2025-06-06,340.0,340.0,340.0,340.0,0.0,0.00%,9.0,49.0,2025-06-06,False,340.0,0.0,2025-06-05,340.0,1.0,0.0,is7m25_daily_historical-data-08-12-2026.csv,True,IS7M25,2025-06-05,340.0,0.0,340.0,,,0.0,-0.042250094339488765,95.86300026528566,-0.0029368596733097135,-0.008784829555732798,5.175224476489928e-05,0.001414497717280532,0.95,0.0
IS7M25,2025-06-09,340.0,353.0,340.0,340.0,0.0,0.00%,0.0,49.0,2025-06-09,False,340.0,0.0,2025-06-06,340.0,3.0,0.0,is7m25_daily_historical-data-08-12-2026.csv,True,IS7M25,2025-06-06,340.0,0.0,340.0,,,0.0,-0.042250094339488765,95.86300026528566,-0.0029368596733097135,-0.005865119452398048,-0.0029024596526664834,0.001414497717280532,0.95,0.0
IS7M25,2025-06-10,340.0,353.0,340.0,340.0,0.0,0.00%,0.0,49.0,2025-06-10,False,340.0,0.0,2025-06-09,340.0,1.0,0.0,is7m25_daily_historical-data-08-12-2026.csv,True,IS7M25,2025-06-09,340.0,0.0,340.0,,,0.0,-0.042250094339488765,95.86300026528566,0.0,-0.005865119452398048,-0.0029024596526664834,0.001236477409392835,0.9,0.0
IS7M25,2025-06-11,340.0,353.0,340.0,340.0,0.0,0.00%,0.0,49.0,2025-06-11,False,340.0,0.0,2025-06-10,340.0,1.0,0.0,is7m25_daily_historical-data-08-12-2026.csv,True,IS7M25,2025-06-10,340.0,0.0,340.0,,,0.0,-0.042250094339488765,95.86300026528566,0.0,-0.005865119452398048,5.175224476503676e-05,0.001236477409392835,0.85,0.0
IS7M25,2025-06-12,340.0,353.0,340.0,340.0,0.0,0.00%,0.0,49.0,2025-06-12,False,340.0,0.0,2025-06-11,340.0,1.0,0.0,is7m25_daily_historical-data-08-12-2026.csv,True,IS7M25,2025-06-11,340.0,0.0,340.0,,,0.0,-0.042250094339488765,95.86300026528566,0.0,-0.005865119452398048,-0.002902459652666346,0.001236477409392835,0.8,0.0
IS7M25,2025-06-13,340.0,353.0,340.0,340.0,0.0,0.00%,0.0,49.0,2025-06-13,False,340.0,0.0,2025-06-12,340.0,1.0,0.0,is7m25_daily_historical-data-08-12-2026.csv,True,IS7M25,2025-06-12,340.0,0.0,340.0,,,0.0,-0.042250094339488765,95.86300026528566,0.0,-0.0029368596733097135,-0.002902459652666346,0.001236477409392835,0.75,0.0
IS7M25,2025-06-16,340.0,340.0,340.0,340.0,0.0,0.00%,0.0,49.0,2025-06-16,False,340.0,0.0,2025-06-13,340.0,3.0,0.0,is7m25_daily_historical-data-08-12-2026.csv,True,IS7M25,2025-06-13,340.0,0.0,340.0,,,0.0,-0.042250094339488765,95.86300026528566,0.0,-0.0029368596733097135,-0.005847969882423091,0.0009287165735956613,0.7,0.0
IS7M25,2025-06-17,340.0,340.0,340.0,340.0,0.0,0.00%,0.0,49.0,2025-06-17,False,340.0,0.0,2025-06-16,340.0,1.0,0.0,is7m25_daily_historical-data-08-12-2026.csv,True,IS7M25,2025-06-16,340.0,0.0,340.0,,,0.0,-0.042250094339488765,95.86300026528566,0.0,0.0,-0.005847969882423091,0.0009287165735956613,0.7,0.0
IS7M25,2025-06-18,340.0,340.0,340.0,340.0,0.0,0.00%,0.0,49.0,2025-06-18,False,340.0,0.0,2025-06-17,340.0,1.0,0.0,is7m25_daily_historical-data-08-12-2026.csv,True,IS7M25,2025-06-17,340.0,0.0,340.0,,,0.0,-0.042250094339488765,95.86300026528566,0.0,0.0,-0.005847969882423091,0.0,0.7,0.0
IS7M25,2025-06-20,340.0,340.0,340.0,340.0,0.0,0.00%,3.0,49.0,2025-06-20,False,340.0,0.0,2025-06-18,340.0,2.0,0.0,is7m25_daily_historical-data-08-12-2026.csv,True,IS7M25,2025-06-18,340.0,0.0,340.0,,,0.0,-0.042250094339488765,95.86300026528566,0.0,0.0,-0.008784829555732796,0.0,0.7,0.0
IS7M25,2025-06-23,340.0,340.0,340.0,340.0,0.0,0.00%,0.0,49.0,2025-06-23,False,340.0,0.0,2025-06-20,340.0,3.0,0.0,is7m25_daily_historical-data-08-12-2026.csv,True,IS7M25,2025-06-20,340.0,0.0,340.0,,,0.0,-0.042250094339488765,95.86300026528566,0.0,0.0,-0.008784829555732796,0.0,0.7,0.0
IS7M25,2025-06-24,340.0,340.0,340.0,340.0,0.0,0.00%,0.0,49.0,2025-06-24,False,340.0,0.0,2025-06-23,340.0,1.0,0.0,is7m25_daily_historical-data-08-12-2026.csv,True,IS7M25,2025-06-23,340.0,0.0,340.0,,,0.0,-0.042250094339488765,95.86300026528566,0.0,0.0,-0.005865119452398046,0.0,0.7,0.0
IS7M25,2025-06-25,341.0,341.0,341.0,341.0,1.0,+0.29%,0.0,49.0,2025-06-25,False,341.0,1.0,2025-06-24,340.0,1.0,0.0029368596733097057,is7m25_daily_historical-data-08-12-2026.csv,True,IS7M25,2025-06-24,340.0,0.0029368596733097057,340.0,,,0.0029368596733097057,-0.03931323466617906,96.1449502660659,0.0029368596733097057,0.0029368596733097057,-0.0029282597790883406,0.0,0.75,0.0
IS7N25,2025-06-26,338.0,338.0,338.0,338.0,-3.0,-0.88%,0.0,49.0,2025-06-26,True,338.0,0.0,2025-06-25,338.0,1.0,0.0,is7n25_daily_historical-data-08-12-2026.csv,True,IS7M25,2025-06-25,341.0,-0.008836581800498,338.0,-0.008836581800498,0.0,0.0,-0.03931323466617906,96.1449502660659,0.0029368596733097057,0.0029368596733097057,-0.00292825977908834,0.0009287165735956687,0.75,0.0
IS7N25,2025-06-27,338.0,338.0,338.0,338.0,0.0,0.00%,0.0,49.0,2025-06-27,False,338.0,0.0,2025-06-26,338.0,1.0,0.0,is7n25_daily_historical-data-08-12-2026.csv,True,IS7N25,2025-06-26,338.0,0.0,338.0,,,0.0,-0.03931323466617906,96.1449502660659,0.0029368596733097057,0.0029368596733097057,-0.00292825977908834,0.0009287165735956687,0.75,0.0
IS7N25,2025-06-30,344.0,344.0,344.0,344.0,6.0,+1.78%,0.0,49.0,2025-06-30,False,344.0,6.0,2025-06-27,338.0,3.0,0.01759576189037966,is7n25_daily_historical-data-08-12-2026.csv,True,IS7N25,2025-06-27,338.0,0.01759576189037966,338.0,,,0.01759576189037966,-0.0217174727757994,97.85166535954637,0.020532621563689367,0.020532621563689367,0.017595761890379653,0.0009287165735956687,0.75,0.0
IS7N25,2025-07-01,344.0,345.0,344.0,345.0,1.0,+0.29%,0.0,49.0,2025-07-01,False,345.0,1.0,2025-06-30,344.0,1.0,0.00290275965796141,is7n25_daily_historical-data-08-12-2026.csv,True,IS7N25,2025-06-30,344.0,0.00290275965796141,344.0,,,0.00290275965796141,-0.01881471311783799,98.13611787512644,0.023435381221650776,0.023435381221650776,0.020498521548341062,0.005538522932012768,0.75,0.0
IS7N25,2025-07-02,345.0,345.0,345.0,345.0,0.0,0.00%,0.0,39.0,2025-07-02,False,345.0,0.0,2025-07-01,345.0,1.0,0.0,is7n25_daily_historical-data-08-12-2026.csv,True,IS7N25,2025-07-01,345.0,0.0,345.0,,,0.0,-0.01881471311783799,98.13611787512644,0.02049852154834107,0.023435381221650776,0.023435381221650776,0.0054948489573329595,0.7,0.0
IS7N25,2025-07-03,345.0,345.0,345.0,345.0,0.0,0.00%,0.0,39.0,2025-07-03,False,345.0,0.0,2025-07-02,345.0,1.0,0.0,is7n25_daily_historical-data-08-12-2026.csv,True,IS7N25,2025-07-02,345.0,0.0,345.0,,,0.0,-0.01881471311783799,98.13611787512644,0.02049852154834107,0.023435381221650776,0.023435381221650776,0.0054948489573329595,0.7,0.0
IS7N25,2025-07-07,345.0,345.0,345.0,345.0,0.0,0.00%,6.0,39.0,2025-07-07,False,345.0,0.0,2025-07-03,345.0,4.0,0.0,is7n25_daily_historical-data-08-12-2026.csv,True,IS7N25,2025-07-03,345.0,0.0,345.0,,,0.0,-0.01881471311783799,98.13611787512644,0.02049852154834107,0.023435381221650776,0.023435381221650776,0.0054948489573329595,0.7,0.0
IS7N25,2025-07-08,345.0,345.0,345.0,345.0,0.0,0.00%,0.0,39.0,2025-07-08,False,345.0,0.0,2025-07-07,345.0,1.0,0.0,is7n25_daily_historical-data-08-12-2026.csv,True,IS7N25,2025-07-07,345.0,0.0,345.0,,,0.0,-0.01881471311783799,98.13611787512644,0.00290275965796141,0.023435381221650776,0.023435381221650776,0.0054948489573329595,0.7,0.0
IS7N25,2025-07-09,345.0,345.0,345.0,345.0,0.0,0.00%,0.0,39.0,2025-07-09,False,345.0,0.0,2025-07-08,345.0,1.0,0.0,is7n25_daily_historical-data-08-12-2026.csv,True,IS7N25,2025-07-08,345.0,0.0,345.0,,,0.0,-0.01881471311783799,98.13611787512644,0.0,0.023435381221650776,0.023435381221650776,0.0054948489573329595,0.7,0.0
IS7N25,2025-07-10,345.0,345.0,345.0,345.0,0.0,0.00%,0.0,39.0,2025-07-10,False,345.0,0.0,2025-07-09,345.0,1.0,0.0,is7n25_daily_historical-data-08-12-2026.csv,True,IS7N25,2025-07-09,345.0,0.0,345.0,,,0.0,-0.01881471311783799,98.13611787512644,0.0,0.02049852154834107,0.023435381221650776,0.0054948489573329595,0.75,0.0
IS7N25,2025-07-11,345.0,345.0,345.0,345.0,0.0,0.00%,0.0,39.0,2025-07-11,False,345.0,0.0,2025-07-10,345.0,1.0,0.0,is7n25_daily_historical-data-08-12-2026.csv,True,IS7N25,2025-07-10,345.0,0.0,345.0,,,0.0,-0.01881471311783799,98.13611787512644,0.0,0.02049852154834107,0.023435381221650776,0.005537928930646718,0.8,0.0
IS7N25,2025-07-14,345.0,345.0,345.0,345.0,0.0,0.00%,0.0,39.0,2025-07-14,False,345.0,0.0,2025-07-11,345.0,3.0,0.0,is7n25_daily_historical-data-08-12-2026.csv,True,IS7N25,2025-07-11,345.0,0.0,345.0,,,0.0,-0.01881471311783799,98.13611787512644,0.0,0.02049852154834107,0.023435381221650776,0.005537928930646718,0.85,0.0
IS7N25,2025-07-15,345.0,345.0,345.0,345.0,0.0,0.00%,0.0,39.0,2025-07-15,False,345.0,0.0,2025-07-14,345.0,1.0,0.0,is7n25_daily_historical-data-08-12-2026.csv,True,IS7N25,2025-07-14,345.0,0.0,345.0,,,0.0,-0.01881471311783799,98.13611787512644,0.0,0.00290275965796141,0.023435381221650776,0.005537928930646718,0.9,0.0
IS7N25,2025-07-16,345.0,345.0,345.0,345.0,0.0,0.00%,0.0,39.0,2025-07-16,False,345.0,0.0,2025-07-15,345.0,1.0,0.0,is7n25_daily_historical-data-08-12-2026.csv,True,IS7N25,2025-07-15,345.0,0.0,345.0,,,0.0,-0.01881471311783799,98.13611787512644,0.0,0.0,0.023435381221650776,0.000917933201920937,0.95,0.0
IS7N25,2025-07-17,345.0,345.0,345.0,345.0,0.0,0.00%,0.0,39.0,2025-07-17,False,345.0,0.0,2025-07-16,345.0,1.0,0.0,is7n25_daily_historical-data-08-12-2026.csv,True,IS7N25,2025-07-16,345.0,0.0,345.0,,,0.0,-0.01881471311783799,98.13611787512644,0.0,0.0,0.023435381221650776,0.0,0.95,0.0
IS7N25,2025-07-18,345.0,345.0,345.0,345.0,0.0,0.00%,0.0,39.0,2025-07-18,False,345.0,0.0,2025-07-17,345.0,1.0,0.0,is7n25_daily_historical-data-08-12-2026.csv,True,IS7N25,2025-07-17,345.0,0.0,345.0,,,0.0,-0.01881471311783799,98.13611787512644,0.0,0.0,0.023435381221650776,0.0,0.95,0.0
IS7N25,2025-07-21,346.0,346.0,346.0,346.0,1.0,+0.29%,0.0,39.0,2025-07-21,False,346.0,1.0,2025-07-18,345.0,3.0,0.0028943580263645565,is7n25_daily_historical-data-08-12-2026.csv,True,IS7N25,2025-07-18,345.0,0.0028943580263645565,345.0,,,0.0028943580263645565,-0.015920355091473434,98.42057039070653,0.0028943580263645565,0.0028943580263645565,0.026329739248015335,0.0,0.95,0.0
IS7N25,2025-07-22,346.0,346.0,346.0,346.0,0.0,0.00%,0.0,39.0,2025-07-22,False,346.0,0.0,2025-07-21,346.0,1.0,0.0,is7n25_daily_historical-data-08-12-2026.csv,True,IS7N25,2025-07-21,346.0,0.0,346.0,,,0.0,-0.015920355091473434,98.42057039070653,0.0028943580263645565,0.0028943580263645565,0.026329739248015335,0.0009152763727301678,0.95,0.0
IS7N25,2025-07-23,346.0,346.0,346.0,346.0,0.0,0.00%,0.0,39.0,2025-07-23,False,346.0,0.0,2025-07-22,346.0,1.0,0.0,is7n25_daily_historical-data-08-12-2026.csv,True,IS7N25,2025-07-22,346.0,0.0,346.0,,,0.0,-0.015920355091473434,98.42057039070653,0.0028943580263645565,0.0028943580263645565,0.026329739248015335,0.0009152763727301678,0.95,0.0
IS7N25,2025-07-24,346.0,346.0,346.0,346.0,0.0,0.00%,0.0,39.0,2025-07-24,False,346.0,0.0,2025-07-23,346.0,1.0,0.0,is7n25_daily_historical-data-08-12-2026.csv,True,IS7N25,2025-07-23,346.0,0.0,346.0,,,0.0,-0.015920355091473434,98.42057039070653,0.0028943580263645565,0.0028943580263645565,0.02339287957470563,0.0009152763727301678,0.95,0.0
IS7N25,2025-07-25,346.0,346.0,346.0,346.0,0.0,0.00%,0.0,39.0,2025-07-25,False,346.0,0.0,2025-07-24,346.0,1.0,0.0,is7n25_daily_historical-data-08-12-2026.csv,True,IS7N25,2025-07-24,346.0,0.0,346.0,,,0.0,-0.015920355091473434,98.42057039070653,0.0028943580263645565,0.0028943580263645565,0.02339287957470563,0.0009152763727301678,0.95,0.0
IS7Q25,2025-07-28,353.0,353.0,353.0,353.0,7.0,+2.02%,0.0,39.0,2025-07-28,True,353.0,0.0,2025-07-25,353.0,3.0,0.0,is7q25_daily_historical-data-08-12-2026.csv,True,IS7N25,2025-07-25,346.0,0.020029281875572583,353.0,0.020029281875572583,0.0,0.0,-0.015920355091473434,98.42057039070653,0.0,0.0028943580263645565,0.02339287957470563,0.0009152763727301678,0.95,0.0
IS7Q25,2025-07-29,353.0,353.0,353.0,353.0,0.0,0.00%,0.0,39.0,2025-07-29,False,353.0,0.0,2025-07-28,353.0,1.0,0.0,is7q25_daily_historical-data-08-12-2026.csv,True,IS7Q25,2025-07-28,353.0,0.0,353.0,,,0.0,-0.015920355091473434,98.42057039070653,0.0,0.0028943580263645565,0.005797117684325967,0.0009152763727301678,0.95,0.0
IS7Q25,2025-07-30,353.0,353.0,353.0,353.0,0.0,0.00%,0.0,39.0,2025-07-30,False,353.0,0.0,2025-07-29,353.0,1.0,0.0,is7q25_daily_historical-data-08-12-2026.csv,True,IS7Q25,2025-07-29,353.0,0.0,353.0,,,0.0,-0.015920355091473434,98.42057039070653,0.0,0.0028943580263645565,0.0028943580263645565,0.0009152763727301678,0.95,0.0
IS7Q25,2025-07-31,350.0,350.0,350.0,350.0,-3.0,-0.85%,0.0,39.0,2025-07-31,False,350.0,-3.0,2025-07-30,353.0,1.0,-0.008534902449837444,is7q25_daily_historical-data-08-12-2026.csv,True,IS7Q25,2025-07-30,353.0,-0.008534902449837444,353.0,,,-0.008534902449837444,-0.02445525754131088,97.58413494829259,-0.008534902449837444,-0.005640544423472888,-0.005640544423472888,0.0009152763727301678,1.0,0.0
IS7Q25,2025-08-01,345.0,345.0,345.0,345.0,-5.0,-1.43%,0.0,29.0,2025-08-01,False,345.0,-5.0,2025-07-31,350.0,1.0,-0.014388737452099556,is7q25_daily_historical-data-08-12-2026.csv,True,IS7Q25,2025-07-31,350.0,-0.014388737452099556,350.0,,,-0.014388737452099556,-0.03884399499341044,96.1900758776027,-0.022923639901937,-0.020029281875572444,-0.020029281875572444,0.002944680591501772,1.0,0.0
IS7Q25,2025-08-04,345.0,345.0,345.0,345.0,0.0,0.00%,0.0,29.0,2025-08-04,False,345.0,0.0,2025-08-01,345.0,3.0,0.0,is7q25_daily_historical-data-08-12-2026.csv,True,IS7Q25,2025-08-01,345.0,0.0,345.0,,,0.0,-0.03884399499341044,96.1900758776027,-0.022923639901937,-0.022923639901937,-0.020029281875572444,0.005250824490109054,1.0,0.0
IS7Q25,2025-08-05,346.0,346.0,346.0,346.0,1.0,+0.29%,0.0,29.0,2025-08-05,False,346.0,1.0,2025-08-04,345.0,1.0,0.0028943580263645565,is7q25_daily_historical-data-08-12-2026.csv,True,IS7Q25,2025-08-04,345.0,0.0028943580263645565,345.0,,,0.0028943580263645565,-0.03594963696704588,96.46888769174069,-0.020029281875572444,-0.020029281875572444,-0.017134923849207888,0.005025833249414975,1.0,0.0
IS7Q25,2025-08-06,346.0,346.0,346.0,346.0,0.0,0.00%,0.0,29.0,2025-08-06,False,346.0,0.0,2025-08-05,346.0,1.0,0.0,is7q25_daily_historical-data-08-12-2026.csv,True,IS7Q25,2025-08-05,346.0,0.0,346.0,,,0.0,-0.03594963696704588,96.46888769174069,-0.020029281875572444,-0.020029281875572444,-0.017134923849207888,0.005250824490109054,1.0,0.0
IS7Q25,2025-08-07,346.0,346.0,346.0,346.0,0.0,0.00%,0.0,29.0,2025-08-07,False,346.0,0.0,2025-08-06,346.0,1.0,0.0,is7q25_daily_historical-data-08-12-2026.csv,True,IS7Q25,2025-08-06,346.0,0.0,346.0,,,0.0,-0.03594963696704588,96.46888769174069,-0.011494379425735,-0.020029281875572444,-0.017134923849207888,0.005250824490109054,1.0,0.0
IS7Q25,2025-08-08,346.0,346.0,346.0,346.0,0.0,0.00%,6.0,29.0,2025-08-08,False,346.0,0.0,2025-08-07,346.0,1.0,0.0,is7q25_daily_historical-data-08-12-2026.csv,True,IS7Q25,2025-08-07,346.0,0.0,346.0,,,0.0,-0.03594963696704588,96.46888769174069,0.0028943580263645565,-0.020029281875572444,-0.017134923849207888,0.005250824490109054,1.0,0.0
IS7Q25,2025-08-11,345.0,345.0,345.0,345.0,-1.0,-0.29%,19.0,43.0,2025-08-11,False,345.0,-1.0,2025-08-08,346.0,3.0,-0.002894358026364526,is7q25_daily_historical-data-08-12-2026.csv,True,IS7Q25,2025-08-08,346.0,-0.002894358026364526,346.0,,,-0.002894358026364526,-0.03884399499341041,96.19007587760271,3.0357660829594124e-17,-0.02292363990193697,-0.020029281875572413,0.005250824490109054,1.0,0.0
IS7Q25,2025-08-12,346.0,346.0,346.0,346.0,1.0,+0.29%,0.0,43.0,2025-08-12,False,346.0,1.0,2025-08-11,345.0,1.0,0.0028943580263645565,is7q25_daily_historical-data-08-12-2026.csv,True,IS7Q25,2025-08-11,345.0,0.0028943580263645565,345.0,,,0.0028943580263645565,-0.03594963696704585,96.46888769174069,3.0357660829594124e-17,-0.020029281875572413,-0.017134923849207857,0.005207746531507842,1.0,0.0
IS7Q25,2025-08-13,346.0,346.0,346.0,346.0,0.0,0.00%,6.0,49.0,2025-08-13,False,346.0,0.0,2025-08-12,346.0,1.0,0.0,is7q25_daily_historical-data-08-12-2026.csv,True,IS7Q25,2025-08-12,346.0,0.0,346.0,,,0.0,-0.03594963696704585,96.46888769174069,3.0357660829594124e-17,-0.020029281875572413,-0.017134923849207857,0.0054251987900385615,1.0,0.0
IS7Q25,2025-08-14,346.0,346.0,346.0,346.0,0.0,0.00%,0.0,49.0,2025-08-14,False,346.0,0.0,2025-08-13,346.0,1.0,0.0,is7q25_daily_historical-data-08-12-2026.csv,True,IS7Q25,2025-08-13,346.0,0.0,346.0,,,0.0,-0.03594963696704585,96.46888769174069,3.0357660829594124e-17,-0.011494379425734969,-0.017134923849207857,0.0054251987900385615,1.0,0.0
IS7Q25,2025-08-15,346.0,346.0,346.0,346.0,0.0,0.00%,0.0,49.0,2025-08-15,False,346.0,0.0,2025-08-14,346.0,1.0,0.0,is7q25_daily_historical-data-08-12-2026.csv,True,IS7Q25,2025-08-14,346.0,0.0,346.0,,,0.0,-0.03594963696704585,96.46888769174069,3.0357660829594124e-17,0.002894358026364587,-0.017134923849207857,0.004932382957799507,1.0,0.0
IS7Q25,2025-08-18,346.0,346.0,346.0,346.0,0.0,0.00%,0.0,49.0,2025-08-18,False,346.0,0.0,2025-08-15,346.0,3.0,0.0,is7q25_daily_historical-data-08-12-2026.csv,True,IS7Q25,2025-08-15,346.0,0.0,346.0,,,0.0,-0.03594963696704585,96.46888769174069,0.0028943580263645565,0.002894358026364587,-0.020029281875572413,0.0016429713704094013,1.0,0.0
IS7Q25,2025-08-19,346.0,346.0,346.0,346.0,0.0,0.00%,0.0,49.0,2025-08-19,False,346.0,0.0,2025-08-18,346.0,1.0,0.0,is7q25_daily_historical-data-08-12-2026.csv,True,IS7Q25,2025-08-18,346.0,0.0,346.0,,,0.0,-0.03594963696704585,96.46888769174069,0.0,3.0357660829594124e-17,-0.020029281875572413,0.0016429713704094013,1.0,0.0
IS7Q25,2025-08-20,355.0,355.0,354.0,354.0,8.0,+2.31%,3.0,49.0,2025-08-20,False,354.0,8.0,2025-08-19,346.0,1.0,0.022858138076050184,is7q25_daily_historical-data-08-12-2026.csv,True,IS7Q25,2025-08-19,346.0,0.022858138076050184,346.0,,,0.022858138076050184,-0.01309149889099567,98.69938220484453,0.022858138076050184,0.022858138076050215,0.002828856200477771,0.0013644134584160532,1.0,0.0
IS7Q25,2025-08-21,346.0,346.0,346.0,346.0,-8.0,-2.26%,1.0,50.0,2025-08-21,False,346.0,-8.0,2025-08-20,354.0,1.0,-0.022858138076050208,is7q25_daily_historical-data-08-12-2026.csv,True,IS7Q25,2025-08-20,354.0,-0.022858138076050208,354.0,,,-0.022858138076050208,-0.03594963696704588,96.46888769174069,-2.42861286636753e-17,6.938893903907228e-18,-0.020029281875572437,0.007356022819151961,0.95,0.0
IS7Q25,2025-08-22,346.0,346.0,346.0,346.0,0.0,0.00%,0.0,50.0,2025-08-22,False,346.0,0.0,2025-08-21,346.0,1.0,0.0,is7q25_daily_historical-data-08-12-2026.csv,True,IS7Q25,2025-08-21,346.0,0.0,346.0,,,0.0,-0.03594963696704588,96.46888769174069,-2.42861286636753e-17,6.938893903907228e-18,-0.020029281875572437,0.010861468948009202,0.95,0.0
IS7U25,2025-08-25,355.0,355.0,355.0,355.0,9.0,+2.60%,0.0,50.0,2025-08-25,True,355.0,0.0,2025-08-22,355.0,3.0,0.0,is7u25_daily_historical-data-08-12-2026.csv,True,IS7Q25,2025-08-22,346.0,0.025679014417691447,355.0,0.025679014417691447,0.0,0.0,-0.03594963696704588,96.46888769174069,-2.42861286636753e-17,0.002894358026364533,-0.020029281875572437,0.010861468948009202,0.95,0.0
IS7U25,2025-08-26,355.0,355.0,355.0,355.0,0.0,0.00%,0.0,50.0,2025-08-26,False,355.0,0.0,2025-08-25,355.0,1.0,0.0,is7u25_daily_historical-data-08-12-2026.csv,True,IS7U25,2025-08-25,355.0,0.0,355.0,,,0.0,-0.03594963696704588,96.46888769174069,-2.42861286636753e-17,-2.3418766925686896e-17,-0.020029281875572437,0.010814232032906422,0.95,0.0
IS7U25,2025-08-27,355.0,355.0,355.0,355.0,0.0,0.00%,0.0,50.0,2025-08-27,False,355.0,0.0,2025-08-26,355.0,1.0,0.0,is7u25_daily_historical-data-08-12-2026.csv,True,IS7U25,2025-08-26,355.0,0.0,355.0,,,0.0,-0.03594963696704588,96.46888769174069,-0.022858138076050208,-2.3418766925686896e-17,-0.020029281875572437,0.010775429625915676,0.95,0.0
IS7U25,2025-08-28,354.0,354.0,354.0,354.0,-1.0,-0.28%,3.0,47.0,2025-08-28,False,354.0,-1.0,2025-08-27,355.0,1.0,-0.0028208763416413406,is7u25_daily_historical-data-08-12-2026.csv,True,IS7U25,2025-08-27,355.0,-0.0028208763416413406,355.0,,,-0.0028208763416413406,-0.03877051330868722,96.19714434613014,-0.0028208763416413406,-0.002820876341641364,-0.014315255767376333,0.010775429625915676,0.95,0.0
IS7U25,2025-08-29,354.0,354.0,354.0,354.0,0.0,0.00%,0.0,37.0,2025-08-29,False,354.0,0.0,2025-08-28,354.0,1.0,0.0,is7u25_daily_historical-data-08-12-2026.csv,True,IS7U25,2025-08-28,354.0,0.0,354.0,,,0.0,-0.03877051330868722,96.19714434613014,-0.0028208763416413406,-0.002820876341641364,7.348168472322237e-05,0.010812290134682127,0.95,0.0
IS7U25,2025-09-02,351.0,351.0,351.0,351.0,-3.0,-0.85%,0.0,37.0,2025-09-02,False,351.0,-3.0,2025-08-29,354.0,4.0,-0.00851068966790862,is7u25_daily_historical-data-08-12-2026.csv,True,IS7U25,2025-08-29,354.0,-0.00851068966790862,354.0,,,-0.00851068966790862,-0.04728120297659584,95.38191430929854,-0.01133156600954996,-0.011331566009549984,-0.008437207983185396,0.010812290134682127,0.95,0.0
IS7U25,2025-09-03,350.0,350.0,350.0,350.0,-1.0,-0.28%,0.0,37.0,2025-09-03,False,350.0,-1.0,2025-09-02,351.0,1.0,-0.002853068982406399,is7u25_daily_historical-data-08-12-2026.csv,True,IS7U25,2025-09-02,351.0,-0.002853068982406399,351.0,,,-0.002853068982406399,-0.05013427195900224,95.110170963688,-0.014184634991956359,-0.014184634991956383,-0.014184634991956352,0.011118241746202254,0.95,0.0
IS7U25,2025-09-04,349.0,349.0,349.0,349.0,-1.0,-0.29%,0.0,37.0,2025-09-04,False,349.0,-1.0,2025-09-03,350.0,1.0,-0.002861232281032235,is7u25_daily_historical-data-08-12-2026.csv,True,IS7U25,2025-09-03,350.0,-0.002861232281032235,350.0,,,-0.002861232281032235,-0.05299550424003448,94.83842761807747,-0.017045867272988593,-0.039904005349038804,-0.017045867272988586,0.011122538430285977,0.95,0.0
IS7U25,2025-09-05,348.0,348.0,348.0,348.0,-1.0,-0.29%,0.0,37.0,2025-09-05,False,348.0,-1.0,2025-09-04,349.0,1.0,-0.00286944242795282,is7u25_daily_historical-data-08-12-2026.csv,True,IS7U25,2025-09-04,349.0,-0.00286944242795282,349.0,,,-0.00286944242795282,-0.055864946667987296,94.56668427246693,-0.017094433359300075,-0.019915309700941415,-0.019915309700941408,0.00714902749219029,0.95,0.0
IS7U25,2025-09-08,347.0,347.0,347.0,347.0,-1.0,-0.29%,0.0,37.0,2025-09-08,False,347.0,-1.0,2025-09-05,348.0,3.0,-0.002877699827615169,is7u25_daily_historical-data-08-12-2026.csv,True,IS7U25,2025-09-05,348.0,-0.002877699827615169,348.0,,,-0.002877699827615169,-0.058742646495602464,94.2949409268564,-0.019972133186915243,-0.022793009528556583,-0.022793009528556576,0.0026933576430743524,0.95,0.0
IS7U25,2025-09-09,346.0,346.0,346.0,346.0,-1.0,-0.29%,0.0,37.0,2025-09-09,False,346.0,-1.0,2025-09-08,347.0,1.0,-0.0028860048891349867,is7u25_daily_historical-data-08-12-2026.csv,True,IS7U25,2025-09-08,347.0,-0.0028860048891349867,347.0,,,-0.0028860048891349867,-0.06162865138473745,94.02319758124585,-0.01434744840814161,-0.02567901441769157,-0.022784656391327037,0.002609354167668775,0.95,0.0
IS7U25,2025-09-10,345.0,345.0,345.0,345.0,-1.0,-0.29%,0.0,37.0,2025-09-10,False,345.0,-1.0,2025-09-09,346.0,1.0,-0.002894358026364526,is7u25_daily_historical-data-08-12-2026.csv,True,IS7U25,2025-09-09,346.0,-0.002894358026364526,346.0,,,-0.002894358026364526,-0.06452300941110198,93.75145423563531,-0.014388737452099737,-0.028573372444056097,-0.028573372444056118,0.002485927883140321,0.95,0.0
IS7U25,2025-09-11,339.0,339.0,339.0,339.0,-6.0,-1.74%,13.0,45.0,2025-09-11,False,339.0,-6.0,2025-09-10,345.0,1.0,-0.017544309650909508,is7u25_daily_historical-data-08-12-2026.csv,True,IS7U25,2025-09-10,345.0,-0.017544309650909508,345.0,,,-0.017544309650909508,-0.08206731906201148,92.12099416197209,-0.02907181482197701,-0.046117682094965605,-0.046117682094965626,0.002316445126339499,0.95,0.0
IS7U25,2025-09-12,340.0,340.0,340.0,340.0,1.0,+0.29%,0.0,45.0,2025-09-12,False,340.0,1.0,2025-09-11,339.0,1.0,0.0029455102297567446,is7u25_daily_historical-data-08-12-2026.csv,True,IS7U25,2025-09-11,339.0,0.0029455102297567446,339.0,,,0.0029455102297567446,-0.07912180883225474,92.39273750758262,-0.023256862164267447,-0.04035129552356752,-0.04317217186520888,0.005000619566486159,0.95,0.0
IS7U25,2025-09-15,341.0,341.0,341.0,341.0,1.0,+0.29%,0.0,45.0,2025-09-15,False,341.0,1.0,2025-09-12,340.0,3.0,0.0029368596733097057,is7u25_daily_historical-data-08-12-2026.csv,True,IS7U25,2025-09-12,340.0,0.0029368596733097057,340.0,,,0.0029368596733097057,-0.07618494915894504,92.66448085319315,-0.017442302663342568,-0.03741443585025781,-0.04023531219189917,0.005534094392997837,0.95,0.0
IS7U25,2025-09-16,341.0,341.0,341.0,341.0,0.0,0.00%,0.0,45.0,2025-09-16,False,341.0,0.0,2025-09-15,341.0,1.0,0.0,is7u25_daily_historical-data-08-12-2026.csv,True,IS7U25,2025-09-15,341.0,0.0,341.0,,,0.0,-0.07618494915894504,92.66448085319315,-0.014556297774207583,-0.028903746182349196,-0.04023531219189917,0.0058414196860763785,0.95,0.0
IS7U25,2025-09-17,341.0,341.0,341.0,341.0,0.0,0.00%,0.0,45.0,2025-09-17,False,341.0,0.0,2025-09-16,341.0,1.0,0.0,is7u25_daily_historical-data-08-12-2026.csv,True,IS7U25,2025-09-16,341.0,0.0,341.0,,,0.0,-0.07618494915894504,92.66448085319315,-0.011661939747843056,-0.026050677199942796,-0.04023531219189917,0.005687307150121601,0.95,0.0
IS7U25,2025-09-18,341.0,341.0,341.0,341.0,0.0,0.00%,0.0,45.0,2025-09-18,False,341.0,0.0,2025-09-17,341.0,1.0,0.0,is7u25_daily_historical-data-08-12-2026.csv,True,IS7U25,2025-09-17,341.0,0.0,341.0,,,0.0,-0.07618494915894504,92.66448085319315,0.005882369903066452,-0.023189444918910562,-0.06309345026794935,0.005760478732418897,0.95,0.0
IS7U25,2025-09-19,340.0,340.0,340.0,340.0,-1.0,-0.29%,0.0,45.0,2025-09-19,False,340.0,-1.0,2025-09-18,341.0,1.0,-0.0029368596733097135,is7u25_daily_historical-data-08-12-2026.csv,True,IS7U25,2025-09-18,341.0,-0.0029368596733097135,341.0,,,-0.0029368596733097135,-0.07912180883225475,92.39273750758261,-6.071532165918825e-18,-0.023256862164267457,-0.04317217186520886,0.005817121563555831,1.0,0.0
IS7U25,2025-09-22,340.0,340.0,340.0,340.0,0.0,0.00%,0.0,45.0,2025-09-22,False,340.0,0.0,2025-09-19,340.0,3.0,0.0,is7u25_daily_historical-data-08-12-2026.csv,True,IS7U25,2025-09-19,340.0,0.0,340.0,,,0.0,-0.07912180883225475,92.39273750758261,-0.002936859673309712,-0.020379162336652285,-0.04317217186520886,0.00581786946734893,1.0,0.0
IS7U25,2025-09-23,340.0,340.0,340.0,340.0,0.0,0.00%,0.0,45.0,2025-09-23,False,340.0,0.0,2025-09-22,340.0,1.0,0.0,is7u25_daily_historical-data-08-12-2026.csv,True,IS7U25,2025-09-22,340.0,0.0,340.0,,,0.0,-0.07912180883225475,92.39273750758261,-0.002936859673309712,-0.0174931574475173,-0.04317217186520886,0.005858559056557553,1.0,0.0
IS7U25,2025-09-24,339.0,339.0,339.0,339.0,-1.0,-0.29%,0.0,45.0,2025-09-24,False,339.0,-1.0,2025-09-23,340.0,1.0,-0.002945510229756803,is7u25_daily_historical-data-08-12-2026.csv,True,IS7U25,2025-09-23,340.0,-0.002945510229756803,340.0,,,-0.002945510229756803,-0.08206731906201156,92.12099416197208,-0.005882369903066515,-0.017544309650909577,-0.04611768209496567,0.005883171610227122,1.0,0.0
IS7V25,2025-09-25,343.0,343.0,343.0,343.0,4.0,+1.18%,12.0,48.0,2025-09-25,True,343.0,0.0,2025-09-24,343.0,1.0,0.0,is7v25_daily_historical-data-08-12-2026.csv,True,IS7U25,2025-09-24,339.0,0.0117303397854896,343.0,0.0117303397854896,0.0,0.0,-0.08206731906201156,92.12099416197208,-0.005882369903066515,-6.808789643208968e-17,-0.04611768209496567,0.005884299934976933,1.0,0.0
IS7V25,2025-09-26,343.0,343.0,343.0,343.0,0.0,0.00%,0.0,48.0,2025-09-26,False,343.0,0.0,2025-09-25,343.0,1.0,0.0,is7v25_daily_historical-data-08-12-2026.csv,True,IS7V25,2025-09-25,343.0,0.0,343.0,,,0.0,-0.08206731906201156,92.12099416197208,-0.0029455102297568014,-0.0029455102297568127,-0.04329680575332433,0.0019607920879251583,1.0,0.0
IS7V25,2025-09-29,343.0,343.0,343.0,343.0,0.0,0.00%,0.0,48.0,2025-09-29,False,343.0,0.0,2025-09-26,343.0,3.0,0.0,is7v25_daily_historical-data-08-12-2026.csv,True,IS7V25,2025-09-26,343.0,0.0,343.0,,,0.0,-0.08206731906201156,92.12099416197208,-0.0029455102297568014,-0.005882369903066518,-0.04329680575332433,0.0016686227502433555,1.0,0.0
IS7V25,2025-09-30,343.0,343.0,343.0,343.0,0.0,0.00%,0.0,48.0,2025-09-30,False,343.0,0.0,2025-09-29,343.0,1.0,0.0,is7v25_daily_historical-data-08-12-2026.csv,True,IS7V25,2025-09-29,343.0,0.0,343.0,,,0.0,-0.08206731906201156,92.12099416197208,-0.0029455102297568014,-0.005882369903066518,-0.03478611608541571,0.001240114138414706,1.0,0.0
IS7V25,2025-10-01,343.0,343.0,343.0,343.0,0.0,0.00%,0.0,48.0,2025-10-01,False,343.0,0.0,2025-09-30,343.0,1.0,0.0,is7v25_daily_historical-data-08-12-2026.csv,True,IS7V25,2025-09-30,343.0,0.0,343.0,,,0.0,-0.08206731906201156,92.12099416197208,0.0,-0.005882369903066518,-0.031933047103009315,0.001240114138414706,1.0,0.0
IS7V25,2025-10-02,343.0,343.0,343.0,343.0,0.0,0.00%,0.0,21.0,2025-10-02,False,343.0,0.0,2025-10-01,343.0,1.0,0.0,is7v25_daily_historical-data-08-12-2026.csv,True,IS7V25,2025-10-01,343.0,0.0,343.0,,,0.0,-0.08206731906201156,92.12099416197208,0.0,-0.005882369903066518,-0.029071814821977075,0.001240114138414706,1.0,0.0
IS7V25,2025-10-03,343.0,343.0,343.0,343.0,0.0,0.00%,0.0,21.0,2025-10-03,False,343.0,0.0,2025-10-02,343.0,1.0,0.0,is7v25_daily_historical-data-08-12-2026.csv,True,IS7V25,2025-10-02,343.0,0.0,343.0,,,0.0,-0.08206731906201156,92.12099416197208,0.0,-0.002945510229756805,-0.026202372394024252,0.001240114138414706,1.0,0.0
IS7V25,2025-10-06,343.0,343.0,343.0,343.0,0.0,0.00%,3.0,21.0,2025-10-06,False,343.0,0.0,2025-10-03,343.0,3.0,0.0,is7v25_daily_historical-data-08-12-2026.csv,True,IS7V25,2025-10-03,343.0,0.0,343.0,,,0.0,-0.08206731906201156,92.12099416197208,0.0,-0.002945510229756805,-0.023324672566409084,0.0009314521197357307,1.0,0.0
IS7V25,2025-10-07,344.0,344.0,344.0,344.0,1.0,+0.29%,0.0,21.0,2025-10-07,False,344.0,1.0,2025-10-06,343.0,1.0,0.0029112102074585343,is7v25_daily_historical-data-08-12-2026.csv,True,IS7V25,2025-10-06,343.0,0.0029112102074585343,343.0,,,0.0029112102074585343,-0.07915610885455303,92.38956848897493,0.002911210207458536,-3.4300022298270564e-05,-0.017527457469815565,0.0009314521197357307,1.0,0.0
IS7V25,2025-10-08,345.0,345.0,345.0,345.0,1.0,+0.29%,0.0,21.0,2025-10-08,False,345.0,1.0,2025-10-07,344.0,1.0,0.00290275965796141,is7v25_daily_historical-data-08-12-2026.csv,True,IS7V25,2025-10-07,344.0,0.00290275965796141,344.0,,,0.00290275965796141,-0.07625334919659162,92.65814281597777,0.005813969865419946,0.005813969865419943,-0.011730339785489628,0.001380461184470194,1.0,0.0
IS7V25,2025-10-09,345.0,345.0,345.0,345.0,0.0,0.00%,0.0,21.0,2025-10-09,False,345.0,0.0,2025-10-08,345.0,1.0,0.0,is7v25_daily_historical-data-08-12-2026.csv,True,IS7V25,2025-10-08,345.0,0.0,345.0,,,0.0,-0.07625334919659162,92.65814281597777,0.005813969865419946,0.005813969865419943,0.00581396986541988,0.0012256940865529467,1.0,0.0
IS7V25,2025-10-10,346.0,346.0,346.0,346.0,1.0,+0.29%,0.0,21.0,2025-10-10,False,346.0,1.0,2025-10-09,345.0,1.0,0.0028943580263645565,is7v25_daily_historical-data-08-12-2026.csv,True,IS7V25,2025-10-09,345.0,0.0028943580263645565,345.0,,,0.0028943580263645565,-0.07335899117022705,92.92671714298059,0.008708327891784502,0.008708327891784499,0.005762817662027691,0.0012256940865529467,1.0,0.0
IS7V25,2025-10-13,347.0,347.0,347.0,347.0,1.0,+0.29%,0.0,21.0,2025-10-13,False,347.0,1.0,2025-10-10,346.0,3.0,0.0028860048891348514,is7v25_daily_historical-data-08-12-2026.csv,True,IS7V25,2025-10-10,346.0,0.0028860048891348514,346.0,,,0.0028860048891348514,-0.0704729862810922,93.19529146998342,0.011594332780919354,0.01159433278091935,0.005711962877852837,0.0014021796295449222,1.0,0.0
IS7V25,2025-10-14,347.0,347.0,347.0,347.0,0.0,0.00%,0.0,21.0,2025-10-14,False,347.0,0.0,2025-10-13,347.0,1.0,0.0,is7v25_daily_historical-data-08-12-2026.csv,True,IS7V25,2025-10-13,347.0,0.0,347.0,,,0.0,-0.0704729862810922,93.19529146998342,0.00868312257346082,0.01159433278091935,0.005711962877852837,0.001496835025620539,1.0,0.0
IS7V25,2025-10-15,347.0,347.0,347.0,347.0,0.0,0.00%,0.0,21.0,2025-10-15,False,347.0,0.0,2025-10-14,347.0,1.0,0.0,is7v25_daily_historical-data-08-12-2026.csv,True,IS7V25,2025-10-14,347.0,0.0,347.0,,,0.0,-0.0704729862810922,93.19529146998342,0.00578036291549941,0.01159433278091935,0.005711962877852837,0.001496835025620539,1.0,0.0
IS7V25,2025-10-16,348.0,348.0,348.0,348.0,1.0,+0.29%,0.0,21.0,2025-10-16,False,348.0,1.0,2025-10-15,347.0,1.0,0.0028776998276151956,is7v25_daily_historical-data-08-12-2026.csv,True,IS7V25,2025-10-15,347.0,0.0028776998276151956,347.0,,,0.0028776998276151956,-0.06759528645347701,93.46386579698627,0.008658062743114606,0.014472032608534547,0.008589662705468033,0.001496835025620539,1.0,0.0
IS7V25,2025-10-17,348.0,348.0,348.0,348.0,0.0,0.00%,0.0,21.0,2025-10-17,False,348.0,0.0,2025-10-16,348.0,1.0,0.0,is7v25_daily_historical-data-08-12-2026.csv,True,IS7V25,2025-10-16,348.0,0.0,348.0,,,0.0,-0.06759528645347701,93.46386579698627,0.00576370471675005,0.014472032608534547,0.011526522378777746,0.001525511740163785,1.0,0.0
IS7V25,2025-10-20,349.0,349.0,349.0,349.0,1.0,+0.29%,0.0,21.0,2025-10-20,False,349.0,1.0,2025-10-17,348.0,3.0,0.002869442427952739,is7v25_daily_historical-data-08-12-2026.csv,True,IS7V25,2025-10-17,348.0,0.002869442427952739,348.0,,,0.002869442427952739,-0.06472584402552427,93.7324401239891,0.005747142255567937,0.017341475036487284,0.014395964806730485,0.001525511740163785,1.0,0.0
IS7V25,2025-10-21,349.0,349.0,349.0,349.0,0.0,0.00%,0.0,21.0,2025-10-21,False,349.0,0.0,2025-10-20,349.0,1.0,0.0,is7v25_daily_historical-data-08-12-2026.csv,True,IS7V25,2025-10-20,349.0,0.0,349.0,,,0.0,-0.06472584402552427,93.7324401239891,0.005747142255567937,0.014430264829028752,0.014395964806730485,0.0014925619886576352,1.0,0.0
IS7V25,2025-10-22,349.0,349.0,349.0,349.0,0.0,0.00%,0.0,21.0,2025-10-22,False,349.0,0.0,2025-10-21,349.0,1.0,0.0,is7v25_daily_historical-data-08-12-2026.csv,True,IS7V25,2025-10-21,349.0,0.0,349.0,,,0.0,-0.06472584402552427,93.7324401239891,0.005747142255567937,0.011527505171067341,0.017341475036487287,0.001521108808964358,1.0,0.0
IS7V25,2025-10-23,349.0,349.0,349.0,349.0,0.0,0.00%,0.0,21.0,2025-10-23,False,349.0,0.0,2025-10-22,349.0,1.0,0.0,is7v25_daily_historical-data-08-12-2026.csv,True,IS7V25,2025-10-22,349.0,0.0,349.0,,,0.0,-0.06472584402552427,93.7324401239891,0.0028694424279527408,0.011527505171067341,0.017341475036487287,0.0014882073930733825,1.0,0.0
IS7V25,2025-10-24,349.0,349.0,349.0,349.0,0.0,0.00%,0.0,21.0,2025-10-24,False,349.0,0.0,2025-10-23,349.0,1.0,0.0,is7v25_daily_historical-data-08-12-2026.csv,True,IS7V25,2025-10-23,349.0,0.0,349.0,,,0.0,-0.06472584402552427,93.7324401239891,0.0028694424279527408,0.008633147144702785,0.017341475036487287,0.0014882073930733825,1.0,0.0
IS7X25,2025-10-27,350.0,350.0,350.0,350.0,1.0,+0.29%,0.0,21.0,2025-10-27,True,350.0,0.0,2025-10-24,350.0,3.0,0.0,is7x25_daily_historical-data-08-12-2026.csv,True,IS7V25,2025-10-24,349.0,0.002861232281032195,350.0,0.002861232281032195,0.0,0.0,-0.06472584402552427,93.7324401239891,0.0,0.005747142255567933,0.017341475036487287,0.0013900742347520304,1.0,0.0
IS7X25,2025-10-28,350.0,350.0,350.0,350.0,0.0,0.00%,0.0,21.0,2025-10-28,False,350.0,0.0,2025-10-27,350.0,1.0,0.0,is7x25_daily_historical-data-08-12-2026.csv,True,IS7X25,2025-10-27,350.0,0.0,350.0,,,0.0,-0.06472584402552427,93.7324401239891,0.0,0.005747142255567933,0.017341475036487287,0.001211605534203744,1.0,0.0
IS7X25,2025-10-29,350.0,350.0,350.0,350.0,0.0,0.00%,0.0,21.0,2025-10-29,False,350.0,0.0,2025-10-28,350.0,1.0,0.0,is7x25_daily_historical-data-08-12-2026.csv,True,IS7X25,2025-10-28,350.0,0.0,350.0,,,0.0,-0.06472584402552427,93.7324401239891,0.0,0.005747142255567933,0.017341475036487287,0.001211605534203744,1.0,0.0
IS7X25,2025-10-30,350.0,350.0,350.0,350.0,0.0,0.00%,0.0,21.0,2025-10-30,False,350.0,0.0,2025-10-29,350.0,1.0,0.0,is7x25_daily_historical-data-08-12-2026.csv,True,IS7X25,2025-10-29,350.0,0.0,350.0,,,0.0,-0.06472584402552427,93.7324401239891,0.0,0.0028694424279527373,0.017341475036487287,0.001211605534203744,1.0,0.0
IS7X25,2025-10-31,350.0,350.0,350.0,350.0,0.0,0.00%,0.0,12.0,2025-10-31,False,350.0,0.0,2025-10-30,350.0,1.0,0.0,is7x25_daily_historical-data-08-12-2026.csv,True,IS7X25,2025-10-30,350.0,0.0,350.0,,,0.0,-0.06472584402552427,93.7324401239891,0.0,0.0028694424279527373,0.017341475036487287,0.000907397368705419,1.0,0.0
IS7X25,2025-11-03,350.0,350.0,350.0,350.0,0.0,0.00%,0.0,12.0,2025-11-03,False,350.0,0.0,2025-10-31,350.0,3.0,0.0,is7x25_daily_historical-data-08-12-2026.csv,True,IS7X25,2025-10-31,350.0,0.0,350.0,,,0.0,-0.06472584402552427,93.7324401239891,0.0,0.0,0.017341475036487287,0.000907397368705419,1.0,0.0
IS7X25,2025-11-04,350.0,350.0,350.0,350.0,0.0,0.00%,0.0,12.0,2025-11-04,False,350.0,0.0,2025-11-03,350.0,1.0,0.0,is7x25_daily_historical-data-08-12-2026.csv,True,IS7X25,2025-11-03,350.0,0.0,350.0,,,0.0,-0.06472584402552427,93.7324401239891,0.0,0.0,0.014430264829028754,0.0,1.0,0.0
IS7X25,2025-11-05,350.0,350.0,350.0,350.0,0.0,0.00%,0.0,12.0,2025-11-05,False,350.0,0.0,2025-11-04,350.0,1.0,0.0,is7x25_daily_historical-data-08-12-2026.csv,True,IS7X25,2025-11-04,350.0,0.0,350.0,,,0.0,-0.06472584402552427,93.7324401239891,0.0,0.0,0.011527505171067345,0.0,1.0,0.0
IS7X25,2025-11-06,351.0,351.0,351.0,351.0,1.0,+0.29%,3.0,15.0,2025-11-06,False,351.0,1.0,2025-11-05,350.0,1.0,0.0028530689824064807,is7x25_daily_historical-data-08-12-2026.csv,True,IS7X25,2025-11-05,350.0,0.0028530689824064807,350.0,,,0.0028530689824064807,-0.061872775043117785,94.00024709577191,0.0028530689824064824,0.002853068982406479,0.014380574153473826,0.0,1.0,0.0
IS7X25,2025-11-07,352.0,352.0,352.0,352.0,1.0,+0.28%,0.0,15.0,2025-11-07,False,352.0,1.0,2025-11-06,351.0,1.0,0.0028449521322313448,is7x25_daily_historical-data-08-12-2026.csv,True,IS7X25,2025-11-06,351.0,0.0028449521322313448,351.0,,,0.0028449521322313448,-0.05902782291088644,94.26805406755476,0.005698021114637827,0.005698021114637824,0.014331168259340613,0.0009022196305983345,1.0,0.0
IS7X25,2025-11-10,353.0,353.0,353.0,353.0,1.0,+0.28%,0.0,15.0,2025-11-10,False,353.0,1.0,2025-11-07,352.0,3.0,0.0028368813351997567,is7x25_daily_historical-data-08-12-2026.csv,True,IS7X25,2025-11-07,352.0,0.0028368813351997567,352.0,,,0.0028368813351997567,-0.05619094157568669,94.53586103933759,0.008534902449837584,0.00853490244983758,0.01428204470540552,0.0012012498486887071,1.0,0.0
IS7X25,2025-11-11,354.0,354.0,354.0,354.0,1.0,+0.28%,0.0,15.0,2025-11-11,False,354.0,1.0,2025-11-10,353.0,1.0,0.002828856200477623,is7x25_daily_historical-data-08-12-2026.csv,True,IS7X25,2025-11-10,353.0,0.002828856200477623,353.0,,,0.002828856200477623,-0.05336208537520906,94.80366801112041,0.011363758650315206,0.011363758650315203,0.01711090090588314,0.0013742551509914188,1.0,0.0
IS7X25,2025-11-12,354.0,354.0,354.0,354.0,0.0,0.00%,0.0,15.0,2025-11-12,False,354.0,0.0,2025-11-11,354.0,1.0,0.0,is7x25_daily_historical-data-08-12-2026.csv,True,IS7X25,2025-11-11,354.0,0.0,354.0,,,0.0,-0.05336208537520906,94.80366801112041,0.011363758650315206,0.011363758650315203,0.01711090090588314,0.001467067267252055,1.0,0.0
IS7X25,2025-11-13,354.0,354.0,354.0,354.0,0.0,0.00%,4.0,19.0,2025-11-13,False,354.0,0.0,2025-11-12,354.0,1.0,0.0,is7x25_daily_historical-data-08-12-2026.csv,True,IS7X25,2025-11-12,354.0,0.0,354.0,,,0.0,-0.05336208537520906,94.80366801112041,0.008510689667908727,0.011363758650315203,0.014233201078267947,0.001467067267252055,1.0,0.0
IS7X25,2025-11-14,354.0,354.0,354.0,354.0,0.0,0.00%,0.0,19.0,2025-11-14,False,354.0,0.0,2025-11-13,354.0,1.0,0.0,is7x25_daily_historical-data-08-12-2026.csv,True,IS7X25,2025-11-13,354.0,0.0,354.0,,,0.0,-0.05336208537520906,94.80366801112041,0.0056657375356773815,0.011363758650315203,0.014233201078267947,0.001467067267252055,1.0,0.0
IS7X25,2025-11-17,355.0,355.0,355.0,355.0,1.0,+0.28%,0.0,19.0,2025-11-17,False,355.0,1.0,2025-11-14,354.0,3.0,0.0028208763416412634,is7x25_daily_historical-data-08-12-2026.csv,True,IS7X25,2025-11-14,354.0,0.0028208763416412634,354.0,,,0.0028208763416412634,-0.0505412090335678,95.07147498290323,0.005649732542118888,0.014184634991956466,0.01418463499195647,0.001467067267252055,1.0,0.0
IS7X25,2025-11-18,355.0,355.0,355.0,355.0,0.0,0.00%,0.0,19.0,2025-11-18,False,355.0,0.0,2025-11-17,355.0,1.0,0.0,is7x25_daily_historical-data-08-12-2026.csv,True,IS7X25,2025-11-17,355.0,0.0,355.0,,,0.0,-0.0505412090335678,95.07147498290323,0.002820876341641265,0.014184634991956466,0.01418463499195647,0.0014952158787045094,1.0,0.0
IS7X25,2025-11-19,355.0,355.0,355.0,355.0,0.0,0.00%,0.0,19.0,2025-11-19,False,355.0,0.0,2025-11-18,355.0,1.0,0.0,is7x25_daily_historical-data-08-12-2026.csv,True,IS7X25,2025-11-18,355.0,0.0,355.0,,,0.0,-0.0505412090335678,95.07147498290323,0.002820876341641265,0.014184634991956466,0.01418463499195647,0.0014952158787045094,1.0,0.0
IS7X25,2025-11-20,355.0,355.0,355.0,355.0,0.0,0.00%,0.0,19.0,2025-11-20,False,355.0,0.0,2025-11-19,355.0,1.0,0.0,is7x25_daily_historical-data-08-12-2026.csv,True,IS7X25,2025-11-19,355.0,0.0,355.0,,,0.0,-0.0505412090335678,95.07147498290323,0.002820876341641265,0.011331566009549985,0.01418463499195647,0.0014952158787045094,1.0,0.0
IS7X25,2025-11-21,355.0,355.0,355.0,355.0,0.0,0.00%,0.0,19.0,2025-11-21,False,355.0,0.0,2025-11-20,355.0,1.0,0.0,is7x25_daily_historical-data-08-12-2026.csv,True,IS7X25,2025-11-20,355.0,0.0,355.0,,,0.0,-0.0505412090335678,95.07147498290323,0.002820876341641265,0.008486613877318642,0.01418463499195647,0.0014629111106749392,1.0,0.0
IS7Z25,2025-11-24,363.0,363.0,363.0,363.0,8.0,+2.25%,11.0,30.0,2025-11-24,True,363.0,3.0,2025-11-21,360.0,3.0,0.008298802814695064,is7z25_daily_historical-data-08-12-2026.csv,True,IS7X25,2025-11-21,355.0,0.022285044789434955,360.0,0.01398624197473987,2.0816681711721685e-17,0.008298802814695064,-0.042242406218872736,95.86373727442741,0.008298802814695066,0.013948535356813948,0.022483437806651536,0.0013664798627433235,1.0,0.0
IS7Z25,2025-11-25,363.0,363.0,363.0,363.0,0.0,0.00%,0.0,30.0,2025-11-25,False,363.0,0.0,2025-11-24,363.0,1.0,0.0,is7z25_daily_historical-data-08-12-2026.csv,True,IS7Z25,2025-11-24,363.0,0.0,363.0,,,0.0,-0.042242406218872736,95.86373727442741,0.008298802814695066,0.011119679156336326,0.022483437806651536,0.00269513419651403,1.0,0.0
IS7Z25,2025-11-26,363.0,363.0,363.0,363.0,0.0,0.00%,0.0,30.0,2025-11-26,False,363.0,0.0,2025-11-25,363.0,1.0,0.0,is7z25_daily_historical-data-08-12-2026.csv,True,IS7Z25,2025-11-25,363.0,0.0,363.0,,,0.0,-0.042242406218872736,95.86373727442741,0.008298802814695066,0.011119679156336326,0.022483437806651536,0.0026762898248225008,1.0,0.0
IS7Z25,2025-11-28,363.0,363.0,363.0,363.0,0.0,0.00%,0.0,27.0,2025-11-28,False,363.0,0.0,2025-11-26,363.0,2.0,0.0,is7z25_daily_historical-data-08-12-2026.csv,True,IS7Z25,2025-11-26,363.0,0.0,363.0,,,0.0,-0.042242406218872736,95.86373727442741,0.008298802814695066,0.011119679156336326,0.022483437806651536,0.0026762898248225008,1.0,0.0
IS7Z25,2025-12-01,363.0,363.0,363.0,363.0,0.0,0.00%,0.0,27.0,2025-12-01,False,363.0,0.0,2025-11-28,363.0,3.0,0.0,is7z25_daily_historical-data-08-12-2026.csv,True,IS7Z25,2025-11-28,363.0,0.0,363.0,,,0.0,-0.042242406218872736,95.86373727442741,0.008298802814695066,0.011119679156336326,0.022483437806651536,0.0026762898248225008,1.0,0.0
IS7Z25,2025-12-02,363.0,363.0,363.0,363.0,0.0,0.00%,0.0,27.0,2025-12-02,False,363.0,0.0,2025-12-01,363.0,1.0,0.0,is7z25_daily_historical-data-08-12-2026.csv,True,IS7Z25,2025-12-01,363.0,0.0,363.0,,,0.0,-0.042242406218872736,95.86373727442741,0.0,0.008298802814695062,0.022483437806651536,0.0026762898248225008,1.0,0.0
IS7Z25,2025-12-03,363.0,363.0,363.0,363.0,0.0,0.00%,0.0,27.0,2025-12-03,False,363.0,0.0,2025-12-02,363.0,1.0,0.0,is7z25_daily_historical-data-08-12-2026.csv,True,IS7Z25,2025-12-02,363.0,0.0,363.0,,,0.0,-0.042242406218872736,95.86373727442741,0.0,0.008298802814695062,0.022483437806651536,0.002624311874705267,1.0,0.0
IS7Z25,2025-12-04,363.0,363.0,363.0,363.0,0.0,0.00%,0.0,27.0,2025-12-04,False,363.0,0.0,2025-12-03,363.0,1.0,0.0,is7z25_daily_historical-data-08-12-2026.csv,True,IS7Z25,2025-12-03,363.0,0.0,363.0,,,0.0,-0.042242406218872736,95.86373727442741,0.0,0.008298802814695062,0.022483437806651536,0.002624311874705267,1.0,0.0
IS7Z25,2025-12-05,364.0,364.0,364.0,364.0,1.0,+0.28%,0.0,27.0,2025-12-05,False,364.0,1.0,2025-12-04,363.0,1.0,0.0027510333718897976,is7z25_daily_historical-data-08-12-2026.csv,True,IS7Z25,2025-12-04,363.0,0.0027510333718897976,363.0,,,0.0027510333718897976,-0.03949137284698294,96.12782470493548,0.0027510333718897993,0.011049836186584859,0.022381402196134853,0.002624311874705267,1.0,0.0
IS7Z25,2025-12-08,365.0,365.0,365.0,365.0,1.0,+0.27%,0.0,27.0,2025-12-08,False,365.0,1.0,2025-12-05,364.0,3.0,0.002743485945750834,is7z25_daily_historical-data-08-12-2026.csv,True,IS7Z25,2025-12-05,364.0,0.002743485945750834,364.0,,,0.002743485945750834,-0.0367478869012321,96.39191213544353,0.005494519317640633,0.013793322132335695,0.022279936009654343,0.0026714212778844904,1.0,0.0
IS7Z25,2025-12-09,366.0,366.0,366.0,366.0,1.0,+0.27%,0.0,27.0,2025-12-09,False,366.0,1.0,2025-12-08,365.0,1.0,0.0027359798188748455,is7z25_daily_historical-data-08-12-2026.csv,True,IS7Z25,2025-12-08,365.0,0.0027359798188748455,365.0,,,0.0027359798188748455,-0.03401190708235726,96.65599956595162,0.008230499136515478,0.008230499136515475,0.02217903449332943,0.002686167330775626,1.0,0.0
IS7Z25,2025-12-10,367.0,367.0,367.0,367.0,1.0,+0.27%,0.0,27.0,2025-12-10,False,367.0,1.0,2025-12-09,366.0,1.0,0.002728514653203914,is7z25_daily_historical-data-08-12-2026.csv,True,IS7Z25,2025-12-09,366.0,0.002728514653203914,366.0,,,0.002728514653203914,-0.031283392429153345,96.92008699645966,0.010959013789719392,0.010959013789719389,0.02207869294605572,0.0013252410142836468,1.0,0.0
IS7Z25,2025-12-11,367.0,367.0,367.0,367.0,0.0,0.00%,0.0,27.0,2025-12-11,False,367.0,0.0,2025-12-10,367.0,1.0,0.0,is7z25_daily_historical-data-08-12-2026.csv,True,IS7Z25,2025-12-10,367.0,0.0,367.0,,,0.0,-0.031283392429153345,96.92008699645966,0.010959013789719392,0.010959013789719389,0.02207869294605572,0.0014148136589316723,1.0,0.0
IS7Z25,2025-12-12,368.0,368.0,368.0,368.0,1.0,+0.27%,0.0,27.0,2025-12-12,False,368.0,1.0,2025-12-11,367.0,1.0,0.0027210901143605863,is7z25_daily_historical-data-08-12-2026.csv,True,IS7Z25,2025-12-11,367.0,0.0027210901143605863,367.0,,,0.0027210901143605863,-0.02856230231479276,97.18417442696772,0.01092907053219018,0.013680103904079977,0.024799783060416306,0.0014148136589316723,1.0,0.0
IS7Z25,2025-12-15,368.0,368.0,368.0,368.0,0.0,0.00%,24.0,42.0,2025-12-15,False,368.0,0.0,2025-12-12,368.0,3.0,0.0,is7z25_daily_historical-data-08-12-2026.csv,True,IS7Z25,2025-12-12,368.0,0.0,368.0,,,0.0,-0.02856230231479276,97.18417442696772,0.008185584586439348,0.013680103904079977,0.024799783060416306,0.0014420311546045465,1.0,0.0
IS7Z25,2025-12-16,368.0,368.0,368.0,368.0,0.0,0.00%,0.0,42.0,2025-12-16,False,368.0,0.0,2025-12-15,368.0,1.0,0.0,is7z25_daily_historical-data-08-12-2026.csv,True,IS7Z25,2025-12-15,368.0,0.0,368.0,,,0.0,-0.02856230231479276,97.18417442696772,0.005449604767564503,0.013680103904079977,0.021978906718775042,0.0014420311546045465,1.0,0.0
IS7Z25,2025-12-17,368.0,368.0,368.0,368.0,0.0,0.00%,0.0,42.0,2025-12-17,False,368.0,0.0,2025-12-16,368.0,1.0,0.0,is7z25_daily_historical-data-08-12-2026.csv,True,IS7Z25,2025-12-16,368.0,0.0,368.0,,,0.0,-0.02856230231479276,97.18417442696772,0.002721090114360588,0.013680103904079977,0.021978906718775042,0.0014420311546045465,1.0,0.0
IS7Z25,2025-12-18,368.0,368.0,368.0,368.0,0.0,0.00%,0.0,9.0,2025-12-18,False,368.0,0.0,2025-12-17,368.0,1.0,0.0,is7z25_daily_historical-data-08-12-2026.csv,True,IS7Z25,2025-12-17,368.0,0.0,368.0,,,0.0,-0.02856230231479276,97.18417442696772,0.002721090114360588,0.013680103904079977,0.021978906718775042,0.0014420311546045465,1.0,0.0
IS7Z25,2025-12-19,368.0,368.0,368.0,368.0,0.0,0.00%,0.0,45.0,2025-12-19,False,368.0,0.0,2025-12-18,368.0,1.0,0.0,is7z25_daily_historical-data-08-12-2026.csv,True,IS7Z25,2025-12-18,368.0,0.0,368.0,,,0.0,-0.02856230231479276,97.18417442696772,0.0,0.01092907053219018,0.021978906718775042,0.0014420311546045465,1.0,0.0
IS7Z25,2025-12-22,368.0,368.0,368.0,368.0,0.0,0.00%,0.0,45.0,2025-12-22,False,368.0,0.0,2025-12-19,368.0,3.0,0.0,is7z25_daily_historical-data-08-12-2026.csv,True,IS7Z25,2025-12-19,368.0,0.0,368.0,,,0.0,-0.02856230231479276,97.18417442696772,0.0,0.008185584586439344,0.021978906718775042,0.001410947910578141,1.0,0.0
IS7Z25,2025-12-23,368.0,368.0,368.0,368.0,0.0,0.00%,0.0,45.0,2025-12-23,False,368.0,0.0,2025-12-22,368.0,1.0,0.0,is7z25_daily_historical-data-08-12-2026.csv,True,IS7Z25,2025-12-22,368.0,0.0,368.0,,,0.0,-0.02856230231479276,97.18417442696772,0.0,0.005449604767564499,0.01368010390407998,0.0013180090073176653,1.0,0.0
IS7Z25,2025-12-24,368.0,368.0,368.0,368.0,0.0,0.00%,0.0,45.0,2025-12-24,False,368.0,0.0,2025-12-23,368.0,1.0,0.0,is7z25_daily_historical-data-08-12-2026.csv,True,IS7Z25,2025-12-23,368.0,0.0,368.0,,,0.0,-0.02856230231479276,97.18417442696772,0.0,0.0027210901143605846,0.01368010390407998,0.001148878893673365,1.0,0.0
IS7Z25,2025-12-26,368.0,368.0,368.0,368.0,0.0,0.00%,0.0,45.0,2025-12-26,False,368.0,0.0,2025-12-24,368.0,2.0,0.0,is7z25_daily_historical-data-08-12-2026.csv,True,IS7Z25,2025-12-24,368.0,0.0,368.0,,,0.0,-0.02856230231479276,97.18417442696772,0.0,0.0027210901143605846,0.01368010390407998,0.0008604842479947504,1.0,0.0
IS7F26,2025-12-29,363.0,363.0,363.0,363.0,-5.0,-1.36%,0.0,45.0,2025-12-29,True,363.0,0.0,2025-12-26,363.0,3.0,0.0,is7f26_daily_historical-data-08-12-2026.csv,True,IS7Z25,2025-12-26,368.0,-0.013680103904080154,363.0,-0.013680103904080154,0.0,0.0,-0.02856230231479276,97.18417442696772,0.0,0.0,0.01368010390407998,0.0008604842479947504,1.0,0.0
IS7F26,2025-12-30,363.0,363.0,363.0,363.0,0.0,0.00%,0.0,45.0,2025-12-30,False,363.0,0.0,2025-12-29,363.0,1.0,0.0,is7f26_daily_historical-data-08-12-2026.csv,True,IS7F26,2025-12-29,363.0,0.0,363.0,,,0.0,-0.02856230231479276,97.18417442696772,0.0,0.0,0.01368010390407998,0.0,1.0,0.0
IS7F26,2025-12-31,363.0,363.0,363.0,363.0,0.0,0.00%,0.0,30.0,2025-12-31,False,363.0,0.0,2025-12-30,363.0,1.0,0.0,is7f26_daily_historical-data-08-12-2026.csv,True,IS7F26,2025-12-30,363.0,0.0,363.0,,,0.0,-0.02856230231479276,97.18417442696772,0.0,0.0,0.01368010390407998,0.0,1.0,0.0
IS7F26,2026-01-02,363.0,363.0,363.0,363.0,0.0,0.00%,0.0,30.0,2026-01-02,False,363.0,0.0,2025-12-31,363.0,2.0,0.0,is7f26_daily_historical-data-08-12-2026.csv,True,IS7F26,2025-12-31,363.0,0.0,363.0,,,0.0,-0.02856230231479276,97.18417442696772,0.0,0.0,0.01368010390407998,0.0,1.0,0.0
IS7F26,2026-01-05,363.0,363.0,363.0,363.0,0.0,0.00%,18.0,30.0,2026-01-05,False,363.0,0.0,2026-01-02,363.0,3.0,0.0,is7f26_daily_historical-data-08-12-2026.csv,True,IS7F26,2026-01-02,363.0,0.0,363.0,,,0.0,-0.02856230231479276,97.18417442696772,0.0,0.0,0.01368010390407998,0.0,1.0,0.0
IS7F26,2026-01-06,364.0,364.0,364.0,364.0,1.0,+0.28%,0.0,30.0,2026-01-06,False,364.0,1.0,2026-01-05,363.0,1.0,0.0027510333718897976,is7f26_daily_historical-data-08-12-2026.csv,True,IS7F26,2026-01-05,363.0,0.0027510333718897976,363.0,,,0.0027510333718897976,-0.025811268942902962,97.45189942538912,0.0027510333718897993,0.002751033371889796,0.013680103904079982,0.0,1.0,0.0
IS7F26,2026-01-07,368.0,368.0,368.0,368.0,4.0,+1.10%,3.0,33.0,2026-01-07,False,368.0,4.0,2026-01-06,364.0,1.0,0.01092907053219023,is7f26_daily_historical-data-08-12-2026.csv,True,IS7F26,2026-01-06,364.0,0.01092907053219023,364.0,,,0.01092907053219023,-0.014882198410712732,98.5227994190747,0.013680103904080029,0.013680103904080025,0.021865688490519376,0.0008699531374304796,1.0,0.0
IS7F26,2026-01-08,368.0,368.0,368.0,368.0,0.0,0.00%,12.0,45.0,2026-01-08,False,368.0,0.0,2026-01-07,368.0,1.0,0.0,is7f26_daily_historical-data-08-12-2026.csv,True,IS7F26,2026-01-07,368.0,0.0,368.0,,,0.0,-0.014882198410712732,98.5227994190747,0.01368010390408003,0.013680103904080027,0.019129708671644534,0.0034688813923575107,1.0,0.0
IS7F26,2026-01-09,369.0,369.0,369.0,369.0,1.0,+0.27%,0.0,45.0,2026-01-09,False,369.0,1.0,2026-01-08,368.0,1.0,0.0027137058715963258,is7f26_daily_historical-data-08-12-2026.csv,True,IS7F26,2026-01-08,368.0,0.0027137058715963258,368.0,,,0.0027137058715963258,-0.012168492539116407,98.7905244174961,0.016393809775676355,0.016393809775676352,0.01911489989003694,0.0034688813923575107,1.0,0.0
IS7F26,2026-01-12,373.0,373.0,373.0,373.0,4.0,+1.08%,0.0,45.0,2026-01-12,False,373.0,4.0,2026-01-09,369.0,3.0,0.010781775603288413,is7f26_daily_historical-data-08-12-2026.csv,True,IS7F26,2026-01-09,369.0,0.010781775603288413,369.0,,,0.010781775603288413,-0.0013867169358279946,99.86142441118172,0.027175585378964768,0.027175585378964764,0.029896675493325354,0.0034560939251040554,1.0,0.0
IS7F26,2026-01-13,373.0,373.0,373.0,373.0,0.0,0.00%,0.0,45.0,2026-01-13,False,373.0,0.0,2026-01-12,373.0,1.0,0.0,is7f26_daily_historical-data-08-12-2026.csv,True,IS7F26,2026-01-12,373.0,0.0,373.0,,,0.0,-0.0013867169358279946,99.86142441118172,0.02442455200707497,0.027175585378964764,0.027175585378964768,0.004431859503878974,1.0,0.0
IS7F26,2026-01-14,373.0,373.0,373.0,373.0,0.0,0.00%,0.0,45.0,2026-01-14,False,373.0,0.0,2026-01-13,373.0,1.0,0.0,is7f26_daily_historical-data-08-12-2026.csv,True,IS7F26,2026-01-13,373.0,0.0,373.0,,,0.0,-0.0013867169358279946,99.86142441118172,0.01349548147488474,0.027175585378964764,0.027175585378964768,0.004431859503878974,1.0,0.0
IS7F26,2026-01-15,373.0,373.0,373.0,373.0,0.0,0.00%,0.0,45.0,2026-01-15,False,373.0,0.0,2026-01-14,373.0,1.0,0.0,is7f26_daily_historical-data-08-12-2026.csv,True,IS7F26,2026-01-14,373.0,0.0,373.0,,,0.0,-0.0013867169358279946,99.86142441118172,0.01349548147488474,0.027175585378964764,0.027175585378964768,0.004431859503878974,1.0,0.0
IS7F26,2026-01-16,373.0,373.0,373.0,373.0,0.0,0.00%,0.0,45.0,2026-01-16,False,373.0,0.0,2026-01-15,373.0,1.0,0.0,is7f26_daily_historical-data-08-12-2026.csv,True,IS7F26,2026-01-15,373.0,0.0,373.0,,,0.0,-0.0013867169358279946,99.86142441118172,0.010781775603288413,0.027175585378964764,0.027175585378964768,0.004431859503878974,1.0,0.0
IS7F26,2026-01-20,373.0,373.0,373.0,373.0,0.0,0.00%,0.0,45.0,2026-01-20,False,373.0,0.0,2026-01-16,373.0,4.0,0.0,is7f26_daily_historical-data-08-12-2026.csv,True,IS7F26,2026-01-16,373.0,0.0,373.0,,,0.0,-0.0013867169358279946,99.86142441118172,0.0,0.027175585378964764,0.027175585378964768,0.004431859503878974,1.0,0.0
IS7F26,2026-01-21,373.0,373.0,373.0,373.0,0.0,0.00%,2.0,45.0,2026-01-21,False,373.0,0.0,2026-01-20,373.0,1.0,0.0,is7f26_daily_historical-data-08-12-2026.csv,True,IS7F26,2026-01-20,373.0,0.0,373.0,,,0.0,-0.0013867169358279946,99.86142441118172,0.0,0.024424552007074968,0.027175585378964768,0.004431859503878974,1.0,0.0
IS7F26,2026-01-22,373.0,373.0,373.0,373.0,0.0,0.00%,0.0,45.0,2026-01-22,False,373.0,0.0,2026-01-21,373.0,1.0,0.0,is7f26_daily_historical-data-08-12-2026.csv,True,IS7F26,2026-01-21,373.0,0.0,373.0,,,0.0,-0.0013867169358279946,99.86142441118172,0.0,0.013495481474884736,0.027175585378964768,0.004514170199865204,1.0,0.0
IS7G26,2026-01-23,374.0,374.0,374.0,379.0,6.0,+1.61%,3.0,42.0,2026-01-23,True,379.0,0.0,2026-01-22,379.0,1.0,0.0,is7g26_daily_historical-data-08-12-2026.csv,True,IS7F26,2026-01-22,373.0,0.015957785438610816,379.0,0.015957785438610816,0.0,0.0,-0.0013867169358279946,99.86142441118172,0.0,0.013495481474884736,0.027175585378964768,0.003422118945483045,1.0,0.0
IS7G26,2026-01-26,379.0,379.0,379.0,379.0,0.0,0.00%,0.0,42.0,2026-01-26,False,379.0,0.0,2026-01-23,379.0,3.0,0.0,is7g26_daily_historical-data-08-12-2026.csv,True,IS7G26,2026-01-23,379.0,0.0,379.0,,,0.0,-0.0013867169358279946,99.86142441118172,0.0,0.01078177560328841,0.027175585378964768,0.003422118945483045,1.0,0.0
IS7G26,2026-01-27,379.0,379.0,379.0,379.0,0.0,0.00%,3.0,45.0,2026-01-27,False,379.0,0.0,2026-01-26,379.0,1.0,0.0,is7g26_daily_historical-data-08-12-2026.csv,True,IS7G26,2026-01-26,379.0,0.0,379.0,,,0.0,-0.0013867169358279946,99.86142441118172,0.0,0.0,0.027175585378964768,0.00340949681272274,1.0,0.0
IS7G26,2026-01-28,379.0,379.0,379.0,379.0,0.0,0.00%,0.0,45.0,2026-01-28,False,379.0,0.0,2026-01-27,379.0,1.0,0.0,is7g26_daily_historical-data-08-12-2026.csv,True,IS7G26,2026-01-27,379.0,0.0,379.0,,,0.0,-0.0013867169358279946,99.86142441118172,0.0,0.0,0.027175585378964768,0.0,1.0,0.0
IS7G26,2026-01-29,379.0,379.0,379.0,379.0,0.0,0.00%,0.0,45.0,2026-01-29,False,379.0,0.0,2026-01-28,379.0,1.0,0.0,is7g26_daily_historical-data-08-12-2026.csv,True,IS7G26,2026-01-28,379.0,0.0,379.0,,,0.0,-0.0013867169358279946,99.86142441118172,0.0,0.0,0.027175585378964768,0.0,1.0,0.0
IS7G26,2026-01-30,379.0,379.0,379.0,379.0,0.0,0.00%,0.0,33.0,2026-01-30,False,379.0,0.0,2026-01-29,379.0,1.0,0.0,is7g26_daily_historical-data-08-12-2026.csv,True,IS7G26,2026-01-29,379.0,0.0,379.0,,,0.0,-0.0013867169358279946,99.86142441118172,0.0,0.0,0.027175585378964768,0.0,1.0,0.0
IS7G26,2026-02-02,379.0,379.0,379.0,379.0,0.0,0.00%,0.0,33.0,2026-02-02,False,379.0,0.0,2026-01-30,379.0,3.0,0.0,is7g26_daily_historical-data-08-12-2026.csv,True,IS7G26,2026-01-30,379.0,0.0,379.0,,,0.0,-0.0013867169358279946,99.86142441118172,0.0,0.0,0.027175585378964768,0.0,1.0,0.0
IS7G26,2026-02-03,379.0,379.0,379.0,379.0,0.0,0.00%,0.0,33.0,2026-02-03,False,379.0,0.0,2026-02-02,379.0,1.0,0.0,is7g26_daily_historical-data-08-12-2026.csv,True,IS7G26,2026-02-02,379.0,0.0,379.0,,,0.0,-0.0013867169358279946,99.86142441118172,0.0,0.0,0.027175585378964768,0.0,1.0,0.0
IS7G26,2026-02-04,379.0,379.0,379.0,379.0,0.0,0.00%,0.0,33.0,2026-02-04,False,379.0,0.0,2026-02-03,379.0,1.0,0.0,is7g26_daily_historical-data-08-12-2026.csv,True,IS7G26,2026-02-03,379.0,0.0,379.0,,,0.0,-0.0013867169358279946,99.86142441118172,0.0,0.0,0.02442455200707497,0.0,1.0,0.0
IS7G26,2026-02-05,379.0,379.0,379.0,379.0,0.0,0.00%,0.0,33.0,2026-02-05,False,379.0,0.0,2026-02-04,379.0,1.0,0.0,is7g26_daily_historical-data-08-12-2026.csv,True,IS7G26,2026-02-04,379.0,0.0,379.0,,,0.0,-0.0013867169358279946,99.86142441118172,0.0,0.0,0.013495481474884741,0.0,1.0,0.0
IS7G26,2026-02-06,379.0,379.0,379.0,379.0,0.0,0.00%,0.0,33.0,2026-02-06,False,379.0,0.0,2026-02-05,379.0,1.0,0.0,is7g26_daily_historical-data-08-12-2026.csv,True,IS7G26,2026-02-05,379.0,0.0,379.0,,,0.0,-0.0013867169358279946,99.86142441118172,0.0,0.0,0.013495481474884741,0.0,1.0,0.0
IS7G26,2026-02-09,378.0,378.0,378.0,378.0,-1.0,-0.26%,3.0,36.0,2026-02-09,False,378.0,-1.0,2026-02-06,379.0,3.0,-0.0026420094628386965,is7g26_daily_historical-data-08-12-2026.csv,True,IS7G26,2026-02-06,379.0,-0.0026420094628386965,379.0,,,-0.0026420094628386965,-0.0040287263986666915,99.59793780323663,-0.0026420094628386965,-0.0026420094628387,0.00813976614044972,0.0,1.0,0.0
IS7G26,2026-02-10,378.0,378.0,378.0,378.0,0.0,0.00%,0.0,36.0,2026-02-10,False,378.0,0.0,2026-02-09,378.0,1.0,0.0,is7g26_daily_historical-data-08-12-2026.csv,True,IS7G26,2026-02-09,378.0,0.0,378.0,,,0.0,-0.0040287263986666915,99.59793780323663,-0.0026420094628386965,-0.0026420094628387,-0.002642009462838693,0.000835476750228827,1.0,0.0
IS7G26,2026-02-11,378.0,378.0,376.0,378.0,0.0,0.00%,0.0,36.0,2026-02-11,False,378.0,0.0,2026-02-10,378.0,1.0,0.0,is7g26_daily_historical-data-08-12-2026.csv,True,IS7G26,2026-02-10,378.0,0.0,378.0,,,0.0,-0.0040287263986666915,99.59793780323663,-0.0026420094628386965,-0.0026420094628387,-0.002642009462838693,0.000835476750228827,1.0,0.0
IS7G26,2026-02-12,377.0,377.0,377.0,377.0,-1.0,-0.26%,0.0,36.0,2026-02-12,False,377.0,-1.0,2026-02-11,378.0,1.0,-0.002649008171576953,is7g26_daily_historical-data-08-12-2026.csv,True,IS7G26,2026-02-11,378.0,-0.002649008171576953,378.0,,,-0.002649008171576953,-0.006677734570243645,99.33445119529156,-0.00529101763441565,-0.005291017634415653,-0.005291017634415646,0.000835476750228827,0.95,0.0
IS7G26,2026-02-13,377.0,377.0,377.0,377.0,0.0,0.00%,0.0,36.0,2026-02-13,False,377.0,0.0,2026-02-12,377.0,1.0,0.0,is7g26_daily_historical-data-08-12-2026.csv,True,IS7G26,2026-02-12,377.0,0.0,377.0,,,0.0,-0.006677734570243645,99.33445119529156,-0.00529101763441565,-0.005291017634415653,-0.005291017634415646,0.0011154456774482044,0.95,0.0
IS7G26,2026-02-17,377.0,377.0,377.0,377.0,0.0,0.00%,0.0,36.0,2026-02-17,False,377.0,0.0,2026-02-13,377.0,4.0,0.0,is7g26_daily_historical-data-08-12-2026.csv,True,IS7G26,2026-02-13,377.0,0.0,377.0,,,0.0,-0.006677734570243645,99.33445119529156,-0.002649008171576953,-0.005291017634415653,-0.005291017634415646,0.0011154456774482044,0.95,0.0
IS7G26,2026-02-18,377.0,377.0,374.0,377.0,0.0,0.00%,0.0,36.0,2026-02-18,False,377.0,0.0,2026-02-17,377.0,1.0,0.0,is7g26_daily_historical-data-08-12-2026.csv,True,IS7G26,2026-02-17,377.0,0.0,377.0,,,0.0,-0.006677734570243645,99.33445119529156,-0.002649008171576953,-0.005291017634415653,-0.005291017634415646,0.0011154456774482044,0.95,0.0
IS7G26,2026-02-19,376.0,376.0,376.0,376.0,-1.0,-0.27%,0.0,36.0,2026-02-19,False,376.0,-1.0,2026-02-18,377.0,1.0,-0.0026560440581162963,is7g26_daily_historical-data-08-12-2026.csv,True,IS7G26,2026-02-18,377.0,-0.0026560440581162963,377.0,,,-0.0026560440581162963,-0.009333778628359941,99.07096458734648,-0.00530505222969325,-0.00794706169253195,-0.007947061692531943,0.0011154456774482044,0.9,0.0
IS7G26,2026-02-20,380.0,380.0,380.0,380.0,4.0,+1.06%,4.0,36.0,2026-02-20,False,380.0,4.0,2026-02-19,376.0,1.0,0.010582109330537008,is7g26_daily_historical-data-08-12-2026.csv,True,IS7G26,2026-02-19,376.0,0.010582109330537008,376.0,,,0.010582109330537008,0.0012483307021770671,100.12491101912677,0.007926065272420712,0.00263504763800506,0.002635047638005067,0.001279602775993598,0.9,0.0
IS7H26,2026-02-23,381.0,381.0,381.0,381.0,1.0,+0.26%,0.0,36.0,2026-02-23,True,381.0,0.0,2026-02-20,381.0,3.0,0.0,is7h26_daily_historical-data-08-12-2026.csv,True,IS7G26,2026-02-20,380.0,0.0026281224062694084,381.0,0.0026281224062694084,0.0,0.0,0.0012483307021770671,100.12491101912677,0.007926065272420712,0.00263504763800506,0.002635047638005067,0.0038346188947454354,0.9,0.0
IS7H26,2026-02-24,380.0,380.0,380.0,380.0,-1.0,-0.26%,0.0,36.0,2026-02-24,False,380.0,-1.0,2026-02-23,381.0,1.0,-0.002628122406269469,is7h26_daily_historical-data-08-12-2026.csv,True,IS7H26,2026-02-23,381.0,-0.002628122406269469,381.0,,,-0.002628122406269469,-0.001379791704092402,99.86211597708183,0.005297942866151243,0.0026489346945742878,6.925231735597798e-06,0.0038346188947454354,0.9,0.0
IS7H26,2026-02-25,380.0,380.0,380.0,380.0,0.0,0.00%,0.0,36.0,2026-02-25,False,380.0,0.0,2026-02-24,380.0,1.0,0.0,is7h26_daily_historical-data-08-12-2026.csv,True,IS7H26,2026-02-24,380.0,0.0,380.0,,,0.0,-0.001379791704092402,99.86211597708183,0.005297942866151243,0.0026489346945742873,6.925231735597798e-06,0.0038334520865069216,0.9,0.0
IS7H26,2026-02-26,380.0,380.0,380.0,380.0,0.0,0.00%,0.0,36.0,2026-02-26,False,380.0,0.0,2026-02-25,380.0,1.0,0.0,is7h26_daily_historical-data-08-12-2026.csv,True,IS7H26,2026-02-25,380.0,0.0,380.0,,,0.0,-0.001379791704092402,99.86211597708183,0.007953986924267539,0.0026489346945742873,6.925231735597798e-06,0.0038334520865069216,0.9,0.0
IS7H26,2026-02-27,380.0,380.0,380.0,380.0,0.0,0.00%,0.0,21.0,2026-02-27,False,380.0,0.0,2026-02-26,380.0,1.0,0.0,is7h26_daily_historical-data-08-12-2026.csv,True,IS7H26,2026-02-26,380.0,0.0,380.0,,,0.0,-0.001379791704092402,99.86211597708183,-0.002628122406269469,0.005297942866151241,6.925231735597798e-06,0.0038334520865069216,0.9,0.0
IS7H26,2026-03-02,380.0,380.0,380.0,380.0,0.0,0.00%,0.0,21.0,2026-03-02,False,380.0,0.0,2026-02-27,380.0,3.0,0.0,is7h26_daily_historical-data-08-12-2026.csv,True,IS7H26,2026-02-27,380.0,0.0,380.0,,,0.0,-0.001379791704092402,99.86211597708183,-0.002628122406269469,0.005297942866151241,6.925231735597798e-06,0.003698885950047492,0.9,0.0
IS7H26,2026-03-03,380.0,380.0,380.0,380.0,0.0,0.00%,0.0,21.0,2026-03-03,False,380.0,0.0,2026-03-02,380.0,1.0,0.0,is7h26_daily_historical-data-08-12-2026.csv,True,IS7H26,2026-03-02,380.0,0.0,380.0,,,0.0,-0.001379791704092402,99.86211597708183,0.0,0.005297942866151241,6.925231735597798e-06,0.003698885950047492,0.9,0.0
IS7H26,2026-03-04,380.0,380.0,380.0,380.0,0.0,0.00%,0.0,21.0,2026-03-04,False,380.0,0.0,2026-03-03,380.0,1.0,0.0,is7h26_daily_historical-data-08-12-2026.csv,True,IS7H26,2026-03-03,380.0,0.0,380.0,,,0.0,-0.001379791704092402,99.86211597708183,0.0,0.005297942866151241,6.925231735597798e-06,0.003698885950047492,0.9,0.0
IS7H26,2026-03-05,379.0,379.0,379.0,379.0,-1.0,-0.26%,0.0,21.0,2026-03-05,False,379.0,-1.0,2026-03-04,380.0,1.0,-0.0026350476380051138,is7h26_daily_historical-data-08-12-2026.csv,True,IS7H26,2026-03-04,380.0,-0.0026350476380051138,380.0,,,-0.0026350476380051138,-0.004014839342097516,99.59932093503687,-0.0026350476380051138,0.0053189392862624234,-0.002628122406269516,0.003698885950047492,0.9,0.0
IS7H26,2026-03-06,378.0,378.0,378.0,378.0,-1.0,-0.26%,0.0,21.0,2026-03-06,False,378.0,-1.0,2026-03-05,379.0,1.0,-0.0026420094628386965,is7h26_daily_historical-data-08-12-2026.csv,True,IS7H26,2026-03-05,379.0,-0.0026420094628386965,379.0,,,-0.0026420094628386965,-0.006656848804936213,99.33652589299192,-0.005277057100843811,-0.007905179507113282,-0.005270131869108212,0.003696882016679518,0.9,0.0
IS7H26,2026-03-09,377.0,377.0,377.0,377.0,-1.0,-0.26%,0.0,21.0,2026-03-09,False,377.0,-1.0,2026-03-06,378.0,3.0,-0.002649008171576953,is7h26_daily_historical-data-08-12-2026.csv,True,IS7H26,2026-03-06,378.0,-0.002649008171576953,378.0,,,-0.002649008171576953,-0.009305856976513167,99.07373085094696,-0.007926065272420763,-0.010554187678690236,-0.007919140040685165,0.0012728590362143524,0.9,0.0
IS7H26,2026-03-10,376.0,376.0,376.0,376.0,-1.0,-0.27%,0.0,21.0,2026-03-10,False,376.0,-1.0,2026-03-09,377.0,1.0,-0.0026560440581162963,is7h26_daily_historical-data-08-12-2026.csv,True,IS7H26,2026-03-09,377.0,-0.0026560440581162963,377.0,,,-0.0026560440581162963,-0.011961901034629463,98.810935808902,-0.010582109330537059,-0.010582109330537062,-0.007933174635962765,0.0013625496515316403,0.9,0.0
IS7H26,2026-03-11,376.0,376.0,376.0,376.0,0.0,0.00%,3.0,21.0,2026-03-11,False,376.0,0.0,2026-03-10,376.0,1.0,0.0,is7h26_daily_historical-data-08-12-2026.csv,True,IS7H26,2026-03-10,376.0,0.0,376.0,,,0.0,-0.011961901034629463,98.810935808902,-0.010582109330537059,-0.010582109330537062,-0.007933174635962765,0.0013661543999155656,0.9,0.0
IS7H26,2026-03-12,376.0,376.0,376.0,376.0,0.0,0.00%,12.0,21.0,2026-03-12,False,376.0,0.0,2026-03-11,376.0,1.0,0.0,is7h26_daily_historical-data-08-12-2026.csv,True,IS7H26,2026-03-11,376.0,0.0,376.0,,,0.0,-0.011961901034629463,98.810935808902,-0.007947061692531947,-0.010582109330537062,-0.007933174635962765,0.0013661543999155656,0.9,0.0
IS7H26,2026-03-13,377.0,377.0,376.0,377.0,1.0,+0.27%,6.0,38.0,2026-03-13,False,377.0,1.0,2026-03-12,376.0,1.0,0.0026560440581162104,is7h26_daily_historical-data-08-12-2026.csv,True,IS7H26,2026-03-12,376.0,0.0026560440581162104,376.0,,,0.0026560440581162104,-0.009305856976513253,99.07373085094694,-0.0026490081715770386,-0.007926065272420851,-0.002628122406269602,0.0013661543999155656,0.95,0.0
IS7H26,2026-03-16,377.0,377.0,377.0,377.0,0.0,0.00%,0.0,38.0,2026-03-16,False,377.0,0.0,2026-03-13,377.0,3.0,0.0,is7h26_daily_historical-data-08-12-2026.csv,True,IS7H26,2026-03-13,377.0,0.0,377.0,,,0.0,-0.009305856976513253,99.07373085094694,-8.586881206085195e-17,-0.007926065272420851,-0.002628122406269602,0.0017878548088082397,0.9,0.0
IS7H26,2026-03-17,377.0,377.0,377.0,377.0,0.0,0.00%,0.0,38.0,2026-03-17,False,377.0,0.0,2026-03-16,377.0,1.0,0.0,is7h26_daily_historical-data-08-12-2026.csv,True,IS7H26,2026-03-16,377.0,0.0,377.0,,,0.0,-0.009305856976513253,99.07373085094694,0.0026560440581162104,-0.007926065272420851,-0.002628122406269602,0.00178785480880824,0.9,0.0
IS7H26,2026-03-18,376.0,376.0,376.0,376.0,-1.0,-0.27%,0.0,38.0,2026-03-18,False,376.0,-1.0,2026-03-17,377.0,1.0,-0.0026560440581162963,is7h26_daily_historical-data-08-12-2026.csv,True,IS7H26,2026-03-17,377.0,-0.0026560440581162963,377.0,,,-0.0026560440581162963,-0.01196190103462955,98.81093580890199,-8.586881206085195e-17,-0.010582109330537147,-0.005284166464385898,0.00178785480880824,0.9,0.0
IS7H26,2026-03-19,378.0,379.0,378.0,378.0,2.0,+0.53%,3.0,38.0,2026-03-19,False,378.0,2.0,2026-03-18,376.0,1.0,0.005305052229693098,is7h26_daily_historical-data-08-12-2026.csv,True,IS7H26,2026-03-18,376.0,0.005305052229693098,376.0,,,0.005305052229693098,-0.006656848804936452,99.33652589299189,0.005305052229693012,-0.0026420094628389354,0.002676929823423496,0.001853121710849232,0.95,0.0
IS7H26,2026-03-20,378.0,379.0,378.0,378.0,0.0,0.00%,0.0,38.0,2026-03-20,False,378.0,0.0,2026-03-19,378.0,1.0,0.0,is7h26_daily_historical-data-08-12-2026.csv,True,IS7H26,2026-03-19,378.0,0.0,378.0,,,0.0,-0.006656848804936452,99.33652589299189,0.002649008171576802,-2.393918396847994e-16,-0.007905179507113513,0.0026374804089925067,0.9,0.0
IS7H26,2026-03-23,378.0,378.0,378.0,378.0,0.0,0.00%,0.0,38.0,2026-03-23,False,378.0,0.0,2026-03-20,378.0,3.0,0.0,is7h26_daily_historical-data-08-12-2026.csv,True,IS7H26,2026-03-20,378.0,0.0,378.0,,,0.0,-0.006656848804936452,99.33652589299189,0.002649008171576802,0.0026490081715767138,-0.007905179507113513,0.002501655753225526,0.85,0.0
IS7H26,2026-03-24,378.0,378.0,378.0,378.0,0.0,0.00%,0.0,38.0,2026-03-24,False,378.0,0.0,2026-03-23,378.0,1.0,0.0,is7h26_daily_historical-data-08-12-2026.csv,True,IS7H26,2026-03-23,378.0,0.0,378.0,,,0.0,-0.006656848804936452,99.33652589299189,0.002649008171576802,0.0053050522296930105,-0.005277057100844043,0.0023239230443949216,0.85,0.0
IS7H26,2026-03-25,379.0,379.0,379.0,379.0,1.0,+0.26%,0.0,38.0,2026-03-25,False,379.0,1.0,2026-03-24,378.0,1.0,0.002642009462838576,is7h26_daily_historical-data-08-12-2026.csv,True,IS7H26,2026-03-24,378.0,0.002642009462838576,378.0,,,0.002642009462838576,-0.004014839342097875,99.59932093503684,0.007947061692531674,0.007947061692531586,-0.002635047638005467,0.0020933323068231006,0.85,0.0
IS7H26,2026-03-26,384.0,384.0,384.0,384.0,5.0,+1.32%,0.0,38.0,2026-03-26,False,384.0,5.0,2026-03-25,379.0,1.0,0.013106347505300583,is7h26_daily_historical-data-08-12-2026.csv,True,IS7H26,2026-03-25,379.0,0.013106347505300583,379.0,,,0.013106347505300583,0.009091508163202708,100.91329614526161,0.01574835696813916,0.02105340919783217,0.010471299867295116,0.0021837112722335613,0.85,0.0
IS7J26,2026-03-27,409.0,409.0,399.0,399.0,15.0,+3.91%,5.0,35.0,2026-03-27,True,399.0,0.0,2026-03-26,399.0,1.0,0.0,is7j26_daily_historical-data-08-12-2026.csv,True,IS7H26,2026-03-26,384.0,0.0383188643021366,399.0,0.0383188643021366,0.0,0.0,0.009091508163202708,100.91329614526161,0.01574835696813916,0.01839736513971596,0.010471299867295116,0.004430759582275958,0.85,0.0
IS7J26,2026-03-30,407.0,407.0,407.0,407.0,8.0,+2.01%,0.0,35.0,2026-03-30,False,407.0,8.0,2026-03-27,399.0,3.0,0.01985176855273153,is7j26_daily_historical-data-08-12-2026.csv,True,IS7J26,2026-03-27,399.0,0.01985176855273153,399.0,,,0.01985176855273153,0.02894327671593424,102.93662037875055,0.03560012552087069,0.03824913369244749,0.030323068420026647,0.004473482408363638,0.8,0.0
IS7J26,2026-03-31,407.0,407.0,407.0,407.0,0.0,0.00%,0.0,35.0,2026-03-31,False,407.0,0.0,2026-03-30,407.0,1.0,0.0,is7j26_daily_historical-data-08-12-2026.csv,True,IS7J26,2026-03-30,407.0,0.0,407.0,,,0.0,0.02894327671593424,102.93662037875055,0.03560012552087069,0.03824913369244749,0.030323068420026644,0.0071627725853021336,0.8,0.0
IS7J26,2026-04-01,407.0,407.0,407.0,407.0,0.0,0.00%,0.0,35.0,2026-04-01,False,407.0,0.0,2026-03-31,407.0,1.0,0.0,is7j26_daily_historical-data-08-12-2026.csv,True,IS7J26,2026-03-31,407.0,0.0,407.0,,,0.0,0.02894327671593424,102.93662037875055,0.032958116058032116,0.04090517775056378,0.030323068420026644,0.0071627725853021336,0.8,0.0
IS7J26,2026-04-02,406.0,408.0,406.0,406.0,-1.0,-0.25%,9.0,0.0,2026-04-02,False,406.0,-1.0,2026-04-01,407.0,1.0,-0.0024600258408623114,is7j26_daily_historical-data-08-12-2026.csv,True,IS7J26,2026-04-01,407.0,-0.0024600258408623114,407.0,,,-0.0024600258408623114,0.026483250875071928,102.68370484956444,0.01739174271186922,0.033140099680008375,0.030498090217169444,0.0069415775991236535,0.8,0.0
IS7J26,2026-04-06,406.0,406.0,406.0,406.0,0.0,0.00%,0.0,35.0,2026-04-06,False,406.0,0.0,2026-04-02,406.0,4.0,0.0,is7j26_daily_historical-data-08-12-2026.csv,True,IS7J26,2026-04-02,406.0,0.0,406.0,,,0.0,0.026483250875071928,102.68370484956444,0.017391742711869218,0.033140099680008375,0.03314009968000814,0.007219375011886564,0.75,0.05
IS7J26,2026-04-07,410.0,410.0,410.0,410.0,4.0,+0.99%,3.0,35.0,2026-04-07,False,410.0,4.0,2026-04-06,406.0,1.0,0.009804000096620835,is7j26_daily_historical-data-08-12-2026.csv,True,IS7J26,2026-04-06,406.0,0.009804000096620835,406.0,,,0.009804000096620835,0.03628725097169276,103.69536696630892,0.007343974255758527,0.04294409977662921,0.04559310794820593,0.007219375011886564,0.75,0.05
IS7J26,2026-04-08,409.0,409.0,409.0,409.0,-1.0,-0.24%,0.0,35.0,2026-04-08,False,409.0,-1.0,2026-04-07,410.0,1.0,-0.0024420036555517443,is7j26_daily_historical-data-08-12-2026.csv,True,IS7J26,2026-04-07,410.0,-0.0024420036555517443,410.0,,,-0.0024420036555517443,0.03384524731614102,103.44245143712281,0.004901970600206782,0.04050209612107747,0.04580714835077049,0.007383162887967844,0.75,0.05
IS7J26,2026-04-09,408.0,408.0,408.0,408.0,-1.0,-0.24%,0.0,35.0,2026-04-09,False,408.0,-1.0,2026-04-08,409.0,1.0,-0.0024479816386400017,is7j26_daily_historical-data-08-12-2026.csv,True,IS7J26,2026-04-08,409.0,-0.0024479816386400017,409.0,,,-0.0024479816386400017,0.031397265677501014,103.18953590793669,0.002453988961566781,0.03541210501959889,0.043359166712130484,0.007578777543381165,0.75,0.05
IS7J26,2026-04-10,406.0,406.0,406.0,406.0,-2.0,-0.49%,12.0,31.0,2026-04-10,False,406.0,-2.0,2026-04-09,408.0,1.0,-0.00491401480242904,is7j26_daily_historical-data-08-12-2026.csv,True,IS7J26,2026-04-09,408.0,-0.00491401480242904,408.0,,,-0.00491401480242904,0.026483250875071973,102.68370484956444,5.204170427930421e-17,0.017391742711869267,0.03844515190970144,0.007849936180901993,0.75,0.05
IS7J26,2026-04-13,405.0,405.0,405.0,405.0,-1.0,-0.25%,0.0,31.0,2026-04-13,False,405.0,-1.0,2026-04-10,406.0,3.0,-0.002466092495193554,is7j26_daily_historical-data-08-12-2026.csv,True,IS7J26,2026-04-10,406.0,-0.002466092495193554,406.0,,,-0.002466092495193554,0.024017158379878417,102.43078932037832,-0.002466092495193502,0.014925650216675712,0.03332301535639168,0.007469338254812319,0.75,0.05
IS7J26,2026-04-14,404.0,404.0,404.0,404.0,-1.0,-0.25%,3.0,28.0,2026-04-14,False,404.0,-1.0,2026-04-13,405.0,1.0,-0.002472189145389037,is7j26_daily_historical-data-08-12-2026.csv,True,IS7J26,2026-04-13,405.0,-0.002472189145389037,405.0,,,-0.002472189145389037,0.02154496923448938,102.17787379119221,-0.014742281737203374,-0.007398307481444858,0.030850826211002644,0.007573128708316921,0.8,0.05
IS7J26,2026-04-15,403.0,403.0,403.0,403.0,-1.0,-0.25%,0.0,28.0,2026-04-15,False,403.0,-1.0,2026-04-14,404.0,1.0,-0.00247831601446709,is7j26_daily_historical-data-08-12-2026.csv,True,IS7J26,2026-04-14,404.0,-0.00247831601446709,404.0,,,-0.00247831601446709,0.01906665322002229,101.9249582620061,-0.01477859409611872,-0.009876623495911948,0.02837251019653555,0.00401377514835568,0.8,0.05
IS7J26,2026-04-16,403.0,403.0,403.0,403.0,0.0,0.00%,0.0,28.0,2026-04-16,False,403.0,0.0,2026-04-15,403.0,1.0,0.0,is7j26_daily_historical-data-08-12-2026.csv,True,IS7J26,2026-04-15,403.0,0.0,403.0,,,0.0,0.01906665322002229,101.9249582620061,-0.01233061245747872,-0.009876623495911948,0.031028554254651845,0.004039448462525317,0.8,0.05
IS7J26,2026-04-17,402.0,402.0,402.0,402.0,-1.0,-0.25%,6.0,28.0,2026-04-17,False,402.0,-1.0,2026-04-16,403.0,1.0,-0.002484473327661945,is7j26_daily_historical-data-08-12-2026.csv,True,IS7J26,2026-04-16,403.0,-0.002484473327661945,403.0,,,-0.002484473327661945,0.016582179892360348,101.67204273281996,-0.009901070982711622,-0.00990107098271158,0.023239028697296802,0.004039448462525317,0.8,0.05
IS7J26,2026-04-20,402.0,402.0,402.0,402.0,0.0,0.00%,0.0,28.0,2026-04-20,False,402.0,0.0,2026-04-17,402.0,3.0,0.0,is7j26_daily_historical-data-08-12-2026.csv,True,IS7J26,2026-04-17,402.0,0.0,402.0,,,0.0,0.016582179892360348,101.67204273281996,-0.007434978487518068,-0.00990107098271158,0.023239028697296802,0.004040445850236872,0.85,0.05
IS7J26,2026-04-21,402.0,402.0,402.0,402.0,0.0,0.00%,0.0,28.0,2026-04-21,False,402.0,0.0,2026-04-20,402.0,1.0,0.0,is7j26_daily_historical-data-08-12-2026.csv,True,IS7J26,2026-04-20,402.0,0.0,402.0,,,0.0,0.016582179892360348,101.67204273281996,-0.00496278934212903,-0.019705071079332413,0.023239028697296802,0.004040445850236872,0.9,0.05
IS7J26,2026-04-22,402.0,402.0,402.0,402.0,0.0,0.00%,0.0,28.0,2026-04-22,False,402.0,0.0,2026-04-21,402.0,1.0,0.0,is7j26_daily_historical-data-08-12-2026.csv,True,IS7J26,2026-04-21,402.0,0.0,402.0,,,0.0,0.016582179892360348,101.67204273281996,-0.0024844733276619415,-0.01726306742378067,0.023239028697296802,0.0015557257741803344,0.9,0.05
IS7J26,2026-04-23,403.0,403.0,403.0,403.0,1.0,+0.25%,0.0,28.0,2026-04-23,False,403.0,1.0,2026-04-22,402.0,1.0,0.0024844733276619658,is7j26_daily_historical-data-08-12-2026.csv,True,IS7J26,2026-04-22,402.0,0.0024844733276619658,402.0,,,0.0024844733276619658,0.019066653220022312,101.9249582620061,2.42861286636753e-17,-0.012330612457478705,0.023081492562120193,0.001661551993457638,0.9,0.05
IS7J26,2026-04-24,403.0,403.0,403.0,403.0,0.0,0.00%,0.0,28.0,2026-04-24,False,403.0,0.0,2026-04-23,403.0,1.0,0.0,is7j26_daily_historical-data-08-12-2026.csv,True,IS7J26,2026-04-23,403.0,0.0,403.0,,,0.0,0.019066653220022312,101.9249582620061,0.0024844733276619692,-0.007416597655049663,0.00997514505681961,0.002098246309700858,0.9,0.05
IS7K26,2026-04-27,407.0,407.0,407.0,407.0,4.0,+0.99%,0.0,28.0,2026-04-27,True,407.0,0.0,2026-04-24,407.0,3.0,0.0,is7k26_daily_historical-data-08-12-2026.csv,True,IS7J26,2026-04-24,403.0,0.009876623495912099,407.0,0.009876623495912099,0.0,0.0,0.019066653220022312,101.9249582620061,0.0024844733276619692,-0.004950505159856109,0.00997514505681961,0.001672656071011737,0.9,0.05
IS7K26,2026-04-28,412.0,412.0,412.0,412.0,5.0,+1.23%,0.0,28.0,2026-04-28,False,412.0,5.0,2026-04-27,407.0,1.0,0.012210163906931337,is7k26_daily_historical-data-08-12-2026.csv,True,IS7K26,2026-04-27,407.0,0.012210163906931337,407.0,,,0.012210163906931337,0.03127681712695365,103.1771076264042,0.014694637234593307,0.009731847892464264,0.002333540411019415,0.001568730369017302,0.95,0.05
IS7K26,2026-04-29,416.0,416.0,416.0,416.0,4.0,+0.97%,0.0,28.0,2026-04-29,False,416.0,4.0,2026-04-28,412.0,1.0,0.00966191091173689,is7k26_daily_historical-data-08-12-2026.csv,True,IS7K26,2026-04-28,412.0,0.00966191091173689,412.0,,,0.00966191091173689,0.04093872803869054,104.17882711792268,0.024356548146330197,0.021872074818668243,0.011995451322756305,0.0041913201578873275,0.95,0.05
IS7K26,2026-04-30,416.0,416.0,416.0,416.0,0.0,0.00%,0.0,28.0,2026-04-30,False,416.0,0.0,2026-04-29,416.0,1.0,0.0,is7k26_daily_historical-data-08-12-2026.csv,True,IS7K26,2026-04-29,416.0,0.0,416.0,,,0.0,0.04093872803869054,104.17882711792268,0.021872074818668232,0.021872074818668243,0.011995451322756305,0.004795218392024082,0.95,0.05
IS7K26,2026-05-01,416.0,416.0,416.0,416.0,0.0,0.00%,0.0,19.0,2026-05-01,False,416.0,0.0,2026-04-30,416.0,1.0,0.0,is7k26_daily_historical-data-08-12-2026.csv,True,IS7K26,2026-04-30,416.0,0.0,416.0,,,0.0,0.04093872803869054,104.17882711792268,0.021872074818668232,0.02435654814633019,0.014455477163618616,0.004795218392024082,0.95,0.05
IS7K26,2026-05-04,416.0,416.0,416.0,416.0,0.0,0.00%,0.0,19.0,2026-05-04,False,416.0,0.0,2026-05-01,416.0,3.0,0.0,is7k26_daily_historical-data-08-12-2026.csv,True,IS7K26,2026-05-01,416.0,0.0,416.0,,,0.0,0.04093872803869054,104.17882711792268,0.021872074818668232,0.02435654814633019,0.014455477163618616,0.004586079044915077,1.0,0.0
IS7K26,2026-05-05,416.0,416.0,416.0,416.0,0.0,0.00%,0.0,19.0,2026-05-05,False,416.0,0.0,2026-05-04,416.0,1.0,0.0,is7k26_daily_historical-data-08-12-2026.csv,True,IS7K26,2026-05-04,416.0,0.0,416.0,,,0.0,0.04093872803869054,104.17882711792268,0.009661910911736894,0.02435654814633019,0.004651477066997782,0.004586079044915077,1.0,0.0
IS7K26,2026-05-06,416.0,416.0,416.0,416.0,0.0,0.00%,0.0,19.0,2026-05-06,False,416.0,0.0,2026-05-05,416.0,1.0,0.0,is7k26_daily_historical-data-08-12-2026.csv,True,IS7K26,2026-05-05,416.0,0.0,416.0,,,0.0,0.04093872803869054,104.17882711792268,0.0,0.02435654814633019,0.007093480722549526,0.004586079044915077,1.0,0.0
IS7K26,2026-05-07,415.0,415.0,415.0,415.0,-1.0,-0.24%,0.0,19.0,2026-05-07,False,415.0,-1.0,2026-05-06,416.0,1.0,-0.0024067400305649764,is7k26_daily_historical-data-08-12-2026.csv,True,IS7K26,2026-05-06,416.0,-0.0024067400305649764,416.0,,,-0.0024067400305649764,0.03853198800812556,103.92839724504306,-0.002406740030564973,0.019465334788103247,0.00713472233062455,0.004586079044915077,1.0,0.0
IS7K26,2026-05-08,414.0,414.0,414.0,414.0,-1.0,-0.24%,0.0,19.0,2026-05-08,False,414.0,-1.0,2026-05-07,415.0,1.0,-0.002412546405383878,is7k26_daily_historical-data-08-12-2026.csv,True,IS7K26,2026-05-07,415.0,-0.002412546405383878,415.0,,,-0.002412546405383878,0.03611944160274168,103.67796737216344,-0.004819286435948851,0.01705278838271937,0.009636190727669714,0.004834403293454789,1.0,0.0
IS7K26,2026-05-11,413.0,413.0,413.0,413.0,-1.0,-0.24%,0.0,19.0,2026-05-11,False,413.0,-1.0,2026-05-08,414.0,3.0,-0.002418380864281638,is7k26_daily_historical-data-08-12-2026.csv,True,IS7K26,2026-05-08,414.0,-0.002418380864281638,414.0,,,-0.002418380864281638,0.03370106073846004,103.42753749928382,-0.0072376673002304895,0.01463440751843773,0.009683902358581629,0.004999707143320638,1.0,0.0
IS7K26,2026-05-12,413.0,413.0,413.0,413.0,0.0,0.00%,0.0,19.0,2026-05-12,False,413.0,0.0,2026-05-11,413.0,1.0,0.0,is7k26_daily_historical-data-08-12-2026.csv,True,IS7K26,2026-05-11,413.0,0.0,413.0,,,0.0,0.03370106073846004,103.42753749928382,-0.0072376673002304895,0.002424243611506394,0.012156091503970666,0.00514765729344132,1.0,0.0
IS7K26,2026-05-13,413.0,413.0,413.0,413.0,0.0,0.00%,0.0,19.0,2026-05-13,False,413.0,0.0,2026-05-12,413.0,1.0,0.0,is7k26_daily_historical-data-08-12-2026.csv,True,IS7K26,2026-05-12,413.0,0.0,413.0,,,0.0,0.03370106073846004,103.42753749928382,-0.0072376673002304895,-0.007237667300230496,0.014634407518437757,0.0034996217334500833,1.0,0.0
IS7K26,2026-05-14,413.0,413.0,413.0,413.0,0.0,0.00%,0.0,19.0,2026-05-14,False,413.0,0.0,2026-05-13,413.0,1.0,0.0,is7k26_daily_historical-data-08-12-2026.csv,True,IS7K26,2026-05-13,413.0,0.0,413.0,,,0.0,0.03370106073846004,103.42753749928382,-0.004830927269665513,-0.007237667300230496,0.014634407518437757,0.001165378381218138,1.0,0.0
IS7K26,2026-05-15,413.0,413.0,413.0,413.0,0.0,0.00%,0.0,19.0,2026-05-15,False,413.0,0.0,2026-05-14,413.0,1.0,0.0,is7k26_daily_historical-data-08-12-2026.csv,True,IS7K26,2026-05-14,413.0,0.0,413.0,,,0.0,0.03370106073846004,103.42753749928382,-0.0024183808642816345,-0.007237667300230496,0.0171188808460997,0.001165378381218138,1.0,0.0
IS7K26,2026-05-18,413.0,413.0,413.0,413.0,0.0,0.00%,0.0,19.0,2026-05-18,False,413.0,0.0,2026-05-15,413.0,3.0,0.0,is7k26_daily_historical-data-08-12-2026.csv,True,IS7K26,2026-05-15,413.0,0.0,413.0,,,0.0,0.03370106073846004,103.42753749928382,0.0,-0.007237667300230496,0.0171188808460997,0.001165378381218138,1.0,0.0
IS7K26,2026-05-19,413.0,413.0,413.0,413.0,0.0,0.00%,0.0,19.0,2026-05-19,False,413.0,0.0,2026-05-18,413.0,1.0,0.0,is7k26_daily_historical-data-08-12-2026.csv,True,IS7K26,2026-05-18,413.0,0.0,413.0,,,0.0,0.03370106073846004,103.42753749928382,0.0,-0.007237667300230496,0.0171188808460997,0.001165378381218138,1.0,0.0
IS7K26,2026-05-20,413.0,413.0,413.0,413.0,0.0,0.00%,3.0,16.0,2026-05-20,False,413.0,0.0,2026-05-19,413.0,1.0,0.0,is7k26_daily_historical-data-08-12-2026.csv,True,IS7K26,2026-05-19,413.0,0.0,413.0,,,0.0,0.03370106073846004,103.42753749928382,0.0,-0.007237667300230496,0.0171188808460997,0.001165378381218138,1.0,0.0
IS7K26,2026-05-21,412.0,412.0,412.0,412.0,-1.0,-0.24%,0.0,16.0,2026-05-21,False,412.0,-1.0,2026-05-20,413.0,1.0,-0.0024242436115063915,is7k26_daily_historical-data-08-12-2026.csv,True,IS7K26,2026-05-20,413.0,-0.0024242436115063915,413.0,,,-0.0024242436115063915,0.03127681712695365,103.1771076264042,-0.002424243611506388,-0.0072551708811719115,0.012210163906931346,0.001165378381218138,1.0,0.0
IS7K26,2026-05-22,412.0,412.0,412.0,412.0,0.0,0.00%,0.0,16.0,2026-05-22,False,412.0,0.0,2026-05-21,412.0,1.0,0.0,is7k26_daily_historical-data-08-12-2026.csv,True,IS7K26,2026-05-21,412.0,0.0,412.0,,,0.0,0.03127681712695365,103.1771076264042,-0.002424243611506388,-0.004842624475788034,0.012210163906931346,0.001168196748995991,1.0,0.0
IS7M26,2026-05-26,400.0,400.0,400.0,400.0,-12.0,-2.91%,0.0,16.0,2026-05-26,True,400.0,0.0,2026-05-22,400.0,4.0,0.0,is7m26_daily_historical-data-08-12-2026.csv,True,IS7K26,2026-05-22,412.0,-0.02955880224154439,400.0,-0.02955880224154439,0.0,0.0,0.03127681712695365,103.1771076264042,-0.002424243611506388,-0.0024242436115063954,0.012210163906931346,0.0010209158149700089,1.0,0.0
IS7M26,2026-05-27,400.0,400.0,400.0,400.0,0.0,0.00%,0.0,16.0,2026-05-27,False,400.0,0.0,2026-05-26,400.0,1.0,0.0,is7m26_daily_historical-data-08-12-2026.csv,True,IS7M26,2026-05-26,400.0,0.0,400.0,,,0.0,0.03127681712695365,103.1771076264042,-0.002424243611506388,-0.0024242436115063954,6.071532165918825e-18,0.0007666131415472483,1.0,0.0
IS7M26,2026-05-28,400.0,400.0,400.0,400.0,0.0,0.00%,0.0,16.0,2026-05-28,False,400.0,0.0,2026-05-27,400.0,1.0,0.0,is7m26_daily_historical-data-08-12-2026.csv,True,IS7M26,2026-05-27,400.0,0.0,400.0,,,0.0,0.03127681712695365,103.1771076264042,-0.002424243611506388,-0.0024242436115063954,-0.009661910911736883,0.0007666131415472483,1.0,0.0
IS7M26,2026-05-29,400.0,400.0,400.0,400.0,0.0,0.00%,0.0,10.0,2026-05-29,False,400.0,0.0,2026-05-28,400.0,1.0,0.0,is7m26_daily_historical-data-08-12-2026.csv,True,IS7M26,2026-05-28,400.0,0.0,400.0,,,0.0,0.03127681712695365,103.1771076264042,0.0,-0.0024242436115063954,-0.009661910911736883,0.0007666131415472483,1.0,0.0
IS7M26,2026-06-01,400.0,400.0,400.0,400.0,0.0,0.00%,0.0,10.0,2026-06-01,False,400.0,0.0,2026-05-29,400.0,3.0,0.0,is7m26_daily_historical-data-08-12-2026.csv,True,IS7M26,2026-05-29,400.0,0.0,400.0,,,0.0,0.03127681712695365,103.1771076264042,0.0,-0.0024242436115063954,-0.009661910911736883,0.0007666131415472483,1.0,0.0
IS7M26,2026-06-02,401.0,401.0,401.0,401.0,1.0,+0.25%,0.0,10.0,2026-06-02,False,401.0,1.0,2026-06-01,400.0,1.0,0.002496880198587146,is7m26_daily_historical-data-08-12-2026.csv,True,IS7M26,2026-06-01,400.0,0.002496880198587146,400.0,,,0.002496880198587146,0.033773697325540794,103.43505039547018,0.0024968801985871493,7.263658708075039e-05,-0.007165030713149737,0.0007666131415472483,1.0,0.0
IS7M26,2026-06-03,402.0,402.0,402.0,402.0,1.0,+0.25%,0.0,10.0,2026-06-03,False,402.0,1.0,2026-06-02,401.0,1.0,0.0024906613124518304,is7m26_daily_historical-data-08-12-2026.csv,True,IS7M26,2026-06-02,401.0,0.0024906613124518304,401.0,,,0.0024906613124518304,0.03626435863799263,103.69299316453619,0.00498754151103898,0.0025632978995325808,-0.0046743694006979065,0.0011600210825022746,1.0,0.0
IS7M26,2026-06-04,403.0,403.0,403.0,403.0,1.0,+0.25%,0.0,10.0,2026-06-04,False,403.0,1.0,2026-06-03,402.0,1.0,0.0024844733276619658,is7m26_daily_historical-data-08-12-2026.csv,True,IS7M26,2026-06-03,402.0,0.0024844733276619658,402.0,,,0.0024844733276619658,0.038748831965654595,103.95093593360221,0.007472014838700945,0.0050477712271945465,-0.002189896073035941,0.001400702679816078,1.0,0.0
IS7M26,2026-06-05,404.0,404.0,404.0,404.0,1.0,+0.25%,0.0,10.0,2026-06-05,False,404.0,1.0,2026-06-04,403.0,1.0,0.0024783160144670005,is7m26_daily_historical-data-08-12-2026.csv,True,IS7M26,2026-06-04,403.0,0.0024783160144670005,403.0,,,0.0024783160144670005,0.041227147980121594,104.20887870266822,0.009950330853167946,0.009950330853167938,0.0026951599719960357,0.0015613160355939296,1.0,0.0
IS7M26,2026-06-08,405.0,405.0,405.0,405.0,1.0,+0.25%,0.0,10.0,2026-06-08,False,405.0,1.0,2026-06-05,404.0,3.0,0.002472189145389073,is7m26_daily_historical-data-08-12-2026.csv,True,IS7M26,2026-06-05,404.0,0.002472189145389073,404.0,,,0.002472189145389073,0.04369933712551067,104.46682147173422,0.012422519998557018,0.012422519998557011,0.007579895522768987,0.001284590469722527,1.0,0.0
IS7M26,2026-06-09,406.0,406.0,406.0,406.0,1.0,+0.25%,0.0,10.0,2026-06-09,False,406.0,1.0,2026-06-08,405.0,1.0,0.0024660924951934683,is7m26_daily_historical-data-08-12-2026.csv,True,IS7M26,2026-06-08,405.0,0.0024660924951934683,405.0,,,0.0024660924951934683,0.046165429620704135,104.72476424080024,0.01239173229516334,0.014888612493750479,0.012464368882244094,0.001309464748241846,1.0,0.0
IS7M26,2026-06-10,407.0,407.0,407.0,407.0,1.0,+0.25%,0.0,10.0,2026-06-10,False,407.0,1.0,2026-06-09,406.0,1.0,0.002460025840862399,is7m26_daily_historical-data-08-12-2026.csv,True,IS7M26,2026-06-09,406.0,0.002460025840862399,406.0,,,0.002460025840862399,0.04862545546156653,104.98270700986625,0.012361096823573909,0.01734863833461288,0.014924394723106492,0.0012814365050984721,1.0,0.0
IS7M26,2026-06-11,406.0,406.0,406.0,406.0,-1.0,-0.25%,0.0,10.0,2026-06-11,False,406.0,-1.0,2026-06-10,407.0,1.0,-0.0024600258408623114,is7m26_daily_historical-data-08-12-2026.csv,True,IS7M26,2026-06-10,407.0,-0.0024600258408623114,407.0,,,-0.0024600258408623114,0.04616542962070422,104.72476424080024,0.007416597655049633,0.014888612493750567,0.01246436888224418,0.0011972188038898957,1.0,0.0
IS7M26,2026-06-12,406.0,406.0,406.0,406.0,0.0,0.00%,9.0,19.0,2026-06-12,False,406.0,0.0,2026-06-11,406.0,1.0,0.0,is7m26_daily_historical-data-08-12-2026.csv,True,IS7M26,2026-06-11,406.0,0.0,406.0,,,0.0,0.04616542962070422,104.72476424080024,0.004938281640582631,0.014888612493750567,0.01246436888224418,0.00172826727372346,1.0,0.0
IS7M26,2026-06-15,401.0,401.0,401.0,401.0,-5.0,-1.23%,0.0,19.0,2026-06-15,False,401.0,-5.0,2026-06-12,406.0,3.0,-0.012391732295163497,is7m26_daily_historical-data-08-12-2026.csv,True,IS7M26,2026-06-12,406.0,-0.012391732295163497,406.0,,,-0.012391732295163497,0.033773697325540725,103.43505039547018,-0.009925639799969938,0.0024968801985870703,7.26365870806836e-05,0.00172826727372346,1.0,0.0
IS7M26,2026-06-16,400.0,400.0,400.0,400.0,-1.0,-0.25%,0.0,19.0,2026-06-16,False,400.0,-1.0,2026-06-15,401.0,1.0,-0.0024968801985871545,is7m26_daily_historical-data-08-12-2026.csv,True,IS7M26,2026-06-15,401.0,-0.0024968801985871545,401.0,,,-0.0024968801985871545,0.03127681712695357,103.17710762640418,-0.01488861249375056,-0.0024968801985872295,-0.002424243611506471,0.0047373320706221534,1.0,0.0
IS7M26,2026-06-17,400.0,400.0,400.0,400.0,0.0,0.00%,9.0,19.0,2026-06-17,False,400.0,0.0,2026-06-16,400.0,1.0,0.0,is7m26_daily_historical-data-08-12-2026.csv,True,IS7M26,2026-06-16,400.0,0.0,400.0,,,0.0,0.03127681712695357,103.17710762640418,-0.01734863833461296,-0.00498754151103906,-0.002424243611506471,0.004737332070622153,1.0,0.0
IS7M26,2026-06-18,403.0,403.0,403.0,403.0,3.0,+0.75%,0.0,19.0,2026-06-18,False,403.0,3.0,2026-06-17,400.0,1.0,0.0074720148387010564,is7m26_daily_historical-data-08-12-2026.csv,True,IS7M26,2026-06-17,400.0,0.0074720148387010564,400.0,,,0.0074720148387010564,0.03874883196565463,103.95093593360222,-0.007416597655049591,3.0357660829594124e-17,0.005047771227194586,0.004641758845200074,1.0,0.0
IS7M26,2026-06-22,402.0,402.0,402.0,402.0,-1.0,-0.25%,0.0,19.0,2026-06-22,False,402.0,-1.0,2026-06-18,403.0,4.0,-0.002484473327661945,is7m26_daily_historical-data-08-12-2026.csv,True,IS7M26,2026-06-18,403.0,-0.002484473327661945,403.0,,,-0.002484473327661945,0.03626435863799268,103.69299316453619,-0.009901070982711537,-0.004962789342128914,0.004987541511039032,0.00522875895259708,1.0,0.0
IS7M26,2026-06-23,402.0,402.0,402.0,402.0,0.0,0.00%,0.0,19.0,2026-06-23,False,402.0,0.0,2026-06-22,402.0,1.0,0.0,is7m26_daily_historical-data-08-12-2026.csv,True,IS7M26,2026-06-22,402.0,0.0,402.0,,,0.0,0.03626435863799268,103.69299316453619,0.0024906613124519605,-0.007434978487517988,0.004987541511039032,0.005202850835008547,1.0,0.0
IS7M26,2026-06-24,401.0,401.0,401.0,401.0,-1.0,-0.25%,0.0,19.0,2026-06-24,False,401.0,-1.0,2026-06-23,402.0,1.0,-0.002490661312451919,is7m26_daily_historical-data-08-12-2026.csv,True,IS7M26,2026-06-23,402.0,-0.002490661312451919,402.0,,,-0.002490661312451919,0.033773697325540766,103.43505039547018,0.0024968801985871965,-0.012391732295163374,0.0024968801985871137,0.005103922559343853,1.0,0.0
IS7M26,2026-06-25,400.0,400.0,400.0,400.0,-1.0,-0.25%,0.0,19.0,2026-06-25,False,400.0,-1.0,2026-06-24,401.0,1.0,-0.0024968801985871545,is7m26_daily_historical-data-08-12-2026.csv,True,IS7M26,2026-06-24,401.0,-0.0024968801985871545,401.0,,,-0.0024968801985871545,0.03127681712695361,103.1771076264042,4.163336342344337e-17,-0.017348638334612927,-4.119968255444917e-17,0.0049971591772836645,1.0,0.0
IS7N26,2026-06-26,383.0,383.0,383.0,383.0,-17.0,-4.25%,0.0,19.0,2026-06-26,True,383.0,-5.0,2026-06-25,388.0,1.0,-0.012970350442627404,is7n26_daily_historical-data-08-12-2026.csv,True,IS7M26,2026-06-25,400.0,-0.04342955792733598,388.0,-0.030459207484708574,0.0,-0.012970350442627404,0.018306466684326207,101.84750572400208,-0.02044236528132842,-0.02785896293637802,-0.012970350442627445,0.004832586837724796,1.0,0.0
IS7N26,2026-06-29,383.0,383.0,383.0,383.0,0.0,0.00%,0.0,19.0,2026-06-29,False,383.0,0.0,2026-06-26,383.0,3.0,0.0,is7n26_daily_historical-data-08-12-2026.csv,True,IS7N26,2026-06-26,383.0,0.0,383.0,,,0.0,0.018306466684326207,101.84750572400208,-0.017957891953666476,-0.02785896293637802,-0.012970350442627445,0.006007852888619885,1.0,0.0
IS7N26,2026-06-30,383.0,383.0,383.0,383.0,0.0,0.00%,0.0,19.0,2026-06-30,False,383.0,0.0,2026-06-29,383.0,1.0,0.0,is7n26_daily_historical-data-08-12-2026.csv,True,IS7N26,2026-06-29,383.0,0.0,383.0,,,0.0,0.018306466684326207,101.84750572400208,-0.017957891953666476,-0.015467230641214524,-0.012970350442627445,0.006007852888619885,1.0,0.0
IS7N26,2026-07-01,383.0,383.0,383.0,383.0,0.0,0.00%,0.0,19.0,2026-07-01,False,383.0,0.0,2026-06-30,383.0,1.0,0.0,is7n26_daily_historical-data-08-12-2026.csv,True,IS7N26,2026-06-30,383.0,0.0,383.0,,,0.0,0.018306466684326207,101.84750572400208,-0.015467230641214554,-0.01297035044262737,-0.01546723064121459,0.004999803295296088,1.0,0.0
IS7N26,2026-07-02,383.0,383.0,383.0,383.0,0.0,0.00%,0.0,16.0,2026-07-02,False,383.0,0.0,2026-07-01,383.0,1.0,0.0,is7n26_daily_historical-data-08-12-2026.csv,True,IS7N26,2026-07-01,383.0,0.0,383.0,,,0.0,0.018306466684326207,101.84750572400208,-0.012970350442627399,-0.01297035044262737,-0.01795789195366642,0.005009417902635241,1.0,0.0
IS7N26,2026-07-06,380.0,380.0,380.0,380.0,-3.0,-0.78%,0.0,16.0,2026-07-06,False,380.0,-3.0,2026-07-02,383.0,4.0,-0.007863736460214576,is7n26_daily_historical-data-08-12-2026.csv,True,IS7N26,2026-07-02,383.0,-0.007863736460214576,383.0,,,-0.007863736460214576,0.010442730224111631,101.04974458256079,-0.007863736460214573,-0.028306101741543,-0.028306101741542966,0.005009417902635241,1.0,0.0
IS7N26,2026-07-07,377.0,377.0,377.0,377.0,-3.0,-0.79%,0.0,16.0,2026-07-07,False,377.0,-3.0,2026-07-06,380.0,1.0,-0.007926065272420716,is7n26_daily_historical-data-08-12-2026.csv,True,IS7N26,2026-07-06,380.0,-0.007926065272420716,380.0,,,-0.007926065272420716,0.0025166649516909154,100.25198344111952,-0.01578980173263529,-0.033747693686301775,-0.03871048302843068,0.004327627196350333,1.0,0.0
IS7N26,2026-07-08,377.0,377.0,377.0,377.0,0.0,0.00%,0.0,16.0,2026-07-08,False,377.0,0.0,2026-07-07,377.0,1.0,0.0,is7n26_daily_historical-data-08-12-2026.csv,True,IS7N26,2026-07-07,377.0,0.0,377.0,,,0.0,0.0025166649516909154,100.25198344111952,-0.01578980173263529,-0.033747693686301775,-0.041182672173819754,0.004612037077136578,1.0,0.0
IS7N26,2026-07-09,377.0,377.0,377.0,377.0,0.0,0.00%,0.0,16.0,2026-07-09,False,377.0,0.0,2026-07-08,377.0,1.0,0.0,is7n26_daily_historical-data-08-12-2026.csv,True,IS7N26,2026-07-08,377.0,0.0,377.0,,,0.0,0.0025166649516909154,100.25198344111952,-0.01578980173263529,-0.03125703237384986,-0.04364876466901322,0.004612037077136578,1.0,0.0
IS7N26,2026-07-10,376.0,376.0,376.0,376.0,-1.0,-0.27%,0.0,16.0,2026-07-10,False,376.0,-1.0,2026-07-09,377.0,1.0,-0.0026560440581162963,is7n26_daily_historical-data-08-12-2026.csv,True,IS7N26,2026-07-09,377.0,-0.0026560440581162963,377.0,,,-0.0026560440581162963,-0.0001393791064253809,99.9860630606391,-0.018445845790751585,-0.031416196233379,-0.04876483456799191,0.004730809842194666,1.0,0.0
IS7N26,2026-07-13,375.0,375.0,375.0,375.0,-1.0,-0.27%,0.0,16.0,2026-07-13,False,375.0,-1.0,2026-07-10,376.0,3.0,-0.002663117419483662,is7n26_daily_historical-data-08-12-2026.csv,True,IS7N26,2026-07-10,376.0,-0.002663117419483662,376.0,,,-0.002663117419483662,-0.0028024965259090427,99.72014268015869,-0.01324522675002067,-0.021108963210235254,-0.048967926146613265,0.004728726442173336,1.0,0.0
IS7N26,2026-07-14,374.0,374.0,374.0,374.0,-1.0,-0.27%,0.0,16.0,2026-07-14,False,374.0,-1.0,2026-07-13,375.0,1.0,-0.0026702285558789208,is7n26_daily_historical-data-08-12-2026.csv,True,IS7N26,2026-07-13,375.0,-0.0026702285558789208,375.0,,,-0.0026702285558789208,-0.005472725081787963,99.45422229967825,-0.007989390033478875,-0.023779191766114174,-0.05163815470249219,0.0032360605932022285,1.0,0.0
IS7N26,2026-07-15,374.0,374.0,374.0,374.0,0.0,0.00%,0.0,16.0,2026-07-15,False,374.0,0.0,2026-07-14,374.0,1.0,0.0,is7n26_daily_historical-data-08-12-2026.csv,True,IS7N26,2026-07-14,374.0,0.0,374.0,,,0.0,-0.005472725081787963,99.45422229967825,-0.007989390033478875,-0.023779191766114174,-0.03924642240732869,0.003151591320845564,1.0,0.0
IS7N26,2026-07-16,374.0,374.0,374.0,374.0,0.0,0.00%,0.0,16.0,2026-07-16,False,374.0,0.0,2026-07-15,374.0,1.0,0.0,is7n26_daily_historical-data-08-12-2026.csv,True,IS7N26,2026-07-15,374.0,0.0,374.0,,,0.0,-0.005472725081787963,99.45422229967825,-0.007989390033478875,-0.023779191766114174,-0.036749542208741534,0.003151591320845564,1.0,0.0
IS7N26,2026-07-17,373.0,373.0,373.0,373.0,-1.0,-0.27%,0.0,16.0,2026-07-17,False,373.0,-1.0,2026-07-16,374.0,1.0,-0.002677377770716403,is7n26_daily_historical-data-08-12-2026.csv,True,IS7N26,2026-07-16,374.0,-0.002677377770716403,374.0,,,-0.002677377770716403,-0.008150102852504365,99.18830191919783,-0.008010723746078982,-0.026456569536830576,-0.039426919979457936,0.003151591320845564,1.0,0.0
IS7N26,2026-07-20,373.0,373.0,373.0,373.0,0.0,0.00%,0.0,16.0,2026-07-20,False,373.0,0.0,2026-07-17,373.0,3.0,0.0,is7n26_daily_historical-data-08-12-2026.csv,True,IS7N26,2026-07-17,373.0,0.0,373.0,,,0.0,-0.008150102852504365,99.18830191919783,-0.00534760632659532,-0.018592833076616,-0.046898934818158995,0.0030388428234195434,1.0,0.0
IS7N26,2026-07-21,373.0,373.0,373.0,373.0,0.0,0.00%,13.0,29.0,2026-07-21,False,373.0,0.0,2026-07-20,373.0,1.0,0.0,is7n26_daily_historical-data-08-12-2026.csv,True,IS7N26,2026-07-20,373.0,0.0,373.0,,,0.0,-0.008150102852504365,99.18830191919783,-0.0026773777707163994,-0.010666767804195286,-0.04441446149049705,0.0025099447363892444,1.0,0.0
IS7N26,2026-07-22,372.0,372.0,372.0,372.0,-1.0,-0.27%,29.0,53.0,2026-07-22,False,372.0,-1.0,2026-07-21,373.0,1.0,-0.002684565370668987,is7n26_daily_historical-data-08-12-2026.csv,True,IS7N26,2026-07-21,373.0,-0.002684565370668987,373.0,,,-0.002684565370668987,-0.010834668223173352,98.9223815387174,-0.005361943141385387,-0.013351333174864272,-0.047099026861166036,0.001377084002824159,1.0,0.0
IS7N26,2026-07-23,372.0,372.0,372.0,372.0,0.0,0.00%,0.0,53.0,2026-07-23,False,372.0,0.0,2026-07-22,372.0,1.0,0.0,is7n26_daily_historical-data-08-12-2026.csv,True,IS7N26,2026-07-22,372.0,0.0,372.0,,,0.0,-0.010834668223173352,98.9223815387174,-0.005361943141385387,-0.013351333174864272,-0.04460836554871412,0.0014073741574349484,1.0,0.0
IS7N26,2026-07-24,372.0,372.0,372.0,372.0,0.0,0.00%,0.0,53.0,2026-07-24,False,372.0,0.0,2026-07-23,372.0,1.0,0.0,is7n26_daily_historical-data-08-12-2026.csv,True,IS7N26,2026-07-23,372.0,0.0,372.0,,,0.0,-0.010834668223173352,98.9223815387174,-0.0026845653706689837,-0.010695289116747976,-0.042111485350126966,0.0014073741574349484,1.0,0.0
IS7Q26,2026-07-27,387.0,387.0,387.0,387.0,15.0,+4.03%,0.0,53.0,2026-07-27,True,387.0,0.0,2026-07-24,387.0,3.0,0.0,is7q26_daily_historical-data-08-12-2026.csv,True,IS7N26,2026-07-24,372.0,0.03953083875663522,387.0,0.03953083875663522,0.0,0.0,-0.010834668223173352,98.9223815387174,-0.0026845653706689837,-0.008032171697264313,-0.02914113490749956,0.0013807661704859958,1.0,0.0
IS7Q26,2026-07-28,387.0,387.0,387.0,387.0,0.0,0.00%,0.0,53.0,2026-07-28,False,387.0,0.0,2026-07-27,387.0,1.0,0.0,is7q26_daily_historical-data-08-12-2026.csv,True,IS7Q26,2026-07-27,387.0,0.0,387.0,,,0.0,-0.010834668223173352,98.9223815387174,-0.0026845653706689837,-0.005361943141385394,-0.02914113490749956,0.001293306927553425,1.0,0.0
IS7Q26,2026-07-29,387.0,387.0,387.0,387.0,0.0,0.00%,0.0,53.0,2026-07-29,False,387.0,0.0,2026-07-28,387.0,1.0,0.0,is7q26_daily_historical-data-08-12-2026.csv,True,IS7Q26,2026-07-28,387.0,0.0,387.0,,,0.0,-0.010834668223173352,98.9223815387174,0.0,-0.005361943141385394,-0.02914113490749956,0.001130398136910487,1.0,0.0
IS7Q26,2026-07-30,387.0,387.0,387.0,387.0,0.0,0.00%,9.0,62.0,2026-07-30,False,387.0,0.0,2026-07-29,387.0,1.0,0.0,is7q26_daily_historical-data-08-12-2026.csv,True,IS7Q26,2026-07-29,387.0,0.0,387.0,,,0.0,-0.010834668223173352,98.9223815387174,0.0,-0.005361943141385394,-0.02914113490749956,0.001130398136910487,1.0,0.0
IS7Q26,2026-07-31,387.0,387.0,387.0,387.0,0.0,0.00%,9.0,53.0,2026-07-31,False,387.0,0.0,2026-07-30,387.0,1.0,0.0,is7q26_daily_historical-data-08-12-2026.csv,True,IS7Q26,2026-07-30,387.0,0.0,387.0,,,0.0,-0.010834668223173352,98.9223815387174,0.0,-0.0026845653706689906,-0.02914113490749956,0.001130398136910487,1.0,0.0
IS7Q26,2026-08-03,381.0,381.0,381.0,381.0,-6.0,-1.55%,0.0,53.0,2026-08-03,False,381.0,-6.0,2026-07-31,387.0,3.0,-0.01562531790308087,is7q26_daily_historical-data-08-12-2026.csv,True,IS7Q26,2026-07-31,387.0,-0.01562531790308087,387.0,,,-0.01562531790308087,-0.02645998612625422,97.3887012047838,-0.015625317903080867,-0.018309883273749862,-0.03690271635036585,0.0008489341098928073,1.0,0.0
IS7Q26,2026-08-04,381.0,381.0,381.0,381.0,0.0,0.00%,0.0,53.0,2026-08-04,False,381.0,0.0,2026-08-03,381.0,1.0,0.0,is7q26_daily_historical-data-08-12-2026.csv,True,IS7Q26,2026-08-03,381.0,0.0,381.0,,,0.0,-0.02645998612625422,97.3887012047838,-0.015625317903080867,-0.018309883273749862,-0.02897665107794514,0.004919713951168525,1.0,0.0
IS7Q26,2026-08-05,379.0,379.0,379.0,379.0,-2.0,-0.52%,0.0,53.0,2026-08-05,False,379.0,-2.0,2026-08-04,381.0,1.0,-0.005263170044274644,is7q26_daily_historical-data-08-12-2026.csv,True,IS7Q26,2026-08-04,381.0,-0.005263170044274644,381.0,,,-0.005263170044274644,-0.031723156170528864,96.87747442680593,-0.02088848794735551,-0.020888487947355518,-0.03423982112221978,0.004919713951168525,1.0,0.0
IS7Q26,2026-08-06,379.0,379.0,379.0,379.0,0.0,0.00%,0.0,53.0,2026-08-06,False,379.0,0.0,2026-08-05,379.0,1.0,0.0,is7q26_daily_historical-data-08-12-2026.csv,True,IS7Q26,2026-08-05,379.0,0.0,379.0,,,0.0,-0.031723156170528864,96.87747442680593,-0.02088848794735551,-0.020888487947355518,-0.03423982112221978,0.0050356355178159725,1.0,0.0
IS7Q26,2026-08-07,378.0,378.0,378.0,378.0,-1.0,-0.26%,0.0,53.0,2026-08-07,False,378.0,-1.0,2026-08-06,379.0,1.0,-0.0026420094628386965,is7q26_daily_historical-data-08-12-2026.csv,True,IS7Q26,2026-08-06,379.0,-0.0026420094628386965,379.0,,,-0.0026420094628386965,-0.03436516563336756,96.621861037817,-0.023530497410194206,-0.023530497410194213,-0.03422578652694218,0.0050356355178159725,1.0,0.0
IS7Q26,2026-08-10,377.0,377.0,377.0,377.0,-1.0,-0.26%,0.0,53.0,2026-08-10,False,377.0,-1.0,2026-08-07,378.0,3.0,-0.002649008171576953,is7q26_daily_historical-data-08-12-2026.csv,True,IS7Q26,2026-08-07,378.0,-0.002649008171576953,378.0,,,-0.002649008171576953,-0.03701417380494452,96.36624764882805,-0.010554187678690291,-0.026179505581771168,-0.03421167727903548,0.004982896320324187,1.0,0.0
IS7Q26,2026-08-11,377.0,377.0,377.0,377.0,0.0,0.00%,0.0,53.0,2026-08-11,False,377.0,0.0,2026-08-10,377.0,1.0,0.0,is7q26_daily_historical-data-08-12-2026.csv,True,IS7Q26,2026-08-10,377.0,0.0,377.0,,,0.0,-0.03701417380494452,96.36624764882805,-0.010554187678690291,-0.026179505581771168,-0.031541448723156555,0.00491383902340569,1.0,0.0
