Date,Day,14ANI,12ANI,10ANI,8ANI,6ANI,4ANI,5kg,2kg,1kgr,Att,Melt,8ANI d/d,date,continuous_segment,5kg_age,5kg_filled,1kgr_age,1kgr_filled,Att_age,Att_filled,Melt_age,Melt_filled,plate_avg,melt_avg,plate_melt,eight_melt,plate_1kgr,ten_melt,ret_1q,ewma_vol,unchanged_20,days_since_change,own_mom_5,own_mom_10,own_mom_20,own_mom_30,own_mom_60,plate_melt_z60,plate_melt_z120,plate_melt_rz60,eight_melt_z60,eight_melt_z120,eight_melt_rz60,plate_1kgr_z60,plate_1kgr_z120,plate_1kgr_rz60,ten_melt_z60,ten_melt_z120,ten_melt_rz60,monsoon,turkey_date,latest,volume,open_interest,zero_volume,zero_range,days_to_prompt,turkey_mom_5,turkey_mom_10,turkey_mom_20,turkey_mom_30,turkey_mom_60,turkey_rv20,turkey_z60,volume_share20,oi_median20,log_volume,log_oi_lag3,turkey_age,turkey_primary_quality,turkey_curve_mark_quality,target_end_5,target_ret_5,target_change_5,target_dir_5,target_end_10,target_ret_10,target_change_10,target_dir_10,target_end_15,target_ret_15,target_change_15,target_dir_15,target_end_30,target_ret_30,target_change_30,target_dir_30,target_end_45,target_ret_45,target_change_45,target_dir_45,target_end_60,target_ret_60,target_change_60,target_dir_60,target_end_90,target_ret_90,target_change_90,target_dir_90
2023-12-11,Mon,42200.0,42200.0,42000.0,41500.0,40100.0,39100.0,40800.0,39800.0,38000.0,37800.0,36300.0,,2023-12-11,0,0,40800.0,0,38000.0,0,37800.0,0,36300.0,41600.0,37366.666666666664,4233.333333333336,5200.0,3600.0,5700.0,,,,0,,,,,,,,,,,,,,,,,,0.0,,,,,,,,,,,,,,,,,,,,0.0,0.0,,,,,2023-12-23,-0.034317092924129156,-1400.0,-1.0,2023-12-26,-0.04686430897621772,-1900.0,-1.0,2024-01-10,-0.05446890836143703,-2200.0,-1.0,2024-01-25,-0.06727318060742486,-2700.0,-1.0,2024-02-09,-0.05192761093276449,-2100.0,-1.0,2024-03-12,-0.05957096024533254,-2400.0,-1.0
2023-12-13,Wed,42300.0,42300.0,42100.0,41600.0,40200.0,39200.0,40900.0,39900.0,37700.0,37500.0,36000.0,100.0,2023-12-13,0,0,40900.0,0,37700.0,0,37500.0,0,36000.0,41700.0,37066.666666666664,4633.333333333336,5600.0,4000.0,6100.0,0.002406740030565402,,,0,,,,,,,,,,,,,,,,,,0.0,,,,,,,,,,,,,,,,,,,,0.0,0.0,,,,,2023-12-23,-0.03672383295469408,-1500.0,-1.0,2023-12-28,-0.05179949536014146,-2100.0,-1.0,2024-01-12,-0.05687564839200208,-2300.0,-1.0,2024-01-27,-0.07226056723148144,-2900.0,-1.0,2024-02-12,-0.0543343509633295,-2200.0,-1.0,2024-03-12,-0.061977700275897524,-2500.0,-1.0
2023-12-23,Sat,40800.0,40800.0,40600.0,40100.0,38500.0,37500.0,39000.0,37900.0,36700.0,36500.0,35000.0,-1500.0,2023-12-23,0,0,39000.0,0,36700.0,0,36500.0,0,35000.0,40160.0,36066.666666666664,4093.3333333333358,5100.0,3460.0,5600.0,-0.03672383295469395,0.002406740030565402,,0,,,,,,,,,,,,,,,,,,0.0,,,,,,,,,,,,,,,,,,,,0.0,0.0,2023-12-28,-0.015075662405447273,-600.0,-1.0,2024-01-02,-0.0050000104167057515,-200.0,-1.0,2024-01-08,-0.015075662405447273,-600.0,-1.0,2024-01-24,-0.03295608768329572,-1300.0,-1.0,2024-02-06,-0.017610518008635393,-700.0,-1.0,2024-02-21,-0.010025146619378818,-400.0,-1.0,,,,
2023-12-25,Mon,40700.0,40700.0,40500.0,40000.0,38400.0,37400.0,38900.0,37800.0,36600.0,36400.0,34900.0,-100.0,2023-12-25,0,0,38900.0,0,36600.0,0,36400.0,0,34900.0,40060.0,35966.666666666664,4093.3333333333358,5100.0,3460.0,5600.0,-0.0024968801985885136,0.009293182884959188,,0,,,,,,,,,,,,,,,,,,0.0,,,,,,,,,,,,,,,,,,,,0.0,0.0,2023-12-30,-0.01005033585350145,-400.0,-1.0,2024-01-04,0.0,0.0,0.0,2024-01-09,-0.015113637810048184,-600.0,-1.0,2024-01-24,-0.030459207484708574,-1200.0,-1.0,2024-02-08,-0.015113637810048184,-600.0,-1.0,2024-02-23,-0.012578782206860073,-500.0,-1.0,,,,
2023-12-26,Tue,40400.0,40400.0,40100.0,39600.0,38000.0,37000.0,38500.0,37400.0,36400.0,36200.0,34700.0,-400.0,2023-12-26,0,0,38500.0,0,36400.0,0,36200.0,0,34700.0,39700.0,35766.666666666664,3933.3333333333358,4900.0,3300.0,5400.0,-0.010050335853501124,0.00903080937064152,,0,,,,,,,,,,,,,,,,,,0.0,,,,,,,,,,,,,,,,,,,,0.0,0.0,2024-01-01,0.010050335853501506,400.0,1.0,2024-01-05,0.007547205635382904,300.0,1.0,2024-01-10,-0.007604599385219304,-300.0,-1.0,2024-01-25,-0.020408871631207123,-800.0,-1.0,2024-02-09,-0.005063301956546762,-200.0,-1.0,2024-02-24,-0.005063301956546762,-200.0,-1.0,,,,
2023-12-27,Wed,40200.0,40200.0,40000.0,39500.0,37800.0,36800.0,38400.0,37200.0,36400.0,36200.0,34700.0,-100.0,2023-12-27,0,0,38400.0,0,36400.0,0,36200.0,0,34700.0,39540.0,35766.666666666664,3773.3333333333358,4800.0,3140.0,5300.0,-0.002528446353357694,0.009095204333143092,,0,-0.049392755329576474,,,,,,,,,,,,,,,,,0.0,,,,,,,,,,,,,,,,,,,,0.0,0.0,2024-01-01,0.012578782206860185,500.0,1.0,2024-01-06,0.0025284463533586906,100.0,1.0,2024-01-11,-0.005076153031860661,-200.0,-1.0,2024-01-27,-0.02046107187134006,-800.0,-1.0,2024-02-10,-0.0025348556031880663,-100.0,-1.0,2024-02-26,-0.0025348556031880663,-100.0,-1.0,,,,
2023-12-28,Thu,40200.0,40200.0,40000.0,39500.0,37800.0,36800.0,38400.0,37200.0,36400.0,36200.0,34700.0,0.0,2023-12-28,0,0,38400.0,0,36400.0,0,36200.0,0,34700.0,39540.0,35766.666666666664,3773.3333333333358,4800.0,3140.0,5300.0,0.0,0.008839850666591369,,1,-0.05179949536014146,,,,,,,,,,,,,,,,,0.0,,,,,,,,,,,,,,,,,,,,0.0,0.0,2024-01-02,0.01007565198874164,400.0,1.0,2024-01-08,0.0,0.0,0.0,2024-01-12,-0.005076153031860661,-200.0,-1.0,2024-01-27,-0.02046107187134006,-800.0,-1.0,2024-02-12,-0.0025348556031880663,-100.0,-1.0,2024-02-26,-0.0025348556031880663,-100.0,-1.0,,,,
2023-12-29,Fri,40200.0,40200.0,40000.0,39500.0,37800.0,36800.0,38500.0,37200.0,36200.0,36000.0,34500.0,0.0,2023-12-29,0,0,38500.0,0,36200.0,0,36000.0,0,34500.0,39540.0,35566.666666666664,3973.3333333333358,5000.0,3340.0,5500.0,0.0,0.008570553203800657,,2,-0.015075662405447273,,,,,,,,,,,,,,,,,0.0,,,,,,,,,,,,,,,,,,,,0.0,0.0,2024-01-03,0.0050505157860685716,200.0,1.0,2024-01-08,0.0,0.0,0.0,2024-01-13,-0.005076153031860661,-200.0,-1.0,2024-01-29,-0.012739025777429714,-500.0,-1.0,2024-02-12,-0.0025348556031880663,-100.0,-1.0,2024-02-27,-0.007623925110659371,-300.0,-1.0,,,,
2023-12-30,Sat,40300.0,40300.0,40100.0,39600.0,37900.0,36900.0,38600.0,37400.0,36200.0,36000.0,34500.0,100.0,2023-12-30,0,0,38600.0,0,36200.0,0,36000.0,0,34500.0,39640.0,35566.666666666664,4073.3333333333358,5100.0,3440.0,5600.0,0.002528446353357694,0.008309459626595886,,0,-0.01005033585350145,,,,,,,,,,,,,,,,,0.0,,,,,,,,,,,,,,,,,,,,0.0,0.0,2024-01-04,0.010050335853501506,400.0,1.0,2024-01-09,-0.005063301956546762,-200.0,-1.0,2024-01-15,-0.007604599385219304,-300.0,-1.0,2024-01-29,-0.01526747213078842,-600.0,-1.0,2024-02-13,-0.010152371464017962,-400.0,-1.0,2024-02-28,-0.01526747213078842,-600.0,-1.0,,,,
2024-01-01,Mon,40700.0,40700.0,40500.0,40000.0,38300.0,37300.0,39000.0,37700.0,36500.0,36300.0,34800.0,400.0,2024-01-01,0,0,39000.0,0,36500.0,0,36300.0,0,34800.0,40040.0,35866.666666666664,4173.333333333336,5200.0,3540.0,5700.0,0.010050335853501124,0.008080091248653935,,0,0.010050335853501506,,,,,,,,,,,,,,,,,0.0,,,,,,,,,,,,,,,,,,,,0.0,0.0,2024-01-06,-0.01005033585350145,-400.0,-1.0,2024-01-11,-0.01765493523872071,-700.0,-1.0,2024-01-16,-0.02275698712261618,-900.0,-1.0,2024-01-31,-0.012578782206860073,-500.0,-1.0,2024-02-15,-0.012578782206860073,-500.0,-1.0,2024-03-01,-0.020202707317519466,-800.0,-1.0,,,,
2024-01-02,Tue,40600.0,40600.0,40400.0,39900.0,38200.0,37200.0,38900.0,37700.0,36400.0,36200.0,34700.0,-100.0,2024-01-02,0,0,38900.0,0,36400.0,0,36200.0,0,34700.0,39940.0,35766.666666666664,4173.333333333336,5200.0,3540.0,5700.0,-0.002503130218117988,0.008211647651809574,0.2,0,0.01007565198874164,-0.03931710334083481,,,,,,,,,,,,,,,,0.0,,,,,,,,,,,,,,,,,,,,0.0,0.0,2024-01-08,-0.010075651988741587,-400.0,-1.0,2024-01-12,-0.01515180502060222,-600.0,-1.0,2024-01-17,-0.02538207327141716,-1000.0,-1.0,2024-02-01,-0.010075651988741587,-400.0,-1.0,2024-02-16,-0.012610507591929696,-500.0,-1.0,2024-03-02,-0.017699577099400975,-700.0,-1.0,,,,
2024-01-03,Wed,40400.0,40400.0,40200.0,39700.0,38100.0,37100.0,38800.0,37600.0,36200.0,36000.0,34500.0,-200.0,2024-01-03,0,0,38800.0,0,36200.0,0,36000.0,0,34500.0,39760.0,35566.666666666664,4193.333333333336,5200.0,3560.0,5700.0,-0.005025136202672087,0.007985062766275091,0.18181818181818182,0,0.0050505157860685716,-0.04674897957407281,,,,,,,,,,,,,,,,0.0,,,,,,,,,,,,,,,,,,,,0.0,0.0,2024-01-08,-0.0050505157860685915,-200.0,-1.0,2024-01-13,-0.01012666881792916,-400.0,-1.0,2024-01-19,-0.020356937068744085,-800.0,-1.0,2024-02-02,-0.0050505157860685915,-200.0,-1.0,2024-02-17,-0.0050505157860685915,-200.0,-1.0,2024-03-04,-0.012674440896727824,-500.0,-1.0,,,,
2024-01-04,Thu,40700.0,40700.0,40500.0,40000.0,38400.0,37400.0,39100.0,37900.0,36500.0,36300.0,34800.0,300.0,2024-01-04,0,0,39100.0,0,36500.0,0,36300.0,0,34800.0,40060.0,35866.666666666664,4193.333333333336,5200.0,3560.0,5700.0,0.007528266420790075,0.007839047988741745,0.16666666666666666,0,0.012578782206860185,-0.0024968801985871545,,,,,,,,,,,,,,,,0.0,,,,,,,,,,,,,,,,,,,,0.0,0.0,2024-01-09,-0.015113637810048184,-600.0,-1.0,2024-01-15,-0.01765493523872071,-700.0,-1.0,2024-01-19,-0.027885203489535663,-1100.0,-1.0,2024-02-03,-0.012578782206860073,-500.0,-1.0,2024-02-19,-0.012578782206860073,-500.0,-1.0,2024-03-04,-0.020202707317519466,-800.0,-1.0,,,,
2024-01-05,Fri,40600.0,40600.0,40400.0,39900.0,38200.0,37200.0,39000.0,37800.0,36500.0,36300.0,34800.0,-100.0,2024-01-05,0,0,39000.0,0,36500.0,0,36300.0,0,34800.0,39940.0,35866.666666666664,4073.3333333333358,5100.0,3440.0,5600.0,-0.002503130218117988,0.007820749368554905,0.15384615384615385,0,0.007547205635382904,-0.002503130218118477,,,,,,,,,,,,,,,,0.0,,,,,,,,,,,,,,,,,,,,0.0,0.0,2024-01-10,-0.01515180502060222,-600.0,-1.0,2024-01-15,-0.01515180502060222,-600.0,-1.0,2024-01-20,-0.02538207327141716,-1000.0,-1.0,2024-02-05,-0.010075651988741587,-400.0,-1.0,2024-02-19,-0.010075651988741587,-400.0,-1.0,2024-03-05,-0.017699577099400975,-700.0,-1.0,,,,
2024-01-06,Sat,40300.0,40300.0,40100.0,39600.0,37900.0,36900.0,38700.0,37500.0,36200.0,36000.0,34500.0,-300.0,2024-01-06,0,0,38700.0,0,36200.0,0,36000.0,0,34500.0,39640.0,35566.666666666664,4073.3333333333358,5100.0,3440.0,5600.0,-0.007547205635383136,0.007607247406121229,0.14285714285714285,0,-0.01005033585350145,0.0,,,,,,,,,,,,,,,,0.0,,,,,,,,,,,,,,,,,,,,0.0,0.0,2024-01-11,-0.007604599385219304,-300.0,-1.0,2024-01-16,-0.012706651269114801,-500.0,-1.0,2024-01-24,-0.020408871631207123,-800.0,-1.0,2024-02-05,-0.0025284463533586377,-100.0,-1.0,2024-02-20,0.002522069432709939,100.0,1.0,2024-03-06,-0.010152371464017962,-400.0,-1.0,,,,
2024-01-08,Mon,40200.0,40200.0,40000.0,39500.0,37800.0,36800.0,39600.0,37400.0,35700.0,35500.0,34000.0,-100.0,2024-01-08,0,0,39600.0,0,35700.0,0,35500.0,0,34000.0,39540.0,35066.666666666664,4473.333333333336,5500.0,3840.0,6000.0,-0.002528446353357694,0.0076036582699531815,0.13333333333333333,0,-0.010075651988741587,0.0,,,,,,,,,,,,,,,,0.0,,,,,,,,,,,,,,,,,,,,0.0,0.0,2024-01-13,-0.005076153031860661,-200.0,-1.0,2024-01-19,-0.015306421282675545,-600.0,-1.0,2024-01-24,-0.01788042527784841,-700.0,-1.0,2024-02-07,-0.0025348556031880663,-100.0,-1.0,2024-02-22,0.0,0.0,0.0,2024-03-08,-0.007623925110659371,-300.0,-1.0,,,,
2024-01-09,Tue,40100.0,40100.0,39900.0,39400.0,37700.0,36700.0,38500.0,37300.0,35700.0,35500.0,34000.0,-100.0,2024-01-09,0,0,38500.0,0,35700.0,0,35500.0,0,34000.0,39440.0,35066.666666666664,4373.333333333336,5400.0,3740.0,5900.0,-0.0025348556031890013,0.007397990564927901,0.125,0,-0.007585371389256612,-0.0025348556031880663,,,,,,,,,,,,,,,,0.0,,,,,,,,,,,,,,,,,,,,0.0,0.0,2024-01-15,-0.0025412974286725325,-100.0,-1.0,2024-01-19,-0.012771565679487505,-500.0,-1.0,2024-01-24,-0.015345569674660421,-600.0,-1.0,2024-02-08,0.0,0.0,0.0,2024-02-23,0.0025348556031881157,100.0,1.0,2024-03-09,-0.005089069507471293,-200.0,-1.0,,,,
2024-01-10,Wed,40000.0,40000.0,39800.0,39300.0,37600.0,36600.0,38400.0,37200.0,35700.0,35500.0,34000.0,-100.0,2024-01-10,0,0,38400.0,0,35700.0,0,35500.0,0,34000.0,39340.0,35066.666666666664,4273.333333333336,5300.0,3640.0,5800.0,-0.0025412974286727064,0.007199442902793078,0.11764705882352941,0,-0.01765493523872071,-0.005076153031860661,,,,,,,,,,,,,,,,0.0,,,,,,,,,,,,,,,,,,,,0.0,0.0,2024-01-15,0.0,0.0,0.0,2024-01-20,-0.010230268250814922,-400.0,-1.0,2024-01-25,-0.01280427224598774,-500.0,-1.0,2024-02-09,0.002541297428672548,100.0,1.0,2024-02-24,0.002541297428672548,100.0,1.0,2024-03-12,-0.00510205188389551,-200.0,-1.0,,,,
2024-01-11,Thu,40000.0,40000.0,39800.0,39300.0,37600.0,36600.0,38500.0,37200.0,35700.0,35500.0,34000.0,0.0,2024-01-11,0,0,38500.0,0,35700.0,0,35500.0,0,34000.0,39340.0,35066.666666666664,4273.333333333336,5300.0,3640.0,5800.0,0.0,0.007007820701273804,0.1111111111111111,1,-0.01515180502060222,-0.007604599385219304,,,,,,,,,,,,,,,,0.0,,,,,,,,,,,,,,,,,,,,0.0,0.0,2024-01-16,-0.00510205188389551,-200.0,-1.0,2024-01-24,-0.01280427224598774,-500.0,-1.0,2024-01-27,-0.015384918839479456,-600.0,-1.0,2024-02-10,0.002541297428672548,100.0,1.0,2024-02-26,0.002541297428672548,100.0,1.0,2024-03-12,-0.00510205188389551,-200.0,-1.0,,,,
2024-01-12,Fri,40000.0,40000.0,39800.0,39300.0,37500.0,36500.0,38300.0,37100.0,35700.0,35500.0,34000.0,0.0,2024-01-12,0,0,38300.0,0,35700.0,0,35500.0,0,34000.0,39320.0,35066.666666666664,4253.333333333336,5300.0,3620.0,5800.0,0.0,0.006794334251590038,0.15789473684210525,2,-0.007604599385219304,-0.01765493523872071,,,,,,,,,,,,,,,,0.0,,,,,,,,,,,,,,,,,,,,0.0,0.0,2024-01-17,-0.010230268250814922,-400.0,-1.0,2024-01-24,-0.01280427224598774,-500.0,-1.0,2024-01-27,-0.015384918839479456,-600.0,-1.0,2024-02-12,0.002541297428672548,100.0,1.0,2024-02-26,0.002541297428672548,100.0,1.0,2024-03-12,-0.00510205188389551,-200.0,-1.0,,,,
2024-01-13,Sat,40000.0,40000.0,39800.0,39300.0,37400.0,36400.0,38300.0,37100.0,35700.0,35500.0,34000.0,0.0,2024-01-13,0,0,38300.0,0,35700.0,0,35500.0,0,34000.0,39300.0,35066.666666666664,4233.333333333336,5300.0,3600.0,5800.0,0.0,0.006587351459197375,0.2,3,-0.005076153031860661,-0.01515180502060222,-0.05446890836143703,,,,,,,,,,,,,,,0.0,,,,,,,,,,,,,,,,,,,,0.0,0.0,2024-01-19,-0.010230268250814922,-400.0,-1.0,2024-01-24,-0.01280427224598774,-500.0,-1.0,2024-01-29,-0.007662872745569137,-300.0,-1.0,2024-02-12,0.002541297428672548,100.0,1.0,2024-02-27,-0.0025477720787986644,-100.0,-1.0,2024-03-13,-0.010230268250814922,-400.0,-1.0,,,,
2024-01-15,Mon,40000.0,40000.0,39800.0,39300.0,37400.0,36400.0,38300.0,37100.0,35700.0,35500.0,34000.0,0.0,2024-01-15,0,0,38300.0,0,35700.0,0,35500.0,0,34000.0,39300.0,35066.666666666664,4233.333333333336,5300.0,3600.0,5800.0,0.0,0.006386674196494635,0.25,5,-0.0025412974286725325,-0.01012666881792916,-0.05687564839200208,,,,,,,,,,,,,,,0.0,,,,,,,,,,,,,,,,,,,,0.0,0.0,2024-01-20,-0.010230268250814922,-400.0,-1.0,2024-01-25,-0.01280427224598774,-500.0,-1.0,2024-01-30,0.0,0.0,0.0,2024-02-14,-0.0025477720787986644,-100.0,-1.0,2024-02-29,-0.0025477720787986644,-100.0,-1.0,2024-03-15,-0.017972242404430367,-700.0,-1.0,,,,
2024-01-16,Tue,39800.0,39800.0,39600.0,39100.0,37300.0,36300.0,38100.0,37000.0,35700.0,35500.0,34000.0,-200.0,2024-01-16,0,0,38100.0,0,35700.0,0,35500.0,0,34000.0,39120.0,35066.666666666664,4053.3333333333358,5100.0,3420.0,5600.0,-0.005102051883895342,0.006192110371645532,0.3,0,-0.00510205188389551,-0.02275698712261618,-0.025253867321203417,,,,,,,,,,,,,,,0.0,,,,,,,,,,,,,,,,,,,,0.0,0.0,2024-01-24,-0.007702220362092351,-300.0,-1.0,2024-01-27,-0.01028286695558392,-400.0,-1.0,2024-01-31,0.010178204915756052,400.0,1.0,2024-02-15,0.010178204915756052,400.0,1.0,2024-03-01,0.0025542798050967007,100.0,1.0,2024-03-16,-0.012870190520534907,-500.0,-1.0,,,,
2024-01-17,Wed,39600.0,39600.0,39400.0,38900.0,37100.0,36100.0,38000.0,37000.0,35500.0,35300.0,33800.0,-200.0,2024-01-17,0,0,38000.0,0,35500.0,0,35300.0,0,33800.0,38920.0,34866.666666666664,4053.3333333333358,5100.0,3420.0,5600.0,-0.005128216366919958,0.006132173595791247,0.3,0,-0.010230268250814922,-0.02538207327141716,-0.027885203489535663,,,,,,,,,,,,,,,0.0,,,,,,,,,,,,,,,,,,,,0.0,0.0,2024-01-24,-0.0025740039951728773,-100.0,-1.0,2024-01-27,-0.0051546505886645375,-200.0,-1.0,2024-02-01,0.015306421282675507,600.0,1.0,2024-02-16,0.01277156567948754,500.0,1.0,2024-03-02,0.007682496172016211,300.0,1.0,2024-03-18,-0.007741974153615397,-300.0,-1.0,,,,
2024-01-19,Fri,39600.0,39600.0,39400.0,38900.0,37000.0,36000.0,38100.0,37000.0,35500.0,35300.0,33800.0,0.0,2024-01-19,0,0,38100.0,0,35500.0,0,35300.0,0,33800.0,38900.0,34866.666666666664,4033.3333333333358,5100.0,3400.0,5600.0,0.0,0.00607661550657444,0.3,2,-0.010230268250814922,-0.0178348676360342,-0.0178348676360342,,,,,,,,,,,,,,,0.0,,,,,,,,,,,,,,,,,,,,0.0,0.0,2024-01-24,-0.0025740039951728773,-100.0,-1.0,2024-01-29,0.0025673955052457334,100.0,1.0,2024-02-03,0.015306421282675507,600.0,1.0,2024-02-19,0.015306421282675507,600.0,1.0,2024-03-04,0.007682496172016211,300.0,1.0,2024-03-19,-0.007741974153615397,-300.0,-1.0,,,,
2024-01-20,Sat,39600.0,39600.0,39400.0,38900.0,37000.0,36000.0,38100.0,37000.0,35500.0,35300.0,33800.0,0.0,2024-01-20,0,0,38100.0,0,35500.0,0,35300.0,0,33800.0,38900.0,34866.666666666664,4033.3333333333358,5100.0,3400.0,5600.0,0.0,0.005891497318496927,0.35,3,-0.010230268250814922,-0.015306421282675545,-0.015306421282675545,,,,,,,,,,,,,,,0.0,,,,,,,,,,,,,,,,,,,,0.0,0.0,2024-01-25,-0.0025740039951728773,-100.0,-1.0,2024-01-30,0.010230268250815043,400.0,1.0,2024-02-05,0.015306421282675507,600.0,1.0,2024-02-19,0.015306421282675507,600.0,1.0,2024-03-05,0.007682496172016211,300.0,1.0,,,,,,,,
2024-01-24,Wed,39500.0,39500.0,39300.0,38800.0,37000.0,36000.0,38000.0,37000.0,35500.0,35300.0,33800.0,-100.0,2024-01-24,0,0,38000.0,0,35500.0,0,35300.0,0,33800.0,38820.0,34866.666666666664,3953.3333333333358,5000.0,3320.0,5500.0,-0.002574003995171381,0.005712018576179974,0.4,0,-0.01280427224598774,-0.015345569674660421,-0.01788042527784841,,,,,,,,,,,,,,,0.0,,,,,,,,,,,,,,,,,,,,0.0,0.0,2024-01-29,0.005141399500418652,200.0,1.0,2024-02-03,0.017880425277848364,700.0,1.0,2024-02-08,0.01534556967466032,600.0,1.0,2024-02-23,0.017880425277848364,700.0,1.0,2024-03-09,0.010256500167189061,400.0,1.0,,,,,,,,
2024-01-25,Thu,39500.0,39500.0,39300.0,38800.0,37000.0,36000.0,38000.0,37000.0,35300.0,35100.0,33600.0,0.0,2024-01-25,0,0,38000.0,0,35300.0,0,35100.0,0,33600.0,38820.0,34666.666666666664,4153.333333333336,5200.0,3520.0,5700.0,0.0,0.005573782973508842,0.35,1,-0.007702220362092351,-0.01280427224598774,-0.01788042527784841,,,,,,,,,,,,,,,0.0,,,,,,,,,,,,,,,,,,,,0.0,0.0,2024-01-30,0.01280427224598775,500.0,1.0,2024-02-05,0.017880425277848364,700.0,1.0,2024-02-09,0.01534556967466032,600.0,1.0,2024-02-24,0.01534556967466032,600.0,1.0,2024-03-12,0.007702220362092303,300.0,1.0,,,,,,,,
2024-01-27,Sat,39500.0,39500.0,39200.0,38700.0,37000.0,36000.0,38000.0,37000.0,35200.0,35000.0,33500.0,-100.0,2024-01-27,0,0,38000.0,0,35200.0,0,35000.0,0,33500.0,38780.0,34566.666666666664,4213.333333333336,5200.0,3580.0,5700.0,-0.0025806465934916645,0.005403983090057782,0.35,0,-0.0051546505886645375,-0.015384918839479456,-0.02298951822469872,,,,,,,,,,,,,,,0.0,,,,,,,,,,,,,,,,,,,,0.0,0.0,2024-02-01,0.020461071871340025,800.0,1.0,2024-02-06,0.017926216268152113,700.0,1.0,2024-02-12,0.017926216268152113,700.0,1.0,2024-02-26,0.017926216268152113,700.0,1.0,2024-03-12,0.010282866955584056,400.0,1.0,,,,,,,,
2024-01-29,Mon,39800.0,39800.0,39500.0,39000.0,37300.0,36300.0,38300.0,37300.0,35500.0,35300.0,33800.0,300.0,2024-01-29,0,0,38300.0,0,35500.0,0,35300.0,0,33800.0,39080.0,34866.666666666664,4213.333333333336,5200.0,3580.0,5700.0,0.007722046093910251,0.005277351177797687,0.35,0,0.0025673955052457334,-0.007662872745569137,-0.025317807984289897,,,,,,,,,,,,,,,0.0,,,,,,,,,,,,,,,,,,,,0.0,0.0,2024-02-03,0.012739025777429712,500.0,1.0,2024-02-08,0.010204170174241668,400.0,1.0,2024-02-13,0.005115100666770409,200.0,1.0,2024-02-28,0.0,0.0,0.0,2024-03-14,-0.0025673955052458097,-100.0,-1.0,,,,,,,,
2024-01-30,Tue,40100.0,40100.0,39800.0,39300.0,37600.0,36600.0,38600.0,37600.0,35700.0,35500.0,34000.0,300.0,2024-01-30,0,0,38600.0,0,35700.0,0,35500.0,0,34000.0,39380.0,35066.666666666664,4313.333333333336,5300.0,3680.0,5800.0,0.0076628727455680945,0.005455016872491133,0.35,0,0.010230268250815043,0.0,-0.01515180502060222,-0.05446890836143703,,,,,,,,,,,,,,0.0,,,,,,,,,,,,,,,,,,,,0.0,0.0,2024-02-05,0.005076153031860568,200.0,1.0,2024-02-09,0.002541297428672548,100.0,1.0,2024-02-14,-0.0025477720787986644,-100.0,-1.0,2024-02-29,-0.0025477720787986644,-100.0,-1.0,2024-03-15,-0.017972242404430367,-700.0,-1.0,,,,,,,,
2024-01-31,Wed,40300.0,40300.0,40000.0,39500.0,37900.0,36900.0,38800.0,37800.0,36000.0,35800.0,34300.0,200.0,2024-01-31,0,0,38800.0,0,36000.0,0,35800.0,0,34300.0,39600.0,35366.666666666664,4233.333333333336,5200.0,3600.0,5700.0,0.005076153031861708,0.005612036498215188,0.35,0,0.017880425277848364,0.005076153031860568,-0.0050505157860685915,-0.05179949536014146,,,,,,,,,,,,,,0.0,,,,,,,,,,,,,,,,,,,,0.0,0.0,2024-02-05,0.0,0.0,0.0,2024-02-10,-0.0025348556031880663,-100.0,-1.0,2024-02-15,0.0,0.0,0.0,2024-03-01,-0.007623925110659371,-300.0,-1.0,2024-03-16,-0.023048395436291017,-900.0,-1.0,,,,,,,,
2024-02-01,Thu,40300.0,40300.0,40000.0,39500.0,37900.0,36900.0,38800.0,37800.0,35700.0,35500.0,34000.0,0.0,2024-02-01,0,0,38800.0,0,35700.0,0,35500.0,0,34000.0,39600.0,35066.666666666664,4533.333333333336,5500.0,3900.0,6000.0,0.0,0.0055813346265955206,0.35,1,0.017880425277848364,0.010178204915756052,-0.012578782206860073,-0.015075662405447273,,,,,,,,,,,,,,0.0,,,,,,,,,,,,,,,,,,,,0.0,0.0,2024-02-06,-0.0025348556031880663,-100.0,-1.0,2024-02-12,-0.0025348556031880663,-100.0,-1.0,2024-02-16,-0.0025348556031880663,-100.0,-1.0,2024-03-02,-0.007623925110659371,-300.0,-1.0,2024-03-18,-0.023048395436291017,-900.0,-1.0,,,,,,,,
2024-02-02,Fri,40300.0,40300.0,40000.0,39500.0,37900.0,36900.0,38800.0,37800.0,35500.0,35300.0,33800.0,0.0,2024-02-02,0,0,38800.0,0,35500.0,0,35300.0,0,33800.0,39600.0,34866.666666666664,4733.333333333336,5700.0,4100.0,6200.0,0.0,0.005411304689369478,0.4,2,0.020461071871340025,0.015306421282675507,-0.010075651988741587,-0.012578782206860073,,,,,,,,,,,,,,0.0,,,,,,,,,,,,,,,,,,,,0.0,0.0,2024-02-07,-0.0025348556031880663,-100.0,-1.0,2024-02-12,-0.0025348556031880663,-100.0,-1.0,2024-02-17,0.0,0.0,0.0,2024-03-04,-0.007623925110659371,-300.0,-1.0,2024-03-18,-0.023048395436291017,-900.0,-1.0,,,,,,,,
2024-02-03,Sat,40300.0,40300.0,40000.0,39500.0,37900.0,36900.0,38800.0,37800.0,35500.0,35300.0,33800.0,0.0,2024-02-03,0,0,38800.0,0,35500.0,0,35300.0,0,33800.0,39600.0,34866.666666666664,4733.333333333336,5700.0,4100.0,6200.0,0.0,0.0052464545489997886,0.45,3,0.012739025777429712,0.015306421282675507,-0.0025284463533586377,-0.0025284463533586377,,,,,,,,,,,,,,0.0,,,,,,,,,,,,,,,,,,,,0.0,0.0,2024-02-08,-0.0025348556031880663,-100.0,-1.0,2024-02-13,-0.007623925110659371,-300.0,-1.0,2024-02-19,0.0,0.0,0.0,2024-03-04,-0.007623925110659371,-300.0,-1.0,2024-03-19,-0.023048395436291017,-900.0,-1.0,,,,,,,,
2024-02-05,Mon,40300.0,40300.0,40000.0,39500.0,37900.0,36900.0,38800.0,37800.0,35500.0,35300.0,33800.0,0.0,2024-02-05,0,0,38800.0,0,35500.0,0,35300.0,0,33800.0,39600.0,34866.666666666664,4733.333333333336,5700.0,4100.0,6200.0,0.0,0.005086626408007309,0.5,5,0.005076153031860568,0.015306421282675507,0.0,0.0,,,,,,,,,,,,,,0.0,,,,,,,,,,,,,,,,,,,,0.0,0.0,2024-02-10,-0.0025348556031880663,-100.0,-1.0,2024-02-15,0.0,0.0,0.0,2024-02-20,0.0050505157860685716,200.0,1.0,2024-03-06,-0.007623925110659371,-300.0,-1.0,,,,,,,,,,,,
2024-02-06,Tue,40200.0,40200.0,39900.0,39400.0,37800.0,36800.0,38700.0,37700.0,35500.0,35300.0,33800.0,-100.0,2024-02-06,0,0,38700.0,0,35500.0,0,35300.0,0,33800.0,39500.0,34866.666666666664,4633.333333333336,5600.0,4000.0,6100.0,-0.0025348556031890013,0.004931667276059801,0.55,0,-0.0025348556031880663,0.01534556967466032,0.0,-0.0025348556031880663,,,,,,,,,,,,,,0.0,,,,,,,,,,,,,,,,,,,,0.0,0.0,2024-02-12,0.0,0.0,0.0,2024-02-16,0.0,0.0,0.0,2024-02-21,0.007585371389256564,300.0,1.0,2024-03-07,-0.005089069507471293,-200.0,-1.0,,,,,,,,,,,,
2024-02-07,Wed,40200.0,40200.0,39900.0,39400.0,37800.0,36800.0,38700.0,37700.0,35300.0,35100.0,33600.0,0.0,2024-02-07,0,0,38700.0,0,35300.0,0,35100.0,0,33600.0,39500.0,34666.666666666664,4833.333333333336,5800.0,4200.0,6300.0,0.0,0.004821575590011492,0.55,1,-0.0025348556031880663,0.01534556967466032,0.002541297428672548,-0.0025348556031880663,,,,,,,,,,,,,,0.0,,,,,,,,,,,,,,,,,,,,0.0,0.0,2024-02-12,0.0,0.0,0.0,2024-02-17,0.0025348556031881157,100.0,1.0,2024-02-22,0.0025348556031881157,100.0,1.0,2024-03-08,-0.005089069507471293,-200.0,-1.0,,,,,,,,,,,,
2024-02-08,Thu,40200.0,40200.0,39900.0,39400.0,37800.0,36800.0,38700.0,37500.0,35300.0,35100.0,33600.0,0.0,2024-02-08,0,0,38700.0,0,35300.0,0,35100.0,0,33600.0,39500.0,34666.666666666664,4833.333333333336,5800.0,4200.0,6300.0,0.0,0.0046746909737417925,0.6,2,-0.0025348556031880663,0.017926216268152113,0.002541297428672548,-0.005063301956546762,,,,,,,,,,,,,,0.0,,,,,,,,,,,,,,,,,,,,0.0,0.0,2024-02-13,-0.005089069507471293,-200.0,-1.0,2024-02-19,0.0025348556031881157,100.0,1.0,2024-02-23,0.0025348556031881157,100.0,1.0,2024-03-09,-0.005089069507471293,-200.0,-1.0,,,,,,,,,,,,
2024-02-09,Fri,40200.0,40200.0,39900.0,39400.0,37800.0,36800.0,38900.0,37700.0,35300.0,35100.0,33600.0,0.0,2024-02-09,0,0,38900.0,0,35300.0,0,35100.0,0,33600.0,39500.0,34666.666666666664,4833.333333333336,5800.0,4200.0,6300.0,0.0,0.004532281054610802,0.6,3,-0.0025348556031880663,0.010204170174241668,0.002541297428672548,-0.015113637810048184,,,,,,,,,,,,,,0.0,,,,,,,,,,,,,,,,,,,,0.0,0.0,2024-02-14,-0.005089069507471293,-200.0,-1.0,2024-02-19,0.0025348556031881157,100.0,1.0,2024-02-24,0.0,0.0,0.0,2024-03-12,-0.007643349312568012,-300.0,-1.0,,,,,,,,,,,,
2024-02-10,Sat,40200.0,40200.0,39900.0,39400.0,37800.0,36800.0,38900.0,37700.0,35300.0,35100.0,33600.0,0.0,2024-02-10,0,0,38900.0,0,35300.0,0,35100.0,0,33600.0,39500.0,34666.666666666664,4833.333333333336,5800.0,4200.0,6300.0,0.0,0.004394209515317284,0.6,4,-0.0025348556031880663,0.002541297428672548,0.002541297428672548,-0.012610507591929696,,,,,,,,,,,,,,0.0,,,,,,,,,,,,,,,,,,,,0.0,0.0,2024-02-15,0.0025348556031881157,100.0,1.0,2024-02-20,0.007585371389256564,300.0,1.0,2024-02-26,0.0,0.0,0.0,2024-03-12,-0.007643349312568012,-300.0,-1.0,,,,,,,,,,,,
2024-02-12,Mon,40200.0,40200.0,39900.0,39400.0,37800.0,36800.0,38700.0,37500.0,35200.0,35000.0,33700.0,0.0,2024-02-12,0,0,38700.0,0,35200.0,0,35000.0,0,33700.0,39500.0,34633.333333333336,4866.666666666664,5700.0,4300.0,6200.0,0.0,0.0042603441913341535,0.6,6,0.0,-0.0025348556031880663,0.002541297428672548,-0.007585371389256612,,,,,,,,,,,,,,0.0,,,,,,,,,,,,,,,,,,,,0.0,0.0,2024-02-17,0.0025348556031881157,100.0,1.0,2024-02-22,0.0025348556031881157,100.0,1.0,2024-02-27,-0.005089069507471293,-200.0,-1.0,2024-03-13,-0.012771565679487505,-500.0,-1.0,,,,,,,,,,,,
2024-02-13,Tue,40000.0,40000.0,39700.0,39200.0,37600.0,36600.0,38500.0,37300.0,35000.0,34800.0,33500.0,-200.0,2024-02-13,0,0,38500.0,0,35000.0,0,34800.0,0,33500.0,39300.0,34433.333333333336,4866.666666666664,5700.0,4300.0,6200.0,-0.005089069507471677,0.004130556944398247,0.6,0,-0.005089069507471293,-0.007623925110659371,0.0025542798050967007,-0.020202707317519466,,,,,,,,,,,,,,0.0,,,,,,,,,,,,,,,,,,,,0.0,0.0,2024-02-19,0.007623925110659366,300.0,1.0,2024-02-23,0.007623925110659366,300.0,1.0,2024-02-28,-0.005115100666770377,-200.0,-1.0,2024-03-14,-0.007682496172016282,-300.0,-1.0,,,,,,,,,,,,
2024-02-14,Wed,40000.0,40000.0,39700.0,39200.0,37600.0,36600.0,38500.0,37300.0,35200.0,35000.0,33700.0,0.0,2024-02-14,0,0,38500.0,0,35200.0,0,35000.0,0,33700.0,39300.0,34633.333333333336,4666.666666666664,5500.0,4100.0,6000.0,0.0,0.004194249436761513,0.6,1,-0.005089069507471293,-0.007623925110659371,0.007682496172016211,-0.017699577099400975,,,,,,,,,,,,,,0.0,,,,,,,,,,,,,,,,,,,,0.0,0.0,2024-02-19,0.007623925110659366,300.0,1.0,2024-02-24,0.005089069507471228,200.0,1.0,2024-02-29,0.0,0.0,0.0,2024-03-15,-0.015424470325631639,-600.0,-1.0,,,,,,,,,,,,
2024-02-15,Thu,40300.0,40300.0,40000.0,39500.0,38000.0,37000.0,38900.0,37600.0,35400.0,35200.0,33900.0,300.0,2024-02-15,0,0,38900.0,0,35400.0,0,35200.0,0,33900.0,39620.0,34833.333333333336,4786.666666666664,5600.0,4220.0,6100.0,0.007623925110660679,0.004066475702313714,0.65,0,0.0025348556031881157,0.0,0.015306421282675507,-0.0025284463533586377,,,,,,,,,,,,,,0.0,,,,,,,,,,,,,,,,,,,,0.0,0.0,2024-02-20,0.0050505157860685716,200.0,1.0,2024-02-26,-0.0025348556031880663,-100.0,-1.0,2024-03-01,-0.007623925110659371,-300.0,-1.0,2024-03-16,-0.023048395436291017,-900.0,-1.0,,,,,,,,,,,,
2024-02-16,Fri,40300.0,40300.0,40000.0,39400.0,37900.0,38900.0,38800.0,37500.0,35400.0,35200.0,33900.0,-100.0,2024-02-16,0,0,38800.0,0,35400.0,0,35200.0,0,33900.0,39580.0,34833.333333333336,4746.666666666664,5500.0,4180.0,6100.0,-0.0025348556031890013,0.0043625113415136346,0.6,0,0.0,-0.0025348556031880663,0.01277156567948754,-0.0025348556031880663,,,,,,,,,,,,,,0.0,,,,,,,,,,,,,,,,,,,,0.0,0.0,2024-02-21,0.007585371389256564,300.0,1.0,2024-02-26,0.0,0.0,0.0,2024-03-02,-0.005089069507471293,-200.0,-1.0,2024-03-18,-0.020513539833102903,-800.0,-1.0,,,,,,,,,,,,
2024-02-17,Sat,40300.0,40300.0,40000.0,39500.0,38000.0,37000.0,38900.0,37600.0,35500.0,35300.0,34000.0,100.0,2024-02-17,0,0,38900.0,0,35500.0,0,35300.0,0,34000.0,39620.0,34933.333333333336,4686.666666666664,5500.0,4120.0,6000.0,0.0025348556031890013,0.0042749437970909165,0.55,0,0.0025348556031881157,0.0025348556031881157,0.017880425277848364,0.0025348556031881157,,,,,,,,,,,,,,0.0,,,,,,,,,,,,,,,,,,,,0.0,0.0,2024-02-22,0.0,0.0,0.0,2024-02-27,-0.007623925110659371,-300.0,-1.0,2024-03-04,-0.007623925110659371,-300.0,-1.0,2024-03-18,-0.023048395436291017,-900.0,-1.0,,,,,,,,,,,,
2024-02-19,Mon,40300.0,40300.0,40000.0,39500.0,38000.0,37000.0,38900.0,37500.0,35500.0,35300.0,34000.0,0.0,2024-02-19,0,0,38900.0,0,35500.0,0,35300.0,0,34000.0,39620.0,34933.333333333336,4686.666666666664,5500.0,4120.0,6000.0,0.0,0.004190962344847548,0.55,2,0.007623925110659366,0.0025348556031881157,0.017880425277848364,0.005076153031860568,,,,,,,,,,,,,,0.0,,,,,,,,,,,,,,,,,,,,0.0,0.0,2024-02-24,-0.0025348556031880663,-100.0,-1.0,2024-02-29,-0.007623925110659371,-300.0,-1.0,2024-03-05,-0.007623925110659371,-300.0,-1.0,,,,,,,,,,,,,,,,
2024-02-20,Tue,40500.0,40500.0,40200.0,39700.0,38200.0,37200.0,39100.0,37700.0,35700.0,35500.0,,200.0,2024-02-20,0,0,39100.0,0,35700.0,0,35500.0,1,34000.0,39820.0,35066.666666666664,4753.333333333336,5700.0,4120.0,6200.0,0.005050515786068743,0.004063288748461553,0.55,0,0.01267444089672786,0.007585371389256564,0.02551158765740851,0.010126668817929268,,,,,,,,,,,,,,0.0,,,,,,,,,,,,,,,,,,,,0.0,0.0,2024-02-26,-0.007585371389256612,-300.0,-1.0,2024-03-01,-0.012674440896727824,-500.0,-1.0,2024-03-06,-0.012674440896727824,-500.0,-1.0,,,,,,,,,,,,,,,,
2024-02-21,Wed,40500.0,40500.0,40200.0,39700.0,38200.0,37200.0,39100.0,37700.0,35500.0,35300.0,34000.0,0.0,2024-02-21,0,0,39100.0,0,35500.0,0,35300.0,0,34000.0,39820.0,34933.333333333336,4886.666666666664,5700.0,4320.0,6200.0,0.0,0.0041291838307941165,0.55,1,0.0050505157860685716,0.007585371389256564,0.01778954156349824,0.010126668817929268,,,,,,,,,,,,,,0.0,,,,,,,,,,,,,,,,,,,,0.0,0.0,2024-02-26,-0.007585371389256612,-300.0,-1.0,2024-03-02,-0.012674440896727824,-500.0,-1.0,2024-03-07,-0.012674440896727824,-500.0,-1.0,,,,,,,,,,,,,,,,
2024-02-22,Thu,40300.0,40300.0,40000.0,39500.0,38000.0,37000.0,38900.0,37500.0,35300.0,35100.0,33800.0,-200.0,2024-02-22,0,0,38900.0,0,35300.0,0,35100.0,0,33800.0,39620.0,34733.333333333336,4886.666666666664,5700.0,4320.0,6200.0,-0.005050515786068743,0.004003392256821967,0.6,0,0.0025348556031881157,0.0025348556031881157,0.005076153031860568,0.005076153031860568,,,,,,,,,,,,,,0.0,,,,,,,,,,,,,,,,,,,,0.0,0.0,2024-02-27,-0.007623925110659371,-300.0,-1.0,2024-03-04,-0.007623925110659371,-300.0,-1.0,2024-03-08,-0.007623925110659371,-300.0,-1.0,,,,,,,,,,,,,,,,
2024-02-23,Fri,40300.0,40300.0,40000.0,39500.0,38000.0,37000.0,38900.0,37600.0,35200.0,35000.0,33700.0,0.0,2024-02-23,0,0,38900.0,0,35200.0,0,35000.0,0,33700.0,39620.0,34633.333333333336,4986.666666666664,5800.0,4420.0,6300.0,0.0,0.0040738167816659265,0.6,1,0.0,0.0025348556031881157,0.0,0.005076153031860568,,,,,,,,,,,,,,0.0,,,,,,,,,,,,,,,,,,,,0.0,0.0,2024-02-28,-0.012739025777429714,-500.0,-1.0,2024-03-04,-0.007623925110659371,-300.0,-1.0,2024-03-09,-0.007623925110659371,-300.0,-1.0,,,,,,,,,,,,,,,,
2024-02-24,Sat,40300.0,40300.0,40000.0,39400.0,37900.0,36900.0,38900.0,37600.0,35200.0,35000.0,33700.0,-100.0,2024-02-24,0,0,38900.0,0,35200.0,0,35000.0,0,33700.0,39580.0,34633.333333333336,4946.666666666664,5700.0,4380.0,6300.0,-0.0025348556031890013,0.003949711911057306,0.65,0,-0.0025348556031880663,0.005089069507471228,-0.0025348556031880663,0.007643349312568066,,,,,,,,,,,,,,0.0,,,,,,,,,,,,,,,,,,,,0.0,0.0,2024-02-29,-0.005089069507471293,-200.0,-1.0,2024-03-05,-0.005089069507471293,-200.0,-1.0,2024-03-12,-0.007643349312568012,-300.0,-1.0,,,,,,,,,,,,,,,,
2024-02-26,Mon,40300.0,40300.0,40000.0,39400.0,37900.0,36800.0,38900.0,37400.0,35200.0,35000.0,33700.0,0.0,2024-02-26,0,0,38900.0,0,35200.0,0,35000.0,0,33700.0,39580.0,34633.333333333336,4946.666666666664,5700.0,4380.0,6300.0,0.0,0.0038793994774021655,0.6,2,-0.007585371389256612,0.005089069507471228,-0.0025348556031880663,0.01277156567948754,,,,,,,,,,,,,,0.0,,,,,,,,,,,,,,,,,,,,0.0,0.0,2024-03-02,-0.005089069507471293,-200.0,-1.0,2024-03-07,-0.005089069507471293,-200.0,-1.0,2024-03-12,-0.007643349312568012,-300.0,-1.0,,,,,,,,,,,,,,,,
2024-02-27,Tue,40100.0,40100.0,39800.0,39200.0,37700.0,36700.0,38600.0,37100.0,35000.0,34800.0,33500.0,-200.0,2024-02-27,0,0,38600.0,0,35000.0,0,34800.0,0,33500.0,39380.0,34433.333333333336,4946.666666666664,5700.0,4380.0,6300.0,-0.005089069507471677,0.0037612173410947825,0.6,0,-0.012674440896727824,-0.007623925110659371,-0.007623925110659371,0.007682496172016211,,,,,,,,,,,,,,0.0,,,,,,,,,,,,,,,,,,,,0.0,0.0,2024-03-04,0.0,0.0,0.0,2024-03-08,0.0,0.0,0.0,2024-03-13,-0.007682496172016282,-300.0,-1.0,,,,,,,,,,,,,,,,
2024-02-28,Wed,39900.0,39900.0,39600.0,39000.0,37500.0,36300.0,38400.0,36700.0,35000.0,34800.0,33500.0,-200.0,2024-02-28,0,0,38400.0,0,35000.0,0,34800.0,0,33500.0,39180.0,34433.333333333336,4746.666666666664,5500.0,4180.0,6100.0,-0.0051151006667691234,0.0038538121698971865,0.55,0,-0.012739025777429714,-0.010204170174241736,-0.012739025777429714,0.0025673955052457334,,,,,,,,,,,,,,0.0,,,,,,,,,,,,,,,,,,,,0.0,0.0,2024-03-04,0.005115100666770409,200.0,1.0,2024-03-09,0.005115100666770409,200.0,1.0,2024-03-14,-0.0025673955052458097,-100.0,-1.0,,,,,,,,,,,,,,,,
2024-02-29,Thu,40100.0,40100.0,39800.0,39200.0,37700.0,36600.0,38700.0,37000.0,35100.0,34900.0,33600.0,200.0,2024-02-29,0,0,38700.0,0,35100.0,0,34900.0,0,33600.0,39380.0,34533.333333333336,4846.666666666664,5600.0,4280.0,6200.0,0.0051151006667691234,0.003940889675729037,0.5,0,-0.007623925110659371,-0.007623925110659371,-0.005089069507471293,0.010256500167189061,,,,,,,,,,,,,,0.0,,,,,,,,,,,,,,,,,,,,0.0,0.0,2024-03-05,0.0,0.0,0.0,2024-03-12,-0.0025542798050967423,-100.0,-1.0,2024-03-15,-0.015424470325631639,-600.0,-1.0,,,,,,,,,,,,,,,,
2024-03-01,Fri,40100.0,40100.0,39800.0,39200.0,37700.0,36700.0,38700.0,37000.0,35200.0,35000.0,33700.0,0.0,2024-03-01,0,0,38700.0,0,35200.0,0,35000.0,0,33700.0,39380.0,34633.333333333336,4746.666666666664,5500.0,4180.0,6100.0,0.0,0.004021023506517037,0.5,1,-0.005089069507471293,-0.007623925110659371,-0.005089069507471293,0.010256500167189061,,,,,,,,,,,,,,0.0,,,,,,,,,,,,,,,,,,,,0.0,0.0,2024-03-06,0.0,0.0,0.0,2024-03-12,-0.0025542798050967423,-100.0,-1.0,2024-03-16,-0.015424470325631639,-600.0,-1.0,,,,,,,,,,,,,,,,
2024-03-02,Sat,40100.0,40100.0,39800.0,39200.0,37600.0,36600.0,38600.0,36700.0,35100.0,34900.0,33600.0,0.0,2024-03-02,0,0,38600.0,0,35100.0,0,34900.0,0,33600.0,39360.0,34533.333333333336,4826.666666666664,5600.0,4260.0,6200.0,0.0,0.0038985269317480436,0.5,2,-0.005089069507471293,-0.012674440896727824,-0.005089069507471293,0.012837146760680682,,,,,,,,,,,,,,0.0,,,,,,,,,,,,,,,,,,,,0.0,0.0,2024-03-07,0.0,0.0,0.0,2024-03-12,-0.0025542798050967423,-100.0,-1.0,2024-03-18,-0.015424470325631639,-600.0,-1.0,,,,,,,,,,,,,,,,
2024-03-04,Mon,40100.0,40100.0,39800.0,39200.0,37500.0,36500.0,38500.0,36600.0,35100.0,34900.0,33600.0,0.0,2024-03-04,0,0,38500.0,0,35100.0,0,34900.0,0,33600.0,39340.0,34533.333333333336,4806.666666666664,5600.0,4240.0,6200.0,0.0,0.003779762096126015,0.5,4,0.0,-0.012674440896727824,-0.005089069507471293,0.005115100666770409,,,,,,,,,,,,,,0.0,,,,,,,,,,,,,,,,,,,,0.0,0.0,2024-03-09,0.0,0.0,0.0,2024-03-14,-0.007682496172016282,-300.0,-1.0,2024-03-19,-0.015424470325631639,-600.0,-1.0,,,,,,,,,,,,,,,,
2024-03-05,Tue,40100.0,40100.0,39800.0,39200.0,37500.0,36500.0,38500.0,36600.0,35200.0,35000.0,33700.0,0.0,2024-03-05,0,0,38500.0,0,35200.0,0,35000.0,0,33700.0,39340.0,34633.333333333336,4706.666666666664,5500.0,4140.0,6100.0,0.0,0.0036646153158431606,0.5,5,0.005115100666770409,-0.007623925110659371,-0.005089069507471293,-0.0025477720787986644,-0.057016680440235806,0.7118784240692613,,0.5791082278334304,0.3748825029277903,,0.13489815189531904,0.793786341873574,,0.6744907594765952,0.6478946224969503,,0.40469445568595713,0.0,,,,,,,,,,,,,,,,,,,,0.0,0.0,2024-03-12,-0.0025542798050967423,-100.0,-1.0,2024-03-15,-0.015424470325631639,-600.0,-1.0,,,,,,,,,,,,,,,,,,,,
2024-03-06,Wed,40100.0,40100.0,39800.0,39200.0,37500.0,36500.0,38500.0,36500.0,35200.0,35000.0,33700.0,0.0,2024-03-06,0,0,38500.0,0,35200.0,0,35000.0,0,33700.0,39340.0,34633.333333333336,4706.666666666664,5500.0,4140.0,6100.0,0.0,0.0035529763703584538,0.5,6,0.0,-0.007623925110659371,-0.005089069507471293,-0.007623925110659371,-0.059423420470800764,0.6891872209649025,,0.41983608498032277,0.35813526713410637,,0.0,0.7687433816492107,,0.5518560759353961,0.6258196293425801,,0.26979630379063807,0.0,,,,,,,,,,,,,,,,,,,,0.0,0.0,2024-03-12,-0.0025542798050967423,-100.0,-1.0,2024-03-16,-0.015424470325631639,-600.0,-1.0,,,,,,,,,,,,,,,,,,,,
2024-03-07,Thu,40100.0,40100.0,39800.0,39200.0,37500.0,36500.0,38500.0,36500.0,35200.0,35000.0,33700.0,0.0,2024-03-07,0,0,38500.0,0,35200.0,0,35000.0,0,33700.0,39340.0,34633.333333333336,4706.666666666664,5500.0,4140.0,6100.0,0.0,0.003444738396892571,0.5,7,0.0,-0.005089069507471293,0.0,-0.007623925110659371,-0.022699587516106692,0.6843730259971921,,0.41983608498032277,0.36530398501932687,,0.0,0.7598366242368434,,0.5518560759353961,0.6258196293425801,,0.26979630379063807,0.0,,,,,,,,,,,,,,,,,,,,0.0,0.0,2024-03-12,-0.0025542798050967423,-100.0,-1.0,2024-03-18,-0.015424470325631639,-600.0,-1.0,,,,,,,,,,,,,,,,,,,,
2024-03-08,Fri,40100.0,40100.0,39800.0,39200.0,37500.0,36500.0,38500.0,36500.0,35200.0,35000.0,33700.0,0.0,2024-03-08,0,0,38500.0,0,35200.0,0,35000.0,0,33700.0,39340.0,34633.333333333336,4706.666666666664,5500.0,4140.0,6100.0,0.0,0.003339797788136946,0.55,8,0.0,-0.005089069507471293,0.0,-0.007623925110659371,-0.020202707317519466,0.6593964116354362,,0.2712625880503613,0.34442843342304214,,0.0,0.7333646930980771,,0.36615212657300883,0.601596107712827,,0.3372453797382976,0.0,,,,,,,,,,,,,,,,,,,,0.0,0.0,2024-03-13,-0.007682496172016282,-300.0,-1.0,2024-03-18,-0.015424470325631639,-600.0,-1.0,,,,,,,,,,,,,,,,,,,,
2024-03-09,Sat,40100.0,40100.0,39800.0,39200.0,37500.0,36500.0,38500.0,36500.0,35200.0,35000.0,33700.0,0.0,2024-03-09,0,0,38500.0,0,35200.0,0,35000.0,0,33700.0,39340.0,34633.333333333336,4706.666666666664,5500.0,4140.0,6100.0,0.0,0.0032380540930790165,0.55,9,0.0,0.0,-0.007623925110659371,-0.007623925110659371,-0.010152371464017962,0.6347026867404506,,0.133329568733741,0.3233953921401254,,0.0,0.7073166096092445,,0.18970052610279242,0.5775460807160947,,0.3372453797382976,0.0,,,,,,,,,,,,,,,,,,,,0.0,0.0,2024-03-14,-0.007682496172016282,-300.0,-1.0,2024-03-19,-0.015424470325631639,-600.0,-1.0,,,,,,,,,,,,,,,,,,,,
2024-03-12,Tue,40000.0,40000.0,39700.0,39100.0,37400.0,36400.0,38400.0,36400.0,35000.0,34800.0,33500.0,-100.0,2024-03-12,0,0,38400.0,0,35000.0,0,34800.0,0,33500.0,39240.0,34433.333333333336,4806.666666666664,5600.0,4240.0,6200.0,-0.002554279805096371,0.0031394099208487294,0.6,0,-0.0025542798050967423,0.0025608208616736505,-0.007643349312568012,-0.010178204915756153,-0.010178204915756153,0.8970446541395821,,0.36534916138315576,0.6730730840683324,,0.3372453797382976,0.9508208788350239,,0.34973594935823454,0.9084682810195347,,0.6744907594765952,0.0,,,,,,,,,,,,,,,,,,,,0.0,0.0,2024-03-18,-0.012870190520534907,-500.0,-1.0,,,,,,,,,,,,,,,,,,,,,2024-06-14,0.1203373154614802,5000.0,1.0
2024-03-13,Wed,39700.0,39700.0,39400.0,38900.0,37100.0,36100.0,38100.0,36100.0,34500.0,34300.0,33000.0,-200.0,2024-03-13,0,0,38100.0,0,34500.0,0,34300.0,0,33000.0,38960.0,33933.333333333336,5026.666666666664,5900.0,4460.0,6400.0,-0.005128216366919958,0.0031074107696632916,0.6,0,-0.007682496172016282,-0.007682496172016282,-0.015306421282675545,-0.012771565679487505,-0.015306421282675545,1.529100922816486,,1.1096460881711856,1.837952207546473,,1.3489815189531904,1.5381989560281877,,1.011736139214893,1.6328788025877028,,0.9442870632672333,0.0,,,,,,,,,,,,,,,,,,,,0.0,0.0,2024-03-18,-0.007741974153615397,-300.0,-1.0,,,,,,,,,,,,,,,,,,,,,2024-06-14,0.1254655318283997,5200.0,1.0
2024-03-14,Thu,39700.0,39700.0,39400.0,38900.0,37100.0,36100.0,38100.0,36100.0,34700.0,34500.0,33200.0,0.0,2024-03-14,0,0,38100.0,0,34700.0,0,34500.0,0,33200.0,38960.0,34133.333333333336,4826.666666666664,5700.0,4260.0,6200.0,0.0,0.0032641320096299708,0.6,1,-0.007682496172016282,-0.007682496172016282,-0.015306421282675545,-0.012771565679487505,-0.015306421282675545,0.8932377462615037,,0.42427644547721804,1.002866021214222,,0.6744907594765952,0.9412914645722652,,0.4496605063177302,0.8490130422344964,,0.3372453797382976,0.0,,,,,,,,,,,,,,,,,,,,0.0,0.0,2024-03-19,-0.007741974153615397,-300.0,-1.0,,,,,,,,,,,,,,,,,,,,,2024-06-14,0.1254655318283997,5200.0,1.0
2024-03-15,Fri,39500.0,39500.0,39200.0,38600.0,36800.0,35800.0,37800.0,35800.0,34700.0,34500.0,33200.0,-300.0,2024-03-15,0,0,37800.0,0,34700.0,0,34500.0,0,33200.0,38720.0,34133.333333333336,4586.666666666664,5400.0,4020.0,6000.0,-0.007741974153613995,0.003164693399006218,0.6,0,-0.015424470325631639,-0.015424470325631639,-0.02809891122235953,-0.020513539833102903,-0.025576841789649737,0.12170222962629412,,-0.44966050631773014,-0.27011496758229847,,-0.3372453797382976,0.22188126412574594,,-0.2890674683471122,0.039228341877632876,,-0.3372453797382976,0.0,,,,,,,,,,,,,,,,,,,,0.0,0.0,,,,,,,,,,,,,,,,,,,,,,,,,2024-06-14,0.1332075059820152,5500.0,1.0
2024-03-16,Sat,39500.0,39500.0,39200.0,38600.0,36600.0,35600.0,37700.0,35600.0,34700.0,34500.0,33200.0,0.0,2024-03-16,0,0,37700.0,0,34700.0,0,34500.0,0,33200.0,38680.0,34133.333333333336,4546.666666666664,5400.0,3980.0,6000.0,0.0,0.0036070288436390895,0.6,1,-0.015424470325631639,-0.015424470325631639,-0.02809891122235953,-0.020513539833102903,-0.03562717764315116,-0.02951365774424394,,-0.6108595557523965,-0.29661305795141896,,-0.3372453797382976,0.08020204090885479,,-0.41754189872360653,0.013348122498027635,,-0.3372453797382976,0.0,,,,,,,,,,,,,,,,,,,,0.0,0.0,,,,,,,,,,,,,,,,,,,,,,,,,2024-06-14,0.1332075059820152,5500.0,1.0
2024-03-18,Mon,39700.0,39700.0,39400.0,38600.0,36800.0,35800.0,37900.0,35800.0,35000.0,34800.0,33500.0,0.0,2024-03-18,0,0,37900.0,0,35000.0,0,34800.0,0,33500.0,38840.0,34433.333333333336,4406.666666666664,5100.0,3840.0,5900.0,0.0,0.0034971442140857858,0.6,3,-0.012870190520534907,-0.015424470325631639,-0.023048395436291017,-0.020513539833102903,-0.03312404742503265,-0.49821096240514556,,-1.214083367057889,-1.5987286010878954,,-1.3489815189531904,-0.3566309419308901,,-0.9105625252934035,-0.41216152430760405,,-0.8993210126354603,0.0,,,,,,,,,,,,,,,,,,,,0.0,0.0,,,,,,,,,,,,,,,,,,,,,,,,,,,,
2024-03-19,Tue,39700.0,39700.0,39400.0,38600.0,36800.0,35800.0,37900.0,35700.0,34800.0,34600.0,33600.0,0.0,2024-03-19,0,0,37900.0,0,34800.0,0,34600.0,0,33600.0,38840.0,34333.333333333336,4506.666666666664,5000.0,4040.0,5800.0,0.0,0.003390607113020744,0.65,4,-0.007741974153615397,-0.015424470325631639,-0.023048395436291017,-0.020513539833102903,-0.02809891122235953,-0.19254130799580726,,-0.809388911371926,-1.999875362188845,,-1.6862268986914881,0.2256732427457177,,-0.23607176581680833,-0.8406575668182098,,-1.3489815189531904,0.0,,,,,,,,,,,,,,,,,,,,0.0,0.0,,,,,,,,,,,,,,,,,,,,,,,,,,,,
2024-06-14,Fri,44800.0,44700.0,44600.0,44100.0,42600.0,41600.0,43100.0,42100.0,39200.0,39000.0,38000.0,5500.0,2024-06-14,1,0,43100.0,0,39200.0,0,39000.0,0,38000.0,44160.0,38733.333333333336,5426.666666666664,6100.0,4960.0,6600.0,0.13320750598201414,0.003287315561240638,0.65,0,0.1254655318283997,0.11778303565638346,0.11269396614891225,0.11778303565638346,0.09758032833886404,2.804826872567525,,2.913800080938934,2.619856216982969,,2.023472278429786,3.0075348465386247,,3.0174586608163474,2.451061039333191,,2.2483025315886507,1.0,,,,,,,,,,,,,,,,,,,,0.0,0.0,,,,,,,,,,,,,,,,,,,,,,,,,,,,
2024-09-18,Wed,40000.0,40000.0,40000.0,39500.0,38000.0,37000.0,38900.0,37900.0,34300.0,34100.0,32800.0,-4600.0,2024-09-18,2,0,38900.0,0,34300.0,0,34100.0,0,32800.0,39500.0,33733.333333333336,5766.666666666664,6700.0,5200.0,7200.0,-0.11015911054572314,0.032784332172245405,0.65,0,0.02304839543629109,0.007623925110659366,0.0025348556031881157,0.007623925110659366,-0.010075651988741587,3.668615136569123,,4.289761230271208,4.8302361598014985,,4.046944556859572,3.463649304155921,,4.046944556859571,4.704199575304011,,4.946265569495032,1.0,,,,,,,,,,,,,,,,,,,,0.0,0.0,2024-09-24,0.02005079704556122,800.0,1.0,2024-09-28,0.03238140950303978,1300.0,1.0,2024-10-03,0.0372713947972316,1500.0,1.0,2024-10-18,0.025001302205417186,1000.0,1.0,2024-11-04,0.0,0.0,0.0,2024-11-18,0.0,0.0,0.0,2024-12-17,0.0,0.0,0.0
2024-09-20,Fri,40100.0,40100.0,40100.0,39600.0,38100.0,37100.0,39000.0,38000.0,34700.0,34500.0,33200.0,100.0,2024-09-20,2,0,39000.0,0,34700.0,0,34500.0,0,33200.0,39600.0,34133.333333333336,5466.666666666664,6400.0,4900.0,6900.0,0.002528446353357694,0.041694429699838914,0.6,0,0.025576841789649776,0.010152371464017908,0.010152371464017908,0.0025284463533586906,0.0,2.438040087213776,,3.075677863213319,3.046908461380194,,3.0352084176446783,2.3434488532516715,,2.9227932910652457,2.9644122997904874,,3.597284050541841,1.0,,,,,,,,,,,,,,,,,,,,0.0,0.0,2024-09-26,0.02985296314968113,1200.0,1.0,2024-09-30,0.02985296314968113,1200.0,1.0,2024-10-05,0.03474294844387284,1400.0,1.0,2024-10-21,0.022472855852058576,900.0,1.0,2024-11-04,-0.0025284463533586377,-100.0,-1.0,2024-11-19,-0.0025284463533586377,-100.0,-1.0,2024-12-19,-0.0025284463533586377,-100.0,-1.0
2024-09-21,Sat,40400.0,40400.0,40400.0,39900.0,38400.0,37400.0,39400.0,38400.0,35200.0,35000.0,33700.0,300.0,2024-09-21,2,0,39400.0,0,35200.0,0,35000.0,0,33700.0,39900.0,34633.333333333336,5266.666666666664,6200.0,4700.0,6700.0,0.007547205635383136,0.04042899358595053,0.6,0,0.0331240474250325,0.020253856904497596,0.022814677766171264,0.012610507591929733,0.01007565198874164,1.74843894827089,,2.266288951841393,2.163572033117671,,2.3607176581680833,1.7026306165521847,,2.2615278405979957,2.0890133775395827,,2.697963037906381,1.0,,,,,,,,,,,,,,,,,,,,0.0,0.0,2024-09-26,0.022305757514298186,900.0,1.0,2024-10-01,0.027195742808490082,1100.0,1.0,2024-10-07,0.034486176071169404,1400.0,1.0,2024-10-21,0.014925650216675792,600.0,1.0,2024-11-05,-0.010075651988741587,-400.0,-1.0,2024-11-20,-0.010075651988741587,-400.0,-1.0,2024-12-20,-0.010075651988741587,-400.0,-1.0
2024-09-24,Tue,40800.0,40800.0,40800.0,40300.0,38800.0,37800.0,39800.0,38800.0,35700.0,35500.0,34200.0,400.0,2024-09-24,2,0,39800.0,0,35700.0,0,35500.0,0,34200.0,40300.0,35133.333333333336,5166.666666666664,6100.0,4600.0,6600.0,0.009975145056818846,0.039240934364571704,0.6,0,0.04309919248185206,0.0353572183282366,0.0276747221562205,0.02005079704556122,0.02258565264874907,1.398661247774313,,1.8076352353972918,1.7358903728598667,,2.023472278429786,1.3741955853301906,,1.9391609334952113,1.660380087404192,,1.6862268986914881,1.0,,,,,,,,,,,,,,,,,,,,0.0,0.0,2024-09-30,0.012330612457478725,500.0,1.0,2024-10-04,0.024511031014349784,1000.0,1.0,2024-10-09,0.019656652549551592,800.0,1.0,2024-10-24,-0.022585652648749153,-900.0,-1.0,2024-11-08,-0.009975145056819509,-400.0,-1.0,2024-11-23,-0.020050797045561078,-800.0,-1.0,2024-12-23,-0.020050797045561078,-800.0,-1.0
2024-09-26,Thu,41300.0,41300.0,41300.0,40800.0,39300.0,38300.0,40300.0,39300.0,36700.0,36500.0,35200.0,500.0,2024-09-26,2,0,40300.0,0,36700.0,0,36500.0,0,35200.0,40800.0,36133.333333333336,4666.666666666664,5600.0,4100.0,6100.0,0.012330612457478907,0.03812387814940424,0.6,0,-0.07777770104268426,0.04768783078571534,0.040005334613699206,0.03238140950303978,0.037457562534900415,-0.008439622600877876,,-0.29325685194637635,0.13718384073547163,,0.3372453797382976,0.05421846875275731,,-0.1686226898691488,0.020945031074595766,,0.0,1.0,,,,,,,,,,,,,,,,,,,,0.0,0.0,2024-10-01,0.00488998529419177,200.0,1.0,2024-10-07,0.012180418556871013,500.0,1.0,2024-10-11,-0.007380107297622534,-300.0,-1.0,2024-10-26,-0.03238140950303983,-1300.0,-1.0,2024-11-11,-0.007380107297622534,-300.0,-1.0,2024-11-25,-0.03238140950303983,-1300.0,-1.0,2024-12-25,-0.03238140950303983,-1300.0,-1.0
2024-09-27,Fri,41300.0,41300.0,41300.0,40800.0,39300.0,38300.0,40300.0,39300.0,36700.0,36500.0,35200.0,0.0,2024-09-27,2,0,40300.0,0,36700.0,0,36500.0,0,35200.0,40800.0,36133.333333333336,4666.666666666664,5600.0,4100.0,6100.0,0.0,0.037085670012232175,0.55,1,0.03238140950303978,0.05542980493933082,0.040005334613699206,0.027330893716971266,0.037457562534900415,-0.026488312422580408,,-0.2997736708785086,0.12256540622585986,,0.22483025315886507,0.035111481909244756,,-0.1686226898691488,0.005275009579404711,,0.0,1.0,,,,,,,,,,,,,,,,,,,,0.0,0.0,2024-10-03,0.00488998529419177,200.0,1.0,2024-10-07,0.012180418556871013,500.0,1.0,2024-10-14,-0.007380107297622534,-300.0,-1.0,2024-10-28,-0.03238140950303983,-1300.0,-1.0,2024-11-11,-0.007380107297622534,-300.0,-1.0,2024-11-26,-0.03238140950303983,-1300.0,-1.0,2024-12-26,-0.03238140950303983,-1300.0,-1.0
2024-09-28,Sat,41300.0,41300.0,41300.0,40800.0,39300.0,38300.0,40300.0,39300.0,36700.0,36500.0,35200.0,0.0,2024-09-28,2,0,40300.0,0,36700.0,0,36500.0,0,35200.0,40800.0,36133.333333333336,4666.666666666664,5600.0,4100.0,6100.0,0.0,0.03595589110341734,0.55,2,0.02985296314968113,0.05542980493933082,0.040005334613699206,0.027330893716971266,0.037457562534900415,-0.04492553020967363,,-0.3211860759412592,0.10782540080815205,,0.0,0.015592472185911881,,-0.17986420252709207,-0.010632018294063744,,0.0,1.0,,,,,,,,,,,,,,,,,,,,0.0,0.0,2024-10-03,0.00488998529419177,200.0,1.0,2024-10-08,0.012180418556871013,500.0,1.0,2024-10-14,-0.007380107297622534,-300.0,-1.0,2024-10-28,-0.03238140950303983,-1300.0,-1.0,2024-11-12,-0.007380107297622534,-300.0,-1.0,2024-11-27,-0.03238140950303983,-1300.0,-1.0,2024-12-30,-0.03238140950303983,-1300.0,-1.0
2024-09-30,Mon,41300.0,41300.0,41300.0,40800.0,39300.0,38300.0,40300.0,39300.0,36700.0,36500.0,35000.0,0.0,2024-09-30,2,0,40300.0,0,36700.0,0,36500.0,0,35000.0,40800.0,36066.666666666664,4733.333333333336,5800.0,4100.0,6300.0,0.0,0.03486052981149824,0.55,4,0.022305757514298186,0.05542980493933082,0.040005334613699206,0.03238140950303978,0.037457562534900415,0.12211614442064195,,0.0,0.7126192731334627,,1.3489815189531904,-0.005266818912665322,,-0.1927116455647415,0.6163296413170332,,1.3489815189531904,1.0,,,,,,,,,,,,,,,,,,,,0.0,0.0,2024-10-05,0.00488998529419177,200.0,1.0,2024-10-10,0.0,0.0,0.0,2024-10-15,0.0,0.0,0.0,2024-10-30,-0.03238140950303983,-1300.0,-1.0,2024-11-14,-0.027330893716971304,-1100.0,-1.0,2024-11-29,-0.03238140950303983,-1300.0,-1.0,2024-12-30,-0.03238140950303983,-1300.0,-1.0
2024-10-01,Tue,41500.0,41500.0,41500.0,41000.0,39500.0,38500.0,40500.0,39500.0,37000.0,36800.0,35300.0,200.0,2024-10-01,2,0,40500.0,0,37000.0,0,36800.0,0,35300.0,41000.0,36366.666666666664,4633.333333333336,5700.0,4000.0,6200.0,0.0048899852941932664,0.03379853763721229,0.55,0,0.017220597751670556,0.06031979023352262,0.044895319907890946,0.0372713947972316,0.04234754782909236,-0.18421960769386422,,-0.5468843995756393,0.3777085924637202,,0.6744907594765952,-0.29502840863347035,,-0.7263746640517179,0.26944920593984,,0.6744907594765952,0.0,,,,,,,,,,,,,,,,,,,,0.0,0.0,2024-10-07,0.007290433262679274,300.0,1.0,2024-10-11,-0.01227009259181436,-500.0,-1.0,2024-10-16,-0.004889985294191792,-200.0,-1.0,2024-11-04,-0.037271394797231655,-1500.0,-1.0,2024-11-15,-0.032220879011163106,-1300.0,-1.0,2024-11-30,-0.037271394797231655,-1500.0,-1.0,2024-12-30,-0.037271394797231655,-1500.0,-1.0
2024-10-03,Thu,41500.0,41500.0,41500.0,41000.0,39500.0,38500.0,40500.0,39500.0,36700.0,36500.0,35000.0,0.0,2024-10-03,2,0,40500.0,0,36700.0,0,36500.0,0,35000.0,41000.0,36066.666666666664,4933.333333333336,6000.0,4300.0,6500.0,0.0,0.03279078216511247,0.5,2,0.00488998529419177,-0.07288771574849251,0.044895319907890946,0.039806250400419574,0.047449599712987775,0.6597536875731196,,1.2646701740186448,1.2952787532517671,,2.697963037906381,0.496951708637206,,0.8301424732019633,1.228403550719172,,2.697963037906381,0.0,,,,,,,,,,,,,,,,,,,,0.0,0.0,2024-10-08,0.007290433262679274,300.0,1.0,2024-10-14,-0.01227009259181436,-500.0,-1.0,2024-10-18,-0.01227009259181436,-500.0,-1.0,2024-11-04,-0.037271394797231655,-1500.0,-1.0,2024-11-18,-0.037271394797231655,-1500.0,-1.0,2024-12-02,-0.042347547829092294,-1700.0,-1.0,2025-01-01,-0.037271394797231655,-1500.0,-1.0
2024-10-04,Fri,41800.0,41800.0,41800.0,41300.0,39800.0,38800.0,40800.0,39800.0,37000.0,36800.0,35300.0,300.0,2024-10-04,2,0,40800.0,0,37000.0,0,36800.0,0,35300.0,41300.0,36366.666666666664,4933.333333333336,6000.0,4300.0,6500.0,0.00729043326267842,0.03179184284214847,0.5,0,0.012180418556871013,0.04456182805991091,0.05218575317057025,0.04709668366309903,0.05986824934258641,0.6349215685085717,,1.2646701740186448,1.2564216321465345,,2.697963037906381,0.47102289051140583,,0.8301424732019633,1.1952641646225342,,1.5738117721120555,0.0,,,,,,,,,,,,,,,,,,,,0.0,0.0,2024-10-09,-0.004854378464798199,-200.0,-1.0,2024-10-14,-0.019560525854493596,-800.0,-1.0,2024-10-19,-0.019560525854493596,-800.0,-1.0,2024-11-04,-0.0445618280599109,-1800.0,-1.0,2024-11-18,-0.0445618280599109,-1800.0,-1.0,2024-12-04,-0.0445618280599109,-1800.0,-1.0,2025-01-02,-0.0445618280599109,-1800.0,-1.0
2024-10-05,Sat,41600.0,41600.0,41600.0,41000.0,39600.0,38600.0,40600.0,39600.0,36800.0,36600.0,35100.0,-300.0,2024-10-05,2,0,40600.0,0,36800.0,0,36600.0,0,35100.0,41080.0,36166.666666666664,4913.333333333336,5900.0,4280.0,6500.0,-0.00729043326267842,0.030875022591916088,0.45,0,0.00488998529419177,0.03474294844387284,0.044895319907890946,0.044895319907890946,0.05257781607990718,0.549129686313957,,1.0960474841495074,0.9030493733344993,,2.023472278429786,0.38683639291272537,,0.7263746640517179,1.1644341330648469,,2.023472278429786,0.0,,,,,,,,,,,,,,,,,,,,0.0,0.0,2024-10-10,-0.004889985294191792,-200.0,-1.0,2024-10-15,-0.004889985294191792,-200.0,-1.0,2024-10-21,-0.01227009259181436,-500.0,-1.0,2024-11-04,-0.037271394797231655,-1500.0,-1.0,2024-11-19,-0.037271394797231655,-1500.0,-1.0,2024-12-04,-0.037271394797231655,-1500.0,-1.0,2025-01-03,-0.037271394797231655,-1500.0,-1.0
2024-10-07,Mon,41800.0,41800.0,41800.0,41300.0,39800.0,38800.0,40800.0,39800.0,37000.0,36800.0,35300.0,300.0,2024-10-07,2,0,40800.0,0,37000.0,0,36800.0,0,35300.0,41300.0,36366.666666666664,4933.333333333336,6000.0,4300.0,6500.0,0.00729043326267842,0.029987664528564127,0.4,0,0.012180418556871013,0.034486176071169404,0.05474003297566706,0.057300853837340654,0.05986824934258641,0.5879749257678015,,1.1109259567850567,1.1976650419491186,,2.697963037906381,0.4190252350121512,,0.7869058860560278,1.1359286008314393,,2.023472278429786,0.0,,,,,,,,,,,,,,,,,,,,0.0,0.0,2024-10-14,-0.019560525854493596,-800.0,-1.0,2024-10-17,-0.012180418556871072,-500.0,-1.0,2024-10-22,-0.031983045853050764,-1300.0,-1.0,2024-11-06,-0.036995587676595096,-1500.0,-1.0,2024-11-21,-0.0445618280599109,-1800.0,-1.0,2024-12-06,-0.0445618280599109,-1800.0,-1.0,2025-01-06,-0.0445618280599109,-1800.0,-1.0
2024-10-08,Tue,41800.0,41800.0,41800.0,41300.0,39800.0,38800.0,40800.0,39800.0,37000.0,36800.0,35300.0,0.0,2024-10-08,2,0,40800.0,0,37000.0,0,36800.0,0,35300.0,41300.0,36366.666666666664,4933.333333333336,6000.0,4300.0,6500.0,0.0,0.029128910852870813,0.4,1,0.007290433262679274,0.024511031014349784,0.05986824934258641,0.05218575317057025,0.06244225333775931,0.5645718413200748,,1.1109259567850567,1.165281095081884,,2.697963037906381,0.39149124433156496,,0.7358081012471948,1.1098313626319034,,2.023472278429786,0.0,,,,,,,,,,,,,,,,,,,,0.0,0.0,2024-10-14,-0.019560525854493596,-800.0,-1.0,2024-10-18,-0.019560525854493596,-800.0,-1.0,2024-10-23,-0.0395113122738423,-1600.0,-1.0,2024-11-07,-0.036995587676595096,-1500.0,-1.0,2024-11-22,-0.0395113122738423,-1600.0,-1.0,2024-12-07,-0.0445618280599109,-1800.0,-1.0,2025-01-06,-0.0445618280599109,-1800.0,-1.0
2024-10-09,Wed,41600.0,41600.0,41600.0,41100.0,39600.0,38600.0,40600.0,39600.0,36700.0,36500.0,35000.0,-200.0,2024-10-09,2,0,40600.0,0,36700.0,0,36500.0,0,35000.0,41100.0,36066.666666666664,5033.333333333336,6100.0,4400.0,6600.0,-0.00485437846479897,0.02824152688198755,0.45,0,0.002436054797881121,0.007326040092072881,0.05501387087778821,0.047331374705772145,0.05758787487296118,0.8993370912335751,,1.6380489873003508,1.478689871677063,,2.023472278429786,0.7004710971114376,,1.3489815189531904,1.4614193807168612,,2.697963037906381,0.0,,,,,,,,,,,,,,,,,,,,0.0,0.0,2024-10-14,-0.014706147389695449,-600.0,-1.0,2024-10-19,-0.014706147389695449,-600.0,-1.0,2024-10-24,-0.04224230519830074,-1700.0,-1.0,2024-11-08,-0.029631797606371114,-1200.0,-1.0,2024-11-23,-0.03970744959511269,-1600.0,-1.0,2024-12-09,-0.03970744959511269,-1600.0,-1.0,2025-01-07,-0.03970744959511269,-1600.0,-1.0
2024-10-10,Thu,41300.0,41300.0,41300.0,40800.0,39300.0,38300.0,40300.0,39300.0,36200.0,36000.0,34500.0,-300.0,2024-10-10,2,0,40300.0,0,36200.0,0,36000.0,0,34500.0,40800.0,35566.666666666664,5233.333333333336,6300.0,4600.0,6800.0,-0.0073260400920727164,0.027406982862132674,0.4,0,-0.012180418556871072,0.0,0.05542980493933082,0.040005334613699206,0.05284248137437998,1.617761446055888,,3.024329534427259,2.1067731294036225,,2.023472278429786,1.3830537584782534,,2.7654121138540404,2.162798199102397,,4.046944556859572,0.0,,,,,,,,,,,,,,,,,,,,0.0,0.0,2024-10-15,0.0,0.0,0.0,2024-10-21,-0.007380107297622534,-300.0,-1.0,2024-10-25,-0.03238140950303983,-1300.0,-1.0,2024-11-09,-0.014815085785140587,-600.0,-1.0,2024-11-25,-0.03238140950303983,-1300.0,-1.0,2024-12-09,-0.03238140950303983,-1300.0,-1.0,2025-01-08,-0.03238140950303983,-1300.0,-1.0
2024-10-11,Fri,41000.0,41000.0,41000.0,40500.0,39000.0,38000.0,40000.0,39000.0,35700.0,35500.0,34000.0,-300.0,2024-10-11,2,0,40000.0,0,35700.0,0,35500.0,0,34000.0,40500.0,35066.666666666664,5433.333333333336,6500.0,4800.0,7000.0,-0.007380107297622729,0.0266325815277971,0.4,0,-0.01227009259181436,-0.007380107297622534,0.04804969764170824,0.03262522731607661,0.03774032798284711,2.337195832109345,,3.4818306772980576,2.6819949373616896,,2.697963037906381,2.083839388621914,,4.046944556859572,2.8159588036297496,,5.395926075812762,0.0,,,,,,,,,,,,,,,,,,,,0.0,0.0,2024-10-16,0.00738010729762246,300.0,1.0,2024-10-21,0.0,0.0,0.0,2024-10-26,-0.02500130220541727,-1000.0,-1.0,2024-11-11,0.0,0.0,0.0,2024-11-25,-0.02500130220541727,-1000.0,-1.0,2024-12-10,-0.02500130220541727,-1000.0,-1.0,2025-01-09,-0.02500130220541727,-1000.0,-1.0
2024-10-14,Mon,41000.0,41000.0,41000.0,40500.0,39000.0,38000.0,40000.0,39000.0,35900.0,35700.0,34200.0,0.0,2024-10-14,2,0,40000.0,0,35900.0,0,35700.0,0,34200.0,40500.0,35266.666666666664,5233.333333333336,6300.0,4600.0,6800.0,0.0,0.02588444888206313,0.35,3,-0.019560525854493596,-0.007380107297622534,0.04804969764170824,0.03262522731607661,0.030077455237277954,1.5080781416657156,,2.333373438189283,1.8793893781044053,,2.023472278429786,1.302384482793797,,2.697963037906381,1.9416282868848913,,4.046944556859572,0.0,,,,,,,,,,,,,,,,,,,,0.0,0.0,2024-10-19,0.0,0.0,0.0,2024-10-24,-0.02753615780860529,-1100.0,-1.0,2024-10-30,-0.02500130220541727,-1000.0,-1.0,2024-11-13,-0.00743497848751809,-300.0,-1.0,2024-11-28,-0.02500130220541727,-1000.0,-1.0,2024-12-13,-0.02500130220541727,-1000.0,-1.0,2025-01-13,-0.03007745523727795,-1200.0,-1.0
2024-10-15,Tue,41300.0,41300.0,41300.0,40800.0,39300.0,38300.0,40300.0,39300.0,36200.0,36000.0,34500.0,300.0,2024-10-15,2,0,40300.0,0,36200.0,0,36000.0,0,34500.0,40800.0,35566.666666666664,5233.333333333336,6300.0,4600.0,6800.0,0.007380107297622729,0.02509590429318001,0.35,0,-0.012180418556871072,-0.004889985294191792,0.05542980493933082,0.040005334613699206,0.03238140950303978,1.4721535582279528,,2.4088955695591965,1.801840105894257,,2.023472278429786,1.276487673300907,,2.697963037906381,1.8675777483666929,,4.046944556859572,0.0,,,,,,,,,,,,,,,,,,,,0.0,0.0,2024-10-21,-0.007380107297622534,-300.0,-1.0,2024-10-25,-0.03238140950303983,-1300.0,-1.0,2024-10-30,-0.03238140950303983,-1300.0,-1.0,2024-11-14,-0.027330893716971304,-1100.0,-1.0,2024-11-29,-0.03238140950303983,-1300.0,-1.0,2024-12-14,-0.03238140950303983,-1300.0,-1.0,2025-01-13,-0.03745756253490044,-1500.0,-1.0
2024-10-16,Wed,41300.0,41300.0,41300.0,40800.0,39300.0,38300.0,40300.0,39300.0,36200.0,36000.0,34500.0,0.0,2024-10-16,2,0,40300.0,0,36200.0,0,36000.0,0,34500.0,40800.0,35566.666666666664,5233.333333333336,6300.0,4600.0,6800.0,0.0,0.02439844475736864,0.3,1,-0.007326040092072898,-0.004889985294191792,-0.07777770104268426,0.040005334613699206,0.03238140950303978,1.4531456751034637,,2.285774240448489,1.7407285323764832,,2.023472278429786,1.2657363267975221,,2.391376329053383,1.8158626358184697,,4.046944556859572,0.0,,,,,,,,,,,,,,,,,,,,0.0,0.0,2024-10-21,-0.007380107297622534,-300.0,-1.0,2024-10-26,-0.03238140950303983,-1300.0,-1.0,2024-11-04,-0.03238140950303983,-1300.0,-1.0,2024-11-15,-0.027330893716971304,-1100.0,-1.0,2024-11-30,-0.03238140950303983,-1300.0,-1.0,2024-12-16,-0.03238140950303983,-1300.0,-1.0,2025-01-15,-0.03238140950303983,-1300.0,-1.0
2024-10-17,Thu,41300.0,41300.0,41300.0,40800.0,39300.0,,40300.0,39300.0,36200.0,36000.0,34500.0,0.0,2024-10-17,2,0,40300.0,0,36200.0,0,36000.0,0,34500.0,40800.0,35566.666666666664,5233.333333333336,6300.0,4600.0,6800.0,0.0,0.023655169840516195,0.35,2,0.0,-0.012180418556871072,0.03238140950303978,0.040005334613699206,0.03238140950303978,1.4037794069650067,,2.26703838601857,1.6663973708429896,,2.023472278429786,1.2272964420163244,,2.079679841719502,1.7377909719163793,,4.046944556859572,0.0,,,,,,,,,,,,,,,,,,,,0.0,0.0,2024-10-22,-0.019802627296179754,-800.0,-1.0,2024-10-28,-0.03238140950303983,-1300.0,-1.0,2024-11-04,-0.03238140950303983,-1300.0,-1.0,2024-11-16,-0.03238140950303983,-1300.0,-1.0,2024-12-02,-0.03745756253490044,-1500.0,-1.0,2024-12-16,-0.03238140950303983,-1300.0,-1.0,2025-01-15,-0.03238140950303983,-1300.0,-1.0
2024-10-18,Fri,41000.0,41000.0,41000.0,40500.0,39000.0,38000.0,40000.0,39000.0,36200.0,36000.0,34500.0,-300.0,2024-10-18,2,0,40000.0,0,36200.0,0,36000.0,0,34500.0,40500.0,35566.666666666664,4933.333333333336,6000.0,4300.0,6500.0,-0.007380107297622729,0.02293453807192652,0.4,0,0.0,-0.01227009259181436,0.022472855852058576,0.03262522731607661,0.025001302205417186,0.1906905243508585,,0.5324927048499232,0.6883576982130614,,1.011736139214893,0.014315200793188688,,0.31130342745073625,0.6380809181944697,,2.023472278429786,0.0,,,,,,,,,,,,,,,,,,,,0.0,0.0,2024-10-23,-0.019950786419348682,-800.0,-1.0,2024-10-28,-0.02500130220541727,-1000.0,-1.0,2024-11-04,-0.02500130220541727,-1000.0,-1.0,2024-11-18,-0.02500130220541727,-1000.0,-1.0,2024-12-02,-0.03007745523727795,-1200.0,-1.0,2024-12-17,-0.02500130220541727,-1000.0,-1.0,2025-01-16,-0.02500130220541727,-1000.0,-1.0
2024-10-19,Sat,41000.0,41000.0,41000.0,40500.0,39000.0,38000.0,40000.0,39000.0,36200.0,36000.0,34500.0,0.0,2024-10-19,2,0,40000.0,0,36200.0,0,36000.0,0,34500.0,40500.0,35566.666666666664,4933.333333333336,6000.0,4300.0,6500.0,0.0,0.022309222608637748,0.4,1,0.0,-0.019560525854493596,0.014925650216675792,0.03517950712117332,0.025001302205417186,0.17825319058786843,,0.5324927048499232,0.6708441767508854,,1.011736139214893,0.0013080219941328053,,0.25941952287561354,0.6197326999550565,,2.023472278429786,0.0,,,,,,,,,,,,,,,,,,,,0.0,0.0,2024-10-24,-0.02753615780860529,-1100.0,-1.0,2024-10-30,-0.02500130220541727,-1000.0,-1.0,2024-11-04,-0.02500130220541727,-1000.0,-1.0,2024-11-18,-0.02500130220541727,-1000.0,-1.0,2024-12-04,-0.02500130220541727,-1000.0,-1.0,2024-12-18,-0.02500130220541727,-1000.0,-1.0,2025-01-17,-0.02500130220541727,-1000.0,-1.0
2024-10-21,Mon,41000.0,41000.0,41000.0,40500.0,39000.0,38000.0,40000.0,39000.0,35900.0,35700.0,34200.0,0.0,2024-10-21,2,0,40000.0,0,35900.0,0,35700.0,0,34200.0,40500.0,35266.666666666664,5233.333333333336,6300.0,4600.0,6800.0,0.0,0.021629593814902037,0.45,3,-0.007380107297622534,-0.019560525854493596,0.004950505159856205,0.04030772348809281,0.02753615780860535,1.3344532604164454,,2.1299708193996927,1.5586093377414953,,2.023472278429786,1.1716614099902458,,1.9110571518503532,1.6232884228641176,,4.046944556859572,0.0,,,,,,,,,,,,,,,,,,,,0.0,0.0,2024-10-26,-0.02500130220541727,-1000.0,-1.0,2024-11-04,-0.02500130220541727,-1000.0,-1.0,2024-11-05,-0.02500130220541727,-1000.0,-1.0,2024-11-20,-0.02500130220541727,-1000.0,-1.0,2024-12-05,-0.02500130220541727,-1000.0,-1.0,2024-12-20,-0.02500130220541727,-1000.0,-1.0,2025-01-20,-0.02500130220541727,-1000.0,-1.0
2024-10-22,Tue,40500.0,40500.0,40500.0,40000.0,38600.0,37500.0,49500.0,38500.0,35300.0,35100.0,33600.0,-500.0,2024-10-22,2,0,49500.0,0,35300.0,0,35100.0,0,33600.0,40020.0,34666.666666666664,5353.333333333336,6400.0,4720.0,6900.0,-0.012422519998557036,0.020970669252119482,0.5,0,-0.019802627296179754,-0.027128667388252585,-0.019802627296179754,0.027885203489535642,0.015113637810048106,1.752837347398378,,2.5967894239848563,1.7941909775907414,,2.3607176581680833,1.607646871222486,,2.3347757058805216,1.892893235677633,,2.922793291065246,0.0,,,,,,,,,,,,,,,,,,,,0.0,0.0,2024-10-28,-0.012578782206860073,-500.0,-1.0,2024-11-04,-0.012578782206860073,-500.0,-1.0,2024-11-06,-0.005012541823544286,-200.0,-1.0,2024-11-21,-0.012578782206860073,-500.0,-1.0,2024-12-06,-0.012578782206860073,-500.0,-1.0,2024-12-21,-0.012578782206860073,-500.0,-1.0,2025-01-20,-0.012578782206860073,-500.0,-1.0
2024-10-23,Wed,40200.0,40200.0,40200.0,39700.0,38200.0,37200.0,39200.0,38200.0,35000.0,34800.0,33300.0,-300.0,2024-10-23,2,0,39200.0,0,35000.0,0,34800.0,0,33300.0,39700.0,34366.666666666664,5333.333333333336,6400.0,4700.0,6900.0,-0.007528266420790075,0.020558257974248574,0.5,0,-0.027330893716971304,-0.027330893716971304,-0.027330893716971304,0.02809891122235965,0.007585371389256564,1.6024116811222544,,2.143381746781202,1.719013709858674,,2.3607176581680833,1.4659310595599926,,2.0234722784297854,1.8065495460846044,,2.922793291065246,0.0,,,,,,,,,,,,,,,,,,,,0.0,0.0,2024-10-28,-0.0050505157860685915,-200.0,-1.0,2024-11-04,-0.0050505157860685915,-200.0,-1.0,2024-11-07,0.0025157245972473705,100.0,1.0,2024-11-22,0.0,0.0,0.0,2024-12-07,-0.0050505157860685915,-200.0,-1.0,2024-12-23,-0.0050505157860685915,-200.0,-1.0,2025-01-21,-0.0050505157860685915,-200.0,-1.0
2024-10-24,Thu,39900.0,39900.0,39900.0,39400.0,37900.0,36900.0,38900.0,37900.0,34700.0,34500.0,33000.0,-300.0,2024-10-24,2,0,38900.0,0,34700.0,0,34500.0,0,33000.0,39400.0,34066.666666666664,5333.333333333336,6400.0,4700.0,6900.0,-0.007585371389257745,0.02001709120720974,0.45,0,-0.02753615780860529,-0.02753615780860529,-0.034916265106227876,0.02051353983310303,0.0,1.5395832646382122,,1.96726471514009,1.649994024369718,,2.3607176581680833,1.4115161700710133,,1.8436080759026936,1.7280605414940193,,2.922793291065246,0.0,,,,,,,,,,,,,,,,,,,,0.0,0.0,2024-10-30,0.0025348556031881157,100.0,1.0,2024-11-04,0.0025348556031881157,100.0,1.0,2024-11-08,0.012610507591929733,500.0,1.0,2024-11-23,0.0025348556031881157,100.0,1.0,2024-12-09,0.0025348556031881157,100.0,1.0,2024-12-23,0.0025348556031881157,100.0,1.0,2025-01-22,0.0025348556031881157,100.0,1.0
2024-10-25,Fri,40000.0,40000.0,40000.0,39500.0,38000.0,37000.0,39000.0,38000.0,34900.0,34700.0,33200.0,100.0,2024-10-25,2,0,39000.0,0,34900.0,0,34700.0,0,33200.0,39500.0,34266.666666666664,5233.333333333336,6300.0,4600.0,6800.0,0.0025348556031890013,0.019496029737376443,0.4,0,-0.02500130220541727,-0.02500130220541727,-0.03238140950303983,0.02304839543629109,0.0025348556031881157,1.1174366827576725,,1.4151080639999347,1.3103844415722552,,2.023472278429786,0.9842718385353189,,1.2646701740186161,1.3466301100500009,,1.8548495885606369,0.0,,,,,,,,,,,,,,,,,,,,0.0,0.0,2024-10-30,0.0,0.0,0.0,2024-11-04,0.0,0.0,0.0,2024-11-09,0.017566323717899283,700.0,1.0,2024-11-25,0.0,0.0,0.0,2024-12-09,0.0,0.0,0.0,2024-12-25,0.0,0.0,0.0,2025-01-23,0.0,0.0,0.0
2024-10-26,Sat,40000.0,40000.0,40000.0,39500.0,38000.0,37000.0,39000.0,38000.0,34900.0,34700.0,33200.0,0.0,2024-10-26,2,0,39000.0,0,34900.0,0,34700.0,0,33200.0,39500.0,34266.666666666664,5233.333333333336,6300.0,4600.0,6800.0,0.0,0.018912297442806033,0.35,1,-0.02500130220541727,-0.03238140950303983,-0.037271394797231655,0.02304839543629109,0.0025348556031881157,1.0831424917496788,,1.2990192404734608,1.269441893187079,,2.023472278429786,0.953872073024936,,1.2646701740186161,1.3018514924393862,,1.4838796708485094,0.0,,,,,,,,,,,,,,,,,,,,0.0,0.0,2024-11-04,0.0,0.0,0.0,2024-11-05,0.0,0.0,0.0,2024-11-11,0.025001302205417186,1000.0,1.0,2024-11-25,0.0,0.0,0.0,2024-12-10,0.0,0.0,0.0,2024-12-25,0.0,0.0,0.0,2025-01-24,0.0,0.0,0.0
2024-10-28,Mon,40000.0,40000.0,40000.0,39500.0,38000.0,37000.0,39000.0,38000.0,34900.0,34700.0,33200.0,0.0,2024-10-28,2,0,39000.0,0,34900.0,0,34700.0,0,33200.0,39500.0,34266.666666666664,5233.333333333336,6300.0,4600.0,6800.0,0.0,0.01833615267419143,0.4,3,-0.012578782206860073,-0.03238140950303983,-0.037271394797231655,-0.11015911054572416,0.007623925110659366,1.0514744913781502,,1.1629151025458475,1.2273973402884477,,2.023472278429786,0.9284224304936036,,1.1902778108410503,1.256943014307652,,1.6862268986914881,0.0,,,,,,,,,,,,,,,,,,,,0.0,0.0,2024-11-04,0.0,0.0,0.0,2024-11-07,0.0075662403833158766,300.0,1.0,2024-11-12,0.025001302205417186,1000.0,1.0,2024-11-27,0.0,0.0,0.0,2024-12-12,0.0,0.0,0.0,2024-12-30,0.0,0.0,0.0,2025-01-27,0.0,0.0,0.0
2024-10-30,Wed,40000.0,40000.0,40000.0,39500.0,38000.0,37000.0,39000.0,38000.0,35200.0,35000.0,33500.0,0.0,2024-10-30,2,0,39000.0,0,35200.0,0,35000.0,0,33500.0,39500.0,34566.666666666664,4933.333333333336,6000.0,4300.0,6500.0,0.0,0.017777559596237672,0.4,5,-0.0050505157860685915,-0.03238140950303983,-0.0445618280599109,0.0,0.007623925110659366,-0.04130993623462925,,0.03113034274507293,0.38988051193229295,,1.011736139214893,-0.20287055622991057,,0.0,0.3185027771848869,,0.6744907594765952,0.0,,,,,,,,,,,,,,,,,,,,0.0,0.0,2024-11-04,0.0,0.0,0.0,2024-11-09,0.017566323717899283,700.0,1.0,2024-11-14,0.0050505157860685716,200.0,1.0,2024-11-29,0.0,0.0,0.0,2024-12-14,0.0,0.0,0.0,2024-12-30,0.0,0.0,0.0,2025-01-28,0.0,0.0,0.0
2024-11-04,Mon,40000.0,40000.0,40000.0,39500.0,38000.0,37000.0,39000.0,38000.0,35200.0,35000.0,33500.0,0.0,2024-11-04,2,0,39000.0,0,35200.0,0,35000.0,0,33500.0,39500.0,34566.666666666664,4933.333333333336,6000.0,4300.0,6500.0,0.0,0.017235983513739943,0.45,10,0.0025348556031881157,-0.02500130220541727,-0.037271394797231655,-0.0025284463533586377,0.0,-0.0575290198716764,,0.0,0.37011861967448006,,0.6744907594765952,-0.21673747464332113,,0.0,0.2969478741517579,,0.6744907594765952,0.0,,,,,,,,,,,,,,,,,,,,0.0,0.0,2024-11-09,0.017566323717899283,700.0,1.0,2024-11-14,0.0050505157860685716,200.0,1.0,2024-11-19,0.0,0.0,0.0,2024-12-04,0.0,0.0,0.0,2024-12-19,0.0,0.0,0.0,2025-01-03,0.0,0.0,0.0,2025-02-03,0.0,0.0,0.0
2024-11-05,Tue,40000.0,40000.0,40000.0,39500.0,38000.0,37000.0,39000.0,38000.0,35200.0,35000.0,33500.0,0.0,2024-11-05,2,0,39000.0,0,35200.0,0,35000.0,0,33500.0,39500.0,34566.666666666664,4933.333333333336,6000.0,4300.0,6500.0,0.0,0.01671090602046341,0.5,11,0.0,-0.02500130220541727,-0.0445618280599109,-0.010075651988741587,0.0025348556031881157,-0.06644879366992557,,0.0,0.3533981851124234,,0.44966050631773014,-0.22210344431580153,,0.0,0.27863050057100763,,0.6744907594765952,0.0,,,,,,,,,,,,,,,,,,,,0.0,0.0,2024-11-11,0.025001302205417186,1000.0,1.0,2024-11-15,0.0050505157860685716,200.0,1.0,2024-11-20,0.0,0.0,0.0,2024-12-05,0.0,0.0,0.0,2024-12-20,0.0,0.0,0.0,2025-01-04,0.0,0.0,0.0,2025-02-03,0.0,0.0,0.0
2024-11-06,Wed,40300.0,40300.0,40300.0,39800.0,38300.0,37300.0,39300.0,38300.0,35700.0,35500.0,34000.0,300.0,2024-11-06,2,0,39300.0,0,35700.0,0,35500.0,0,34000.0,39800.0,35066.666666666664,4733.333333333336,5800.0,4100.0,6300.0,0.007566240383315659,0.016201824502915546,0.55,0,0.0075662403833158766,-0.017435061822101423,-0.036995587676595096,-0.012484556662245284,0.0075662403833158766,-0.7974836140697237,,-0.5951389054205125,-0.20733259632332085,,-0.13489815189531904,-0.9773584085657057,,-0.7935185405607003,-0.35202559590168514,,-0.13489815189531904,0.0,,,,,,,,,,,,,,,,,,,,0.0,0.0,2024-11-11,0.017435061822101347,700.0,1.0,2024-11-16,-0.007566240383315813,-300.0,-1.0,2024-11-21,-0.007566240383315813,-300.0,-1.0,2024-12-06,-0.007566240383315813,-300.0,-1.0,2024-12-21,-0.007566240383315813,-300.0,-1.0,2025-01-06,-0.007566240383315813,-300.0,-1.0,2025-02-04,-0.007566240383315813,-300.0,-1.0
2024-11-07,Thu,40300.0,40300.0,40300.0,39800.0,38300.0,37300.0,39300.0,38300.0,35700.0,35500.0,34000.0,0.0,2024-11-07,2,0,39300.0,0,35700.0,0,35500.0,0,34000.0,39800.0,35066.666666666664,4733.333333333336,5800.0,4100.0,6300.0,0.0,0.015817207395813115,0.5,1,0.0075662403833158766,-0.005012541823544286,-0.03214120921179686,-0.02481516911972402,0.0075662403833158766,-0.8022998696802934,,-0.5951389054205125,-0.22276081886996943,,-0.13489815189531904,-0.974954446809497,,-0.7935185405607003,-0.37210420376762676,,-0.13489815189531904,0.0,,,,,,,,,,,,,,,,,,,,0.0,0.0,2024-11-12,0.017435061822101347,700.0,1.0,2024-11-18,-0.007566240383315813,-300.0,-1.0,2024-11-22,-0.002515724597247247,-100.0,-1.0,2024-12-07,-0.007566240383315813,-300.0,-1.0,2024-12-23,-0.007566240383315813,-300.0,-1.0,2025-01-06,-0.007566240383315813,-300.0,-1.0,2025-02-05,-0.007566240383315813,-300.0,-1.0
2024-11-08,Fri,40400.0,40400.0,40400.0,39900.0,38400.0,37400.0,39400.0,38400.0,36200.0,36000.0,34500.0,100.0,2024-11-08,2,0,39400.0,0,36200.0,0,36000.0,0,34500.0,39900.0,35566.666666666664,4333.333333333336,5400.0,3700.0,5900.0,0.0025094116054251714,0.015335351538651964,0.55,0,0.01007565198874164,0.0050251362026729795,-0.022305757514298277,-0.022305757514298277,0.0050251362026729795,-2.2535173145883536,,-1.7854167162615375,-1.339391264866886,,-1.2140833670578715,-2.4630710805566536,,-2.3805556216821007,-1.650088471314349,,-1.2140833670578715,0.0,,,,,,,,,,,,,,,,,,,,0.0,0.0,2024-11-13,0.007490671729157659,300.0,1.0,2024-11-18,-0.010075651988741587,-400.0,-1.0,2024-11-23,-0.010075651988741587,-400.0,-1.0,2024-12-09,-0.010075651988741587,-400.0,-1.0,2024-12-23,-0.010075651988741587,-400.0,-1.0,2025-01-07,-0.010075651988741587,-400.0,-1.0,2025-02-06,-0.010075651988741587,-400.0,-1.0
2024-11-09,Sat,40700.0,40700.0,40700.0,40200.0,38700.0,37700.0,39700.0,38700.0,36700.0,36500.0,35000.0,300.0,2024-11-09,2,0,39700.0,0,36700.0,0,36500.0,0,35000.0,40200.0,36066.666666666664,4133.333333333336,5200.0,3500.0,5700.0,0.007490671729158294,0.014880875485048572,0.55,0,0.017566323717899283,0.020101179321087303,-0.00743497848751809,-0.014815085785140587,0.012515807931830599,-2.8448921163198038,,-2.38055562168205,-1.8523762469725937,,-1.7536759746391475,-3.050184641462747,,-2.9977367087848674,-2.221788925549998,,-1.7536759746391475,0.0,,,,,,,,,,,,,,,,,,,,0.0,0.0,2024-11-14,-0.012515807931830646,-500.0,-1.0,2024-11-19,-0.01756632371789917,-700.0,-1.0,2024-11-25,-0.01756632371789917,-700.0,-1.0,2024-12-09,-0.01756632371789917,-700.0,-1.0,2024-12-25,-0.01756632371789917,-700.0,-1.0,2025-01-08,-0.01756632371789917,-700.0,-1.0,2025-02-10,-0.030305349495328922,-1200.0,-1.0
2024-11-11,Mon,41000.0,41000.0,41000.0,40500.0,39000.0,38000.0,40000.0,39000.0,37200.0,37000.0,35500.0,300.0,2024-11-11,2,0,40000.0,0,37200.0,0,37000.0,0,35500.0,40500.0,36566.666666666664,3933.3333333333358,5000.0,3300.0,5500.0,0.00743497848751673,0.01454374909253694,0.55,0,0.025001302205417186,0.025001302205417186,0.0,-0.007380107297622534,0.025001302205417186,-3.2844374048180756,,-2.9756945271025623,-2.312164768999645,,-2.2932685822204237,-3.4573778786207234,,-3.3724537973829762,-2.7130962440493627,,-2.2932685822204237,0.0,,,,,,,,,,,,,,,,,,,,0.0,0.0,2024-11-16,-0.02500130220541727,-1000.0,-1.0,2024-11-21,-0.02500130220541727,-1000.0,-1.0,2024-11-26,-0.02500130220541727,-1000.0,-1.0,2024-12-11,-0.02500130220541727,-1000.0,-1.0,2024-12-26,-0.02500130220541727,-1000.0,-1.0,2025-01-10,-0.03007745523727795,-1200.0,-1.0,2025-02-10,-0.037740327982847086,-1500.0,-1.0
2024-11-12,Tue,41000.0,41000.0,41000.0,40500.0,39000.0,38000.0,40000.0,39000.0,37000.0,36800.0,35300.0,0.0,2024-11-12,2,0,40000.0,0,37000.0,0,36800.0,0,35300.0,40500.0,36366.666666666664,4133.333333333336,5200.0,3500.0,5700.0,0.0,0.01421781044019293,0.5,1,0.017435061822101347,0.025001302205417186,-0.007380107297622534,-0.01227009259181436,0.025001302205417186,-2.373571155485005,,-2.38055562168205,-1.6809260688313123,,-1.461396645532623,-2.4985621650050045,,-2.697963037906381,-1.971231261971072,,-1.7536759746391475,0.0,,,,,,,,,,,,,,,,,,,,0.0,0.0,2024-11-18,-0.02500130220541727,-1000.0,-1.0,2024-11-22,-0.019950786419348682,-800.0,-1.0,2024-11-27,-0.02500130220541727,-1000.0,-1.0,2024-12-12,-0.02500130220541727,-1000.0,-1.0,2024-12-30,-0.02500130220541727,-1000.0,-1.0,2025-01-11,-0.03262522731607661,-1300.0,-1.0,2025-02-10,-0.037740327982847086,-1500.0,-1.0
2024-11-13,Wed,40700.0,40700.0,40700.0,40200.0,38700.0,37700.0,39700.0,38700.0,36700.0,36500.0,35000.0,-300.0,2024-11-13,2,0,39700.0,0,36700.0,0,36500.0,0,35000.0,40200.0,36066.666666666664,4133.333333333336,5200.0,3500.0,5700.0,-0.00743497848751673,0.01378467865749737,0.55,0,0.010000083334583399,0.017566323717899283,-0.014815085785140587,-0.019705071079332444,0.020101179321087303,-2.2293993340907985,,-2.3460548155707657,-1.6180775254091808,,-1.2526256961708198,-2.3356377769199543,,-2.697963037906381,-1.8839834075461066,,-1.7536759746391475,0.0,,,,,,,,,,,,,,,,,,,,0.0,0.0,2024-11-18,-0.01756632371789917,-700.0,-1.0,2024-11-23,-0.01756632371789917,-700.0,-1.0,2024-11-28,-0.01756632371789917,-700.0,-1.0,2024-12-13,-0.01756632371789917,-700.0,-1.0,2024-12-30,-0.01756632371789917,-700.0,-1.0,2025-01-13,-0.022642476749759777,-900.0,-1.0,2025-02-12,-0.030305349495328922,-1200.0,-1.0
2024-11-14,Thu,40200.0,40200.0,40200.0,39700.0,38200.0,37200.0,39200.0,38200.0,36200.0,36000.0,34500.0,-500.0,2024-11-14,2,0,39200.0,0,36200.0,0,36000.0,0,34500.0,39700.0,35566.666666666664,4133.333333333336,5200.0,3500.0,5700.0,-0.01251580793183038,0.01348825630152489,0.5,0,-0.005025136202673043,0.0050505157860685716,-0.027330893716971304,-0.0395113122738423,0.007585371389256564,-2.1052456802828963,,-2.1583704303251046,-1.5652098377599621,,-1.2526256961708198,-2.196628949691351,,-2.697963037906381,-1.8047480622763854,,-1.7536759746391475,0.0,,,,,,,,,,,,,,,,,,,,0.0,0.0,2024-11-19,-0.0050505157860685915,-200.0,-1.0,2024-11-25,-0.0050505157860685915,-200.0,-1.0,2024-11-29,-0.0050505157860685915,-200.0,-1.0,2024-12-14,-0.0050505157860685915,-200.0,-1.0,2024-12-30,-0.0050505157860685915,-200.0,-1.0,2025-01-13,-0.01012666881792916,-400.0,-1.0,2025-02-12,-0.0177895415634983,-700.0,-1.0
2024-11-15,Fri,40200.0,40200.0,40200.0,39700.0,38200.0,37200.0,39200.0,38200.0,36000.0,35800.0,34300.0,0.0,2024-11-15,2,0,39200.0,0,36000.0,0,35800.0,0,34300.0,39700.0,35366.666666666664,4333.333333333336,5400.0,3700.0,5900.0,0.0,0.013431894931969817,0.45,1,-0.012515807931830646,0.0050505157860685716,-0.019950786419348682,-0.032220879011163106,0.01267444089672786,-1.4610713961425397,,-1.5504527847708454,-1.038266300210623,,-0.8672024050413367,-1.5423845702630143,,-2.0944713057431117,-1.215183607003908,,-1.2140833670578715,0.0,,,,,,,,,,,,,,,,,,,,0.0,0.0,2024-11-20,-0.0050505157860685915,-200.0,-1.0,2024-11-25,-0.0050505157860685915,-200.0,-1.0,2024-11-30,-0.0050505157860685915,-200.0,-1.0,2024-12-16,-0.0050505157860685915,-200.0,-1.0,2024-12-30,-0.0050505157860685915,-200.0,-1.0,2025-01-15,-0.0050505157860685915,-200.0,-1.0,2025-02-13,-0.0177895415634983,-700.0,-1.0
2024-11-16,Sat,40000.0,40000.0,40000.0,39500.0,38000.0,37000.0,39000.0,38000.0,36000.0,35800.0,34300.0,-200.0,2024-11-16,2,0,39000.0,0,36000.0,0,35800.0,0,34300.0,39500.0,35366.666666666664,4133.333333333336,5200.0,3500.0,5700.0,-0.005050515786068743,0.01302270530172851,0.5,0,-0.02500130220541727,0.0,-0.02500130220541727,-0.0445618280599109,0.012739025777429712,-1.9350373100199953,,-2.1896511611993743,-1.4915398890868605,,-1.2526256961708198,-2.0073209030575283,,-2.505251392341639,-1.69468750217243,,-1.7536759746391475,0.0,,,,,,,,,,,,,,,,,,,,0.0,0.0,2024-11-21,0.0,0.0,0.0,2024-11-26,0.0,0.0,0.0,2024-12-02,-0.005076153031860661,-200.0,-1.0,2024-12-16,0.0,0.0,0.0,2024-12-31,0.0,0.0,0.0,2025-01-15,0.0,0.0,0.0,2025-02-14,-0.01788042527784841,-700.0,-1.0
2024-11-18,Mon,40000.0,40000.0,40000.0,39500.0,38000.0,37000.0,39000.0,38000.0,36000.0,35800.0,34300.0,0.0,2024-11-18,2,0,39000.0,0,36000.0,0,35800.0,0,34300.0,39500.0,35366.666666666664,4133.333333333336,5200.0,3500.0,5700.0,0.0,0.012686444133619456,0.45,2,-0.02500130220541727,-0.007566240383315813,-0.02500130220541727,-0.0445618280599109,0.007623925110659366,-1.8525383711051202,,-1.8885741265344778,-1.4599667428312986,,-1.2526256961708198,-1.915009751969052,,-2.104411169566977,-1.6445145142630886,,-1.7536759746391475,0.0,,,,,,,,,,,,,,,,,,,,0.0,0.0,2024-11-23,0.0,0.0,0.0,2024-11-28,0.0,0.0,0.0,2024-12-04,0.0,0.0,0.0,2024-12-18,0.0,0.0,0.0,2025-01-02,0.0,0.0,0.0,2025-01-17,0.0,0.0,0.0,2025-02-17,-0.02564243061333767,-1000.0,-1.0
2024-11-19,Tue,40000.0,40000.0,40000.0,39500.0,38000.0,37000.0,39000.0,38000.0,36200.0,36000.0,34500.0,0.0,2024-11-19,2,0,39000.0,0,36200.0,0,36000.0,0,34500.0,39500.0,35566.666666666664,3933.3333333333358,5000.0,3300.0,5500.0,0.0,0.012299963937756918,0.45,3,-0.01756632371789917,-0.007566240383315813,-0.012578782206860073,-0.03970744959511269,0.007623925110659366,-2.268548658685416,,-2.178527625435894,-1.8824439753439557,,-1.6380489873003026,-2.3190222677876875,,-2.5163693718934512,-2.0804712723696617,,-2.2932685822204237,0.0,,,,,,,,,,,,,,,,,,,,0.0,0.0,2024-11-25,0.0,0.0,0.0,2024-11-29,0.0,0.0,0.0,2024-12-04,0.0,0.0,0.0,2024-12-19,0.0,0.0,0.0,2025-01-03,0.0,0.0,0.0,2025-01-18,0.0,0.0,0.0,2025-02-17,-0.02564243061333767,-1000.0,-1.0
2024-11-20,Wed,40000.0,40000.0,40000.0,39500.0,38000.0,37000.0,39000.0,38000.0,36200.0,36000.0,34500.0,0.0,2024-11-20,2,0,39000.0,0,36200.0,0,36000.0,0,34500.0,39500.0,35566.666666666664,3933.3333333333358,5000.0,3300.0,5500.0,0.0,0.011925257485602287,0.5,4,-0.0050505157860685915,-0.010075651988741587,-0.0050505157860685915,-0.03238140950303983,0.007623925110659366,-2.1455657713221474,,-2.037977456052933,-1.8178515500867138,,-1.6380489873003026,-2.1872549618670907,,-2.3366287024724905,-1.9908513867115951,,-1.9110571518503532,0.0,,,,,,,,,,,,,,,,,,,,0.0,0.0,2024-11-25,0.0,0.0,0.0,2024-11-30,0.0,0.0,0.0,2024-12-05,0.0,0.0,0.0,2024-12-20,0.0,0.0,0.0,2025-01-04,0.0,0.0,0.0,2025-01-20,0.0,0.0,0.0,2025-02-18,-0.030850775720475933,-1200.0,-1.0
2024-11-21,Thu,40000.0,40000.0,40000.0,39500.0,38000.0,37000.0,39000.0,38000.0,36200.0,36000.0,34500.0,0.0,2024-11-21,2,0,39000.0,0,36200.0,0,36000.0,0,34500.0,39500.0,35566.666666666664,3933.3333333333358,5000.0,3300.0,5500.0,0.0,0.011561966101491501,0.55,5,-0.0050505157860685915,-0.01756632371789917,0.0025348556031881157,-0.02500130220541727,0.007623925110659366,-2.033509500965408,,-1.8401155671157419,-1.7506955945952145,,-1.433292863887765,-2.068846686107866,,-2.110503344168701,-1.9026803057958273,,-1.6380489873003026,0.0,,,,,,,,,,,,,,,,,,,,0.0,0.0,2024-11-26,0.0,0.0,0.0,2024-12-02,-0.005076153031860661,-200.0,-1.0,2024-12-06,0.0,0.0,0.0,2024-12-21,0.0,0.0,0.0,2025-01-06,0.0,0.0,0.0,2025-01-20,0.0,0.0,0.0,2025-02-19,-0.030850775720475933,-1200.0,-1.0
2024-11-22,Fri,40200.0,40200.0,40200.0,39700.0,38200.0,37200.0,39200.0,38200.0,36400.0,36200.0,34700.0,200.0,2024-11-22,2,0,39200.0,0,36400.0,0,36200.0,0,34700.0,39700.0,35766.666666666664,3933.3333333333358,5000.0,3300.0,5500.0,0.005050515786068743,0.01120974203646615,0.6,0,0.0050505157860685716,-0.019950786419348682,0.0050505157860685716,-0.019950786419348682,0.01267444089672786,-1.9345198411062636,-1.5749809926050289,-1.7388248019534083,-1.6885841408722724,-1.371065015638731,-1.2740381012335686,-1.964588812547095,-1.5796275255813077,-1.9825940505827193,-1.8226657323054147,-1.4313258083562674,-1.6380489873003026,0.0,,,,,,,,,,,,,,,,,,,,0.0,0.0,2024-11-27,-0.0050505157860685915,-200.0,-1.0,2024-12-02,-0.01012666881792916,-400.0,-1.0,2024-12-07,-0.0050505157860685915,-200.0,-1.0,2024-12-23,-0.0050505157860685915,-200.0,-1.0,2025-01-06,-0.0050505157860685915,-200.0,-1.0,2025-01-21,-0.0050505157860685915,-200.0,-1.0,2025-02-20,-0.03590129150654442,-1400.0,-1.0
2024-11-23,Sat,40000.0,40000.0,40000.0,39500.0,38000.0,37000.0,39000.0,38000.0,36400.0,36200.0,34700.0,-200.0,2024-11-23,2,0,39000.0,0,36400.0,0,36200.0,0,34700.0,39500.0,35766.666666666664,3733.3333333333358,4800.0,3100.0,5300.0,-0.005050515786068743,0.01093843133703316,0.6,0,0.0,-0.02500130220541727,0.0,-0.03238140950303983,0.007623925110659366,-2.280634211360528,-2.0083191501648128,-2.1101041190964858,-2.0560401861395747,-1.8219709579030903,-1.5738117721120555,-2.299450066268913,-2.0003491008798884,-2.391376329053383,-2.191454333482866,-1.8859667948463916,-1.7705382436260624,0.0,,,,,,,,,,,,,,,,,,,,0.0,0.0,2024-11-28,0.0,0.0,0.0,2024-12-04,0.0,0.0,0.0,2024-12-09,0.0,0.0,0.0,2024-12-23,0.0,0.0,0.0,2025-01-07,0.0,0.0,0.0,2025-01-22,0.0,0.0,0.0,2025-02-21,-0.030850775720475933,-1200.0,-1.0
2024-11-25,Mon,40000.0,40000.0,40000.0,39500.0,38000.0,37000.0,39000.0,38000.0,36100.0,35900.0,34400.0,0.0,2024-11-25,2,0,39000.0,0,36100.0,0,35900.0,0,34400.0,39500.0,35466.666666666664,4033.3333333333358,5100.0,3400.0,5600.0,0.0,0.010677115054658232,0.55,2,0.0,-0.01756632371789917,0.0,-0.03238140950303983,0.007623925110659366,-1.5342578025930271,-1.2949709646474352,-1.5531851433818695,-1.3596850897204713,-1.1003425695339384,-1.1241512657943253,-1.5582792755714665,-1.306858025721415,-1.7782029113473874,-1.4531981338335254,-1.1556690434417296,-1.1241512657943253,0.0,,,,,,,,,,,,,,,,,,,,0.0,0.0,2024-11-30,0.0,0.0,0.0,2024-12-05,0.0,0.0,0.0,2024-12-10,0.0,0.0,0.0,2024-12-25,0.0,0.0,0.0,2025-01-09,0.0,0.0,0.0,2025-01-24,0.0,0.0,0.0,2025-02-24,-0.02824321231339505,-1100.0,-1.0
2024-11-26,Tue,40000.0,40000.0,40000.0,39500.0,38000.0,37000.0,39000.0,38000.0,36100.0,35900.0,34400.0,0.0,2024-11-26,2,0,39000.0,0,36100.0,0,35900.0,0,34400.0,39500.0,35466.666666666664,4033.3333333333358,5100.0,3400.0,5600.0,0.0,0.01035184711715667,0.55,3,0.0,-0.0050505157860685915,0.0,-0.03238140950303983,0.007623925110659366,-1.4824166779194272,-1.2920954762400843,-1.5531851433818695,-1.3289511224701664,-1.1003425695339384,-1.1241512657943253,-1.5030548598413966,-1.3040294694250683,-1.7782029113473874,-1.412754255862904,-1.1556690434417296,-1.1241512657943253,0.0,,,,,,,,,,,,,,,,,,,,0.0,0.0,2024-12-02,-0.005076153031860661,-200.0,-1.0,2024-12-06,0.0,0.0,0.0,2024-12-11,0.0,0.0,0.0,2024-12-26,0.0,0.0,0.0,2025-01-10,-0.005076153031860661,-200.0,-1.0,2025-01-27,0.0,0.0,0.0,2025-02-24,-0.02824321231339505,-1100.0,-1.0
2024-11-27,Wed,40000.0,40000.0,40000.0,39500.0,38000.0,37000.0,39000.0,38000.0,36100.0,35900.0,34400.0,0.0,2024-11-27,2,0,39000.0,0,36100.0,0,35900.0,0,34400.0,39500.0,35466.666666666664,4033.3333333333358,5100.0,3400.0,5600.0,0.0,0.010036488151378737,0.55,4,0.0,-0.0050505157860685915,0.0,-0.02500130220541727,0.007623925110659366,-1.4337281663182866,-1.289231826765497,-1.5531851433818695,-1.2994296709435609,-1.1003425695339384,-1.1241512657943253,-1.4513575646974421,-1.3012123497135415,-1.7782029113473874,-1.374324163626458,-1.1556690434417296,-1.1241512657943253,0.0,,,,,,,,,,,,,,,,,,,,0.0,0.0,2024-12-02,-0.005076153031860661,-200.0,-1.0,2024-12-07,0.0,0.0,0.0,2024-12-12,0.0,0.0,0.0,2024-12-30,0.0,0.0,0.0,2025-01-11,-0.007623925110659371,-300.0,-1.0,2025-01-27,0.0,0.0,0.0,2025-02-25,-0.02564243061333767,-1000.0,-1.0
2024-11-28,Thu,40000.0,40000.0,40000.0,39500.0,38000.0,37000.0,39000.0,38000.0,36200.0,36000.0,34500.0,0.0,2024-11-28,2,0,39000.0,0,36200.0,0,36000.0,0,34500.0,39500.0,35566.666666666664,3933.3333333333358,5000.0,3300.0,5500.0,0.0,0.00973073629012727,0.55,5,-0.0050505157860685915,0.0,0.0,-0.02500130220541727,0.010178204915756052,-1.583774031649341,-1.515687176348794,-1.7388248019534083,-1.466575096809569,-1.3382085278593638,-1.2740381012335686,-1.59537893104819,-1.5212333972379422,-1.9825940505827193,-1.5383826477054738,-1.3961924567917963,-1.2740381012335686,0.0,,,,,,,,,,,,,,,,,,,,0.0,0.0,2024-12-04,0.0,0.0,0.0,2024-12-09,0.0,0.0,0.0,2024-12-13,0.0,0.0,0.0,2024-12-30,0.0,0.0,0.0,2025-01-13,-0.005076153031860661,-200.0,-1.0,2025-01-27,0.0,0.0,0.0,2025-02-26,-0.02564243061333767,-1000.0,-1.0
2024-11-29,Fri,40000.0,40000.0,40000.0,39500.0,38000.0,37000.0,39000.0,38000.0,36200.0,36000.0,34500.0,0.0,2024-11-29,2,0,39000.0,0,36200.0,0,36000.0,0,34500.0,39500.0,35566.666666666664,3933.3333333333358,5000.0,3300.0,5500.0,0.0,0.009434298862296011,0.55,6,0.0,0.0,-0.007566240383315813,-0.02500130220541727,0.015306421282675507,-1.5240188176771245,-1.5263491307117665,-1.7388248019534083,-1.4226133045850418,-1.3501707910662801,-1.2740381012335686,-1.5337557046685464,-1.531617256786332,-1.9825940505827193,-1.4860875425520688,-1.4089490853121616,-1.2740381012335686,0.0,,,,,,,,,,,,,,,,,,,,0.0,0.0,2024-12-04,0.0,0.0,0.0,2024-12-09,0.0,0.0,0.0,2024-12-14,0.0,0.0,0.0,2024-12-30,0.0,0.0,0.0,2025-01-13,-0.005076153031860661,-200.0,-1.0,2025-01-28,0.0,0.0,0.0,2025-02-27,-0.02564243061333767,-1000.0,-1.0
2024-11-30,Sat,40000.0,40000.0,40000.0,39500.0,38000.0,37000.0,39000.0,38000.0,36200.0,36000.0,34500.0,0.0,2024-11-30,2,0,39000.0,0,36200.0,0,36000.0,0,34500.0,39500.0,35566.666666666664,3933.3333333333358,5000.0,3300.0,5500.0,0.0,0.009146892112719632,0.6,7,0.0,0.0,-0.007566240383315813,-0.012578782206860073,0.015306421282675507,-1.465399429446836,-1.5371737390146656,-1.2597106831401013,-1.3720952291857065,-1.3623506559606906,-1.0791852151625523,-1.4744186791911003,-1.542154995620745,-1.4132187341414375,-1.4316093048473293,-1.4219493372154797,-1.0791852151625523,0.0,,,,,,,,,,,,,,,,,,,,0.0,0.0,2024-12-05,0.0,0.0,0.0,2024-12-10,0.0,0.0,0.0,2024-12-16,0.0,0.0,0.0,2024-12-30,0.0,0.0,0.0,2025-01-15,0.0,0.0,0.0,2025-01-29,0.0,0.0,0.0,2025-02-28,-0.02564243061333767,-1000.0,-1.0
2024-12-02,Mon,39800.0,39800.0,39800.0,39300.0,38000.0,37000.0,39000.0,38000.0,36200.0,36000.0,34500.0,-200.0,2024-12-02,2,0,39000.0,0,36200.0,0,36000.0,0,34500.0,39340.0,35566.666666666664,3773.3333333333358,4800.0,3140.0,5300.0,-0.005076153031861708,0.008868240930558251,0.6,0,-0.005076153031860661,-0.005076153031860661,-0.01515180502060222,-0.01012666881792916,0.017972242404430436,-1.710122899565553,-1.891935595224032,-1.2950222581950628,-1.7020297434936782,-1.8248176395965683,-1.3489815189531904,-1.712898449056141,-1.8866534452524912,-1.2950222581950628,-1.7660855056432658,-1.888800008804693,-1.3489815189531904,0.0,,,,,,,,,,,,,,,,,,,,0.0,0.0,2024-12-07,0.005076153031860568,200.0,1.0,2024-12-12,0.005076153031860568,200.0,1.0,2024-12-17,0.005076153031860568,200.0,1.0,2025-01-01,0.005076153031860568,200.0,1.0,2025-01-16,0.005076153031860568,200.0,1.0,2025-01-31,0.005076153031860568,200.0,1.0,2025-03-03,-0.02056627758147697,-800.0,-1.0
2024-12-04,Wed,39800.0,39800.0,39800.0,39500.0,38000.0,37000.0,39000.0,38000.0,36200.0,36000.0,34500.0,200.0,2024-12-04,2,0,39000.0,0,36200.0,0,36000.0,0,34500.0,39380.0,35566.666666666664,3813.3333333333358,5000.0,3180.0,5300.0,0.005076153031861708,0.008687519504810086,0.6,0,0.0,0.0,-0.01756632371789917,0.0025348556031881157,0.02304839543629109,-1.573139661439619,-1.7815297789791558,-1.2410629974369352,-1.2834043806880866,-1.3450532287437535,-1.0791852151625523,-1.5750173227133504,-1.7794107081922648,-1.2410629974369352,-1.7025389839147598,-1.8661746273234423,-1.3489815189531904,0.0,,,,,,,,,,,,,,,,,,,,0.0,0.0,2024-12-09,0.0,0.0,0.0,2024-12-14,0.0,0.0,0.0,2024-12-19,0.0,0.0,0.0,2025-01-03,0.0,0.0,0.0,2025-01-18,0.0,0.0,0.0,2025-02-03,0.0,0.0,0.0,2025-03-04,-0.02564243061333767,-1000.0,-1.0
2024-12-05,Thu,40000.0,40000.0,40000.0,39500.0,38200.0,37200.0,39200.0,38200.0,36500.0,36300.0,34800.0,0.0,2024-12-05,2,0,39200.0,0,36500.0,0,36300.0,0,34800.0,39540.0,35866.666666666664,3673.3333333333358,4700.0,3040.0,5200.0,0.0,0.008514144420541683,0.6,1,0.0,-0.0050505157860685915,-0.02500130220541727,0.0,0.02304839543629109,-1.7695268896953373,-2.065765241849768,-1.429920410090382,-1.7984767679258176,-2.020390245518436,-1.4838796708485094,-1.7651304129333178,-2.0554601814356133,-1.429920410090382,-1.8251774940575698,-2.067426587523292,-1.4838796708485094,0.0,,,,,,,,,,,,,,,,,,,,0.0,0.0,2024-12-10,0.0,0.0,0.0,2024-12-16,0.0,0.0,0.0,2024-12-20,0.0,0.0,0.0,2025-01-04,0.0,0.0,0.0,2025-01-20,0.0,0.0,0.0,2025-02-03,0.0,0.0,0.0,2025-03-05,-0.02564243061333767,-1000.0,-1.0
2024-12-06,Fri,40000.0,40000.0,40000.0,39500.0,38200.0,37200.0,39200.0,38200.0,36500.0,36300.0,34800.0,0.0,2024-12-06,2,0,39200.0,0,36500.0,0,36300.0,0,34800.0,39540.0,35866.666666666664,3673.3333333333358,4700.0,3040.0,5200.0,0.0,0.008254769282118707,0.65,2,0.0,0.0,-0.02500130220541727,0.0,0.02304839543629109,-1.706542147641017,-2.0285402079296166,-1.429920410090382,-1.755958487575526,-1.9835742414116457,-1.4838796708485094,-1.6998484959088314,-2.019317118707761,-1.429920410090382,-1.7598388210372276,-2.029014251410233,-1.4838796708485094,0.0,,,,,,,,,,,,,,,,,,,,0.0,0.0,2024-12-11,0.0,0.0,0.0,2024-12-16,0.0,0.0,0.0,2024-12-21,0.0,0.0,0.0,2025-01-06,0.0,0.0,0.0,2025-01-20,0.0,0.0,0.0,2025-02-04,0.0,0.0,0.0,2025-03-06,-0.023048395436291017,-900.0,-1.0
2024-12-07,Sat,40000.0,40000.0,40000.0,39500.0,38200.0,37200.0,39200.0,38200.0,36300.0,36100.0,34600.0,0.0,2024-12-07,2,0,39200.0,0,36300.0,0,36100.0,0,34600.0,39540.0,35666.666666666664,3873.3333333333358,4900.0,3240.0,5400.0,0.0,0.00800329575530918,0.65,3,0.0,0.0,-0.01756632371789917,0.0,-0.11015911054572416,-1.3043910731265898,-1.5650403804471362,-1.1227007480320155,-1.3740640764929877,-1.5037921126583451,-1.2140833670578715,-1.2991588614364318,-1.5687174389277971,-1.0546582784543126,-1.3582703573390937,-1.5470306078241431,-1.2140833670578715,0.0,,,,,,,,,,,,,,,,,,,,0.0,0.0,2024-12-12,0.0,0.0,0.0,2024-12-17,0.0,0.0,0.0,2024-12-23,0.0,0.0,0.0,2025-01-06,0.0,0.0,0.0,2025-01-21,0.0,0.0,0.0,2025-02-05,0.0,0.0,0.0,2025-03-07,-0.023048395436291017,-900.0,-1.0
2024-12-09,Mon,40000.0,40000.0,40000.0,39500.0,38200.0,37200.0,39200.0,38200.0,35900.0,35700.0,34200.0,0.0,2024-12-09,2,0,39200.0,0,35900.0,0,35700.0,0,34200.0,39540.0,35266.666666666664,4273.333333333336,5300.0,3640.0,5800.0,0.0,0.007759483125191584,0.7,5,0.005076153031860568,0.0,-0.0050505157860685915,0.0,0.0,-0.5827029950609843,-0.7008633864162108,-0.6005143535985199,-0.6320405543703799,-0.6053478220300547,-0.6744907594765952,-0.5891174872894698,-0.7283619401886642,-0.564119544289516,-0.6234327522658735,-0.6467107371984445,-0.6744907594765952,0.0,,,,,,,,,,,,,,,,,,,,0.0,0.0,2024-12-14,0.0,0.0,0.0,2024-12-19,0.0,0.0,0.0,2024-12-25,0.0,0.0,0.0,2025-01-08,0.0,0.0,0.0,2025-01-23,0.0,0.0,0.0,2025-02-10,-0.012739025777429714,-500.0,-1.0,2025-03-10,-0.023048395436291017,-900.0,-1.0
2024-12-10,Tue,40000.0,40000.0,40000.0,39500.0,38200.0,37200.0,39200.0,38200.0,35900.0,35700.0,34200.0,0.0,2024-12-10,2,0,39200.0,0,35900.0,0,35700.0,0,34200.0,39540.0,35266.666666666664,4273.333333333336,5300.0,3640.0,5800.0,0.0,0.00752309800999063,0.75,6,0.0,0.0,-0.0050505157860685915,0.0,-0.0025284463533586377,-0.5576388960111113,-0.7067010798119113,-0.5395926075812707,-0.6067923351299117,-0.6109076675963326,-0.5518560759353961,-0.5643857580371575,-0.7341798534420267,-0.6205314987184676,-0.5981331988292863,-0.6525077345064048,-0.5518560759353961,0.0,,,,,,,,,,,,,,,,,,,,0.0,0.0,2024-12-16,0.0,0.0,0.0,2024-12-20,0.0,0.0,0.0,2024-12-25,0.0,0.0,0.0,2025-01-09,0.0,0.0,0.0,2025-01-24,0.0,0.0,0.0,2025-02-10,-0.012739025777429714,-500.0,-1.0,2025-03-10,-0.023048395436291017,-900.0,-1.0
2024-12-11,Wed,40000.0,40000.0,40000.0,39500.0,38200.0,37200.0,39200.0,38200.0,35700.0,35500.0,34000.0,0.0,2024-12-11,2,0,39200.0,0,35700.0,0,35500.0,0,34000.0,39540.0,35066.666666666664,4473.333333333336,5500.0,3840.0,6000.0,0.0,0.007293914137680088,0.75,7,0.0,0.0,0.0,0.0,-0.010075651988741587,-0.17521984101893537,-0.2859619228238557,-0.23012037676259534,-0.22189366695402765,-0.1721802495824591,-0.1839520253117987,-0.18399875278978808,-0.32526366712890203,-0.3507351949278295,-0.21679703351099178,-0.21327110369912294,-0.1839520253117987,0.0,,,,,,,,,,,,,,,,,,,,0.0,0.0,2024-12-16,0.0,0.0,0.0,2024-12-21,0.0,0.0,0.0,2024-12-26,0.0,0.0,0.0,2025-01-10,-0.005076153031860661,-200.0,-1.0,2025-01-27,0.0,0.0,0.0,2025-02-10,-0.012739025777429714,-500.0,-1.0,2025-03-11,-0.023048395436291017,-900.0,-1.0
2024-12-12,Thu,40000.0,40000.0,40000.0,39500.0,38200.0,37200.0,39200.0,38200.0,35900.0,35700.0,34200.0,0.0,2024-12-12,2,0,39200.0,0,35900.0,0,35700.0,0,34200.0,39540.0,35266.666666666664,4273.333333333336,5300.0,3640.0,5800.0,0.0,0.007071712129391191,0.8,8,0.0,0.0,0.0,-0.007566240383315813,-0.020050797045561078,-0.5155850680344422,-0.712593883936944,-0.4823630885953773,-0.5658060764285127,-0.6165163775371921,-0.40469445568595713,-0.5215897649937572,-0.7400526156460987,-0.6205314987184676,-0.5573251948815762,-0.6583586244625114,-0.40469445568595713,0.0,,,,,,,,,,,,,,,,,,,,0.0,0.0,2024-12-17,0.0,0.0,0.0,2024-12-23,0.0,0.0,0.0,2024-12-30,0.0,0.0,0.0,2025-01-11,-0.007623925110659371,-300.0,-1.0,2025-01-27,0.0,0.0,0.0,2025-02-10,-0.012739025777429714,-500.0,-1.0,2025-03-12,-0.023048395436291017,-900.0,-1.0
2024-12-13,Fri,40000.0,40000.0,40000.0,39500.0,38200.0,37200.0,39200.0,38200.0,35700.0,35500.0,34000.0,0.0,2024-12-13,2,0,39200.0,0,35700.0,0,35500.0,0,34000.0,39540.0,35066.666666666664,4473.333333333336,5500.0,3840.0,6000.0,0.0,0.006856279289419283,0.8,9,0.0,0.0,0.0,-0.007566240383315813,-0.03238140950303983,-0.12776103385076878,-0.2838765667519479,-0.21665460758944882,-0.17927908514167665,-0.17016864381085245,-0.13489815189531904,-0.13361123826515417,-0.32317764536703214,-0.25753283543651817,-0.17453055099872322,-0.2112009656811239,-0.13489815189531904,0.0,,,,,,,,,,,,,,,,,,,,0.0,0.0,2024-12-18,0.0,0.0,0.0,2024-12-23,0.0,0.0,0.0,2024-12-30,0.0,0.0,0.0,2025-01-13,-0.005076153031860661,-200.0,-1.0,2025-01-27,0.0,0.0,0.0,2025-02-12,-0.012739025777429714,-500.0,-1.0,2025-03-13,-0.023048395436291017,-900.0,-1.0
2024-12-14,Sat,40000.0,40000.0,40000.0,39500.0,38200.0,37200.0,39200.0,38200.0,35900.0,35700.0,34200.0,0.0,2024-12-14,2,0,39200.0,0,35900.0,0,35700.0,0,34200.0,39540.0,35266.666666666664,4273.333333333336,5300.0,3640.0,5800.0,0.0,0.006647409401627719,0.8,10,0.0,0.005076153031860568,0.0,-0.010075651988741587,-0.03238140950303983,-0.48706186246544986,-0.7148759631882678,-0.3777148253068933,-0.5407311992695492,-0.6186961273658972,-0.3747170885981084,-0.49053267499304487,-0.7423371989108102,-0.3777148253068933,-0.5324842702144256,-0.6606153730230017,-0.3747170885981084,0.0,,,,,,,,,,,,,,,,,,,,0.0,0.0,2024-12-19,0.0,0.0,0.0,2024-12-25,0.0,0.0,0.0,2024-12-30,0.0,0.0,0.0,2025-01-13,-0.005076153031860661,-200.0,-1.0,2025-01-28,0.0,0.0,0.0,2025-02-12,-0.012739025777429714,-500.0,-1.0,2025-03-15,-0.023048395436291017,-900.0,-1.0
2024-12-16,Mon,40000.0,40000.0,40000.0,39500.0,38200.0,37200.0,39200.0,38200.0,36200.0,36000.0,34500.0,0.0,2024-12-16,2,0,39200.0,0,36200.0,0,36000.0,0,34500.0,39540.0,35566.666666666664,3973.3333333333358,5000.0,3340.0,5500.0,0.0,0.006444902532054125,0.8,12,0.0,0.0,0.0,-0.01756632371789917,-0.03238140950303983,-1.0212939735721818,-1.3552757974975989,-0.7331421298658644,-1.0758078084197311,-1.2855542287183621,-0.6744907594765952,-1.0226826623415541,-1.3649872259562246,-0.7331421298658644,-1.0624632629488768,-1.3286533906867106,-0.6744907594765952,0.0,,,,,,,,,,,,,,,,,,,,0.0,0.0,2024-12-21,0.0,0.0,0.0,2024-12-26,0.0,0.0,0.0,2024-12-31,0.0,0.0,0.0,2025-01-15,0.0,0.0,0.0,2025-01-30,0.0,0.0,0.0,2025-02-14,-0.01788042527784841,-700.0,-1.0,2025-03-17,-0.023048395436291017,-900.0,-1.0
2024-12-17,Tue,40000.0,40000.0,40000.0,39500.0,38200.0,37200.0,39200.0,38200.0,36200.0,36000.0,34500.0,0.0,2024-12-17,2,0,39200.0,0,36200.0,0,36000.0,0,34500.0,39540.0,35566.666666666664,3973.3333333333358,5000.0,3340.0,5500.0,0.0,0.006248564837530056,0.8,13,0.0,0.0,-0.0050505157860685915,-0.02500130220541727,-0.03238140950303983,-0.9922089846354324,-1.3432032088788453,-0.5919000542345632,-1.04757668101401,-1.2732413621074736,-0.6744907594765952,-0.9922089846354324,-1.3530793006918191,-0.5919000542345632,-1.0347751460751418,-1.3157804023476598,-0.6070416835289357,0.0,,,,,,,,,,,,,,,,,,,,0.0,0.0,2024-12-23,0.0,0.0,0.0,2024-12-30,0.0,0.0,0.0,2025-01-01,0.0,0.0,0.0,2025-01-16,0.0,0.0,0.0,2025-01-31,0.0,0.0,0.0,2025-02-17,-0.02564243061333767,-1000.0,-1.0,2025-03-17,-0.023048395436291017,-900.0,-1.0
2024-12-18,Wed,40000.0,40000.0,40000.0,39500.0,38200.0,37200.0,39200.0,38200.0,36500.0,36300.0,34800.0,0.0,2024-12-18,2,0,39200.0,0,36500.0,0,36300.0,0,34800.0,39540.0,35866.666666666664,3673.3333333333358,4700.0,3040.0,5200.0,0.0,0.006058208380130877,0.85,14,0.0,0.0,0.0,-0.02500130220541727,-0.037271394797231655,-1.5015889943805152,-1.965950221942275,-1.035264886638495,-1.5519616683467512,-1.921025133071499,-1.1803588290840417,-1.5015889943805185,-1.9584814641399242,-1.035264886638495,-1.5347767936361183,-1.9638688647890248,-1.0492078480747036,0.0,,,,,,,,,,,,,,,,,,,,0.0,0.0,2024-12-23,0.0,0.0,0.0,2024-12-30,0.0,0.0,0.0,2025-01-02,0.0,0.0,0.0,2025-01-17,0.0,0.0,0.0,2025-02-01,0.0,0.0,0.0,2025-02-17,-0.02564243061333767,-1000.0,-1.0,2025-03-18,-0.023048395436291017,-900.0,-1.0
2024-12-19,Thu,40000.0,40000.0,40000.0,39500.0,38200.0,37200.0,39200.0,38200.0,36700.0,36500.0,35000.0,0.0,2024-12-19,2,0,39200.0,0,36700.0,0,36500.0,0,35000.0,39540.0,36066.666666666664,3473.3333333333358,4500.0,2840.0,5000.0,0.0,0.005873650947278252,0.9,15,0.0,0.0,0.0,-0.01756632371789917,-0.037271394797231655,-1.799504046467178,-2.346954712469629,-1.217015935577335,-1.8440322549623223,-2.317899427810081,-1.2740381012335686,-1.799504046467179,-2.3289987131502636,-1.217015935577335,-1.825005523632826,-2.359590408437935,-1.1466342911102119,0.0,,,,,,,,,,,,,,,,,,,,0.0,0.0,2024-12-25,0.0,0.0,0.0,2024-12-30,0.0,0.0,0.0,2025-01-03,0.0,0.0,0.0,2025-01-18,0.0,0.0,0.0,2025-02-03,0.0,0.0,0.0,2025-02-17,-0.02564243061333767,-1000.0,-1.0,2025-03-19,-0.023048395436291017,-900.0,-1.0
2024-12-20,Fri,40000.0,40000.0,40000.0,39500.0,38200.0,37200.0,39200.0,38200.0,36200.0,36000.0,34500.0,0.0,2024-12-20,2,0,39200.0,0,36200.0,0,36000.0,0,34500.0,39540.0,35566.666666666664,3973.3333333333358,5000.0,3340.0,5500.0,0.0,0.0056947158773230245,0.9,16,0.0,0.0,0.0,-0.0050505157860685915,-0.0445618280599109,-0.8563323204380314,-1.2721922879084122,-0.4398852779195186,-0.9032859226906715,-1.200602756032823,-0.40469445568595713,-0.8563323204380336,-1.283431020700356,-0.4398852779195186,-0.8929971518450573,-1.2401253950252695,-0.40469445568595713,0.0,,,,,,,,,,,,,,,,,,,,0.0,0.0,2024-12-25,0.0,0.0,0.0,2024-12-30,0.0,0.0,0.0,2025-01-04,0.0,0.0,0.0,2025-01-20,0.0,0.0,0.0,2025-02-03,0.0,0.0,0.0,2025-02-18,-0.030850775720475933,-1200.0,-1.0,2025-03-20,-0.015306421282675545,-600.0,-1.0
2024-12-21,Sat,40000.0,40000.0,40000.0,39500.0,38200.0,37200.0,39200.0,38200.0,36000.0,35800.0,34300.0,0.0,2024-12-21,2,0,39200.0,0,36000.0,0,35800.0,0,34300.0,39540.0,35366.666666666664,4173.333333333336,5200.0,3540.0,5700.0,0.0,0.005521231890441557,0.9,17,0.0,0.0,0.0,-0.0050505157860685915,-0.037271394797231655,-0.4829828238323339,-0.8596218143714759,-0.14662842597317285,-0.5311956387329799,-0.7710690954910507,-0.1498868354392434,-0.4829828238323357,-0.881893269530941,-0.14662842597317285,-0.5240305326311074,-0.8103019263200819,-0.13489815189531904,0.0,,,,,,,,,,,,,,,,,,,,0.0,0.0,2024-12-26,0.0,0.0,0.0,2024-12-31,0.0,0.0,0.0,2025-01-06,0.0,0.0,0.0,2025-01-20,0.0,0.0,0.0,2025-02-04,0.0,0.0,0.0,2025-02-19,-0.030850775720475933,-1200.0,-1.0,2025-03-21,-0.010178204915756153,-400.0,-1.0
2024-12-23,Mon,40000.0,40000.0,40000.0,39500.0,38200.0,37200.0,39200.0,38200.0,36000.0,35800.0,34300.0,0.0,2024-12-23,2,0,39200.0,0,36000.0,0,35800.0,0,34300.0,39540.0,35366.666666666664,4173.333333333336,5200.0,3540.0,5700.0,0.0,0.005353032924683643,0.9,19,0.0,0.0,0.0,0.0,-0.0445618280599109,-0.46335890918657435,-0.864098823840989,-0.15685831615734774,-0.5120225859059329,-0.7740578562500015,-0.1927116455647415,-0.46335890918657463,-0.8863406860111447,-0.15685831615734774,-0.5033119213758775,-0.8134106038630238,-0.1498868354392434,0.0,,,,,,,,,,,,,,,,,,,,0.0,0.0,2024-12-30,0.0,0.0,0.0,2025-01-02,0.0,0.0,0.0,2025-01-07,0.0,0.0,0.0,2025-01-22,0.0,0.0,0.0,2025-02-06,0.0,0.0,0.0,2025-02-21,-0.030850775720475933,-1200.0,-1.0,2025-03-24,-0.005076153031860661,-200.0,-1.0
2024-12-25,Wed,40000.0,40000.0,40000.0,39500.0,38200.0,37200.0,39200.0,38200.0,36200.0,36000.0,34500.0,0.0,2024-12-25,2,0,39200.0,0,36200.0,0,36000.0,0,34500.0,39540.0,35566.666666666664,3973.3333333333358,5000.0,3340.0,5500.0,0.0,0.005189957977015063,0.9,21,0.0,0.0,0.0,0.0,-0.0445618280599109,-0.7917111263834535,-1.2797289879052305,-0.52694590584109,-0.8360194749139973,-1.203821332293819,-0.6744907594765952,-0.7917111263834564,-1.290888270094406,-0.52694590584109,-0.8254379487341204,-1.2434804082880797,-0.5620756328971627,0.0,,,,,,,,,,,,,,,,,,,,0.0,0.0,2024-12-30,0.0,0.0,0.0,2025-01-04,0.0,0.0,0.0,2025-01-09,0.0,0.0,0.0,2025-01-24,0.0,0.0,0.0,2025-02-10,-0.012739025777429714,-500.0,-1.0,2025-02-24,-0.02824321231339505,-1100.0,-1.0,2025-03-25,0.0,0.0,0.0
2024-12-26,Thu,40000.0,40000.0,40000.0,39500.0,38200.0,37200.0,39200.0,38200.0,36200.0,36000.0,34500.0,0.0,2024-12-26,2,0,39200.0,0,36200.0,0,36000.0,0,34500.0,39540.0,35566.666666666664,3973.3333333333358,5000.0,3340.0,5500.0,0.0,0.005031850949202624,0.9,22,0.0,0.0,0.0,0.0,-0.03970744959511269,-0.7651096162747556,-1.280647089502589,-0.44966050631773014,-0.8082406039375486,-1.203821332293819,-0.5395926075812761,-0.7651096162747569,-1.2917911658432244,-0.44966050631773014,-0.7979359430875893,-1.2434804082880797,-0.44966050631773014,0.0,,,,,,,,,,,,,,,,,,,,0.0,0.0,2024-12-31,0.0,0.0,0.0,2025-01-06,0.0,0.0,0.0,2025-01-10,-0.005076153031860661,-200.0,-1.0,2025-01-27,0.0,0.0,0.0,2025-02-10,-0.012739025777429714,-500.0,-1.0,2025-02-24,-0.02824321231339505,-1100.0,-1.0,2025-03-26,0.0,0.0,0.0
2024-12-30,Mon,40000.0,40000.0,40000.0,39500.0,38200.0,37200.0,39200.0,38200.0,36200.0,36000.0,34500.0,0.0,2024-12-30,2,0,39200.0,0,36200.0,0,36000.0,0,34500.0,39540.0,35566.666666666664,3973.3333333333358,5000.0,3340.0,5500.0,0.0,0.004878560498394159,0.9,26,0.0,0.0,0.005076153031860568,0.0,-0.03238140950303983,-0.7383492491214978,-1.2732365910580317,-0.48563334682314857,-0.7805481931930865,-1.1960318705457489,-0.6744907594765952,-0.7383492491215017,-1.284479951212059,-0.48563334682314857,-0.7704695735820284,-1.2353735332744185,-0.5395926075812761,0.0,,,,,,,,,,,,,,,,,,,,0.0,0.0,2025-01-04,0.0,0.0,0.0,2025-01-09,0.0,0.0,0.0,2025-01-15,0.0,0.0,0.0,2025-01-29,0.0,0.0,0.0,2025-02-13,-0.012739025777429714,-500.0,-1.0,2025-02-28,-0.02564243061333767,-1000.0,-1.0,2025-03-31,0.01007565198874164,400.0,1.0
2024-12-31,Tue,40000.0,40000.0,40000.0,39500.0,38200.0,37200.0,39200.0,38200.0,36200.0,36000.0,34500.0,0.0,2024-12-31,2,0,39200.0,0,36200.0,0,36000.0,0,34500.0,39540.0,35566.666666666664,3973.3333333333358,5000.0,3340.0,5500.0,0.0,0.004729939892250466,0.95,27,0.0,0.0,0.0,0.0,-0.02500130220541727,-0.7118583065198888,-1.2637929198625535,-0.5395926075812761,-0.7535733733804387,-1.188326780846467,-0.6744907594765952,-0.711858306519893,-1.2751513619066899,-0.5395926075812761,-0.7436111766554873,-1.2273577641704525,-0.6744907594765952,0.0,,,,,,,,,,,,,,,,,,,,0.0,0.0,2025-01-06,0.0,0.0,0.0,2025-01-10,-0.005076153031860661,-200.0,-1.0,2025-01-15,0.0,0.0,0.0,2025-01-30,0.0,0.0,0.0,2025-02-14,-0.01788042527784841,-700.0,-1.0,2025-03-01,-0.02564243061333767,-1000.0,-1.0,2025-03-31,0.01007565198874164,400.0,1.0
2025-01-01,Wed,40000.0,40000.0,40000.0,39500.0,38200.0,37200.0,39200.0,38200.0,36000.0,35800.0,34300.0,0.0,2025-01-01,2,0,39200.0,0,36000.0,0,35800.0,0,34300.0,39540.0,35366.666666666664,4173.333333333336,5200.0,3540.0,5700.0,0.0,0.004585846868490509,1.0,28,0.0,0.0,0.0,-0.0050505157860685915,-0.02500130220541727,-0.32136104704634233,-0.8479820273815802,0.13489815189531904,-0.3675223281924637,-0.7583957593067527,0.0,-0.32136104704634294,-0.8703351638222183,0.13489815189531904,-0.359505562858459,-0.7971173311401275,0.0,0.0,,,,,,,,,,,,,,,,,,,,0.0,0.0,2025-01-06,0.0,0.0,0.0,2025-01-11,-0.007623925110659371,-300.0,-1.0,2025-01-16,0.0,0.0,0.0,2025-01-31,0.0,0.0,0.0,2025-02-17,-0.02564243061333767,-1000.0,-1.0,2025-03-03,-0.02564243061333767,-1000.0,-1.0,2025-04-01,0.015075662405447396,600.0,1.0
2025-01-02,Thu,40000.0,40000.0,40000.0,39500.0,38200.0,37200.0,39200.0,38200.0,36000.0,35800.0,34300.0,0.0,2025-01-02,2,0,39200.0,0,36000.0,0,35800.0,0,34300.0,39540.0,35366.666666666664,4173.333333333336,5200.0,3540.0,5700.0,0.0,0.004446143498715438,1.0,29,0.0,0.0,0.0,0.0,-0.03238140950303983,-0.295567990354159,-0.8441899128234057,0.13489815189531904,-0.341876974529642,-0.7557623765968655,0.0,-0.2955679903541605,-0.8665551691745239,0.13489815189531904,-0.33385422178560437,-0.7943847479726405,0.0,0.0,,,,,,,,,,,,,,,,,,,,0.0,0.0,2025-01-07,0.0,0.0,0.0,2025-01-13,-0.005076153031860661,-200.0,-1.0,2025-01-17,0.0,0.0,0.0,2025-02-01,0.0,0.0,0.0,2025-02-17,-0.02564243061333767,-1000.0,-1.0,2025-03-03,-0.02564243061333767,-1000.0,-1.0,2025-04-02,0.015075662405447396,600.0,1.0
2025-01-03,Fri,40000.0,40000.0,40000.0,39500.0,38200.0,37200.0,39200.0,38200.0,36200.0,36000.0,34500.0,0.0,2025-01-03,2,0,39200.0,0,36200.0,0,36000.0,0,34500.0,39540.0,35566.666666666664,3973.3333333333358,5000.0,3340.0,5500.0,0.0,0.004310696056381079,1.0,30,0.0,0.0,0.0,0.0,-0.03238140950303983,-0.6524700733511015,-1.2479826924234203,-0.5395926075812761,-0.694337286888198,-1.1775832379532558,-0.6744907594765952,-0.6524700733511062,-1.2594923761255643,-0.5395926075812761,-0.6841688358927082,-1.2161819592855465,-0.6744907594765952,0.0,,,,,,,,,,,,,,,,,,,,0.0,0.0,2025-01-08,0.0,0.0,0.0,2025-01-13,-0.005076153031860661,-200.0,-1.0,2025-01-18,0.0,0.0,0.0,2025-02-03,0.0,0.0,0.0,2025-02-17,-0.02564243061333767,-1000.0,-1.0,2025-03-04,-0.02564243061333767,-1000.0,-1.0,2025-04-03,0.022529113060028104,900.0,1.0
2025-01-04,Sat,40000.0,40000.0,40000.0,39500.0,38200.0,37200.0,39200.0,38200.0,36000.0,35800.0,34300.0,0.0,2025-01-04,2,0,39200.0,0,36000.0,0,35800.0,0,34300.0,39540.0,35366.666666666664,4173.333333333336,5200.0,3540.0,5700.0,0.0,0.004179374888792511,1.0,31,0.0,0.0,0.0,0.0,-0.03238140950303983,-0.2343684883313795,-0.8277217015482732,0.13489815189531904,-0.2811922177561827,-0.742735166804654,0.0,-0.2343684883313819,-0.8501388560776443,0.13489815189531904,-0.27318838908875664,-0.7808748614646442,0.0,0.0,,,,,,,,,,,,,,,,,,,,0.0,0.0,2025-01-09,0.0,0.0,0.0,2025-01-15,0.0,0.0,0.0,2025-01-20,0.0,0.0,0.0,2025-02-03,0.0,0.0,0.0,2025-02-18,-0.030850775720475933,-1200.0,-1.0,2025-03-05,-0.02564243061333767,-1000.0,-1.0,2025-04-04,0.025001302205417186,1000.0,1.0
2025-01-06,Mon,40000.0,40000.0,40000.0,39500.0,38200.0,37200.0,39200.0,38200.0,35700.0,35500.0,34000.0,0.0,2025-01-06,2,0,39200.0,0,35700.0,0,35500.0,0,34000.0,39540.0,35066.666666666664,4473.333333333336,5500.0,3840.0,6000.0,0.0,0.004052054292998214,1.0,33,0.0,0.0,0.0,0.0,-0.02500130220541727,0.4013658937428407,-0.2134576591899109,1.1466342911102119,0.34634590712621194,-0.1046594871352936,1.011736139214893,0.4013658937428427,-0.2521960022829465,1.1466342911102119,0.3509932470278286,-0.14293029700064222,1.011736139214893,0.0,,,,,,,,,,,,,,,,,,,,0.0,0.0,2025-01-11,-0.007623925110659371,-300.0,-1.0,2025-01-16,0.0,0.0,0.0,2025-01-21,0.0,0.0,0.0,2025-02-05,0.0,0.0,0.0,2025-02-20,-0.030850775720475933,-1200.0,-1.0,2025-03-07,-0.023048395436291017,-900.0,-1.0,2025-04-07,0.022529113060028104,900.0,1.0
2025-01-07,Tue,40000.0,40000.0,40000.0,39500.0,38200.0,37200.0,39200.0,38200.0,35700.0,35500.0,34000.0,0.0,2025-01-07,2,0,39200.0,0,35700.0,0,35500.0,0,34000.0,39540.0,35066.666666666664,4473.333333333336,5500.0,3840.0,6000.0,0.0,0.003928612395464961,1.0,34,0.0,0.0,0.0,0.0,-0.02500130220541727,0.4227552781534251,-0.20914954101539815,1.1466342911102119,0.36836454677903585,-0.10120872961388548,1.011736139214893,0.4227552781534284,-0.24796446606783804,1.1466342911102119,0.37296388066511715,-0.13947752761466012,1.011736139214893,0.0,,,,,,,,,,,,,,,,,,,,0.0,0.0,2025-01-13,-0.005076153031860661,-200.0,-1.0,2025-01-17,0.0,0.0,0.0,2025-01-22,0.0,0.0,0.0,2025-02-06,0.0,0.0,0.0,2025-02-21,-0.030850775720475933,-1200.0,-1.0,2025-03-08,-0.023048395436291017,-900.0,-1.0,2025-04-07,0.022529113060028104,900.0,1.0
2025-01-08,Wed,40000.0,40000.0,40000.0,39500.0,38200.0,37200.0,39200.0,38200.0,35700.0,35500.0,34000.0,0.0,2025-01-08,2,0,39200.0,0,35700.0,0,35500.0,0,34000.0,39540.0,35066.666666666664,4473.333333333336,5500.0,3840.0,6000.0,0.0,0.0038089310354183204,1.0,35,0.0,0.0,0.0,0.0,-0.02500130220541727,0.4449622736730444,-0.20484346108222998,1.1466342911102119,0.39124933037942866,-0.09775660155449155,1.011736139214893,0.4449622736730472,-0.24373719301880326,1.1466342911102119,0.39579704505932173,-0.13602478337465138,1.011736139214893,0.0,,,,,,,,,,,,,,,,,,,,0.0,0.0,2025-01-13,-0.005076153031860661,-200.0,-1.0,2025-01-18,0.0,0.0,0.0,2025-01-23,0.0,0.0,0.0,2025-02-10,-0.012739025777429714,-500.0,-1.0,2025-02-22,-0.030850775720475933,-1200.0,-1.0,2025-03-10,-0.023048395436291017,-900.0,-1.0,2025-04-08,0.015075662405447396,600.0,1.0
2025-01-09,Thu,40000.0,40000.0,40000.0,39500.0,38200.0,37200.0,39200.0,38200.0,35200.0,35000.0,33500.0,0.0,2025-01-09,2,0,39200.0,0,35200.0,0,35000.0,0,33500.0,39540.0,34566.666666666664,4973.333333333336,6000.0,4340.0,6500.0,0.0,0.0036928956517370626,1.0,36,0.0,0.0,0.0,0.0,-0.012578782206860073,1.5659944559518544,0.8029741815508674,2.8328611898017,1.5007068885544783,0.9513943676373388,2.697963037906381,1.5659944559518697,0.736258733488338,2.8328611898017,1.4987107920087916,0.9120146664834966,2.697963037906381,0.0,,,,,,,,,,,,,,,,,,,,0.0,0.0,2025-01-15,0.0,0.0,0.0,2025-01-20,0.0,0.0,0.0,2025-01-24,0.0,0.0,0.0,2025-02-10,-0.012739025777429714,-500.0,-1.0,2025-02-24,-0.02824321231339505,-1100.0,-1.0,2025-03-10,-0.023048395436291017,-900.0,-1.0,2025-04-09,0.017566323717899283,700.0,1.0
2025-01-10,Fri,39800.0,39800.0,39800.0,39300.0,38000.0,37000.0,39000.0,38000.0,34900.0,34700.0,33200.0,-200.0,2025-01-10,2,0,39000.0,0,34900.0,0,34700.0,0,33200.0,39340.0,34266.666666666664,5073.333333333336,6100.0,4440.0,6600.0,-0.005076153031861708,0.003580395173293221,1.0,0,-0.005076153031860661,-0.005076153031860661,-0.005076153031860661,0.0,-0.01012666881792916,1.846812849990021,1.000089290677157,3.1701065695399975,1.778798631343094,1.1543800474797985,3.0352084176446783,1.8468128499900383,0.9281690734772439,3.1701065695399975,1.7748865917420453,1.1150390488093527,3.0352084176446783,0.0,,,,,,,,,,,,,,,,,,,,0.0,0.0,2025-01-15,0.005076153031860568,200.0,1.0,2025-01-20,0.005076153031860568,200.0,1.0,2025-01-27,0.005076153031860568,200.0,1.0,2025-02-10,-0.007662872745569137,-300.0,-1.0,2025-02-24,-0.023167059281534418,-900.0,-1.0,2025-03-11,-0.017972242404430367,-700.0,-1.0,2025-04-10,0.022642476749759752,900.0,1.0
2025-01-11,Sat,39700.0,39700.0,39700.0,39200.0,37900.0,36900.0,38800.0,37800.0,34700.0,34500.0,33000.0,-100.0,2025-01-11,2,0,38800.0,0,34700.0,0,34500.0,0,33000.0,39240.0,34066.666666666664,5173.333333333336,6200.0,4540.0,6700.0,-0.002547772078798971,0.0036872910920210298,0.95,0,-0.007623925110659371,-0.007623925110659371,-0.007623925110659371,-0.007623925110659371,-0.005089069507471293,2.1230999174408893,1.1931326841506065,3.507351949278295,2.0585575643916987,1.3521363567601932,3.3724537973829762,2.123099917440912,1.1164264455897992,3.507351949278295,2.052600687153931,1.313052529311081,3.3724537973829762,0.0,,,,,,,,,,,,,,,,,,,,0.0,0.0,2025-01-16,0.007623925110659366,300.0,1.0,2025-01-21,0.007623925110659366,300.0,1.0,2025-01-27,0.007623925110659366,300.0,1.0,2025-02-10,-0.005115100666770377,-200.0,-1.0,2025-02-25,-0.018018505502678365,-700.0,-1.0,2025-03-12,-0.015424470325631639,-600.0,-1.0,2025-04-11,0.0276747221562205,1100.0,1.0
2025-01-13,Mon,39800.0,39800.0,39800.0,39300.0,38000.0,37000.0,38800.0,37800.0,34700.0,34500.0,33000.0,100.0,2025-01-13,2,0,38800.0,0,34700.0,0,34500.0,0,33000.0,39340.0,34066.666666666664,5273.333333333336,6300.0,4640.0,6800.0,0.002547772078798971,0.003629024278699474,0.9,0,-0.005076153031860661,-0.005076153031860661,-0.005076153031860661,-0.005076153031860661,-0.005076153031860661,2.389854405750238,1.3808649368289694,3.844597329016593,2.3320771917767513,1.543192417832081,3.7096991771212737,2.3898544057502633,1.2999327493324997,3.844597329016593,2.324062941956464,1.5046265679472073,3.7096991771212737,0.0,,,,,,,,,,,,,,,,,,,,0.0,0.0,2025-01-18,0.005076153031860568,200.0,1.0,2025-01-23,0.005076153031860568,200.0,1.0,2025-01-28,0.005076153031860568,200.0,1.0,2025-02-12,-0.007662872745569137,-300.0,-1.0,2025-02-27,-0.02056627758147697,-800.0,-1.0,2025-03-15,-0.017972242404430367,-700.0,-1.0,2025-04-14,0.025126950077421644,1000.0,1.0
2025-01-15,Wed,40000.0,40000.0,40000.0,39500.0,38000.0,37000.0,39000.0,38000.0,34700.0,34500.0,33000.0,200.0,2025-01-15,2,0,39000.0,0,34700.0,0,34500.0,0,33000.0,39500.0,34066.666666666664,5433.333333333336,6500.0,4800.0,7000.0,0.005076153031861708,0.0035733872916879975,0.85,0,0.0,0.0,0.0,0.0,0.0,2.746100427494177,1.6805927634099136,4.384189936597869,2.790095625513593,1.9308716939932018,4.384189936597869,2.7461004274942074,1.5930473986885296,4.384189936597869,2.779018167135543,1.8930901927677737,4.384189936597869,0.0,,,,,,,,,,,,,,,,,,,,0.0,0.0,2025-01-20,0.0,0.0,0.0,2025-01-27,0.0,0.0,0.0,2025-01-30,0.0,0.0,0.0,2025-02-14,-0.01788042527784841,-700.0,-1.0,2025-03-01,-0.02564243061333767,-1000.0,-1.0,2025-03-17,-0.023048395436291017,-900.0,-1.0,2025-04-15,0.015075662405447396,600.0,1.0
2025-01-16,Thu,40000.0,40000.0,40000.0,39500.0,38000.0,37000.0,39000.0,38000.0,34700.0,34500.0,33000.0,0.0,2025-01-16,2,0,39000.0,0,34700.0,0,34500.0,0,33000.0,39500.0,34066.666666666664,5433.333333333336,6500.0,4800.0,7000.0,0.0,0.003680895367758526,0.8,1,0.0,0.0,0.0,0.0,0.0,2.686546683282487,1.6539674140328067,4.384189936597869,2.7288164294644965,1.8886967471956286,4.384189936597869,2.686546683282514,1.5710021419264095,4.384189936597869,2.718541776843494,1.8524151763935104,4.384189936597869,0.0,,,,,,,,,,,,,,,,,,,,0.0,0.0,2025-01-21,0.0,0.0,0.0,2025-01-27,0.0,0.0,0.0,2025-01-31,0.0,0.0,0.0,2025-02-17,-0.02564243061333767,-1000.0,-1.0,2025-03-03,-0.02564243061333767,-1000.0,-1.0,2025-03-17,-0.023048395436291017,-900.0,-1.0,2025-04-16,0.012578782206860185,500.0,1.0
2025-01-17,Fri,40000.0,40000.0,40000.0,39500.0,38000.0,37000.0,39000.0,38000.0,34700.0,34500.0,33000.0,0.0,2025-01-17,2,0,39000.0,0,34700.0,0,34500.0,0,33000.0,39500.0,34066.666666666664,5433.333333333336,6500.0,4800.0,7000.0,0.0,0.003568760466308015,0.8,2,0.005076153031860568,0.0,0.0,0.0,0.0,2.6302644426433055,1.6281952831759952,4.384189936597869,2.6709578387712445,1.8484828818075039,4.384189936597869,2.6302644426433335,1.5495597149592646,4.384189936597869,2.6614084209433804,1.8135794710412307,4.384189936597869,0.0,,,,,,,,,,,,,,,,,,,,0.0,0.0,2025-01-22,0.0,0.0,0.0,2025-01-27,0.0,0.0,0.0,2025-02-01,0.0,0.0,0.0,2025-02-17,-0.02564243061333767,-1000.0,-1.0,2025-03-03,-0.02564243061333767,-1000.0,-1.0,2025-03-18,-0.023048395436291017,-900.0,-1.0,2025-04-17,0.0075662403833158766,300.0,1.0
2025-01-18,Sat,40000.0,40000.0,40000.0,39500.0,38000.0,37000.0,39000.0,38000.0,34900.0,34700.0,33200.0,0.0,2025-01-18,2,0,39000.0,0,34900.0,0,34700.0,0,33200.0,39500.0,34266.666666666664,5233.333333333336,6300.0,4600.0,6800.0,0.0,0.003460041645693014,0.8,3,0.007623925110659366,0.0,0.0,0.0,0.0,2.091280436469974,1.2150409216770297,3.7096991771212737,2.1293480283337662,1.4141752459029713,3.7096991771212737,2.0912804364699933,1.1487410264564153,3.7096991771212737,2.1236532472178333,1.380188261798409,3.7096991771212737,0.0,,,,,,,,,,,,,,,,,,,,0.0,0.0,2025-01-23,0.0,0.0,0.0,2025-01-28,0.0,0.0,0.0,2025-02-03,0.0,0.0,0.0,2025-02-17,-0.02564243061333767,-1000.0,-1.0,2025-03-04,-0.02564243061333767,-1000.0,-1.0,2025-03-19,-0.023048395436291017,-900.0,-1.0,2025-04-18,0.0025284463533586906,100.0,1.0
2025-01-20,Mon,40000.0,40000.0,40000.0,39500.0,38000.0,37000.0,39000.0,38000.0,34900.0,34700.0,33200.0,0.0,2025-01-20,2,0,39000.0,0,34900.0,0,34700.0,0,33200.0,39500.0,34266.666666666664,5233.333333333336,6300.0,4600.0,6800.0,0.0,0.003354634838329534,0.8,5,0.005076153031860568,0.0,0.0,0.0,0.0,2.0420228518870127,1.2011559876882019,3.7096991771212737,2.078620348210482,1.3911905092368932,3.7096991771212737,2.042022851887031,1.1374417589905501,3.7096991771212737,2.073408552450167,1.3579909629109812,3.7096991771212737,0.0,,,,,,,,,,,,,,,,,,,,0.0,0.0,2025-01-27,0.0,0.0,0.0,2025-01-30,0.0,0.0,0.0,2025-02-04,0.0,0.0,0.0,2025-02-19,-0.030850775720475933,-1200.0,-1.0,2025-03-06,-0.023048395436291017,-900.0,-1.0,2025-03-21,-0.010178204915756153,-400.0,-1.0,2025-04-21,-0.007623925110659371,-300.0,-1.0
2025-01-21,Tue,40000.0,40000.0,40000.0,39500.0,38000.0,37000.0,39000.0,38000.0,34900.0,34700.0,33200.0,0.0,2025-01-21,2,0,39000.0,0,34900.0,0,34700.0,0,33200.0,39500.0,34266.666666666664,5233.333333333336,6300.0,4600.0,6800.0,0.0,0.003252439146951433,0.8,6,0.0,0.0,0.0,0.0,-0.007566240383315813,1.9954370073598322,1.1866610509851738,3.7096991771212737,2.030694911464526,1.3674150856865468,3.7096991771212737,1.9954370073598469,1.125423731086379,3.7096991771212737,2.025918515149683,1.3363917140726487,3.7096991771212737,0.0,,,,,,,,,,,,,,,,,,,,0.0,0.0,2025-01-27,0.0,0.0,0.0,2025-01-31,0.0,0.0,0.0,2025-02-05,0.0,0.0,0.0,2025-02-20,-0.030850775720475933,-1200.0,-1.0,2025-03-07,-0.023048395436291017,-900.0,-1.0,2025-03-22,-0.010178204915756153,-400.0,-1.0,2025-04-21,-0.007623925110659371,-300.0,-1.0
2025-01-22,Wed,40000.0,40000.0,40000.0,39500.0,38000.0,37000.0,39000.0,38000.0,34900.0,34700.0,33200.0,0.0,2025-01-22,2,0,39000.0,0,34900.0,0,34700.0,0,33200.0,39500.0,34266.666666666664,5233.333333333336,6300.0,4600.0,6800.0,0.0,0.003153356748029762,0.8,7,0.0,0.0,0.0,0.0,-0.007566240383315813,1.929576365475254,1.1712729092627094,3.7096991771212737,1.9629262492943909,1.3443119324309805,3.7096991771212737,1.9295763654752682,1.1123789986991424,3.7096991771212737,1.9587002520339403,1.3140254332574905,3.7096991771212737,0.0,,,,,,,,,,,,,,,,,,,,0.0,0.0,2025-01-27,0.0,0.0,0.0,2025-02-01,0.0,0.0,0.0,2025-02-06,0.0,0.0,0.0,2025-02-21,-0.030850775720475933,-1200.0,-1.0,2025-03-08,-0.023048395436291017,-900.0,-1.0,2025-03-24,-0.005076153031860661,-200.0,-1.0,2025-04-24,0.0025284463533586906,100.0,1.0
2025-01-23,Thu,40000.0,40000.0,40000.0,39500.0,38000.0,37000.0,39000.0,38000.0,35200.0,35000.0,33500.0,0.0,2025-01-23,2,0,39000.0,0,35200.0,0,35000.0,0,33500.0,39500.0,34566.666666666664,4933.333333333336,6000.0,4300.0,6500.0,0.0,0.003057292798134347,0.8,8,0.0,0.005076153031860568,0.0,0.0,-0.010075651988741587,1.2829471240000643,0.5940699517307458,2.697963037906381,1.3164818549027708,0.7512637416194052,2.697963037906381,1.2829471240000747,0.5480910535936527,2.697963037906381,1.3158668086999263,0.7200375468009756,2.697963037906381,0.0,,,,,,,,,,,,,,,,,,,,0.0,0.0,2025-01-28,0.0,0.0,0.0,2025-02-03,0.0,0.0,0.0,2025-02-10,-0.012739025777429714,-500.0,-1.0,2025-02-22,-0.030850775720475933,-1200.0,-1.0,2025-03-10,-0.023048395436291017,-900.0,-1.0,2025-03-24,-0.005076153031860661,-200.0,-1.0,2025-04-24,0.0025284463533586906,100.0,1.0
2025-01-24,Fri,40000.0,40000.0,40000.0,39500.0,38000.0,37000.0,39000.0,38000.0,35200.0,35000.0,33500.0,0.0,2025-01-24,2,0,39000.0,0,35200.0,0,35000.0,0,33500.0,39500.0,34566.666666666664,4933.333333333336,6000.0,4300.0,6500.0,0.0,0.002964155343147976,0.8,9,0.0,0.007623925110659366,0.0,0.0,-0.01756632371789917,1.246530396614408,0.5905501020184237,2.697963037906381,1.2788595057634893,0.7448550450621516,2.697963037906381,1.2465303966144172,0.5447565447306376,2.697963037906381,1.2783886060635248,0.7137894346232321,2.697963037906381,0.0,,,,,,,,,,,,,,,,,,,,0.0,0.0,2025-01-29,0.0,0.0,0.0,2025-02-03,0.0,0.0,0.0,2025-02-10,-0.012739025777429714,-500.0,-1.0,2025-02-24,-0.02824321231339505,-1100.0,-1.0,2025-03-10,-0.023048395436291017,-900.0,-1.0,2025-03-25,0.0,0.0,0.0,2025-04-24,0.0025284463533586906,100.0,1.0
2025-01-27,Mon,40000.0,40000.0,40000.0,39500.0,38000.0,37000.0,39000.0,38000.0,35200.0,35000.0,33500.0,0.0,2025-01-27,2,0,39000.0,0,35200.0,0,35000.0,0,33500.0,39500.0,34566.666666666664,4933.333333333336,6000.0,4300.0,6500.0,0.0,0.002873855230246286,0.8,12,0.0,0.005076153031860568,0.0,0.0,-0.02500130220541727,1.2063450810459455,0.5895858796352762,2.697963037906381,1.2373332164063,0.7384949791822892,2.697963037906381,1.2063450810459513,0.545157362920202,2.697963037906381,1.2369714489331818,0.7075862261204692,2.697963037906381,0.0,,,,,,,,,,,,,,,,,,,,0.0,0.0,2025-02-01,0.0,0.0,0.0,2025-02-06,0.0,0.0,0.0,2025-02-12,-0.012739025777429714,-500.0,-1.0,2025-02-26,-0.02564243061333767,-1000.0,-1.0,2025-03-13,-0.023048395436291017,-900.0,-1.0,2025-03-28,0.0050505157860685716,200.0,1.0,2025-04-28,-0.007623925110659371,-300.0,-1.0
2025-01-28,Tue,40000.0,40000.0,40000.0,39500.0,38000.0,37000.0,39000.0,38000.0,35200.0,35000.0,33500.0,0.0,2025-01-28,2,0,39000.0,0,35200.0,0,35000.0,0,33500.0,39500.0,34566.666666666664,4933.333333333336,6000.0,4300.0,6500.0,0.0,0.0027863060225590975,0.8,13,0.0,0.0,0.0,0.0,-0.02500130220541727,1.1656779360971163,0.5886228383678098,2.697963037906381,1.1952783123064108,0.7321825716359193,2.697963037906381,1.1656779360971243,0.545558388585807,2.697963037906381,1.1949630362485988,0.7014270305583282,2.697963037906381,0.0,,,,,,,,,,,,,,,,,,,,0.0,0.0,2025-02-03,0.0,0.0,0.0,2025-02-10,-0.012739025777429714,-500.0,-1.0,2025-02-12,-0.012739025777429714,-500.0,-1.0,2025-02-27,-0.02564243061333767,-1000.0,-1.0,2025-03-15,-0.023048395436291017,-900.0,-1.0,2025-03-29,0.0050505157860685716,200.0,1.0,2025-04-28,-0.007623925110659371,-300.0,-1.0
2025-01-29,Wed,40000.0,40000.0,40000.0,39500.0,38000.0,37000.0,39000.0,38000.0,35400.0,35200.0,33700.0,0.0,2025-01-29,2,0,39000.0,0,35400.0,0,35200.0,0,33700.0,39500.0,34766.666666666664,4733.333333333336,5800.0,4100.0,6300.0,0.0,0.002701423916431509,0.8,14,0.0,0.0,0.0,0.0,-0.01756632371789917,0.7551991078276511,0.21557676914283228,1.7782029113473874,0.7861715314342939,0.35053028505460887,2.023472278429786,0.7551991078276553,0.18023527272012044,1.7782029113473874,0.7879980511367317,0.318600144860335,2.023472278429786,0.0,,,,,,,,,,,,,,,,,,,,0.0,0.0,2025-02-03,0.0,0.0,0.0,2025-02-10,-0.012739025777429714,-500.0,-1.0,2025-02-13,-0.012739025777429714,-500.0,-1.0,2025-02-28,-0.02564243061333767,-1000.0,-1.0,2025-03-15,-0.023048395436291017,-900.0,-1.0,2025-03-31,0.01007565198874164,400.0,1.0,2025-04-29,-0.012739025777429714,-500.0,-1.0
2025-01-30,Thu,40000.0,40000.0,40000.0,39500.0,38000.0,37000.0,39000.0,38000.0,35400.0,35200.0,33700.0,0.0,2025-01-30,2,0,39000.0,0,35400.0,0,35200.0,0,33700.0,39500.0,34766.666666666664,4733.333333333336,5800.0,4100.0,6300.0,0.0,0.0026191276612055514,0.8,15,0.0,0.0,0.0,0.0,-0.0050505157860685915,0.7339286325194787,0.21920960462135552,1.5738117721120557,0.7644344995447288,0.34881719896465835,2.023472278429786,0.7339286325194826,0.1848788300146504,1.5738117721120557,0.7663021147968407,0.318600144860335,2.023472278429786,0.0,,,,,,,,,,,,,,,,,,,,0.0,0.0,2025-02-04,0.0,0.0,0.0,2025-02-10,-0.012739025777429714,-500.0,-1.0,2025-02-14,-0.01788042527784841,-700.0,-1.0,2025-03-01,-0.02564243061333767,-1000.0,-1.0,2025-03-17,-0.023048395436291017,-900.0,-1.0,2025-03-31,0.01007565198874164,400.0,1.0,2025-04-30,-0.012739025777429714,-500.0,-1.0
2025-01-31,Fri,40000.0,40000.0,40000.0,39500.0,38000.0,37000.0,39000.0,38000.0,35400.0,35200.0,33700.0,0.0,2025-01-31,2,0,39000.0,0,35400.0,0,35200.0,0,33700.0,39500.0,34766.666666666664,4733.333333333336,5800.0,4100.0,6300.0,0.0,0.002539338481445618,0.8,16,0.0,0.0,0.0,0.0,-0.0050505157860685915,0.7130650975764047,0.2228555721872044,1.3989437974329382,0.7431450081763753,0.3471064189029268,2.023472278429786,0.7130650975764067,0.18954438952331998,1.3989437974329382,0.7450545777329699,0.318600144860335,1.6187778227438285,0.0,,,,,,,,,,,,,,,,,,,,0.0,0.0,2025-02-05,0.0,0.0,0.0,2025-02-10,-0.012739025777429714,-500.0,-1.0,2025-02-17,-0.02564243061333767,-1000.0,-1.0,2025-03-03,-0.02564243061333767,-1000.0,-1.0,2025-03-17,-0.023048395436291017,-900.0,-1.0,2025-04-01,0.015075662405447396,600.0,1.0,2025-05-01,-0.012739025777429714,-500.0,-1.0
2025-02-01,Sat,40000.0,40000.0,40000.0,39500.0,38000.0,37000.0,39000.0,38000.0,35400.0,35200.0,33700.0,0.0,2025-02-01,2,0,39000.0,0,35400.0,0,35200.0,0,33700.0,39500.0,34766.666666666664,4733.333333333336,5800.0,4100.0,6300.0,0.0,0.0024619800015332183,0.8,17,0.0,0.0,0.0,0.0,0.0,0.6977447037794964,0.22651488488750943,1.2590494176896443,0.7275203931400526,0.3453979273864533,1.6187778227438285,0.6977447037795008,0.19423241827332208,1.2590494176896443,0.729472945285185,0.318600144860335,1.3489815189531904,0.0,,,,,,,,,,,,,,,,,,,,0.0,0.0,2025-02-06,0.0,0.0,0.0,2025-02-12,-0.012739025777429714,-500.0,-1.0,2025-02-17,-0.02564243061333767,-1000.0,-1.0,2025-03-03,-0.02564243061333767,-1000.0,-1.0,2025-03-18,-0.023048395436291017,-900.0,-1.0,2025-04-02,0.015075662405447396,600.0,1.0,2025-05-02,-0.012739025777429714,-500.0,-1.0
2025-02-03,Mon,40000.0,40000.0,40000.0,39500.0,38000.0,37000.0,39000.0,38000.0,35100.0,34900.0,33400.0,0.0,2025-02-03,2,0,39000.0,0,35100.0,0,34900.0,0,33400.0,39500.0,34466.666666666664,5033.333333333336,6100.0,4400.0,6600.0,0.0,0.002386978172558881,0.8,19,0.0,0.0,0.0,0.0,0.0,1.2309051134880815,0.7904410444980107,1.9335401771662397,1.255474276172154,0.9056246102514883,2.023472278429786,1.2309051134880882,0.7506664174410733,1.9335401771662397,1.2543170662911696,0.8828892056056881,2.023472278429786,0.0,,,,,,,,,,,,,,,,,,,,0.0,0.0,2025-02-10,-0.012739025777429714,-500.0,-1.0,2025-02-13,-0.012739025777429714,-500.0,-1.0,2025-02-18,-0.030850775720475933,-1200.0,-1.0,2025-03-05,-0.02564243061333767,-1000.0,-1.0,2025-03-20,-0.015306421282675545,-600.0,-1.0,2025-04-04,0.025001302205417186,1000.0,1.0,2025-05-05,-0.012739025777429714,-500.0,-1.0
2025-02-04,Tue,40000.0,40000.0,40000.0,39500.0,38000.0,37000.0,39000.0,38000.0,35000.0,34800.0,33300.0,0.0,2025-02-04,2,0,39000.0,0,35000.0,0,34800.0,0,33300.0,39500.0,34366.666666666664,5133.333333333336,6200.0,4500.0,6700.0,0.0,0.002314261201441225,0.8,20,0.0,0.0,0.0,0.0,0.0,1.3728192376465713,0.9736607545410045,2.1583704303251046,1.3946808289834491,1.082437409733128,2.2483025315886507,1.3728192376465767,0.9327500693447955,2.1583704303251046,1.39260747843743,1.0623915688142636,2.2483025315886507,0.0,,,,,,,,,,,,,,,,,,,,0.0,0.0,2025-02-10,-0.012739025777429714,-500.0,-1.0,2025-02-14,-0.01788042527784841,-700.0,-1.0,2025-02-19,-0.030850775720475933,-1200.0,-1.0,2025-03-06,-0.023048395436291017,-900.0,-1.0,2025-03-21,-0.010178204915756153,-400.0,-1.0,2025-04-05,0.022529113060028104,900.0,1.0,2025-05-05,-0.012739025777429714,-500.0,-1.0
2025-02-05,Wed,40000.0,40000.0,40000.0,39500.0,38000.0,37000.0,39000.0,38000.0,34700.0,34500.0,33000.0,0.0,2025-02-05,2,0,39000.0,0,34700.0,0,34500.0,0,33000.0,39500.0,34066.666666666664,5433.333333333336,6500.0,4800.0,7000.0,0.0,0.002243759482205348,0.8,21,0.0,0.0,0.005076153031860568,0.0,0.0,1.8658493821431363,1.5246669734690128,2.8142545481609664,1.8806496219895856,1.6270777092807815,3.3724537973829762,1.8658493821431443,1.4776434130377576,2.8142545481609664,1.8755288689985832,1.6112139461187218,3.3724537973829762,0.0,,,,,,,,,,,,,,,,,,,,0.0,0.0,2025-02-10,-0.012739025777429714,-500.0,-1.0,2025-02-17,-0.02564243061333767,-1000.0,-1.0,2025-02-20,-0.030850775720475933,-1200.0,-1.0,2025-03-07,-0.023048395436291017,-900.0,-1.0,2025-03-22,-0.010178204915756153,-400.0,-1.0,2025-04-07,0.022529113060028104,900.0,1.0,2025-05-06,-0.012739025777429714,-500.0,-1.0
2025-02-06,Thu,40000.0,40000.0,40000.0,39500.0,38000.0,37000.0,39000.0,38000.0,34700.0,34500.0,33000.0,0.0,2025-02-06,2,0,39000.0,0,34700.0,0,34500.0,0,33000.0,39500.0,34066.666666666664,5433.333333333336,6500.0,4800.0,7000.0,0.0,0.0021754055293547515,0.85,22,0.0,0.0,0.007623925110659366,0.0,0.0,1.7811847366639346,1.5016459905731354,2.114619678359055,1.7942455617948814,1.5955897116327051,2.697963037906381,1.781184736663942,1.4575067804464235,2.114619678359055,1.7895106332623105,1.5817421251523043,2.3125397467768978,0.0,,,,,,,,,,,,,,,,,,,,0.0,0.0,2025-02-12,-0.012739025777429714,-500.0,-1.0,2025-02-17,-0.02564243061333767,-1000.0,-1.0,2025-02-21,-0.030850775720475933,-1200.0,-1.0,2025-03-08,-0.023048395436291017,-900.0,-1.0,2025-03-24,-0.005076153031860661,-200.0,-1.0,2025-04-07,0.022529113060028104,900.0,1.0,2025-05-07,-0.007623925110659371,-300.0,-1.0
2025-02-10,Mon,39500.0,39500.0,39500.0,39000.0,37500.0,36000.0,38000.0,37000.0,34900.0,34700.0,33200.0,-500.0,2025-02-10,2,0,38000.0,0,34900.0,0,34700.0,0,33200.0,39000.0,34266.666666666664,4733.333333333336,5800.0,4100.0,6300.0,-0.012739025777429802,0.002109133913273027,0.9,0,-0.012739025777429714,-0.012739025777429714,-0.007662872745569137,-0.012739025777429714,-0.0177895415634983,0.489785745080701,0.1938643204679705,0.7215482543237995,0.5167126508784144,0.2850071738100315,0.9635582278237075,0.48978574508070166,0.1683043452904865,0.7215482543237995,0.5193494127906911,0.266541786501668,0.7494341771962169,0.0,,,,,,,,,,,,,,,,,,,,0.0,0.0,2025-02-17,-0.012903404835907841,-500.0,-1.0,2025-02-20,-0.01811174994304617,-700.0,-1.0,2025-02-25,-0.012903404835907841,-500.0,-1.0,2025-03-12,-0.010309369658861213,-400.0,-1.0,2025-03-27,0.01778954156349824,700.0,1.0,2025-04-11,0.03278982282299097,1300.0,1.0,2025-05-12,0.010204170174241668,400.0,1.0
2025-02-12,Wed,39500.0,39500.0,39500.0,39000.0,37500.0,36000.0,38000.0,36700.0,34700.0,34500.0,33000.0,0.0,2025-02-12,2,0,38000.0,0,34700.0,0,34500.0,0,33000.0,39000.0,34066.666666666664,4933.333333333336,6000.0,4300.0,6500.0,0.0,0.003730751369061272,0.9,2,-0.012739025777429714,-0.012739025777429714,-0.012739025777429714,-0.012739025777429714,-0.012739025777429714,0.8177706252195034,0.5605460351897336,0.967747611422941,0.8399623785007186,0.6461944995391842,1.0492078480747036,0.8177706252195073,0.5315696778855865,0.967747611422941,0.8405691172344053,0.6309636891075218,0.9442870632672333,0.0,,,,,,,,,,,,,,,,,,,,0.0,0.0,2025-02-17,-0.012903404835907841,-500.0,-1.0,2025-02-22,-0.01811174994304617,-700.0,-1.0,2025-02-27,-0.012903404835907841,-500.0,-1.0,2025-03-15,-0.010309369658861213,-400.0,-1.0,2025-03-29,0.01778954156349824,700.0,1.0,2025-04-14,0.03278982282299097,1300.0,1.0,2025-05-14,0.010204170174241668,400.0,1.0
2025-02-13,Thu,39500.0,39500.0,39500.0,39000.0,37500.0,36000.0,38000.0,36700.0,34700.0,34500.0,33000.0,0.0,2025-02-13,2,0,38000.0,0,34700.0,0,34500.0,0,33000.0,39000.0,34066.666666666664,4933.333333333336,6000.0,4300.0,6500.0,0.0,0.0036170976529653442,0.95,3,-0.012739025777429714,-0.012739025777429714,-0.012739025777429714,-0.012739025777429714,-0.012739025777429714,0.7898143384834334,0.5563969863978527,0.8993210126354603,0.8115245075405495,0.6376675867214969,1.011736139214893,0.789814338483434,0.5286557235751079,0.8993210126354603,0.8121096077509534,0.6238353412450338,1.011736139214893,0.0,,,,,,,,,,,,,,,,,,,,0.0,0.0,2025-02-18,-0.01811174994304617,-700.0,-1.0,2025-02-24,-0.015504186535965199,-600.0,-1.0,2025-02-28,-0.012903404835907841,-500.0,-1.0,2025-03-15,-0.010309369658861213,-400.0,-1.0,2025-03-31,0.022814677766171264,900.0,1.0,2025-04-14,0.03278982282299097,1300.0,1.0,2025-05-14,0.010204170174241668,400.0,1.0
2025-02-14,Fri,39300.0,39300.0,39300.0,38800.0,37300.0,35800.0,37900.0,36700.0,34500.0,34300.0,32800.0,-200.0,2025-02-14,2,0,37900.0,0,34500.0,0,34300.0,0,32800.0,38800.0,33866.666666666664,4933.333333333336,6000.0,4300.0,6500.0,-0.005141399500418586,0.0035069062869175953,0.95,0,-0.01788042527784841,-0.01788042527784841,-0.01788042527784841,-0.01788042527784841,-0.01788042527784841,0.7637350349132962,0.5522655708893913,0.6205314987184676,0.7851431378589342,0.6292027546324764,0.6744907594765952,0.7637350349132996,0.5257507796946271,0.6205314987184676,0.7857795562376763,0.6167546027424619,0.6744907594765952,0.0,,,,,,,,,,,,,,,,,,,,0.0,0.0,2025-02-19,-0.012970350442627404,-500.0,-1.0,2025-02-24,-0.010362787035546547,-400.0,-1.0,2025-03-01,-0.007762005335489189,-300.0,-1.0,2025-03-17,-0.005167970158442561,-200.0,-1.0,2025-03-31,0.027956077266589916,1100.0,1.0,2025-04-15,0.032956087683295845,1300.0,1.0,2025-05-16,0.01534556967466032,600.0,1.0
2025-02-17,Mon,39000.0,39000.0,39000.0,38500.0,37000.0,35500.0,37500.0,36200.0,34200.0,34000.0,32500.0,-300.0,2025-02-17,2,0,37500.0,0,34200.0,0,34000.0,0,32500.0,38500.0,33566.666666666664,4933.333333333336,6000.0,4300.0,6500.0,-0.007762005335489874,0.0036258140509798755,0.9,0,-0.02564243061333767,-0.02564243061333767,-0.02564243061333767,-0.02564243061333767,-0.02564243061333767,0.7381585520812372,0.5481515300470271,0.6205314987184676,0.759308914626782,0.6207980710327115,0.6744907594765952,0.7381585520812404,0.5228547525126964,0.6205314987184676,0.7599978832292414,0.6097202845297772,0.6744907594765952,0.0,,,,,,,,,,,,,,,,,,,,0.0,0.0,2025-02-22,-0.005208345107138235,-200.0,-1.0,2025-02-27,0.0,0.0,0.0,2025-03-04,0.0,0.0,0.0,2025-03-19,0.002594035177046528,100.0,1.0,2025-04-03,0.048171543673365756,1900.0,1.0,2025-04-18,0.028170876966696224,1100.0,1.0,2025-05-19,0.018018505502678212,700.0,1.0
2025-02-18,Tue,38800.0,38800.0,38800.0,38300.0,37000.0,35300.0,37400.0,36200.0,34200.0,34000.0,32500.0,-200.0,2025-02-18,2,0,37400.0,0,34200.0,0,34000.0,0,32500.0,38340.0,33566.666666666664,4773.333333333336,5800.0,4140.0,6300.0,-0.0052083451071389675,0.003996580975038103,0.85,0,-0.01811174994304617,-0.030850775720475933,-0.030850775720475933,-0.030850775720475933,-0.030850775720475933,0.43064410571570905,0.25178128805368116,0.40469445568595713,0.3872120862431848,0.24861898709484045,0.40469445568595713,0.4306441057157084,0.23092942115530754,0.40469445568595713,0.3903158845839327,0.23743957340849522,0.40469445568595713,0.0,,,,,,,,,,,,,,,,,,,,0.0,0.0,2025-02-24,0.0026075634070807695,100.0,1.0,2025-02-28,0.00520834510713826,200.0,1.0,2025-03-05,0.00520834510713826,200.0,1.0,2025-03-20,0.015544354437800379,600.0,1.0,2025-04-04,0.05585207792589321,2200.0,1.0,2025-04-21,0.023226850609816555,900.0,1.0,2025-05-19,0.023226850609816555,900.0,1.0
2025-02-19,Wed,38800.0,38800.0,38800.0,38300.0,37000.0,35300.0,37400.0,36200.0,34400.0,34200.0,32700.0,0.0,2025-02-19,2,0,37400.0,0,34400.0,0,34200.0,0,32700.0,38340.0,33766.666666666664,4573.333333333336,5600.0,3940.0,6100.0,0.0,0.0040794498950149916,0.8,1,-0.01811174994304617,-0.030850775720475933,-0.030850775720475933,-0.030850775720475933,-0.030850775720475933,0.05338306899636531,-0.11306928858143443,0.13489815189531904,0.017468883506660614,-0.11822205616188794,0.13489815189531904,0.05338306899636703,-0.12892586966699116,0.13489815189531904,0.023127747004183366,-0.12934527315029268,0.13489815189531904,0.0,,,,,,,,,,,,,,,,,,,,0.0,0.0,2025-02-24,0.0026075634070807695,100.0,1.0,2025-03-01,0.00520834510713826,200.0,1.0,2025-03-06,0.0078023802841848,300.0,1.0,2025-03-21,0.020672570804719882,800.0,1.0,2025-04-05,0.05337988878050402,2100.0,1.0,2025-04-21,0.023226850609816555,900.0,1.0,2025-05-20,0.018111749943046103,700.0,1.0
2025-02-20,Thu,38800.0,38800.0,38800.0,38300.0,37000.0,35300.0,37300.0,36100.0,34400.0,34200.0,32700.0,0.0,2025-02-20,2,0,37300.0,0,34400.0,0,34200.0,0,32700.0,38340.0,33766.666666666664,4573.333333333336,5600.0,3940.0,6100.0,0.0,0.003955173417080666,0.8,2,-0.01811174994304617,-0.030850775720475933,-0.030850775720475933,-0.030850775720475933,-0.030850775720475933,0.03475679834632928,-0.1063931066883349,0.07025945411214533,0.0,-0.11375690759606806,0.06744907594765952,0.03475679834632853,-0.12142513706005237,0.07025945411214533,0.005834237792702567,-0.12486458275907177,0.06744907594765952,0.0,,,,,,,,,,,,,,,,,,,,0.0,0.0,2025-02-25,0.00520834510713826,200.0,1.0,2025-03-03,0.00520834510713826,200.0,1.0,2025-03-07,0.0078023802841848,300.0,1.0,2025-03-22,0.020672570804719882,800.0,1.0,2025-04-07,0.05337988878050402,2100.0,1.0,2025-04-21,0.023226850609816555,900.0,1.0,2025-05-21,0.012970350442627405,500.0,1.0
2025-02-21,Fri,38800.0,38800.0,38800.0,38300.0,37000.0,35300.0,37300.0,36100.0,34400.0,34200.0,32700.0,0.0,2025-02-21,2,0,37300.0,0,34400.0,0,34200.0,0,32700.0,38340.0,33766.666666666664,4573.333333333336,5600.0,3940.0,6100.0,0.0,0.003834682901314092,0.8,3,-0.012970350442627404,-0.030850775720475933,-0.030850775720475933,-0.025774622688615252,-0.025774622688615252,0.015750520234050835,-0.10257893326925951,0.0,-0.0178035312430801,-0.112236373439728,0.0,0.015750520234050037,-0.11668955904594354,0.0,-0.011779706908965635,-0.12333564380817003,0.0,0.0,,,,,,,,,,,,,,,,,,,,0.0,0.0,2025-02-26,0.00520834510713826,200.0,1.0,2025-03-03,0.00520834510713826,200.0,1.0,2025-03-08,0.0078023802841848,300.0,1.0,2025-03-24,0.025774622688615155,1000.0,1.0,2025-04-07,0.05337988878050402,2100.0,1.0,2025-04-24,0.03337922207383461,1300.0,1.0,2025-05-22,0.0078023802841848,300.0,1.0
2025-02-22,Sat,38800.0,38800.0,38800.0,38300.0,37000.0,35300.0,37300.0,36000.0,34400.0,34200.0,32700.0,0.0,2025-02-22,2,0,37300.0,0,34400.0,0,34200.0,0,32700.0,38340.0,33766.666666666664,4573.333333333336,5600.0,3940.0,6100.0,0.0,0.0037178630120558265,0.8,4,-0.005208345107138235,-0.030850775720475933,-0.030850775720475933,-0.023226850609816545,-0.030850775720475933,-0.008636381640623273,-0.10237350707903854,0.0,-0.04230608392793879,-0.11537421479484875,0.0,-0.008636381640622444,-0.1154742113939036,0.0,-0.035974205377068545,-0.12489963279515681,0.0,0.0,,,,,,,,,,,,,,,,,,,,0.0,0.0,2025-02-27,0.00520834510713826,200.0,1.0,2025-03-04,0.00520834510713826,200.0,1.0,2025-03-10,0.0078023802841848,300.0,1.0,2025-03-24,0.025774622688615155,1000.0,1.0,2025-04-08,0.04592643812592321,1800.0,1.0,2025-04-24,0.03337922207383461,1300.0,1.0,2025-05-23,0.0078023802841848,300.0,1.0
2025-02-24,Mon,38900.0,38900.0,38900.0,38400.0,37100.0,35400.0,37400.0,36100.0,34700.0,34500.0,33000.0,100.0,2025-02-24,2,0,37400.0,0,34700.0,0,34500.0,0,33000.0,38440.0,34066.666666666664,4373.333333333336,5400.0,3740.0,5900.0,0.002607563407082125,0.0036046019272352463,0.8,0,0.0026075634070807695,-0.015504186535965199,-0.02824321231339505,-0.023167059281534418,-0.02824321231339505,-0.409331563656523,-0.4691515625318273,-0.3372453797382976,-0.4277824772344472,-0.48319263325684364,-0.3372453797382976,-0.4093315636565243,-0.47759287635040143,-0.3372453797382976,-0.4277824772344436,-0.49214680076807077,-0.3372453797382976,0.0,,,,,,,,,,,,,,,,,,,,0.0,0.0,2025-03-01,0.0026007817000574403,100.0,1.0,2025-03-06,0.00519481687710393,200.0,1.0,2025-03-11,0.00519481687710393,200.0,1.0,2025-03-26,0.02824321231339494,1100.0,1.0,2025-04-10,0.0458095360312942,1800.0,1.0,2025-04-28,0.02061928720273561,800.0,1.0,2025-05-26,0.00519481687710393,200.0,1.0
2025-02-25,Tue,39000.0,39000.0,39000.0,38500.0,37200.0,35500.0,37500.0,36200.0,34700.0,34500.0,33000.0,100.0,2025-02-25,2,0,37500.0,0,34700.0,0,34500.0,0,33000.0,38540.0,34066.666666666664,4473.333333333336,5500.0,3840.0,6000.0,0.0026007817000568423,0.003552679125099196,0.75,0,0.00520834510713826,-0.012903404835907841,-0.02564243061333767,-0.02564243061333767,-0.02564243061333767,-0.24904399920960463,-0.2853957108514193,-0.1686226898691488,-0.272311202339692,-0.3064853527281709,-0.1686226898691488,-0.24904399920960313,-0.29454382692445225,-0.1686226898691488,-0.27231120233968964,-0.30930588407405085,-0.1686226898691488,0.0,,,,,,,,,,,,,,,,,,,,0.0,0.0,2025-03-03,0.0,0.0,0.0,2025-03-07,0.002594035177046528,100.0,1.0,2025-03-12,0.002594035177046528,100.0,1.0,2025-03-27,0.030692946399406198,1200.0,1.0,2025-04-11,0.04569322765889877,1800.0,1.0,2025-04-28,0.018018505502678212,700.0,1.0,2025-05-26,0.002594035177046528,100.0,1.0
2025-02-26,Wed,39000.0,39000.0,39000.0,38500.0,37200.0,35500.0,37500.0,36200.0,34700.0,34500.0,33000.0,0.0,2025-02-26,2,0,37500.0,0,34700.0,0,34500.0,0,33000.0,38540.0,34066.666666666664,4473.333333333336,5500.0,3840.0,6000.0,0.0,0.0035028675617330566,0.7,1,0.00520834510713826,-0.012903404835907841,-0.02564243061333767,-0.02564243061333767,-0.02564243061333767,-0.2825400715690543,-0.28484977962988267,-0.1686226898691488,-0.30552082554945703,-0.3159799540166678,-0.1686226898691488,-0.28254007156905364,-0.2914236495599559,-0.1686226898691488,-0.305520825549454,-0.31282816226139515,-0.1686226898691488,0.0,,,,,,,,,,,,,,,,,,,,0.0,0.0,2025-03-03,0.0,0.0,0.0,2025-03-08,0.002594035177046528,100.0,1.0,2025-03-13,0.002594035177046528,100.0,1.0,2025-03-28,0.030692946399406198,1200.0,1.0,2025-04-12,0.04569322765889877,1800.0,1.0,2025-04-28,0.018018505502678212,700.0,1.0,2025-05-27,-0.0026007817000573675,-100.0,-1.0
2025-02-27,Thu,39000.0,39000.0,39000.0,38500.0,37200.0,35500.0,37500.0,36200.0,34900.0,34700.0,33200.0,0.0,2025-02-27,2,0,37500.0,0,34900.0,0,34700.0,0,33200.0,38540.0,34266.666666666664,4273.333333333336,5300.0,3640.0,5800.0,0.0,0.0033961561044420774,0.7,2,0.00520834510713826,-0.007762005335489189,-0.02564243061333767,-0.02564243061333767,-0.02564243061333767,-0.7122872961291244,-0.6421701682665478,-0.5324927048499436,-0.7235451777703094,-0.6764221093628997,-0.5058680696074465,-0.7122872961291259,-0.6450038113394754,-0.5324927048499436,-0.7235451777703017,-0.6714063561493492,-0.5058680696074465,0.0,,,,,,,,,,,,,,,,,,,,0.0,0.0,2025-03-04,0.0,0.0,0.0,2025-03-10,0.002594035177046528,100.0,1.0,2025-03-15,0.002594035177046528,100.0,1.0,2025-03-29,0.030692946399406198,1200.0,1.0,2025-04-14,0.04569322765889877,1800.0,1.0,2025-04-28,0.018018505502678212,700.0,1.0,2025-05-28,-0.010443959161083262,-400.0,-1.0
2025-02-28,Fri,39000.0,39000.0,39000.0,38500.0,37200.0,35500.0,37500.0,36200.0,34900.0,34700.0,33200.0,0.0,2025-02-28,2,0,37500.0,0,34900.0,0,34700.0,0,33200.0,38540.0,34266.666666666664,4273.333333333336,5300.0,3640.0,5800.0,0.0,0.003292695508029073,0.7,3,0.00520834510713826,0.0,-0.02564243061333767,-0.02564243061333767,-0.02564243061333767,-0.7122872961291262,-0.6302158320487733,-0.5324927048499436,-0.7235451777703094,-0.6639782123434221,-0.5058680696074465,-0.7122872961291259,-0.6334308154512039,-0.5324927048499436,-0.7235451777703017,-0.6589331964359015,-0.5058680696074465,0.0,,,,,,,,,,,,,,,,,,,,0.0,0.0,2025-03-05,0.0,0.0,0.0,2025-03-10,0.002594035177046528,100.0,1.0,2025-03-15,0.002594035177046528,100.0,1.0,2025-03-31,0.035718082602079246,1400.0,1.0,2025-04-14,0.04569322765889877,1800.0,1.0,2025-04-29,0.012903404835907782,500.0,1.0,2025-05-29,-0.01570712920535788,-600.0,-1.0
2025-03-01,Sat,39000.0,39000.0,39000.0,38500.0,37200.0,35500.0,37500.0,36200.0,34900.0,34700.0,33200.0,0.0,2025-03-01,2,0,37500.0,0,34900.0,0,34700.0,0,33200.0,38540.0,34266.666666666664,4273.333333333336,5300.0,3640.0,5800.0,0.0,0.0031923867381755525,0.7,4,0.0026007817000574403,0.00520834510713826,-0.02564243061333767,-0.02564243061333767,-0.02564243061333767,-0.7122872961291244,-0.6173778204506437,-0.5324927048499436,-0.7235451777703094,-0.6510486727734662,-0.5058680696074465,-0.7122872961291259,-0.6206490362643022,-0.5324927048499436,-0.7235451777703017,-0.646034708893666,-0.5058680696074465,0.0,,,,,,,,,,,,,,,,,,,,0.0,0.0,2025-03-06,0.002594035177046528,100.0,1.0,2025-03-11,0.002594035177046528,100.0,1.0,2025-03-17,0.002594035177046528,100.0,1.0,2025-03-31,0.035718082602079246,1400.0,1.0,2025-04-15,0.04071809301878498,1600.0,1.0,2025-04-30,0.012903404835907782,500.0,1.0,2025-05-30,-0.02099814683977347,-800.0,-1.0
2025-03-03,Mon,39000.0,39000.0,39000.0,38500.0,37200.0,35500.0,37500.0,36200.0,34900.0,34700.0,33200.0,0.0,2025-03-03,2,0,37500.0,0,34900.0,0,34700.0,0,33200.0,38540.0,34266.666666666664,4273.333333333336,5300.0,3640.0,5800.0,0.0,0.003095133777547328,0.7,6,0.0,0.00520834510713826,-0.02564243061333767,-0.02564243061333767,-0.02564243061333767,-0.7031110067216427,-0.6048671016725143,-0.5324927048499436,-0.7145092690788939,-0.6387799124925531,-0.5058680696074465,-0.7031110067216451,-0.6079500234934264,-0.5324927048499436,-0.7145092690788865,-0.6338210725452184,-0.5058680696074465,0.0,,,,,,,,,,,,,,,,,,,,0.0,0.0,2025-03-08,0.002594035177046528,100.0,1.0,2025-03-13,0.002594035177046528,100.0,1.0,2025-03-18,0.002594035177046528,100.0,1.0,2025-04-02,0.04071809301878498,1600.0,1.0,2025-04-17,0.03320867099665339,1300.0,1.0,2025-05-02,0.012903404835907782,500.0,1.0,2025-06-02,-0.026317308317373417,-1000.0,-1.0
2025-03-04,Tue,39000.0,39000.0,39000.0,38500.0,37200.0,35500.0,37500.0,36200.0,34900.0,34700.0,33200.0,0.0,2025-03-04,2,0,37500.0,0,34900.0,0,34700.0,0,33200.0,38540.0,34266.666666666664,4273.333333333336,5300.0,3640.0,5800.0,0.0,0.003000843533885019,0.7,7,0.0,0.00520834510713826,-0.02564243061333767,-0.02564243061333767,-0.02564243061333767,-0.7031110067216464,-0.5928268019997056,-0.5324927048499436,-0.7145092690788939,-0.6271707895122406,-0.5058680696074465,-0.7031110067216451,-0.5955921064034413,-0.5324927048499436,-0.7145092690788865,-0.6222732146948892,-0.5058680696074465,0.0,,,,,,,,,,,,,,,,,,,,0.0,0.0,2025-03-10,0.002594035177046528,100.0,1.0,2025-03-15,0.002594035177046528,100.0,1.0,2025-03-19,0.002594035177046528,100.0,1.0,2025-04-03,0.048171543673365756,1900.0,1.0,2025-04-18,0.028170876966696224,1100.0,1.0,2025-05-05,0.012903404835907782,500.0,1.0,2025-06-02,-0.026317308317373417,-1000.0,-1.0
2025-03-05,Wed,39000.0,39000.0,39000.0,38500.0,37200.0,35500.0,37500.0,36200.0,35000.0,34800.0,33300.0,0.0,2025-03-05,2,0,37500.0,0,35000.0,0,34800.0,0,33300.0,38540.0,34366.666666666664,4173.333333333336,5200.0,3540.0,5700.0,0.0,0.002909425750894488,0.7,8,0.0,0.00520834510713826,-0.02564243061333767,-0.02564243061333767,-0.02564243061333767,-0.8948201175151055,-0.7770447366743559,-0.7099902731332581,-0.900664391408877,-0.8102234399254641,-0.6744907594765952,-0.8948201175151071,-0.7787874420901484,-0.7099902731332581,-0.9006643914088678,-0.8043762099196206,-0.6744907594765952,0.0,,,,,,,,,,,,,,,,,,,,0.0,0.0,2025-03-10,0.002594035177046528,100.0,1.0,2025-03-15,0.002594035177046528,100.0,1.0,2025-03-20,0.010336009330662073,400.0,1.0,2025-04-04,0.050643732818754936,2000.0,1.0,2025-04-21,0.018018505502678212,700.0,1.0,2025-05-05,0.012903404835907782,500.0,1.0,2025-06-03,-0.026317308317373417,-1000.0,-1.0
2025-03-06,Thu,39100.0,39100.0,39100.0,38600.0,37300.0,35600.0,37600.0,36300.0,35200.0,35000.0,33500.0,100.0,2025-03-06,2,0,37600.0,0,35200.0,0,35000.0,0,33500.0,38640.0,34566.666666666664,4073.3333333333358,5100.0,3440.0,5600.0,0.0025940351770472603,0.0028207929218519176,0.7,0,0.002594035177046528,0.0078023802841848,-0.023048395436291017,-0.023048395436291017,-0.023048395436291017,-1.0893212802647334,-0.9581799189619434,-0.8431134493457441,-1.0896187378344084,-0.9900256857520539,-0.8431134493457441,-1.0893212802647325,-0.9589969719616784,-0.8431134493457441,-1.0896187378343973,-0.983270151890677,-0.8431134493457441,0.0,,,,,,,,,,,,,,,,,,,,0.0,0.0,2025-03-11,0.0,0.0,0.0,2025-03-17,0.0,0.0,0.0,2025-03-21,0.012870190520534956,500.0,1.0,2025-04-05,0.045577508496319155,1800.0,1.0,2025-04-21,0.01542447032563173,600.0,1.0,2025-05-05,0.010309369658861287,400.0,1.0,2025-06-04,-0.028911343494420035,-1100.0,-1.0
2025-03-07,Fri,39100.0,39100.0,39100.0,38600.0,37300.0,35600.0,37600.0,36300.0,35200.0,35000.0,33500.0,0.0,2025-03-07,2,0,37600.0,0,35200.0,0,35000.0,0,33500.0,38640.0,34566.666666666664,4073.3333333333358,5100.0,3440.0,5600.0,0.0,0.002807703947263173,0.65,1,0.002594035177046528,0.00519481687710393,-0.010309369658861213,-0.023048395436291017,-0.023048395436291017,-1.097102776576734,-0.9452671454399391,-0.8431134493457441,-1.097170602175994,-0.9782004615203284,-0.8431134493457441,-1.0971027765767343,-0.9452671454399385,-0.8431134493457441,-1.0971706021759826,-0.9715662660053174,-0.8431134493457441,0.0,,,,,,,,,,,,,,,,,,,,0.0,0.0,2025-03-12,0.0,0.0,0.0,2025-03-17,0.0,0.0,0.0,2025-03-22,0.012870190520534956,500.0,1.0,2025-04-07,0.045577508496319155,1800.0,1.0,2025-04-21,0.01542447032563173,600.0,1.0,2025-05-06,0.010309369658861287,400.0,1.0,2025-06-06,-0.028911343494420035,-1100.0,-1.0
2025-03-08,Sat,39100.0,39100.0,39100.0,38600.0,37300.0,35600.0,37600.0,36300.0,35200.0,35000.0,33500.0,0.0,2025-03-08,2,0,37600.0,0,35200.0,0,35000.0,0,33500.0,38640.0,34566.666666666664,4073.3333333333358,5100.0,3440.0,5600.0,0.0,0.0027221699741472004,0.7,2,0.002594035177046528,0.002594035177046528,-0.010309369658861213,-0.023048395436291017,-0.023048395436291017,-1.1049789804038548,-0.9317435390602775,-0.8431134493457441,-1.1048115687441662,-0.9639036428653616,-0.8431134493457441,-1.1049789804038566,-0.9317435390602753,-0.8431134493457441,-1.1048115687441549,-0.9573996810200638,-0.8431134493457441,0.0,,,,,,,,,,,,,,,,,,,,0.0,0.0,2025-03-13,0.0,0.0,0.0,2025-03-18,0.0,0.0,0.0,2025-03-24,0.017972242404430436,700.0,1.0,2025-04-07,0.045577508496319155,1800.0,1.0,2025-04-24,0.025576841789649776,1000.0,1.0,2025-05-07,0.01542447032563173,600.0,1.0,2025-06-06,-0.028911343494420035,-1100.0,-1.0
2025-03-10,Mon,39100.0,39100.0,39100.0,38600.0,37300.0,35600.0,37600.0,36300.0,35200.0,35000.0,33500.0,0.0,2025-03-10,2,0,37600.0,0,35200.0,0,35000.0,0,33500.0,38640.0,34566.666666666664,4073.3333333333358,5100.0,3440.0,5600.0,0.0,0.0026392417104273824,0.7,4,0.002594035177046528,0.002594035177046528,-0.010309369658861213,-0.023048395436291017,-0.023048395436291017,-1.1423847281494441,-0.9196520805826158,-0.8431134493457441,-1.1409285909766724,-0.9509953338614177,-0.8431134493457441,-1.142384728149443,-0.9196520805826127,-0.8431134493457441,-1.14092859097666,-0.9446132357368018,-0.8431134493457441,0.0,,,,,,,,,,,,,,,,,,,,0.0,0.0,2025-03-15,0.0,0.0,0.0,2025-03-20,0.007741974153615459,300.0,1.0,2025-03-25,0.02304839543629109,900.0,1.0,2025-04-09,0.040614719154190126,1600.0,1.0,2025-04-24,0.025576841789649776,1000.0,1.0,2025-05-09,0.02051353983310303,800.0,1.0,2025-06-09,-0.03963530685739575,-1500.0,-1.0
2025-03-11,Tue,39100.0,39100.0,39100.0,38600.0,37300.0,35600.0,37600.0,36300.0,35200.0,35000.0,33500.0,0.0,2025-03-11,2,0,37600.0,0,35200.0,0,35000.0,0,33500.0,38640.0,34566.666666666664,4073.3333333333358,5100.0,3440.0,5600.0,0.0,0.002558839775698368,0.7,5,0.002594035177046528,0.002594035177046528,-0.005167970158442561,-0.023048395436291017,-0.023048395436291017,-1.2087713042053356,-0.9048737076734582,-0.8431134493457441,-1.2046876366272974,-0.9356340292496973,-0.8431134493457441,-1.208771304205338,-0.9048737076734578,-0.8431134493457441,-1.204687636627283,-0.9293664997597947,-0.8431134493457441,0.0,,,,,,,,,,,,,,,,,,,,0.0,0.0,2025-03-17,0.0,0.0,0.0,2025-03-21,0.012870190520534956,500.0,1.0,2025-03-26,0.02304839543629109,900.0,1.0,2025-04-10,0.040614719154190126,1600.0,1.0,2025-04-28,0.01542447032563173,600.0,1.0,2025-05-10,0.02051353983310303,800.0,1.0,2025-06-09,-0.03963530685739575,-1500.0,-1.0
2025-03-12,Wed,39100.0,39100.0,39100.0,38600.0,37300.0,35600.0,37600.0,36300.0,35200.0,35000.0,33500.0,0.0,2025-03-12,2,0,37600.0,0,35200.0,0,35000.0,0,33500.0,38640.0,34566.666666666664,4073.3333333333358,5100.0,3440.0,5600.0,0.0,0.002480887207801739,0.75,6,0.0,0.002594035177046528,0.002594035177046528,-0.023048395436291017,-0.023048395436291017,-1.218188439099699,-0.8903011090366011,-0.8431134493457441,-1.2137610752185355,-0.9205004665536813,-0.8431134493457441,-1.2181884390997006,-0.8903011090365991,-0.8431134493457441,-1.2137610752185208,-0.9143429464753612,-0.8431134493457441,0.0,,,,,,,,,,,,,,,,,,,,0.0,0.0,2025-03-17,0.0,0.0,0.0,2025-03-22,0.012870190520534956,500.0,1.0,2025-03-27,0.02809891122235965,1100.0,1.0,2025-04-11,0.04309919248185206,1700.0,1.0,2025-04-28,0.01542447032563173,600.0,1.0,2025-05-12,0.02051353983310303,800.0,1.0,2025-06-10,-0.03963530685739575,-1500.0,-1.0
2025-03-13,Thu,39100.0,39100.0,39100.0,38600.0,37300.0,35600.0,37600.0,36300.0,35200.0,35000.0,33500.0,0.0,2025-03-13,2,0,37600.0,0,35200.0,0,35000.0,0,33500.0,38640.0,34566.666666666664,4073.3333333333358,5100.0,3440.0,5600.0,0.0,0.002405309389156466,0.8,7,0.0,0.002594035177046528,0.0078023802841848,-0.023048395436291017,-0.023048395436291017,-1.2097134752153809,-0.8760381036573287,-0.8431134493457441,-1.2055694811466944,-0.906183939065564,-0.8431134493457441,-1.2097134752153795,-0.8760381036573267,-0.8431134493457441,-1.2055694811466797,-0.8995322628491893,-0.8431134493457441,0.0,,,,,,,,,,,,,,,,,,,,0.0,0.0,2025-03-18,0.0,0.0,0.0,2025-03-24,0.017972242404430436,700.0,1.0,2025-03-28,0.02809891122235965,1100.0,1.0,2025-04-12,0.04309919248185206,1700.0,1.0,2025-04-28,0.01542447032563173,600.0,1.0,2025-05-12,0.02051353983310303,800.0,1.0,2025-06-11,-0.04233436382656077,-1600.0,-1.0
2025-03-15,Sat,39100.0,39100.0,39100.0,38600.0,37300.0,35600.0,37600.0,36300.0,35200.0,35000.0,33500.0,0.0,2025-03-15,2,0,37600.0,0,35200.0,0,35000.0,0,33500.0,38640.0,34566.666666666664,4073.3333333333358,5100.0,3440.0,5600.0,0.0,0.002332033975333635,0.85,9,0.0,0.002594035177046528,0.0078023802841848,-0.023048395436291017,-0.023048395436291017,-1.2013411901319444,-0.8618488353135664,-0.8431134493457441,-1.197473974235249,-0.8914710608563027,-0.8431134493457441,-1.201341190131946,-0.8618488353135669,-0.8431134493457441,-1.1974739742352347,-0.8849245795443681,-0.8431134493457441,0.0,,,,,,,,,,,,,,,,,,,,0.0,0.0,2025-03-20,0.007741974153615459,300.0,1.0,2025-03-25,0.02304839543629109,900.0,1.0,2025-03-31,0.0331240474250325,1300.0,1.0,2025-04-14,0.04309919248185206,1700.0,1.0,2025-04-29,0.010309369658861287,400.0,1.0,2025-05-14,0.02051353983310303,800.0,1.0,2025-06-13,-0.03963530685739575,-1500.0,-1.0
2025-03-17,Mon,39100.0,39100.0,39100.0,38600.0,37300.0,35600.0,37600.0,36300.0,35300.0,35100.0,33600.0,0.0,2025-03-17,2,0,37600.0,0,35300.0,0,35100.0,0,33600.0,38640.0,34666.666666666664,3973.3333333333358,5000.0,3340.0,5500.0,0.0,0.002260990825807078,0.85,11,0.0,0.002594035177046528,0.0078023802841848,-0.023048395436291017,-0.023048395436291017,-1.4253135004330582,-1.0356902007479556,-1.011736139214893,-1.4144624486969812,-1.0619027911518995,-1.011736139214893,-1.4253135004330568,-1.0356902007479551,-1.011736139214893,-1.4144624486969644,-1.0547454511867118,-1.011736139214893,0.0,,,,,,,,,,,,,,,,,,,,0.0,0.0,2025-03-22,0.012870190520534956,500.0,1.0,2025-03-27,0.02809891122235965,1100.0,1.0,2025-04-01,0.038124057841738244,1500.0,1.0,2025-04-16,0.035627177643151035,1400.0,1.0,2025-05-01,0.010309369658861287,400.0,1.0,2025-05-16,0.02051353983310303,800.0,1.0,2025-06-17,-0.03963530685739575,-1500.0,-1.0
2025-03-18,Tue,39100.0,39100.0,39100.0,38600.0,37300.0,35600.0,37600.0,36300.0,35300.0,35100.0,33600.0,0.0,2025-03-18,2,0,37600.0,0,35300.0,0,35100.0,0,33600.0,38640.0,34666.666666666664,3973.3333333333358,5000.0,3340.0,5500.0,0.0,0.0021921119368136168,0.85,12,0.0,0.002594035177046528,0.0078023802841848,-0.023048395436291017,-0.023048395436291017,-1.4253135004330582,-1.0185551457365563,-1.011736139214893,-1.4144624486969812,-1.0443029110531872,-1.011736139214893,-1.4253135004330568,-1.0185551457365534,-1.011736139214893,-1.4144624486969644,-1.0372743083101201,-1.011736139214893,0.0,,,,,,,,,,,,,,,,,,,,0.0,0.0,2025-03-24,0.017972242404430436,700.0,1.0,2025-03-28,0.02809891122235965,1100.0,1.0,2025-04-02,0.038124057841738244,1500.0,1.0,2025-04-17,0.03061463581960695,1200.0,1.0,2025-05-02,0.010309369658861287,400.0,1.0,2025-05-17,0.02051353983310303,800.0,1.0,2025-06-17,-0.03963530685739575,-1500.0,-1.0
2025-03-19,Wed,39100.0,39100.0,39100.0,38600.0,37300.0,35600.0,37600.0,36300.0,35500.0,35300.0,33800.0,0.0,2025-03-19,2,0,37600.0,0,35500.0,0,35300.0,0,33800.0,38640.0,34866.666666666664,3773.3333333333358,4800.0,3140.0,5300.0,0.0,0.0021253313762586534,0.85,13,0.0,0.0,0.0078023802841848,-0.023048395436291017,-0.023048395436291017,-1.8546247957442157,-1.3791279908301208,-1.3489815189531904,-1.8304808159607993,-1.3986718675641368,-1.3489815189531904,-1.8546247957442186,-1.3791279908301215,-1.3489815189531904,-1.8304808159607775,-1.3903398332051287,-1.3489815189531904,0.0,,,,,,,,,,,,,,,,,,,,0.0,0.0,2025-03-24,0.017972242404430436,700.0,1.0,2025-03-29,0.02809891122235965,1100.0,1.0,2025-04-03,0.045577508496319155,1800.0,1.0,2025-04-18,0.025576841789649776,1000.0,1.0,2025-05-05,0.010309369658861287,400.0,1.0,2025-05-19,0.01542447032563173,600.0,1.0,2025-06-17,-0.03963530685739575,-1500.0,-1.0
2025-03-20,Thu,39400.0,39400.0,39400.0,38900.0,37600.0,35900.0,37600.0,36600.0,35800.0,35600.0,34100.0,300.0,2025-03-20,2,0,37600.0,0,35800.0,0,35600.0,0,34100.0,38940.0,35166.666666666664,3773.3333333333358,4800.0,3140.0,5300.0,0.007741974153613995,0.0020605852206047994,0.85,0,0.007741974153615459,0.007741974153615459,0.012936791030719362,-0.0025673955052458097,-0.015306421282675545,-1.825856787832777,-1.3601497782178105,-1.3489815189531904,-1.8030796397397761,-1.379391650979808,-1.3489815189531904,-1.8258567878327767,-1.3601497782178105,-1.3489815189531904,-1.803079639739755,-1.3711764062823877,-1.3489815189531904,0.0,,,,,,,,,,,,,,,,,,,,0.0,0.0,2025-03-25,0.015306421282675507,600.0,1.0,2025-03-31,0.025382073271417196,1000.0,1.0,2025-04-04,0.04030772348809281,1600.0,1.0,2025-04-21,0.007682496172016211,300.0,1.0,2025-05-05,0.0025673955052457334,100.0,1.0,2025-05-19,0.007682496172016211,300.0,1.0,2025-06-18,-0.047377281011011164,-1800.0,-1.0
2025-03-21,Fri,39600.0,39600.0,39600.0,39100.0,37800.0,36100.0,38000.0,36800.0,36000.0,35800.0,34300.0,200.0,2025-03-21,2,0,38000.0,0,36000.0,0,35800.0,0,34300.0,39140.0,35366.666666666664,3773.3333333333358,4800.0,3140.0,5300.0,0.005128216366919958,0.0027545490723539607,0.85,0,0.012870190520534956,0.012870190520534956,0.015464225697581553,0.0025608208616736505,-0.010178204915756153,-1.776434905693789,-1.338162611846467,-1.3489815189531904,-1.7557837206890958,-1.3570573056437627,-1.3489815189531904,-1.7764349056937923,-1.3381626118464642,-1.3489815189531904,-1.7557837206890767,-1.3490135186132854,-1.3489815189531904,0.0,,,,,,,,,,,,,,,,,,,,0.0,0.0,2025-03-26,0.010178204915756052,400.0,1.0,2025-03-31,0.020253856904497596,800.0,1.0,2025-04-05,0.032707317975784314,1300.0,1.0,2025-04-21,0.0025542798050967007,100.0,1.0,2025-05-05,-0.002560820861673704,-100.0,-1.0,2025-05-20,-0.002560820861673704,-100.0,-1.0,2025-06-19,-0.05250549737793062,-2000.0,-1.0
2025-03-22,Sat,39600.0,39600.0,39600.0,39100.0,37800.0,36100.0,38000.0,36800.0,36000.0,35800.0,34300.0,0.0,2025-03-22,2,0,38000.0,0,36000.0,0,35800.0,0,34300.0,39140.0,35366.666666666664,3773.3333333333358,4800.0,3140.0,5300.0,0.0,0.002951305531937086,0.85,1,0.012870190520534956,0.012870190520534956,0.015464225697581553,0.0025608208616736505,-0.010178204915756153,-1.7298579005001893,-1.3168490236415817,-1.3489815189531904,-1.7111149557586551,-1.3354251941219495,-1.3489815189531904,-1.729857900500192,-1.316849023641582,-1.3489815189531904,-1.7111149557586371,-1.3275407110823927,-1.3489815189531904,0.0,,,,,,,,,,,,,,,,,,,,0.0,0.0,2025-03-27,0.015228720701824683,600.0,1.0,2025-04-01,0.02525386732120341,1000.0,1.0,2025-04-07,0.032707317975784314,1300.0,1.0,2025-04-21,0.0025542798050967007,100.0,1.0,2025-05-06,-0.002560820861673704,-100.0,-1.0,2025-05-21,-0.007702220362092351,-300.0,-1.0,2025-06-20,-0.05250549737793062,-2000.0,-1.0
2025-03-24,Mon,39800.0,39800.0,39800.0,39300.0,38000.0,36300.0,38200.0,37000.0,36200.0,36000.0,34500.0,200.0,2025-03-24,2,0,38200.0,0,36200.0,0,36000.0,0,34500.0,39340.0,35566.666666666664,3773.3333333333358,4800.0,3140.0,5300.0,0.005102051883895342,0.0028613968760505593,0.85,0,0.017972242404430436,0.017972242404430436,0.02056627758147702,0.01280427224598775,-0.005076153031860661,-1.7051823224472873,-1.2961800183926273,-1.3489815189531904,-1.6874790330010312,-1.3144649749806743,-1.3489815189531904,-1.705182322447287,-1.296180018392628,-1.3489815189531904,-1.687479033001014,-1.3067283383520274,-1.3489815189531904,0.0,,,,,,,,,,,,,,,,,,,,0.0,0.0,2025-03-29,0.010126668817929268,400.0,1.0,2025-04-03,0.027605266091888916,1100.0,1.0,2025-04-08,0.020151815437307912,800.0,1.0,2025-04-24,0.0076045993852192125,300.0,1.0,2025-05-08,0.002541297428672548,100.0,1.0,2025-05-23,-0.017972242404430367,-700.0,-1.0,2025-06-23,-0.060306606230991135,-2300.0,-1.0
2025-03-25,Tue,40000.0,40000.0,40000.0,39500.0,38200.0,36500.0,38400.0,37200.0,36200.0,36000.0,34500.0,200.0,2025-03-25,2,0,38400.0,0,36200.0,0,36000.0,0,34500.0,39540.0,35566.666666666664,3973.3333333333358,5000.0,3340.0,5500.0,0.005076153031861708,0.003042727816104028,0.8,0,0.02304839543629109,0.02304839543629109,0.025642430613337652,0.025642430613337652,0.0,-1.2654020925703917,-0.8949108132568405,-1.011736139214893,-1.2605362016464985,-0.9190336216278433,-1.011736139214893,-1.2654020925703942,-0.8949108132568386,-1.011736139214893,-1.2605362016464863,-0.9127338421882889,-1.011736139214893,0.0,,,,,,,,,,,,,,,,,,,,0.0,0.0,2025-03-31,0.01007565198874164,400.0,1.0,2025-04-04,0.025001302205417186,1000.0,1.0,2025-04-09,0.017566323717899283,700.0,1.0,2025-04-24,0.0025284463533586906,100.0,1.0,2025-05-09,-0.0025348556031880663,-100.0,-1.0,2025-05-26,-0.023048395436291017,-900.0,-1.0,2025-06-23,-0.06538275926285174,-2500.0,-1.0
2025-03-26,Wed,40000.0,40000.0,40000.0,39500.0,38200.0,36500.0,38400.0,37200.0,36200.0,36000.0,34500.0,0.0,2025-03-26,2,0,38400.0,0,36200.0,0,36000.0,0,34500.0,39540.0,35566.666666666664,3973.3333333333358,5000.0,3340.0,5500.0,0.0,0.003201365456378313,0.75,1,0.015306421282675507,0.02304839543629109,0.025642430613337652,0.030850775720475815,0.0,-1.2331710201724733,-0.8800361543991195,-0.9411498969440865,-1.2290769756282909,-0.9037823681215352,-0.8993210126354603,-1.233171020172473,-0.8800361543991178,-0.9411498969440865,-1.2290769756282798,-0.8975754837016046,-0.8993210126354603,0.0,,,,,,,,,,,,,,,,,,,,0.0,0.0,2025-03-31,0.01007565198874164,400.0,1.0,2025-04-05,0.022529113060028104,900.0,1.0,2025-04-10,0.017566323717899283,700.0,1.0,2025-04-28,-0.007623925110659371,-300.0,-1.0,2025-05-10,-0.0025348556031880663,-100.0,-1.0,2025-05-26,-0.023048395436291017,-900.0,-1.0,2025-06-24,-0.07080282673219097,-2700.0,-1.0
2025-03-27,Thu,40200.0,40200.0,40200.0,39700.0,38400.0,36900.0,38600.0,37500.0,36200.0,36000.0,34500.0,200.0,2025-03-27,2,0,38600.0,0,36200.0,0,36000.0,0,34500.0,39740.0,35566.666666666664,4173.333333333336,5200.0,3540.0,5700.0,0.005050515786068743,0.0031038389678227163,0.75,0,0.015228720701824683,0.02809891122235965,0.030692946399406198,0.035901291506544385,0.0050505157860685716,-0.8148391911922142,-0.4837195165133829,-0.5620756328971627,-0.8222579587334437,-0.5132147935737723,-0.5395926075812761,-0.8148391911922146,-0.4837195165133847,-0.5620756328971627,-0.8222579587334367,-0.5083639167243438,-0.5395926075812761,0.0,,,,,,,,,,,,,,,,,,,,0.0,0.0,2025-04-01,0.010025146619378865,400.0,1.0,2025-04-07,0.017478597273959763,700.0,1.0,2025-04-11,0.015000281259492598,600.0,1.0,2025-04-28,-0.012674440896727824,-500.0,-1.0,2025-05-12,-0.007585371389256612,-300.0,-1.0,2025-05-26,-0.02809891122235953,-1100.0,-1.0,2025-06-25,-0.08130294728582417,-3100.0,-1.0
2025-03-28,Fri,40400.0,40400.0,40400.0,39700.0,38500.0,37000.0,38600.0,37500.0,36000.0,35800.0,34300.0,0.0,2025-03-28,2,0,38600.0,0,36000.0,0,35800.0,0,34300.0,39880.0,35366.666666666664,4513.333333333336,5400.0,3880.0,6100.0,0.0,0.0032536517853335306,0.7,1,0.015228720701824683,0.02809891122235965,0.030692946399406198,0.035901291506544385,0.0050505157860685716,-0.14582359289999963,0.18359201659336147,-0.0843113449345744,-0.4340181105165241,-0.12159996925982368,-0.26979630379063807,-0.14582359290000077,0.18359201659336236,-0.0843113449345744,-0.05932621654542415,0.2596898775035323,0.0,0.0,,,,,,,,,,,,,,,,,,,,0.0,0.0,2025-04-02,0.010025146619378865,400.0,1.0,2025-04-07,0.017478597273959763,700.0,1.0,2025-04-12,0.015000281259492598,600.0,1.0,2025-04-28,-0.012674440896727824,-500.0,-1.0,2025-05-12,-0.007585371389256612,-300.0,-1.0,2025-05-27,-0.033293728099463585,-1300.0,-1.0,2025-06-26,-0.08403892710469887,-3200.0,-1.0
2025-03-29,Sat,40400.0,40400.0,40400.0,39700.0,38500.0,37000.0,38600.0,37500.0,36000.0,35800.0,34300.0,0.0,2025-03-29,2,0,38600.0,0,36000.0,0,35800.0,0,34300.0,39880.0,35366.666666666664,4513.333333333336,5400.0,3880.0,6100.0,0.0,0.003154532444561607,0.7,2,0.010126668817929268,0.02809891122235965,0.030692946399406198,0.035901291506544385,0.010126668817929268,-0.1316528748889935,0.19980507741177897,-0.0843113449345744,-0.41637481348177846,-0.10724136745937066,-0.26979630379063807,-0.13165287488899194,0.19980507741177994,-0.0843113449345744,-0.047028989952330534,0.2758823658158343,0.0,0.0,,,,,,,,,,,,,,,,,,,,0.0,0.0,2025-04-03,0.017478597273959763,700.0,1.0,2025-04-08,0.010025146619378865,400.0,1.0,2025-04-14,0.015000281259492598,600.0,1.0,2025-04-28,-0.012674440896727824,-500.0,-1.0,2025-05-14,-0.007585371389256612,-300.0,-1.0,2025-05-28,-0.04113690556048949,-1600.0,-1.0,2025-06-27,-0.08403892710469887,-3200.0,-1.0
2025-03-31,Mon,40700.0,40700.0,40600.0,39900.0,38700.0,37200.0,38800.0,37800.0,36200.0,36000.0,34500.0,200.0,2025-03-31,2,0,38800.0,0,36200.0,0,36000.0,0,34500.0,40120.0,35566.666666666664,4553.333333333336,5400.0,3920.0,6100.0,0.005025136202672087,0.0030584326782135186,0.7,0,0.01007565198874164,0.0331240474250325,0.0331240474250325,0.04092642770921746,0.017699577099400857,-0.03642185398951253,0.29527476025252375,-0.031371663231469546,-0.396694641307391,-0.09253036101995982,-0.2997736708784868,-0.03642185398951349,0.29527476025252297,-0.031371663231469546,-0.03157038114230915,0.29261086569326394,0.0,0.0,,,,,,,,,,,,,,,,,,,,0.0,0.0,2025-04-05,0.012453461071286557,500.0,1.0,2025-04-10,0.007490671729157659,300.0,1.0,2025-04-15,0.005000010416705839,200.0,1.0,2025-04-30,-0.0228146777661714,-900.0,-1.0,2025-05-16,-0.012610507591929696,-500.0,-1.0,2025-05-30,-0.05671622944185269,-2200.0,-1.0,2025-07-01,-0.08906406330737195,-3400.0,-1.0
2025-04-01,Tue,40900.0,40900.0,40800.0,40100.0,38900.0,37400.0,39000.0,38000.0,36500.0,36300.0,34800.0,200.0,2025-04-01,2,0,39000.0,0,36500.0,0,36300.0,0,34800.0,40320.0,35866.666666666664,4453.333333333336,5300.0,3820.0,6000.0,0.005000010416706502,0.003210590203009222,0.7,0,0.015075662405447396,0.030382083688122972,0.038124057841738244,0.04331887471884226,0.020151815437307912,-0.21392967928867926,0.11175987415484319,-0.1902409834421166,-0.5658199527131387,-0.27513394708900746,-0.3747170885981084,-0.21392967928868065,0.11175987415484233,-0.1902409834421166,-0.2042103552337198,0.11314544660550786,-0.1686226898691488,0.0,,,,,,,,,,,,,,,,,,,,0.0,0.0,2025-04-07,0.007453450654580972,300.0,1.0,2025-04-11,0.004975134640113708,200.0,1.0,2025-04-16,-0.0024968801985871545,-100.0,-1.0,2025-05-01,-0.02781468818287703,-1100.0,-1.0,2025-05-16,-0.017610518008635393,-700.0,-1.0,2025-05-31,-0.06703540133615833,-2600.0,-1.0,2025-07-01,-0.09406407372407764,-3600.0,-1.0
2025-04-02,Wed,40900.0,40900.0,40800.0,40100.0,38900.0,37400.0,39000.0,38000.0,36500.0,36300.0,34800.0,0.0,2025-04-02,2,0,39000.0,0,36500.0,0,36300.0,0,34800.0,40320.0,35866.666666666664,4453.333333333336,5300.0,3820.0,6000.0,0.0,0.0033450593917880864,0.65,1,0.010025146619378865,0.02525386732120341,0.038124057841738244,0.04071809301878498,0.015075662405447396,-0.19014792294624944,0.1263168232425204,-0.13489815189531904,-0.5411410433212201,-0.26181668587148427,-0.3372453797382976,-0.19014792294624902,0.12631682324252136,-0.13489815189531904,-0.18140921435689744,0.12780619065777818,-0.1686226898691488,0.0,,,,,,,,,,,,,,,,,,,,0.0,0.0,2025-04-07,0.007453450654580972,300.0,1.0,2025-04-12,0.004975134640113708,200.0,1.0,2025-04-17,-0.007509422022131459,-300.0,-1.0,2025-05-02,-0.02781468818287703,-1100.0,-1.0,2025-05-17,-0.017610518008635393,-700.0,-1.0,2025-06-02,-0.06703540133615833,-2600.0,-1.0,2025-07-01,-0.09406407372407764,-3600.0,-1.0
2025-04-03,Thu,41200.0,41200.0,41100.0,40400.0,39200.0,37700.0,39300.0,38300.0,36900.0,36700.0,35200.0,300.0,2025-04-03,2,0,39300.0,0,36900.0,0,36700.0,0,35200.0,40620.0,36266.666666666664,4353.333333333336,5200.0,3720.0,5900.0,0.0074534506545802515,0.0032431554070864845,0.65,0,0.017478597273959763,0.032707317975784314,0.045577508496319155,0.048171543673365756,0.022529113060028104,-0.3682983908774417,-0.06446584444730795,-0.2569488607529886,-0.7138796118673931,-0.4509567274361628,-0.48177911391185374,-0.3682983908774438,-0.06446584444730892,-0.2569488607529886,-0.3528870240771375,-0.05883189137606703,-0.3372453797382976,0.0,,,,,,,,,,,,,,,,,,,,0.0,0.0,2025-04-08,-0.007453450654580891,-300.0,-1.0,2025-04-14,-0.00247831601446709,-100.0,-1.0,2025-04-18,-0.020000666706669543,-800.0,-1.0,2025-05-05,-0.03526813883745799,-1400.0,-1.0,2025-05-19,-0.030153038170687558,-1200.0,-1.0,2025-06-02,-0.07448885199073921,-2900.0,-1.0,2025-07-02,-0.10151752437865853,-3900.0,-1.0
2025-04-04,Fri,41300.0,41300.0,41200.0,40500.0,39300.0,38000.0,39400.0,38400.0,36700.0,36500.0,35000.0,100.0,2025-04-04,2,0,39400.0,0,36700.0,0,36500.0,0,35000.0,40720.0,36066.666666666664,4653.333333333336,5500.0,4020.0,6200.0,0.0024721891453882705,0.0036359605573299627,0.6,0,0.019950786419348693,0.030077455237277954,0.04804969764170824,0.050643732818754936,0.025001302205417186,0.2971711771238288,0.5753223998010495,0.2569488607529886,-0.07807730225091514,0.1779112784441263,0.1686226898691488,0.2971711771238309,0.5753223998010518,0.2569488607529886,0.29138785455931876,0.5689063143666937,0.22483025315886507,0.0,,,,,,,,,,,,,,,,,,,,0.0,0.0,2025-04-09,-0.00743497848751809,-300.0,-1.0,2025-04-14,-0.004950505159856203,-200.0,-1.0,2025-04-21,-0.03262522731607661,-1300.0,-1.0,2025-05-05,-0.037740327982847086,-1500.0,-1.0,2025-05-19,-0.03262522731607661,-1300.0,-1.0,2025-06-03,-0.07696104113612832,-3000.0,-1.0,2025-07-03,-0.10398971352404764,-4000.0,-1.0
2025-04-05,Sat,41200.0,41200.0,41100.0,40400.0,39200.0,37900.0,39300.0,38300.0,36500.0,36300.0,34800.0,-100.0,2025-04-05,2,0,39300.0,0,36500.0,0,36300.0,0,34800.0,40620.0,35866.666666666664,4753.333333333336,5600.0,4120.0,6300.0,-0.0024721891453882705,0.0035768281723093987,0.55,0,0.012453461071286557,0.022529113060028104,0.045577508496319155,0.048171543673365756,0.022529113060028104,0.5557324078874946,0.7920216352094366,0.41754189872360653,0.1650986797234337,0.3941179942808352,0.3372453797382976,0.555732407887498,0.7920216352094362,0.41754189872360653,0.5418178581609508,0.7819597646306368,0.3747170885981084,0.0,,,,,,,,,,,,,,,,,,,,0.0,0.0,2025-04-10,-0.004962789342129014,-200.0,-1.0,2025-04-15,-0.007453450654580891,-300.0,-1.0,2025-04-21,-0.030153038170687558,-1200.0,-1.0,2025-05-05,-0.03526813883745799,-1400.0,-1.0,2025-05-20,-0.03526813883745799,-1400.0,-1.0,2025-06-04,-0.07448885199073921,-2900.0,-1.0,2025-07-04,-0.10151752437865853,-3900.0,-1.0
2025-04-07,Mon,41200.0,41200.0,41100.0,40400.0,39200.0,37900.0,39300.0,38300.0,36300.0,36100.0,34600.0,0.0,2025-04-07,2,0,39300.0,0,36300.0,0,36100.0,0,34600.0,40620.0,35666.666666666664,4953.333333333336,5800.0,4320.0,6500.0,0.0,0.0035203381851758443,0.5,2,0.007453450654580972,0.022529113060028104,0.045577508496319155,0.048171543673365756,0.022529113060028104,1.0336280947695713,1.2176439153769274,0.7387279746648423,0.6257014369081864,0.818671488020431,0.770846582258966,1.0336280947695753,1.2176439153769276,0.7387279746648423,1.0042370910844627,1.2001421404882042,0.6744907594765952,0.0,,,,,,,,,,,,,,,,,,,,0.0,0.0,2025-04-12,-0.00247831601446709,-100.0,-1.0,2025-04-17,-0.014962872676712377,-600.0,-1.0,2025-04-24,-0.020000666706669543,-800.0,-1.0,2025-05-07,-0.030153038170687558,-1200.0,-1.0,2025-05-22,-0.04557750849631925,-1800.0,-1.0,2025-06-06,-0.07448885199073921,-2900.0,-1.0,2025-07-07,-0.09878154455978379,-3800.0,-1.0
2025-04-08,Tue,40900.0,40900.0,40800.0,40100.0,38900.0,37600.0,39000.0,38000.0,36200.0,36000.0,34500.0,-300.0,2025-04-08,2,0,39000.0,0,36200.0,0,36000.0,0,34500.0,40320.0,35566.666666666664,4753.333333333336,5600.0,4120.0,6300.0,-0.0074534506545802515,0.003413094502314099,0.5,0,0.0,0.010025146619378865,0.038124057841738244,0.04071809301878498,0.015075662405447396,0.6041130183471481,0.7969595459694616,0.41754189872360653,0.21686993548827818,0.4082071412155902,0.385423291129483,0.6041130183471523,0.7969595459694634,0.41754189872360653,0.5903393701679265,0.7880761695051298,0.3747170885981084,0.0,,,,,,,,,,,,,,,,,,,,0.0,0.0,2025-04-14,0.004975134640113708,200.0,1.0,2025-04-18,-0.01254721605208864,-500.0,-1.0,2025-04-24,-0.01254721605208864,-500.0,-1.0,2025-05-08,-0.017610518008635393,-700.0,-1.0,2025-05-23,-0.03812405784173833,-1500.0,-1.0,2025-06-07,-0.07238300766275363,-2800.0,-1.0,2025-07-07,-0.09132809390520294,-3500.0,-1.0
2025-04-09,Wed,41000.0,41000.0,40900.0,40200.0,39000.0,37700.0,39100.0,38100.0,36500.0,36300.0,34800.0,100.0,2025-04-09,2,0,39100.0,0,36500.0,0,36300.0,0,34800.0,40420.0,35866.666666666664,4553.333333333336,5400.0,3920.0,6100.0,0.002490661312451792,0.0037793513777418064,0.45,0,-0.004962789342129014,0.012515807931830599,0.040614719154190126,0.04320875433123674,0.017566323717899283,0.17067227719660613,0.3766859570254319,0.09635582278237073,-0.20390736799028164,-0.005222481288426139,0.0,0.170672277196606,0.37668595702543034,0.09635582278237073,0.17240378024855998,0.3760101985220554,0.0749434177196217,0.0,,,,,,,,,,,,,,,,,,,,0.0,0.0,2025-04-14,0.0024844733276619658,100.0,1.0,2025-04-21,-0.02519024882855852,-1000.0,-1.0,2025-04-24,-0.015037877364540559,-600.0,-1.0,2025-05-09,-0.020101179321087265,-800.0,-1.0,2025-05-26,-0.040614719154190244,-1600.0,-1.0,2025-06-09,-0.08025002601158596,-3100.0,-1.0,2025-07-08,-0.09381875521765486,-3600.0,-1.0
2025-04-10,Thu,41000.0,41000.0,40900.0,40200.0,39000.0,37700.0,39100.0,38100.0,36500.0,36300.0,34800.0,0.0,2025-04-10,2,0,39100.0,0,36500.0,0,36300.0,0,34800.0,40420.0,35866.666666666664,4553.333333333336,5400.0,3920.0,6100.0,0.0,0.0037146588877921484,0.4,1,-0.00743497848751809,0.012515807931830599,0.040614719154190126,0.04320875433123674,0.017566323717899283,0.20241465609847198,0.3805193799165688,0.10937687991512354,-0.1750342025855952,0.0017459352901428532,0.0,0.20241465609847212,0.38051937991656726,0.10937687991512354,0.20400324219662808,0.3802134268630172,0.0843113449345744,0.0,,,,,,,,,,,,,,,,,,,,0.0,0.0,2025-04-15,-0.002490661312451919,-100.0,-1.0,2025-04-21,-0.02519024882855852,-1000.0,-1.0,2025-04-28,-0.02519024882855852,-1000.0,-1.0,2025-05-10,-0.020101179321087265,-800.0,-1.0,2025-05-26,-0.040614719154190244,-1600.0,-1.0,2025-06-09,-0.08025002601158596,-3100.0,-1.0,2025-07-09,-0.09109024056445078,-3500.0,-1.0
2025-04-11,Fri,41100.0,41100.0,41000.0,40300.0,39100.0,37800.0,39200.0,38200.0,36700.0,36500.0,35000.0,100.0,2025-04-11,2,0,39200.0,0,36700.0,0,36500.0,0,35000.0,40520.0,36066.666666666664,4453.333333333336,5300.0,3820.0,6000.0,0.0024844733276605524,0.003601495413504508,0.4,0,-0.00247831601446709,0.009975145056819524,0.04309919248185206,0.04309919248185206,0.02005079704556122,-0.0217400161890099,0.1663382046500831,-0.0843113449345744,-0.3900766677899788,-0.20776629952707576,-0.22483025315886507,-0.021740016189007838,0.16633820465008423,-0.0843113449345744,-0.011671101868715691,0.17022026995076525,-0.09635582278237075,0.0,,,,,,,,,,,,,,,,,,,,0.0,0.0,2025-04-16,-0.007472014838700954,-300.0,-1.0,2025-04-21,-0.02767472215622048,-1100.0,-1.0,2025-04-28,-0.02767472215622048,-1100.0,-1.0,2025-05-12,-0.022585652648749153,-900.0,-1.0,2025-05-26,-0.043099192481852074,-1700.0,-1.0,2025-06-10,-0.08273449933924781,-3200.0,-1.0,2025-07-10,-0.09357471389211267,-3600.0,-1.0
2025-04-12,Sat,41100.0,41100.0,41000.0,40300.0,39100.0,37800.0,39200.0,38200.0,36700.0,36500.0,35000.0,0.0,2025-04-12,2,0,39200.0,0,36700.0,0,36500.0,0,35000.0,40520.0,36066.666666666664,4453.333333333336,5300.0,3820.0,6000.0,0.0,0.0035444152583516183,0.35,1,-0.00247831601446709,0.004975134640113708,0.0353572183282366,0.04309919248185206,0.02005079704556122,-0.002442963738423245,0.1608922499691724,-0.044966050631773016,-0.36717150053209374,-0.2096279323343402,-0.22483025315886507,-0.002442963738425483,0.16089224996917062,-0.044966050631773016,0.007871828079699755,0.1651840041611929,0.0,0.0,,,,,,,,,,,,,,,,,,,,0.0,0.0,2025-04-17,-0.012484556662245284,-500.0,-1.0,2025-04-24,-0.01752235069220249,-700.0,-1.0,2025-04-28,-0.02767472215622048,-1100.0,-1.0,2025-05-12,-0.022585652648749153,-900.0,-1.0,2025-05-27,-0.04829400935895613,-1900.0,-1.0,2025-06-11,-0.08543355630841284,-3300.0,-1.0,2025-07-14,-0.08813991790615582,-3400.0,-1.0
2025-04-14,Mon,41100.0,41100.0,41000.0,40300.0,39100.0,37800.0,39200.0,38200.0,36700.0,36500.0,35000.0,0.0,2025-04-14,2,0,39200.0,0,36700.0,0,36500.0,0,35000.0,40520.0,36066.666666666664,4453.333333333336,5300.0,3820.0,6000.0,0.0,0.003436438090846047,0.4,3,0.004975134640113708,0.004975134640113708,0.03022900196131729,0.04309919248185206,0.02005079704556122,0.017306153094844817,0.1523261657744272,-0.023258302050917078,-0.3440068170152555,-0.21546920883675733,-0.22483025315886507,0.017306153094847187,0.15232616577442828,-0.023258302050917078,0.02789294524767357,0.15706559032564124,0.0,0.0,,,,,,,,,,,,,,,,,,,,0.0,0.0,2025-04-21,-0.02767472215622048,-1100.0,-1.0,2025-04-24,-0.01752235069220249,-700.0,-1.0,2025-04-29,-0.03278982282299084,-1300.0,-1.0,2025-05-14,-0.022585652648749153,-900.0,-1.0,2025-05-29,-0.06140035686425664,-2400.0,-1.0,2025-06-13,-0.08273449933924781,-3200.0,-1.0,2025-07-14,-0.08813991790615582,-3400.0,-1.0
2025-04-15,Tue,40900.0,40900.0,39800.0,40100.0,38900.0,37600.0,39000.0,38000.0,36500.0,36300.0,34800.0,-200.0,2025-04-15,2,0,39000.0,0,36500.0,0,36300.0,0,34800.0,40120.0,35866.666666666664,4253.333333333336,5300.0,3620.0,5000.0,-0.004975134640112344,0.0033317503428505215,0.45,0,-0.002490661312451919,-0.007453450654580891,0.02525386732120341,0.038124057841738244,0.015075662405447396,-0.4631948227014454,-0.27574828279936026,-0.4817791139118537,-0.3205156313444362,-0.21734444425503607,-0.13489815189531904,-0.46319482270145107,-0.2757482827993624,-0.4817791139118537,-2.373774439892648,-1.9208743208247498,-2.2483025315886507,0.0,,,,,,,,,,,,,,,,,,,,0.0,0.0,2025-04-21,-0.022699587516106692,-900.0,-1.0,2025-04-28,-0.022699587516106692,-900.0,-1.0,2025-04-30,-0.02781468818287703,-1100.0,-1.0,2025-05-16,-0.017610518008635393,-700.0,-1.0,2025-05-30,-0.06171623985855847,-2400.0,-1.0,2025-06-14,-0.07775936469913405,-3000.0,-1.0,2025-07-14,-0.08316478326604203,-3200.0,-1.0
2025-04-16,Wed,40800.0,40800.0,40700.0,40000.0,38700.0,37500.0,38900.0,37900.0,36500.0,36300.0,34800.0,-100.0,2025-04-16,2,0,38900.0,0,36500.0,0,36300.0,0,34800.0,40200.0,35866.666666666664,4333.333333333336,5200.0,3700.0,5900.0,-0.0024968801985885136,0.003452483831605043,0.4,0,-0.004987541511039051,-0.012422519998557209,0.017654935238720745,0.035627177643151035,0.012578782206860185,-0.24359841122807308,-0.10891390417237247,-0.2890674683471122,-0.5500499001453107,-0.42967622390322513,-0.3372453797382976,-0.2435984112280772,-0.10891390417237448,-0.2890674683471122,-0.13580381158311042,-0.042572160150096246,-0.22483025315886507,0.0,,,,,,,,,,,,,,,,,,,,0.0,0.0,2025-04-21,-0.020202707317519466,-800.0,-1.0,2025-04-28,-0.020202707317519466,-800.0,-1.0,2025-05-01,-0.025317807984289897,-1000.0,-1.0,2025-05-16,-0.015113637810048184,-600.0,-1.0,2025-05-31,-0.06453852113757118,-2500.0,-1.0,2025-06-17,-0.07526248450054686,-2900.0,-1.0,2025-07-15,-0.08066790306745482,-3100.0,-1.0
2025-04-17,Thu,40600.0,40600.0,40500.0,39800.0,38500.0,37300.0,38700.0,37700.0,36300.0,36100.0,34600.0,-200.0,2025-04-17,2,0,38700.0,0,36300.0,0,36100.0,0,34600.0,40000.0,35666.666666666664,4333.333333333336,5200.0,3700.0,5900.0,-0.00501254182354316,0.003402723993304598,0.4,0,-0.012484556662245284,-0.014962872676712377,0.0075662403833158766,0.03061463581960695,0.0075662403833158766,-0.2278947555587573,-0.11256759709831456,-0.2890674683471122,-0.5279980489857017,-0.42967622390322513,-0.3372453797382976,-0.227894755558758,-0.11256759709831368,-0.2890674683471122,-0.12092941668649371,-0.04601724219910457,-0.22483025315886507,0.0,,,,,,,,,,,,,,,,,,,,0.0,0.0,2025-04-24,-0.005037794029957181,-200.0,-1.0,2025-04-28,-0.01519016549397512,-600.0,-1.0,2025-05-02,-0.02030526616074557,-800.0,-1.0,2025-05-17,-0.010101095986503933,-400.0,-1.0,2025-06-02,-0.05952597931402686,-2300.0,-1.0,2025-06-17,-0.07024994267700259,-2700.0,-1.0,2025-07-16,-0.07565536124391056,-2900.0,-1.0
2025-04-18,Fri,40400.0,40400.0,40300.0,39600.0,38300.0,37100.0,38500.0,37500.0,36300.0,36100.0,34600.0,-200.0,2025-04-18,2,0,38500.0,0,36300.0,0,36100.0,0,34600.0,39800.0,35666.666666666664,4133.333333333336,5000.0,3500.0,5700.0,-0.005037794029957965,0.0035201354053644453,0.4,0,-0.01752235069220249,-0.020000666706669543,0.0025284463533586906,0.025576841789649776,0.0025284463533586906,-0.719155142360313,-0.5360193730167349,-0.770846582258966,-1.0079195407849246,-0.846425168480369,-1.011736139214893,-0.7191551423603177,-0.5360193730167363,-0.770846582258966,-0.5766972395129758,-0.4550593950800341,-0.6744907594765952,0.0,,,,,,,,,,,,,,,,,,,,0.0,0.0,2025-04-24,0.0,0.0,0.0,2025-04-28,-0.010152371464017962,-400.0,-1.0,2025-05-05,-0.01526747213078842,-600.0,-1.0,2025-05-19,-0.010152371464017962,-400.0,-1.0,2025-06-02,-0.05448818528406968,-2100.0,-1.0,2025-06-17,-0.06521214864704543,-2500.0,-1.0,2025-07-17,-0.07061756721395342,-2700.0,-1.0
2025-04-21,Mon,40000.0,40000.0,39900.0,39200.0,37900.0,36600.0,38000.0,37000.0,35900.0,35700.0,34200.0,-400.0,2025-04-21,2,0,38000.0,0,35900.0,0,35700.0,0,34200.0,39400.0,35266.666666666664,4133.333333333336,5000.0,3500.0,5700.0,-0.010152371464018373,0.0036291368391218174,0.35,0,-0.02767472215622048,-0.022699587516106692,-0.012674440896727824,0.01542447032563173,-0.007623925110659371,-0.6947724874334034,-0.5360193730167349,-0.6295247088448221,-0.974877896851327,-0.8410367199127945,-1.011736139214893,-0.6947724874334102,-0.5360193730167363,-0.6295247088448221,-0.5550382091402674,-0.4550593950800341,-0.48177911391185374,0.0,,,,,,,,,,,,,,,,,,,,0.0,0.0,2025-04-28,0.0,0.0,0.0,2025-05-01,-0.005115100666770377,-200.0,-1.0,2025-05-06,-0.005115100666770377,-200.0,-1.0,2025-05-21,-0.01025650016718911,-400.0,-1.0,2025-06-06,-0.044335813820051743,-1700.0,-1.0,2025-06-20,-0.05505977718302743,-2100.0,-1.0,2025-07-22,-0.05775883415219242,-2200.0,-1.0
2025-04-24,Thu,40400.0,40400.0,40400.0,39600.0,38300.0,36800.0,38400.0,37200.0,36300.0,36100.0,34600.0,400.0,2025-04-24,2,0,38400.0,0,36300.0,0,36100.0,0,34600.0,39820.0,35666.666666666664,4153.333333333336,5000.0,3520.0,5800.0,0.010152371464018373,0.00430866973970525,0.35,0,-0.01254721605208864,-0.015037877364540559,-0.002522069432709835,0.025576841789649776,0.0025284463533586906,-0.6171735945628253,-0.4936741954248946,-0.5447809980387884,-0.9480789906622011,-0.835686713864188,-1.011736139214893,-0.6171735945628322,-0.49367419542489405,-0.5447809980387884,-0.2889473412885746,-0.2505383186395694,-0.22483025315886507,0.0,,,,,,,,,,,,,,,,,,,,0.0,0.0,2025-04-29,-0.01526747213078842,-600.0,-1.0,2025-05-05,-0.01526747213078842,-600.0,-1.0,2025-05-09,-0.005063301956546762,-200.0,-1.0,2025-05-26,-0.025576841789649737,-1000.0,-1.0,2025-06-09,-0.06521214864704543,-2500.0,-1.0,2025-06-23,-0.06791120561621039,-2600.0,-1.0,2025-07-23,-0.06791120561621039,-2600.0,-1.0
2025-04-28,Mon,40000.0,40000.0,40000.0,39200.0,37900.0,36400.0,38000.0,36800.0,36300.0,36100.0,34600.0,-400.0,2025-04-28,2,0,38000.0,0,36300.0,0,36100.0,0,34600.0,39420.0,35666.666666666664,3753.3333333333358,4600.0,3120.0,5400.0,-0.010152371464018373,0.004861583652566876,0.3,0,-0.020202707317519466,-0.02519024882855852,-0.012674440896727824,0.01542447032563173,-0.007623925110659371,-1.6577983256607987,-1.3483097144295713,-1.7302154264834397,-1.9865032106556781,-1.6731180764003257,-2.3607176581680833,-1.657798325660814,-1.3483097144295744,-1.7302154264834397,-1.2539939850170356,-1.0768487110750975,-1.3489815189531904,0.0,,,,,,,,,,,,,,,,,,,,0.0,0.0,2025-05-05,-0.005115100666770377,-200.0,-1.0,2025-05-08,0.005089069507471228,200.0,1.0,2025-05-14,0.005089069507471228,200.0,1.0,2025-05-28,-0.02846246466376152,-1100.0,-1.0,2025-06-12,-0.05505977718302743,-2100.0,-1.0,2025-06-27,-0.07136448620797103,-2700.0,-1.0,2025-07-28,-0.03636764417087483,-1400.0,-1.0
2025-04-29,Tue,39800.0,39800.0,39800.0,39000.0,37700.0,36300.0,37800.0,36700.0,36000.0,35800.0,34300.0,-200.0,2025-04-29,2,0,37800.0,0,36000.0,0,35800.0,0,34300.0,39220.0,35366.666666666664,3853.3333333333358,4700.0,3220.0,5500.0,-0.0051151006667691234,0.005329271493821274,0.25,0,-0.02030526616074557,-0.03278982282299084,-0.0228146777661714,0.010309369658861287,-0.012739025777429714,-1.3831629402887413,-1.1286113346789246,-1.3489815189531904,-1.7239812789757198,-1.4441245181392337,-2.023472278429786,-1.3831629402887593,-1.1286113346789235,-1.3489815189531904,-0.9919974931906547,-0.8685692681883105,-1.0791852151625523,0.0,,,,,,,,,,,,,,,,,,,,0.0,0.0,2025-05-05,0.0,0.0,0.0,2025-05-09,0.010204170174241668,400.0,1.0,2025-05-14,0.010204170174241668,400.0,1.0,2025-05-29,-0.028610534041265775,-1100.0,-1.0,2025-06-13,-0.049944676516257024,-1900.0,-1.0,2025-06-28,-0.06899287148695143,-2600.0,-1.0,2025-07-28,-0.031252543504104426,-1200.0,-1.0
2025-04-30,Wed,39800.0,39800.0,39800.0,39000.0,37700.0,36300.0,37800.0,36700.0,35700.0,35500.0,34000.0,0.0,2025-04-30,2,0,37800.0,0,35700.0,0,35500.0,0,34000.0,39220.0,35066.666666666664,4153.333333333336,5000.0,3520.0,5800.0,0.0,0.005316664543248482,0.25,1,-0.01526747213078842,-0.03278982282299084,-0.02781468818287703,0.0025673955052457334,0.0,-0.5038230952182867,-0.4918262623279118,-0.4398852779195186,-0.8672334297106876,-0.8115346624628174,-1.011736139214893,-0.5038230952182942,-0.49182626232791327,-0.4398852779195186,-0.15029682683601564,-0.2542570156386218,-0.13489815189531904,0.0,,,,,,,,,,,,,,,,,,,,0.0,0.0,2025-05-05,0.0,0.0,0.0,2025-05-10,0.010204170174241668,400.0,1.0,2025-05-16,0.010204170174241668,400.0,1.0,2025-05-30,-0.03390155167568134,-1300.0,-1.0,2025-06-14,-0.049944676516257024,-1900.0,-1.0,2025-07-01,-0.0662493855412006,-2500.0,-1.0,2025-07-29,-0.025975486403260677,-1000.0,-1.0
2025-05-01,Thu,39700.0,39700.0,39700.0,39000.0,37700.0,36300.0,37800.0,36700.0,35400.0,35200.0,33700.0,0.0,2025-05-01,2,0,37800.0,0,35400.0,0,35200.0,0,33700.0,39160.0,34766.666666666664,4393.333333333336,5300.0,3760.0,6000.0,0.0,0.00515469752298905,0.3,2,-0.005115100666770377,-0.03278982282299084,-0.02781468818287703,-0.002560820861673704,0.0,0.24770746043256733,0.01129796687169943,0.40469445568595713,0.07630946614265309,-0.19256754702507484,0.0,0.2477074604325698,0.011297966871698475,0.40469445568595713,0.4428265090838673,0.15060432532754645,0.5395926075812761,0.0,,,,,,,,,,,,,,,,,,,,0.0,0.0,2025-05-06,0.0,0.0,0.0,2025-05-12,0.010204170174241668,400.0,1.0,2025-05-16,0.010204170174241668,400.0,1.0,2025-05-31,-0.03922071315328127,-1500.0,-1.0,2025-06-17,-0.049944676516257024,-1900.0,-1.0,2025-07-01,-0.0662493855412006,-2500.0,-1.0,2025-07-30,-0.025975486403260677,-1000.0,-1.0
2025-05-02,Fri,39700.0,39700.0,39700.0,39000.0,37700.0,36300.0,37800.0,36700.0,35400.0,35200.0,33700.0,0.0,2025-05-02,2,0,37800.0,0,35400.0,0,35200.0,0,33700.0,39160.0,34766.666666666664,4393.333333333336,5300.0,3760.0,6000.0,0.0,0.004997664670653572,0.3,3,-0.01526747213078842,-0.02781468818287703,-0.03526813883745799,-0.002560820861673704,0.0,0.2836439894590933,-0.0003559741921376511,0.40469445568595713,0.11695220123471266,-0.20241877476511275,0.0,0.28364398945909663,-0.00035597419213668016,0.40469445568595713,0.48042972639039033,0.13959611262060084,0.6744907594765952,0.0,,,,,,,,,,,,,,,,,,,,0.0,0.0,2025-05-07,0.005115100666770409,200.0,1.0,2025-05-12,0.010204170174241668,400.0,1.0,2025-05-17,0.010204170174241668,400.0,1.0,2025-06-02,-0.03922071315328127,-1500.0,-1.0,2025-06-17,-0.049944676516257024,-1900.0,-1.0,2025-07-01,-0.0662493855412006,-2500.0,-1.0,2025-07-31,-0.025975486403260677,-1000.0,-1.0
2025-05-05,Mon,39700.0,39700.0,39700.0,39000.0,37700.0,36300.0,37800.0,36700.0,35600.0,35400.0,33900.0,0.0,2025-05-05,2,0,37800.0,0,35600.0,0,35400.0,0,33900.0,39160.0,34966.666666666664,4193.333333333336,5100.0,3560.0,5800.0,0.0,0.004845415671609707,0.35,6,-0.005115100666770377,-0.025317807984289897,-0.037740327982847086,-0.007662872745569137,0.005141399500418652,-0.3246856407340759,-0.4350245575248131,-0.26979630379063807,-0.5084443079161233,-0.6219911921917799,-0.6744907594765952,-0.3246856407340834,-0.4350245575248144,-0.26979630379063807,-0.08601446552915891,-0.2814590487972006,0.0,0.0,,,,,,,,,,,,,,,,,,,,0.0,0.0,2025-05-10,0.010204170174241668,400.0,1.0,2025-05-16,0.010204170174241668,400.0,1.0,2025-05-20,0.0,0.0,0.0,2025-06-04,-0.03922071315328127,-1500.0,-1.0,2025-06-19,-0.049944676516257024,-1900.0,-1.0,2025-07-04,-0.0662493855412006,-2500.0,-1.0,2025-08-04,-0.023347363996991177,-900.0,-1.0
2025-05-06,Tue,39700.0,39700.0,39700.0,39000.0,37700.0,36300.0,37800.0,36700.0,35600.0,35400.0,33900.0,0.0,2025-05-06,2,0,37800.0,0,35600.0,0,35400.0,0,33900.0,39160.0,34966.666666666664,4193.333333333336,5100.0,3560.0,5800.0,0.0,0.004697804790414358,0.4,7,0.0,-0.02030526616074557,-0.03526813883745799,-0.012739025777429714,0.012903404835907782,-0.29568816888440347,-0.4386476841554377,-0.26979630379063807,-0.4842509507552112,-0.6219911921917799,-0.6744907594765952,-0.29568816888440946,-0.43864768415544,-0.26979630379063807,-0.05251213927260411,-0.28540035863702284,0.0,0.0,,,,,,,,,,,,,,,,,,,,0.0,0.0,2025-05-12,0.010204170174241668,400.0,1.0,2025-05-16,0.010204170174241668,400.0,1.0,2025-05-21,-0.005141399500418652,-200.0,-1.0,2025-06-06,-0.03922071315328127,-1500.0,-1.0,2025-06-20,-0.049944676516257024,-1900.0,-1.0,2025-07-05,-0.0662493855412006,-2500.0,-1.0,2025-08-04,-0.023347363996991177,-900.0,-1.0
2025-05-07,Wed,39900.0,39900.0,39900.0,39200.0,37900.0,36500.0,38000.0,37000.0,35600.0,35400.0,33900.0,200.0,2025-05-07,2,0,38000.0,0,35600.0,0,35400.0,0,33900.0,39360.0,34966.666666666664,4393.333333333336,5300.0,3760.0,6000.0,0.0051151006667691234,0.004554690731313124,0.45,0,0.005115100666770409,-0.010152371464017962,-0.030153038170687558,-0.007623925110659371,0.023226850609816555,0.43593911719883,-0.012534493943429136,0.40469445568595713,0.2963653320913883,-0.2061753534006183,0.22483025315886507,0.4359391171988416,-0.01253449394342817,0.40469445568595713,0.6405108766042735,0.12648650698826638,0.6744907594765952,0.0,,,,,,,,,,,,,,,,,,,,0.0,0.0,2025-05-12,0.005089069507471228,200.0,1.0,2025-05-17,0.005089069507471228,200.0,1.0,2025-05-22,-0.015424470325631639,-600.0,-1.0,2025-06-06,-0.044335813820051743,-1700.0,-1.0,2025-06-21,-0.05505977718302743,-2100.0,-1.0,2025-07-07,-0.0686285063890963,-2600.0,-1.0,2025-08-05,-0.025841231183887328,-1000.0,-1.0
2025-05-08,Thu,40000.0,40000.0,40000.0,39400.0,38900.0,36600.0,38100.0,37100.0,35600.0,35400.0,33900.0,200.0,2025-05-08,2,0,38100.0,0,35600.0,0,35400.0,0,33900.0,39660.0,34966.666666666664,4693.333333333336,5500.0,4060.0,6100.0,0.005089069507471677,0.004590245144685196,0.4,0,0.010204170174241668,0.005089069507471228,-0.017610518008635393,-0.007585371389256612,0.028315920117287858,1.5494635875743976,0.6265239106400635,1.41643059490085,1.1311541605495048,0.2050029750562509,1.1241512657943253,1.5494635875744338,0.626523910640063,1.41643059490085,1.0047416102770264,0.32688364557415506,1.011736139214893,0.0,,,,,,,,,,,,,,,,,,,,0.0,0.0,2025-05-14,0.0,0.0,0.0,2025-05-19,-0.005089069507471293,-200.0,-1.0,2025-05-23,-0.020513539833102903,-800.0,-1.0,2025-06-07,-0.05477248965411827,-2100.0,-1.0,2025-06-23,-0.06284790365966364,-2400.0,-1.0,2025-07-07,-0.07371757589656756,-2800.0,-1.0,2025-08-06,-0.030930300691358614,-1200.0,-1.0
2025-05-09,Fri,40000.0,40000.0,40000.0,39400.0,37900.0,36600.0,38100.0,37100.0,35600.0,35400.0,33900.0,0.0,2025-05-09,2,0,38100.0,0,35600.0,0,35400.0,0,33900.0,39460.0,34966.666666666664,4493.333333333336,5500.0,3860.0,6100.0,0.0,0.004621693106007833,0.4,1,0.010204170174241668,-0.005063301956546762,-0.020101179321087265,-0.007585371389256612,0.028315920117287858,0.8148109582322158,0.1817700832060007,0.7419398354242547,1.1480013478960251,0.19686994623465653,1.1241512657943253,0.8148109582322337,0.18177008320599883,0.7419398354242547,1.0047416102770264,0.3174690591240454,1.011736139214893,0.0,,,,,,,,,,,,,,,,,,,,0.0,0.0,2025-05-14,0.0,0.0,0.0,2025-05-19,-0.005089069507471293,-200.0,-1.0,2025-05-26,-0.020513539833102903,-800.0,-1.0,2025-06-09,-0.060148846690498685,-2300.0,-1.0,2025-06-23,-0.06284790365966364,-2400.0,-1.0,2025-07-08,-0.07371757589656756,-2800.0,-1.0,2025-08-07,-0.030930300691358614,-1200.0,-1.0
2025-05-10,Sat,40000.0,40000.0,40000.0,39400.0,37900.0,36600.0,38100.0,37100.0,35400.0,35200.0,33700.0,0.0,2025-05-10,2,0,38100.0,0,35400.0,0,35200.0,0,33700.0,39460.0,34766.666666666664,4693.333333333336,5700.0,4060.0,6300.0,0.0,0.004480897715430816,0.45,2,0.010204170174241668,0.005089069507471228,-0.020101179321087265,-0.007585371389256612,0.028315920117287858,1.5393794006323305,0.6071168358537401,1.41643059490085,1.9689641752382498,0.6080557430133313,2.023472278429786,1.5393794006323676,0.6071168358537414,1.41643059490085,1.6745693504617105,0.7280736676509253,1.6862268986914881,0.0,,,,,,,,,,,,,,,,,,,,0.0,0.0,2025-05-16,0.0,0.0,0.0,2025-05-20,-0.010204170174241736,-400.0,-1.0,2025-05-26,-0.020513539833102903,-800.0,-1.0,2025-06-09,-0.060148846690498685,-2300.0,-1.0,2025-06-24,-0.06826797112900286,-2600.0,-1.0,2025-07-09,-0.07098906124336359,-2700.0,-1.0,2025-08-08,-0.0335515341712329,-1300.0,-1.0
2025-05-12,Mon,40000.0,40000.0,40000.0,39400.0,37900.0,36600.0,38100.0,37100.0,35400.0,35200.0,33700.0,0.0,2025-05-12,2,0,38100.0,0,35400.0,0,35200.0,0,33700.0,39460.0,34766.666666666664,4693.333333333336,5700.0,4060.0,6300.0,0.0,0.004344391519647363,0.45,4,0.010204170174241668,0.010204170174241668,-0.022585652648749153,-0.012610507591929696,0.028315920117287858,1.5176910337058664,0.5944729183538248,1.41643059490085,1.9390997753520443,0.5955817564391762,2.023472278429786,1.5176910337059022,0.5944729183538241,1.41643059490085,1.6387703104954685,0.7147568604339545,1.6862268986914881,0.0,,,,,,,,,,,,,,,,,,,,0.0,0.0,2025-05-17,0.0,0.0,0.0,2025-05-22,-0.020513539833102903,-800.0,-1.0,2025-05-27,-0.025708356710206923,-1000.0,-1.0,2025-06-11,-0.06284790365966364,-2400.0,-1.0,2025-06-26,-0.07645355571544236,-2900.0,-1.0,2025-07-14,-0.06555426525740665,-2500.0,-1.0,2025-08-11,-0.0335515341712329,-1300.0,-1.0
2025-05-14,Wed,40000.0,40000.0,40000.0,39400.0,38100.0,36700.0,38300.0,37300.0,35200.0,35000.0,33500.0,0.0,2025-05-14,2,0,38300.0,0,35200.0,0,35000.0,0,33500.0,39500.0,34566.666666666664,4933.333333333336,5900.0,4300.0,6500.0,0.0,0.004212043852504967,0.5,6,0.005089069507471228,0.010204170174241668,-0.022585652648749153,-0.017610518008635393,0.02570835671020703,2.3397819383481004,1.1103879056788075,2.225819506272764,2.695320319532344,1.0067896978439055,2.922793291065246,2.3397819383481515,1.1103879056788069,2.225819506272764,2.255042781335449,1.1266977501276851,2.3607176581680833,0.0,,,,,,,,,,,,,,,,,,,,0.0,0.0,2025-05-19,-0.005089069507471293,-200.0,-1.0,2025-05-26,-0.020513539833102903,-800.0,-1.0,2025-05-29,-0.038814704215507416,-1500.0,-1.0,2025-06-13,-0.060148846690498685,-2300.0,-1.0,2025-06-28,-0.07919704166119317,-3000.0,-1.0,2025-07-14,-0.06555426525740665,-2500.0,-1.0,2025-08-12,-0.036179656577502356,-1400.0,-1.0
2025-05-16,Fri,40000.0,40000.0,40000.0,39400.0,38500.0,36700.0,38500.0,37500.0,35200.0,35000.0,33500.0,0.0,2025-05-16,2,0,38500.0,0,35200.0,0,35000.0,0,33500.0,39580.0,34566.666666666664,5013.333333333336,5900.0,4380.0,6500.0,0.0,0.004083728028468521,0.5,8,0.0,0.010204170174241668,-0.022585652648749153,-0.017610518008635393,0.02310757501014949,2.4796440076092257,1.2719815755248327,2.4956158100634025,2.523892968718089,0.9914085209726726,2.922793291065246,2.4796440076092763,1.2719815755248336,2.4956158100634025,2.135110407345169,1.1105655515260227,2.3607176581680833,0.0,,,,,,,,,,,,,,,,,,,,0.0,0.0,2025-05-21,-0.015345569674660421,-600.0,-1.0,2025-05-26,-0.020513539833102903,-800.0,-1.0,2025-05-31,-0.04942488332752298,-1900.0,-1.0,2025-06-17,-0.060148846690498685,-2300.0,-1.0,2025-07-01,-0.07645355571544236,-2900.0,-1.0,2025-07-15,-0.06555426525740665,-2500.0,-1.0,2025-08-14,-0.036179656577502356,-1400.0,-1.0
2025-05-17,Sat,40000.0,40000.0,40000.0,39400.0,38500.0,36700.0,38500.0,37500.0,35200.0,35000.0,33500.0,0.0,2025-05-17,2,0,38500.0,0,35200.0,0,35000.0,0,33500.0,39580.0,34566.666666666664,5013.333333333336,5900.0,4380.0,6500.0,0.0,0.003959321221354669,0.5,9,0.0,0.010204170174241668,-0.017610518008635393,-0.025063968663216276,0.02310757501014949,2.339777663762159,1.254310435705431,2.4956158100634025,2.39461131405944,0.976330332990012,2.922793291065246,2.3397776637622014,1.2543104357054302,2.4956158100634025,2.0379510533730762,1.0948743354811576,2.3607176581680833,0.0,,,,,,,,,,,,,,,,,,,,0.0,0.0,2025-05-22,-0.020513539833102903,-800.0,-1.0,2025-05-27,-0.025708356710206923,-1000.0,-1.0,2025-06-02,-0.04942488332752298,-1900.0,-1.0,2025-06-17,-0.060148846690498685,-2300.0,-1.0,2025-07-01,-0.07645355571544236,-2900.0,-1.0,2025-07-16,-0.06555426525740665,-2500.0,-1.0,2025-08-18,-0.036179656577502356,-1400.0,-1.0
2025-05-19,Mon,39900.0,39900.0,39800.0,39200.0,38500.0,36700.0,38500.0,37500.0,35400.0,35200.0,33700.0,-200.0,2025-05-19,2,0,38500.0,0,35400.0,0,35200.0,0,33700.0,39460.0,34766.666666666664,4693.333333333336,5500.0,4060.0,6100.0,-0.005089069507471677,0.003838704346760409,0.55,0,-0.005089069507471293,0.005115100666770409,-0.020202707317519466,-0.03262522731607661,0.018018505502678212,1.2302233463687688,0.5200801536718098,1.41643059490085,0.9088065981668075,0.10352328217809151,1.1241512657943253,1.2302233463687886,0.5200801536718087,1.41643059490085,0.7801535665258474,0.2140151175621277,1.011736139214893,0.0,,,,,,,,,,,,,,,,,,,,0.0,0.0,2025-05-26,-0.015424470325631639,-600.0,-1.0,2025-05-29,-0.0337256347080362,-1300.0,-1.0,2025-06-03,-0.044335813820051743,-1700.0,-1.0,2025-06-18,-0.05505977718302743,-2100.0,-1.0,2025-07-03,-0.07136448620797103,-2700.0,-1.0,2025-07-18,-0.060465195749935335,-2300.0,-1.0,2025-08-18,-0.03109058707003112,-1200.0,-1.0
2025-05-20,Tue,39700.0,39700.0,39600.0,39000.0,38300.0,36500.0,38200.0,37200.0,35400.0,35200.0,33700.0,-200.0,2025-05-20,2,0,38200.0,0,35400.0,0,35200.0,0,33700.0,39260.0,34766.666666666664,4493.333333333336,5300.0,3860.0,5900.0,-0.0051151006667691234,0.003924975121607742,0.55,0,-0.010204170174241736,0.0,-0.02030526616074557,-0.03526813883745799,0.012903404835907782,0.5841666019599554,0.0661468714252854,0.7419398354242547,0.21011945743742955,-0.32855170817237134,0.22483025315886507,0.5841666019599637,0.0661468714252864,0.7419398354242547,0.17952075599942977,-0.22314385431889341,0.3372453797382976,0.0,,,,,,,,,,,,,,,,,,,,0.0,0.0,2025-05-26,-0.010309369658861213,-400.0,-1.0,2025-05-30,-0.03390155167568134,-1300.0,-1.0,2025-06-04,-0.03922071315328127,-1500.0,-1.0,2025-06-19,-0.049944676516257024,-1900.0,-1.0,2025-07-04,-0.0662493855412006,-2500.0,-1.0,2025-07-19,-0.055350095083164956,-2100.0,-1.0,2025-08-18,-0.025975486403260677,-1000.0,-1.0
2025-05-21,Wed,39500.0,39500.0,39400.0,38800.0,38100.0,36300.0,38000.0,37000.0,35500.0,35300.0,33800.0,-200.0,2025-05-21,2,0,38000.0,0,35500.0,0,35300.0,0,33800.0,39060.0,34866.666666666664,4193.333333333336,5000.0,3560.0,5600.0,-0.005141399500418586,0.004006364837704654,0.55,0,-0.015345569674660421,-0.01025650016718911,-0.020408871631207123,-0.040409538337876666,0.007762005335489109,-0.3404164435593494,-0.6072954761232038,-0.26979630379063807,-0.8120833084743848,-0.9713702676400556,-1.1241512657943253,-0.340416443559355,-0.6072954761232026,-0.26979630379063807,-0.6985666789503311,-0.8733067239596375,-0.6744907594765952,0.0,,,,,,,,,,,,,,,,,,,,0.0,0.0,2025-05-26,-0.005167970158442561,-200.0,-1.0,2025-05-31,-0.03407931365286262,-1300.0,-1.0,2025-06-06,-0.03407931365286262,-1300.0,-1.0,2025-06-20,-0.04480327701583826,-1700.0,-1.0,2025-07-05,-0.06110798604078195,-2300.0,-1.0,2025-07-22,-0.04750233398500325,-1800.0,-1.0,2025-08-19,-0.020834086902842025,-800.0,-1.0
2025-05-22,Thu,39400.0,39400.0,39300.0,38600.0,37900.0,36100.0,37900.0,36900.0,35500.0,35300.0,33800.0,-200.0,2025-05-22,2,0,37900.0,0,35500.0,0,35300.0,0,33800.0,38920.0,34866.666666666664,4053.3333333333358,4800.0,3420.0,5500.0,-0.005167970158442614,0.004083373726393744,0.55,0,-0.020513539833102903,-0.020513539833102903,-0.015424470325631639,-0.03812405784173833,0.002594035177046528,-0.7612045558244486,-0.9130759750538995,-0.7419398354242547,-1.4690898911316175,-1.3856189008552673,-1.3489815189531904,-0.7612045558244598,-0.9130759750539001,-0.7419398354242547,-0.9760637674070157,-1.078757249790788,-1.011736139214893,0.0,,,,,,,,,,,,,,,,,,,,0.0,0.0,2025-05-27,-0.005194816877104023,-200.0,-1.0,2025-06-02,-0.028911343494420035,-1100.0,-1.0,2025-06-06,-0.028911343494420035,-1100.0,-1.0,2025-06-21,-0.03963530685739575,-1500.0,-1.0,2025-07-07,-0.05320403606346457,-2000.0,-1.0,2025-07-22,-0.04233436382656077,-1600.0,-1.0,2025-08-20,-0.010416760858255715,-400.0,-1.0
2025-05-23,Fri,39400.0,39400.0,39300.0,38600.0,37900.0,36100.0,37900.0,36900.0,35400.0,35200.0,33700.0,0.0,2025-05-23,2,0,37900.0,0,35400.0,0,35200.0,0,33700.0,38920.0,34766.666666666664,4153.333333333336,4900.0,3520.0,5600.0,0.0,0.004156438314657367,0.55,1,-0.020513539833102903,-0.020513539833102903,-0.025576841789649737,-0.040614719154190244,0.002594035177046528,-0.4442819620546574,-0.6843248985910976,-0.37096991771212734,-1.083078401377025,-1.154536822269077,-1.011736139214893,-0.44428196205466475,-0.6843248985910952,-0.37096991771212734,-0.6664228303387345,-0.8544933161505044,-0.5395926075812761,0.0,,,,,,,,,,,,,,,,,,,,0.0,0.0,2025-05-28,-0.013037994338129943,-500.0,-1.0,2025-06-02,-0.028911343494420035,-1100.0,-1.0,2025-06-07,-0.03425894982101533,-1300.0,-1.0,2025-06-23,-0.04233436382656077,-1600.0,-1.0,2025-07-07,-0.05320403606346457,-2000.0,-1.0,2025-07-22,-0.04233436382656077,-1600.0,-1.0,2025-08-21,-0.010416760858255715,-400.0,-1.0
2025-05-26,Mon,39400.0,39400.0,39300.0,38600.0,37900.0,36100.0,37900.0,36900.0,35200.0,35000.0,33500.0,0.0,2025-05-26,2,0,37900.0,0,35200.0,0,35000.0,0,33500.0,38920.0,34566.666666666664,4353.333333333336,5100.0,3720.0,5800.0,0.0,0.004029816459311599,0.6,4,-0.015424470325631639,-0.020513539833102903,-0.015424470325631639,-0.040614719154190244,0.002594035177046528,0.16596298817364233,-0.2335788628829491,0.38123390753024944,-0.3907879479033884,-0.7163416292191247,-0.3372453797382976,0.1659629881736423,-0.23357886288294802,0.38123390753024944,-0.08120934648912835,-0.417041701278168,0.0,0.0,,,,,,,,,,,,,,,,,,,,0.0,0.0,2025-05-31,-0.028911343494420035,-1100.0,-1.0,2025-06-06,-0.028911343494420035,-1100.0,-1.0,2025-06-10,-0.03963530685739575,-1500.0,-1.0,2025-06-25,-0.05320403606346457,-2000.0,-1.0,2025-07-10,-0.05047552141026054,-1900.0,-1.0,2025-07-25,-0.03158157205029893,-1200.0,-1.0,2025-08-25,-0.010416760858255715,-400.0,-1.0
2025-05-27,Tue,39200.0,39200.0,39100.0,38400.0,37700.0,35900.0,37700.0,36700.0,35000.0,34800.0,33300.0,-200.0,2025-05-27,2,0,37700.0,0,35000.0,0,34800.0,0,33300.0,38720.0,34366.666666666664,4353.333333333336,5100.0,3720.0,5800.0,-0.0051948168771041026,0.003907052015777925,0.65,0,-0.015504186535965199,-0.025708356710206923,-0.015504186535965199,-0.04829400935895613,-0.005194816877104023,0.1570698010661742,-0.23517048302366245,0.1839520253117987,-0.3848040606985547,-0.7115616466880503,-0.3372453797382976,0.15706980106617677,-0.23517048302366436,0.1839520253117987,-0.0860813082331361,-0.417041701278168,0.0,0.0,,,,,,,,,,,,,,,,,,,,0.0,0.0,2025-06-02,-0.023716526617316044,-900.0,-1.0,2025-06-06,-0.023716526617316044,-900.0,-1.0,2025-06-11,-0.037139546949456766,-1400.0,-1.0,2025-06-26,-0.05074519900523532,-1900.0,-1.0,2025-07-14,-0.039845908547199674,-1500.0,-1.0,2025-07-26,-0.02105340919783238,-800.0,-1.0,2025-08-25,-0.0052219439811517126,-200.0,-1.0
2025-05-28,Wed,39000.0,39000.0,38800.0,38100.0,37400.0,35400.0,37400.0,36400.0,34700.0,34500.0,33000.0,-300.0,2025-05-28,2,0,37400.0,0,34700.0,0,34500.0,0,33000.0,38460.0,34066.666666666664,4393.333333333336,5100.0,3760.0,5800.0,-0.007843177461026585,0.003996037971535483,0.65,0,-0.018205964496572524,-0.0335515341712329,-0.023347363996991177,-0.05613718681998198,-0.013037994338129943,0.2648346264110303,-0.15417526268373782,0.1686226898691488,-0.3848040606985547,-0.7143472189517217,-0.3372453797382976,0.26483462641103606,-0.15417526268373677,0.1686226898691488,-0.0959993231258025,-0.4240849773779093,0.0,0.0,,,,,,,,,,,,,,,,,,,,0.0,0.0,2025-06-02,-0.01587334915629012,-600.0,-1.0,2025-06-07,-0.021220955482885422,-800.0,-1.0,2025-06-12,-0.026597312519265854,-1000.0,-1.0,2025-06-27,-0.04290202154420946,-1600.0,-1.0,2025-07-14,-0.03200273108617383,-1200.0,-1.0,2025-07-28,-0.007905179507113261,-300.0,-1.0,2025-08-26,-0.002628122406269469,-100.0,-1.0
2025-05-29,Thu,38800.0,38800.0,38600.0,37900.0,37200.0,35200.0,37200.0,36200.0,34700.0,34500.0,33000.0,-200.0,2025-05-29,2,0,37200.0,0,34700.0,0,34500.0,0,33000.0,38260.0,34066.666666666664,4193.333333333336,4900.0,3560.0,5600.0,-0.005263170044274901,0.004324482195924218,0.6,0,-0.018301164382404467,-0.038814704215507416,-0.028610534041265775,-0.06140035686425664,-0.018301164382404467,-0.35918208724885575,-0.6108012926718552,-0.4817791139118537,-1.0444681647532184,-1.138994385394246,-1.011736139214893,-0.35918208724886175,-0.6108012926718539,-0.4817791139118537,-0.6841971411491653,-0.8624094155330163,-0.5395926075812761,0.0,,,,,,,,,,,,,,,,,,,,0.0,0.0,2025-06-03,-0.010610179112015571,-400.0,-1.0,2025-06-09,-0.021334142474991172,-800.0,-1.0,2025-06-13,-0.021334142474991172,-800.0,-1.0,2025-06-28,-0.040382337445685694,-1500.0,-1.0,2025-07-14,-0.0267395610418992,-1000.0,-1.0,2025-07-28,-0.0026420094628386965,-100.0,-1.0,2025-08-27,-0.0026420094628386965,-100.0,-1.0
2025-05-30,Fri,38600.0,38600.0,38400.0,37700.0,37000.0,35000.0,37000.0,36000.0,34200.0,34000.0,32500.0,-200.0,2025-05-30,2,0,37000.0,0,34200.0,0,34000.0,0,32500.0,38060.0,33566.666666666664,4493.333333333336,5200.0,3860.0,5900.0,-0.00529101763441453,0.0043864718193544535,0.55,0,-0.02359218201682007,-0.044105721849923014,-0.03390155167568134,-0.06171623985855847,-0.02359218201682007,0.5497624996033761,0.05213743563505746,0.4817791139118537,-0.04363301443139535,-0.5121953031027309,0.0,0.5497624996033824,0.05213743563505537,0.4817791139118537,0.18309500960329664,-0.22491355413827596,0.26979630379063807,0.0,,,,,,,,,,,,,,,,,,,,0.0,0.0,2025-06-04,-0.005319161477599933,-200.0,-1.0,2025-06-09,-0.016043124840575577,-600.0,-1.0,2025-06-14,-0.016043124840575577,-600.0,-1.0,2025-07-01,-0.03234783386551928,-1200.0,-1.0,2025-07-14,-0.021448543407483627,-800.0,-1.0,2025-07-29,0.007926065272420723,300.0,1.0,2025-08-28,0.0026490081715768625,100.0,1.0
2025-05-31,Sat,38400.0,38400.0,38200.0,37500.0,36800.0,34800.0,36800.0,35800.0,34200.0,34000.0,32500.0,-200.0,2025-05-31,2,0,36800.0,0,34200.0,0,34000.0,0,32500.0,37860.0,33566.666666666664,4293.333333333336,5000.0,3660.0,5700.0,-0.005319161477601142,0.004445937356411183,0.5,0,-0.028911343494420035,-0.044335813820051743,-0.03922071315328127,-0.06453852113757118,-0.028911343494420035,-0.08264843765275758,-0.42990451914697686,-0.20234722784297857,-0.7044032476014792,-0.9637059520404058,-0.6744907594765952,-0.08264843765275895,-0.4299045191469787,-0.20234722784297857,-0.41111543324092614,-0.6904769404511607,-0.40469445568595713,0.0,,,,,,,,,,,,,,,,,,,,0.0,0.0,2025-06-06,0.0,0.0,0.0,2025-06-10,-0.010723963362975724,-400.0,-1.0,2025-06-17,-0.010723963362975724,-400.0,-1.0,2025-07-01,-0.02702867238791926,-1000.0,-1.0,2025-07-15,-0.016129381929883644,-600.0,-1.0,2025-07-30,0.013245226750020723,500.0,1.0,2025-08-29,0.007968169649176881,300.0,1.0
2025-06-02,Mon,38400.0,38400.0,38200.0,37500.0,36800.0,34800.0,36800.0,35800.0,34600.0,34400.0,32900.0,0.0,2025-06-02,2,0,36800.0,0,34600.0,0,34400.0,0,32900.0,37860.0,33966.666666666664,3893.3333333333358,4600.0,3260.0,5300.0,0.0,0.004503108500579602,0.45,2,-0.023716526617316044,-0.03922071315328127,-0.03922071315328127,-0.05952597931402686,-0.028911343494420035,-1.3247351785026265,-1.369982444928826,-1.551328746796169,-2.0034854285044643,-1.8251190935290367,-2.023472278429786,-1.324735178502647,-1.3699824449288238,-1.551328746796169,-1.5810989897048735,-1.5881600143229926,-1.4838796708485094,1.0,,,,,,,,,,,,,,,,,,,,0.0,0.0,2025-06-07,-0.005347606326595242,-200.0,-1.0,2025-06-12,-0.010723963362975724,-400.0,-1.0,2025-06-17,-0.010723963362975724,-400.0,-1.0,2025-07-02,-0.02702867238791926,-1000.0,-1.0,2025-07-17,-0.016129381929883644,-600.0,-1.0,2025-08-01,0.013245226750020723,500.0,1.0,2025-09-01,0.007968169649176881,300.0,1.0
2025-06-03,Tue,38400.0,38400.0,38200.0,37500.0,36800.0,34800.0,36800.0,35800.0,34800.0,34600.0,33100.0,0.0,2025-06-03,2,0,36800.0,0,34800.0,0,34600.0,0,33100.0,37860.0,34166.666666666664,3693.3333333333358,4400.0,3060.0,5100.0,0.0,0.004365925674803996,0.45,3,-0.01587334915629012,-0.03407931365286262,-0.044335813820051743,-0.05448818528406968,-0.028911343494420035,-1.9120795927987035,-1.820039860151854,-2.225819506272764,-2.5481180631166898,-2.2169826704720825,-2.697963037906381,-1.9120795927987335,-1.8200398601518535,-2.225819506272764,-2.113279539923838,-2.009458706690322,-2.023472278429786,1.0,,,,,,,,,,,,,,,,,,,,0.0,0.0,2025-06-09,-0.010723963362975724,-400.0,-1.0,2025-06-13,-0.010723963362975724,-400.0,-1.0,2025-06-18,-0.010723963362975724,-400.0,-1.0,2025-07-03,-0.02702867238791926,-1000.0,-1.0,2025-07-18,-0.016129381929883644,-600.0,-1.0,2025-08-02,0.015873349156290163,600.0,1.0,2025-09-01,0.007968169649176881,300.0,1.0
2025-06-04,Wed,38400.0,38400.0,38200.0,37500.0,36800.0,34800.0,36800.0,35800.0,34600.0,34400.0,32900.0,0.0,2025-06-04,2,0,36800.0,0,34600.0,0,34400.0,0,32900.0,37860.0,33966.666666666664,3893.3333333333358,4600.0,3260.0,5300.0,0.0,0.004232921990544826,0.5,4,-0.010610179112015571,-0.028911343494420035,-0.04942488332752298,-0.044335813820051743,-0.028911343494420035,-1.2514317122309984,-1.3319808129380055,-1.551328746796169,-1.7852119549089405,-1.7439191501948763,-2.023472278429786,-1.2514317122310192,-1.3319808129380053,-1.551328746796169,-1.4684247145620841,-1.5336160478689569,-1.4838796708485094,1.0,,,,,,,,,,,,,,,,,,,,0.0,0.0,2025-06-09,-0.010723963362975724,-400.0,-1.0,2025-06-14,-0.010723963362975724,-400.0,-1.0,2025-06-19,-0.010723963362975724,-400.0,-1.0,2025-07-04,-0.02702867238791926,-1000.0,-1.0,2025-07-19,-0.016129381929883644,-600.0,-1.0,2025-08-04,0.015873349156290163,600.0,1.0,2025-09-02,0.007968169649176881,300.0,1.0
2025-06-06,Fri,38400.0,38400.0,38200.0,37500.0,36800.0,34800.0,36800.0,35800.0,34600.0,34400.0,32900.0,0.0,2025-06-06,2,0,36800.0,0,34600.0,0,34400.0,0,32900.0,37860.0,33966.666666666664,3893.3333333333358,4600.0,3260.0,5300.0,0.0,0.004103970134315757,0.55,6,-0.005319161477599933,-0.028911343494420035,-0.04942488332752298,-0.05448818528406968,-0.028911343494420035,-1.2316357850912745,-1.3279235810956993,-1.551328746796169,-1.7160527427705248,-1.7210669286156057,-2.023472278429786,-1.231635785091295,-1.3279235810956973,-1.551328746796169,-1.4336015032575133,-1.5226800020689857,-1.4838796708485094,1.0,,,,,,,,,,,,,,,,,,,,0.0,0.0,2025-06-11,-0.013423020332140661,-500.0,-1.0,2025-06-17,-0.010723963362975724,-400.0,-1.0,2025-06-21,-0.010723963362975724,-400.0,-1.0,2025-07-07,-0.024292692569044587,-900.0,-1.0,2025-07-22,-0.013423020332140661,-500.0,-1.0,2025-08-05,0.01849458263616431,700.0,1.0,2025-09-04,0.0,0.0,0.0
2025-06-07,Sat,38200.0,38200.0,38000.0,37300.0,36600.0,34600.0,36600.0,35600.0,34500.0,34300.0,32800.0,-200.0,2025-06-07,2,0,36600.0,0,34500.0,0,34300.0,0,32800.0,37660.0,33866.666666666664,3793.3333333333358,4500.0,3160.0,5200.0,-0.0053476063265947005,0.003978946671112136,0.55,0,-0.005347606326595242,-0.03425894982101533,-0.05477248965411827,-0.049683420146646964,-0.03425894982101533,-1.5154134165682263,-1.5519498426378264,-1.8885741265344667,-1.9469601367903866,-1.903735148527607,-2.3607176581680833,-1.5154134165682498,-1.551949842637827,-1.8885741265344667,-1.6796880877728078,-1.727630911377535,-1.7536759746391475,1.0,,,,,,,,,,,,,,,,,,,,0.0,0.0,2025-06-12,-0.005376357036380406,-200.0,-1.0,2025-06-17,-0.005376357036380406,-200.0,-1.0,2025-06-23,-0.008075414005545418,-300.0,-1.0,2025-07-07,-0.018945086242449304,-700.0,-1.0,2025-07-22,-0.008075414005545418,-300.0,-1.0,2025-08-06,0.023842188962759657,900.0,1.0,2025-09-05,0.005347606326595277,200.0,1.0
2025-06-09,Mon,38000.0,38000.0,37800.0,37100.0,36400.0,34600.0,36200.0,35200.0,34300.0,34100.0,32600.0,-200.0,2025-06-09,2,0,36200.0,0,34300.0,0,34100.0,0,32600.0,37460.0,33666.666666666664,3793.3333333333358,4500.0,3160.0,5200.0,-0.005376357036380952,0.004074053168567541,0.5,0,-0.010723963362975724,-0.03444048998029168,-0.060148846690498685,-0.049944676516257024,-0.03963530685739575,-1.490092212583191,-1.5413938043249613,-1.8885741265344667,-1.868505537829227,-1.8729625737734925,-2.3607176581680833,-1.4900922125832137,-1.5413938043249622,-1.8885741265344667,-1.6378977118777078,-1.7092602302261577,-1.7536759746391475,1.0,,,,,,,,,,,,,,,,,,,,0.0,0.0,2025-06-14,0.0,0.0,0.0,2025-06-19,0.0,0.0,0.0,2025-06-24,-0.008119124438504242,-300.0,-1.0,2025-07-09,-0.010840214552864833,-400.0,-1.0,2025-07-24,0.005376357036380496,200.0,1.0,2025-08-08,0.02659731251926585,1000.0,1.0,2025-09-08,0.029218545999140005,1100.0,1.0
2025-06-10,Tue,38000.0,38000.0,37800.0,37100.0,36400.0,34600.0,36200.0,35200.0,34400.0,34200.0,32700.0,0.0,2025-06-10,2,0,36200.0,0,34400.0,0,34200.0,0,32700.0,37460.0,33766.666666666664,3693.3333333333358,4400.0,3060.0,5100.0,0.0,0.004163693980836595,0.45,1,-0.010723963362975724,-0.026597312519265854,-0.060148846690498685,-0.049944676516257024,-0.047377281011011164,-1.783625240133681,-1.7569601202252871,-2.225819506272764,-2.0910774618748125,-2.0434561899014967,-2.697963037906381,-1.7836252401337094,-1.7569601202252838,-2.225819506272764,-1.8863564633068761,-1.903827335941577,-2.023472278429786,1.0,,,,,,,,,,,,,,,,,,,,0.0,0.0,2025-06-17,0.0,0.0,0.0,2025-06-20,0.0,0.0,0.0,2025-06-25,-0.013568729206068903,-500.0,-1.0,2025-07-10,-0.010840214552864833,-400.0,-1.0,2025-07-25,0.008053734807096823,300.0,1.0,2025-08-11,0.02659731251926585,1000.0,1.0,2025-09-08,0.029218545999140005,1100.0,1.0
2025-06-11,Wed,38000.0,38000.0,37800.0,37000.0,36400.0,34600.0,36300.0,35300.0,34400.0,34200.0,32700.0,-100.0,2025-06-11,2,0,36300.0,0,34400.0,0,34200.0,0,32700.0,37440.0,33766.666666666664,3673.3333333333358,4300.0,3040.0,5100.0,-0.00269905696916517,0.004036851088669434,0.45,0,-0.013423020332140661,-0.02403319944415622,-0.06284790365966364,-0.05264373348542203,-0.05520455434709568,-1.8258880058781768,-1.773659412270238,-2.2932685822204237,-2.2821654733596684,-2.1940882479838515,-3.0352084176446783,-1.8258880058782043,-1.7736594122702347,-2.2932685822204237,-1.850967267461847,-1.8681283554690349,-2.023472278429786,1.0,,,,,,,,,,,,,,,,,,,,0.0,0.0,2025-06-17,0.0026990569691649835,100.0,1.0,2025-06-21,0.0026990569691649835,100.0,1.0,2025-06-26,-0.013605652055778598,-500.0,-1.0,2025-07-14,-0.002706361597742914,-100.0,-1.0,2025-07-26,0.016086137751624444,600.0,1.0,2025-08-11,0.029296369488430757,1100.0,1.0,2025-09-09,0.034531983542375945,1300.0,1.0
2025-06-12,Thu,38000.0,38000.0,37800.0,37100.0,36400.0,34700.0,36400.0,35400.0,34400.0,34200.0,32700.0,100.0,2025-06-12,2,0,36400.0,0,34400.0,0,34200.0,0,32700.0,37460.0,33766.666666666664,3693.3333333333358,4400.0,3060.0,5100.0,0.00269905696916517,0.0039693187350896934,0.4,0,-0.010723963362975724,-0.016043124840575577,-0.060148846690498685,-0.049944676516257024,-0.05250549737793062,-1.7490891982990153,-1.700423096637247,-2.225819506272764,-1.9256428948948994,-1.9450749602861568,-2.697963037906381,-1.7490891982990424,-1.7004230966372464,-2.225819506272764,-1.8170561785804507,-1.8338739913253168,-2.023472278429786,1.0,,,,,,,,,,,,,,,,,,,,0.0,0.0,2025-06-17,0.0,0.0,0.0,2025-06-23,-0.002699056969165058,-100.0,-1.0,2025-06-27,-0.016304709024943582,-600.0,-1.0,2025-07-14,-0.005405418566907935,-200.0,-1.0,2025-07-28,0.018692133012152546,700.0,1.0,2025-08-11,0.02659731251926585,1000.0,1.0,2025-09-10,0.031832926573210754,1200.0,1.0
2025-06-13,Fri,38000.0,38000.0,37800.0,37100.0,36400.0,34700.0,36400.0,35400.0,34400.0,34200.0,32700.0,0.0,2025-06-13,2,0,36400.0,0,34400.0,0,34200.0,0,32700.0,37460.0,33766.666666666664,3693.3333333333358,4400.0,3060.0,5100.0,0.0,0.0039047735220954804,0.35,1,-0.005376357036380406,-0.010723963362975724,-0.05505977718302743,-0.049944676516257024,-0.05760754926182604,-1.734323501352522,-1.6831560686846099,-2.225819506272764,-1.8635390359001063,-1.9102590550123684,-2.697963037906381,-1.7343235013525475,-1.6831560686846068,-2.225819506272764,-1.7845169466884983,-1.8092281355949387,-2.023472278429786,1.0,,,,,,,,,,,,,,,,,,,,0.0,0.0,2025-06-18,0.0,0.0,0.0,2025-06-23,-0.002699056969165058,-100.0,-1.0,2025-06-28,-0.019048194970694474,-700.0,-1.0,2025-07-14,-0.005405418566907935,-200.0,-1.0,2025-07-28,0.018692133012152546,700.0,1.0,2025-08-12,0.023969190112996402,900.0,1.0,2025-09-11,0.02659731251926585,1000.0,1.0
2025-06-14,Sat,38000.0,38000.0,37800.0,37100.0,36400.0,34900.0,36700.0,35700.0,34200.0,34000.0,32500.0,0.0,2025-06-14,2,0,36700.0,0,34200.0,0,34000.0,0,32500.0,37460.0,33566.666666666664,3893.3333333333358,4600.0,3260.0,5300.0,0.0,0.003785818390166975,0.4,2,0.0,-0.010723963362975724,-0.049944676516257024,-0.049944676516257024,-0.06268370229368672,-1.15471853349363,-1.2230749692671186,-1.551328746796169,-1.3154962838273165,-1.4944242660388591,-2.023472278429786,-1.154718533493648,-1.2230749692671157,-1.551328746796169,-1.2535139647402576,-1.372190884135617,-1.4838796708485094,1.0,,,,,,,,,,,,,,,,,,,,0.0,0.0,2025-06-19,0.0,0.0,0.0,2025-06-24,-0.008119124438504242,-300.0,-1.0,2025-07-01,-0.016304709024943582,-600.0,-1.0,2025-07-14,-0.005405418566907935,-200.0,-1.0,2025-07-29,0.023969190112996402,900.0,1.0,2025-08-13,0.023969190112996402,900.0,1.0,2025-09-12,0.02133414247499114,800.0,1.0
2025-06-17,Tue,38000.0,38000.0,37800.0,37100.0,36400.0,35000.0,36900.0,35900.0,34200.0,34000.0,32500.0,0.0,2025-06-17,2,0,36900.0,0,34200.0,0,34000.0,0,32500.0,37460.0,33566.666666666664,3893.3333333333358,4600.0,3260.0,5300.0,0.0,0.0036704871107697515,0.45,5,0.0,-0.010723963362975724,-0.04480327701583826,-0.05505977718302743,-0.06268370229368672,-1.1463931373341705,-1.2050975561351138,-1.551328746796169,-1.2818653062993581,-1.4670076714311187,-2.023472278429786,-1.1463931373341882,-1.205097556135114,-1.551328746796169,-1.2347755346416693,-1.3498449315947527,-1.4838796708485094,1.0,,,,,,,,,,,,,,,,,,,,0.0,0.0,2025-06-23,-0.002699056969165058,-100.0,-1.0,2025-06-27,-0.016304709024943582,-600.0,-1.0,2025-07-02,-0.016304709024943582,-600.0,-1.0,2025-07-17,-0.005405418566907935,-200.0,-1.0,2025-08-01,0.023969190112996402,900.0,1.0,2025-08-18,0.023969190112996402,900.0,1.0,2025-09-15,0.018692133012152546,700.0,1.0
2025-06-18,Wed,38000.0,38000.0,37800.0,37100.0,36500.0,35000.0,37000.0,36000.0,34200.0,34000.0,32500.0,0.0,2025-06-18,2,0,37000.0,0,34200.0,0,34000.0,0,32500.0,37480.0,33566.666666666664,3913.3333333333358,4600.0,3280.0,5300.0,0.0,0.0035586692867569563,0.5,6,0.0026990569691649835,-0.010723963362975724,-0.03963530685739575,-0.060148846690498685,-0.06773421807975533,-1.082099946352056,-1.144591735389609,-1.4838796708485094,-1.2496551507650404,-1.4404730966511818,-2.023472278429786,-1.0820999463520715,-1.1445917353896071,-1.4838796708485094,-1.2165144287161673,-1.328101944168476,-1.4838796708485094,1.0,,,,,,,,,,,,,,,,,,,,0.0,0.0,2025-06-23,-0.002699056969165058,-100.0,-1.0,2025-06-28,-0.019048194970694474,-700.0,-1.0,2025-07-03,-0.016304709024943582,-600.0,-1.0,2025-07-18,-0.005405418566907935,-200.0,-1.0,2025-08-02,0.02659731251926585,1000.0,1.0,2025-08-18,0.023969190112996402,900.0,1.0,2025-09-16,0.013387080782459279,500.0,1.0
2025-06-19,Thu,38000.0,38000.0,37800.0,37100.0,36500.0,35000.0,37000.0,36000.0,34100.0,33900.0,32400.0,0.0,2025-06-19,2,0,37000.0,0,34100.0,0,33900.0,0,32400.0,37480.0,33466.666666666664,4013.3333333333358,4700.0,3380.0,5400.0,0.0,0.003450257884123566,0.55,7,0.0,-0.010723963362975724,-0.03963530685739575,-0.060148846690498685,-0.06773421807975533,-0.7827640784617982,-0.9150012425690831,-1.1466342911102119,-0.9747256370106671,-1.2316251651793697,-1.3489815189531904,-0.7827640784618081,-0.9150012425690814,-1.1466342911102119,-0.94317193578397,-1.1089104343410845,-1.2140833670578715,1.0,,,,,,,,,,,,,,,,,,,,0.0,0.0,2025-06-24,-0.008119124438504242,-300.0,-1.0,2025-07-01,-0.016304709024943582,-600.0,-1.0,2025-07-04,-0.016304709024943582,-600.0,-1.0,2025-07-19,-0.005405418566907935,-200.0,-1.0,2025-08-04,0.02659731251926585,1000.0,1.0,2025-08-18,0.023969190112996402,900.0,1.0,2025-09-18,0.008053734807096823,300.0,1.0
2025-06-20,Fri,38000.0,38000.0,37800.0,37100.0,36500.0,35000.0,37000.0,36000.0,33900.0,33700.0,32200.0,0.0,2025-06-20,2,0,37000.0,0,33900.0,0,33700.0,0,32200.0,37480.0,33266.666666666664,4213.333333333336,4900.0,3580.0,5600.0,0.0,0.0033451491295515387,0.55,8,0.0,-0.005376357036380406,-0.03963530685739575,-0.060148846690498685,-0.06773421807975533,-0.20343074448209625,-0.4719802087019011,-0.41754189872360653,-0.47377774735929434,-0.8449735338649862,-0.6744907594765952,-0.20343074448210047,-0.4719802087019017,-0.41754189872360653,-0.42810984513546985,-0.6945828292086244,-0.44966050631773014,1.0,,,,,,,,,,,,,,,,,,,,0.0,0.0,2025-06-25,-0.013568729206068903,-500.0,-1.0,2025-07-01,-0.016304709024943582,-600.0,-1.0,2025-07-05,-0.016304709024943582,-600.0,-1.0,2025-07-22,-0.002699056969165058,-100.0,-1.0,2025-08-04,0.02659731251926585,1000.0,1.0,2025-08-19,0.023969190112996402,900.0,1.0,2025-09-18,0.008053734807096823,300.0,1.0
2025-06-21,Sat,38000.0,38000.0,37800.0,37100.0,36500.0,35000.0,37000.0,36000.0,33900.0,33700.0,32200.0,0.0,2025-06-21,2,0,37000.0,0,33900.0,0,33700.0,0,32200.0,37480.0,33266.666666666664,4213.333333333336,4900.0,3580.0,5600.0,0.0,0.0032432424110761518,0.55,9,0.0,0.0,-0.03444048998029168,-0.060148846690498685,-0.07275935428242832,-0.19015041403959895,-0.45990044227067933,-0.3679040506235974,-0.4553196154372082,-0.8307027747623008,-0.44966050631773014,-0.19015041403960303,-0.459900442270681,-0.3679040506235974,-0.40949837255135596,-0.6815352678668033,-0.44966050631773014,1.0,,,,,,,,,,,,,,,,,,,,0.0,0.0,2025-06-26,-0.016304709024943582,-600.0,-1.0,2025-07-01,-0.016304709024943582,-600.0,-1.0,2025-07-07,-0.013568729206068903,-500.0,-1.0,2025-07-22,-0.002699056969165058,-100.0,-1.0,2025-08-05,0.029218545999140005,1100.0,1.0,2025-08-20,0.029218545999140005,1100.0,1.0,2025-09-19,0.008053734807096823,300.0,1.0
2025-06-23,Mon,37900.0,37900.0,37700.0,37000.0,36400.0,34900.0,36900.0,35900.0,33800.0,33600.0,32100.0,-100.0,2025-06-23,2,0,36900.0,0,33800.0,0,33600.0,0,32100.0,37380.0,33166.666666666664,4213.333333333336,4900.0,3580.0,5600.0,-0.00269905696916517,0.003144440181778446,0.6,0,-0.002699056969165058,-0.002699056969165058,-0.029296369488430823,-0.06284790365966364,-0.08045842166829902,-0.1752007312614264,-0.4472191908921527,-0.32118607594123577,-0.4369449731529757,-0.8169525062659008,-0.44966050631773014,-0.17520073126142777,-0.4472191908921504,-0.32118607594123577,-0.3909125560365381,-0.6685043022322644,-0.44966050631773014,1.0,,,,,,,,,,,,,,,,,,,,0.0,0.0,2025-06-28,-0.01634913800152941,-600.0,-1.0,2025-07-03,-0.013605652055778598,-500.0,-1.0,2025-07-08,-0.010869672236903879,-400.0,-1.0,2025-07-23,0.0,0.0,0.0,2025-08-07,0.031917602968304946,1200.0,1.0,2025-08-22,0.031917602968304946,1200.0,1.0,2025-09-22,-0.008141157583699885,-300.0,-1.0
2025-06-24,Tue,37700.0,37700.0,37500.0,36800.0,36200.0,34700.0,36700.0,35700.0,33400.0,33200.0,31700.0,-200.0,2025-06-24,2,0,36700.0,0,33400.0,0,33200.0,0,31700.0,37180.0,32766.666666666668,4413.333333333332,5100.0,3780.0,5800.0,-0.005420067469337653,0.0031195109111435784,0.6,0,-0.008119124438504242,-0.005420067469339145,-0.029453266913495382,-0.06826797112900286,-0.08587848913763824,0.39588109926376946,0.007356966671817057,0.42922139239418583,0.05120925441577089,-0.4293133315352999,0.0,0.39588109926378695,0.007356966671824079,0.429221392394197,0.11421663708811217,-0.25011786232953215,0.0,1.0,,,,,,,,,,,,,,,,,,,,0.0,0.0,2025-07-01,-0.008185584586439405,-300.0,-1.0,2025-07-04,-0.008185584586439405,-300.0,-1.0,2025-07-09,-0.0027210901143606132,-100.0,-1.0,2025-07-24,0.013495481474884509,500.0,1.0,2025-08-08,0.034716436957770026,1300.0,1.0,2025-08-25,0.03733767043764431,1400.0,1.0,2025-09-22,-0.0027210901143606132,-100.0,-1.0
2025-06-25,Wed,37500.0,37500.0,37300.0,36600.0,36000.0,34500.0,36500.0,35500.0,33200.0,33000.0,31500.0,-200.0,2025-06-25,2,0,36500.0,0,33200.0,0,33000.0,0,31500.0,36980.0,32566.666666666668,4413.333333333332,5100.0,3780.0,5800.0,-0.005449604767566285,0.0033030433402529776,0.6,0,-0.013568729206068903,-0.013568729206068903,-0.029611854046644487,-0.07371757589656756,-0.09878154455978379,0.39809094509538223,0.026700630844031858,0.42922139239418583,0.059226082887302196,-0.4157212224971969,0.0,0.39809094509539583,0.026700630844041073,0.429221392394197,0.12274524137365836,-0.23457160790927753,0.0,1.0,,,,,,,,,,,,,,,,,,,,0.0,0.0,2025-07-01,-0.0027359798188747488,-100.0,-1.0,2025-07-05,-0.0027359798188747488,-100.0,-1.0,2025-07-10,0.002728514653203914,100.0,1.0,2025-07-25,0.02162246401316571,800.0,1.0,2025-08-11,0.04016604172533465,1500.0,1.0,2025-08-25,0.04278727520520898,1600.0,1.0,2025-09-23,-0.00823049913651548,-300.0,-1.0
2025-06-26,Thu,37400.0,37400.0,37200.0,36500.0,35900.0,34400.0,36400.0,35400.0,33200.0,33000.0,31500.0,-100.0,2025-06-26,2,0,36400.0,0,33200.0,0,33000.0,0,31500.0,36880.0,32566.666666666668,4313.333333333332,5000.0,3680.0,5700.0,-0.0027359798188744122,0.003469492919216733,0.6,0,-0.016304709024943582,-0.016304709024943582,-0.02702867238791926,-0.07136448620797103,-0.10398971352404764,0.11483945549333324,-0.184033898117414,0.12263468354118798,-0.17385530126387175,-0.5972275407261856,-0.22483025315886507,0.11483945549334514,-0.1840338981174065,0.12263468354119914,-0.11877613135981387,-0.43008285253710143,-0.22483025315886507,1.0,,,,,,,,,,,,,,,,,,,,0.0,0.0,2025-07-01,0.0,0.0,0.0,2025-07-07,0.0027359798188748455,100.0,1.0,2025-07-14,0.010899290458035638,400.0,1.0,2025-07-26,0.029691789807403,1100.0,1.0,2025-08-11,0.0429020215442095,1600.0,1.0,2025-08-25,0.0455232550240836,1700.0,1.0,2025-09-24,-0.005494519317640702,-200.0,-1.0
2025-06-27,Fri,37400.0,37400.0,37200.0,36500.0,35900.0,34400.0,36400.0,35400.0,33200.0,33000.0,31500.0,0.0,2025-06-27,2,0,36400.0,0,33200.0,0,33000.0,0,31500.0,36880.0,32566.666666666668,4313.333333333332,5000.0,3680.0,5700.0,0.0,0.0034299086552942813,0.6,1,-0.016304709024943582,-0.016304709024943582,-0.02702867238791926,-0.0662493855412006,-0.10151752437865853,0.1319938624052567,-0.1665818304584151,0.12263468354118798,-0.15544371648390737,-0.585637374349928,-0.26979630379063807,0.13199386240526773,-0.16658183045840744,0.12263468354119914,-0.0993496207093418,-0.4164747541344187,-0.22483025315886507,1.0,,,,,,,,,,,,,,,,,,,,0.0,0.0,2025-07-02,0.0,0.0,0.0,2025-07-07,0.0027359798188748455,100.0,1.0,2025-07-14,0.010899290458035638,400.0,1.0,2025-07-28,0.03499684203709615,1300.0,1.0,2025-08-11,0.0429020215442095,1600.0,1.0,2025-08-26,0.0402738991379399,1500.0,1.0,2025-09-25,-0.005494519317640702,-200.0,-1.0
2025-06-28,Sat,37300.0,37300.0,37100.0,36400.0,35800.0,34300.0,36300.0,35300.0,33000.0,32800.0,31300.0,-100.0,2025-06-28,2,0,36300.0,0,33000.0,0,32800.0,0,31300.0,36780.0,32366.666666666668,4413.333333333332,5100.0,3780.0,5800.0,-0.002743485945750024,0.003325419820209603,0.6,0,-0.01634913800152941,-0.019048194970694474,-0.029772158333670144,-0.06385147198653278,-0.10426101032440939,0.4427796587876188,0.08997131618592162,0.42922139239418583,0.10914919327590343,-0.37024388450212364,0.13489815189531904,0.44277965878763365,0.08997131618593142,0.429221392394197,0.1768263983901742,-0.18318479323184708,0.0,1.0,,,,,,,,,,,,,,,,,,,,0.0,0.0,2025-07-03,0.002743485945750834,100.0,1.0,2025-07-08,0.0054794657646255705,200.0,1.0,2025-07-14,0.013642776403786479,500.0,1.0,2025-07-28,0.03774032798284711,1400.0,1.0,2025-08-12,0.04301738508369086,1600.0,1.0,2025-08-27,0.03774032798284711,1400.0,1.0,2025-09-26,-0.002751033371889871,-100.0,-1.0
2025-07-01,Tue,37300.0,37300.0,37100.0,36500.0,35700.0,34200.0,36200.0,35200.0,33000.0,32800.0,31300.0,100.0,2025-07-01,2,0,36200.0,0,33000.0,0,32800.0,0,31300.0,36780.0,32366.666666666668,4413.333333333332,5200.0,3780.0,5800.0,0.002743485945750024,0.003293404753424026,0.55,0,-0.008185584586439405,-0.016304709024943582,-0.02702867238791926,-0.05594001588233933,-0.09406407372407764,0.48463195849428264,0.10841292766824553,0.4721435316336044,0.39110086353020984,-0.14973220597246517,0.40469445568595713,0.4846319584943019,0.10841292766825326,0.47214353163361666,0.21328826709166362,-0.1677579715516657,0.0,1.0,,,,,,,,,,,,,,,,,,,,0.0,0.0,2025-07-07,0.0027359798188748455,100.0,1.0,2025-07-14,0.010899290458035638,400.0,1.0,2025-07-16,0.010899290458035638,400.0,1.0,2025-07-31,0.0402738991379399,1500.0,1.0,2025-08-18,0.0402738991379399,1500.0,1.0,2025-08-30,0.03499684203709615,1300.0,1.0,2025-09-29,-0.011019395249610538,-400.0,-1.0
2025-07-02,Wed,37300.0,37300.0,37100.0,36500.0,35700.0,34200.0,36200.0,35200.0,33200.0,33000.0,31500.0,0.0,2025-07-02,2,0,36200.0,0,33200.0,0,33000.0,0,31500.0,36780.0,32566.666666666668,4213.333333333332,5000.0,3580.0,5600.0,0.0,0.003263024193253106,0.5,1,-0.0027359798188747488,-0.016304709024943582,-0.02702867238791926,-0.05594001588233933,-0.09655473503652952,-0.09479622594783135,-0.3728930766678651,-0.2248302531588787,-0.09295909046489546,-0.5544965508393817,-0.13489815189531904,-0.09479622594782343,-0.3728930766678557,-0.22483025315886507,-0.29303107673365175,-0.6075356322399625,-0.6744907594765952,1.0,,,,,,,,,,,,,,,,,,,,0.0,0.0,2025-07-07,0.0027359798188748455,100.0,1.0,2025-07-14,0.010899290458035638,400.0,1.0,2025-07-17,0.010899290458035638,400.0,1.0,2025-08-01,0.0402738991379399,1500.0,1.0,2025-08-18,0.0402738991379399,1500.0,1.0,2025-09-01,0.03499684203709615,1300.0,1.0,2025-09-30,-0.013793322132335873,-500.0,-1.0
2025-07-03,Thu,37300.0,37300.0,37100.0,36500.0,35700.0,34200.0,36200.0,35200.0,33000.0,32800.0,31300.0,0.0,2025-07-03,2,0,36200.0,0,33000.0,0,32800.0,0,31300.0,36780.0,32366.666666666668,4413.333333333332,5200.0,3780.0,5800.0,0.0,0.00316361933117905,0.5,2,0.0,-0.016304709024943582,-0.021681066061324052,-0.05594001588233933,-0.09655473503652952,0.5314112551807859,0.15191556168148182,0.6070416835289234,0.4341568279171256,-0.11270961667688786,0.44966050631773014,0.5314112551808053,0.151915561681491,0.6070416835289357,0.2642531473579873,-0.131450108383413,0.13489815189531904,1.0,2025-07-02,368.0,0.0,0.0,1.0,1.0,426.0,,,,,,,,,,0.0,,1.0,0.0,0.0,2025-07-08,0.0027359798188748455,100.0,1.0,2025-07-14,0.010899290458035638,400.0,1.0,2025-07-18,0.010899290458035638,400.0,1.0,2025-08-02,0.0429020215442095,1600.0,1.0,2025-08-18,0.0402738991379399,1500.0,1.0,2025-09-01,0.03499684203709615,1300.0,1.0,2025-10-01,-0.019364367181791232,-700.0,-1.0
2025-07-04,Fri,37300.0,37300.0,37100.0,36500.0,35600.0,34100.0,36100.0,35100.0,33200.0,33000.0,31500.0,0.0,2025-07-04,2,0,36100.0,0,33200.0,0,33000.0,0,31500.0,36760.0,32566.666666666668,4193.333333333332,5000.0,3560.0,5600.0,0.0,0.0030672427416579195,0.55,3,0.0,-0.016304709024943582,-0.016304709024943582,-0.05074519900523532,-0.09903920836419149,-0.13281160085236196,-0.4024296312629071,-0.14988683543925854,-0.0685158042780975,-0.5335995904799251,0.0,-0.13281160085235466,-0.40242963126289866,-0.1498868354392434,-0.2622005607110517,-0.5873942585452222,-0.40469445568595713,1.0,2025-07-03,373.0,0.0,0.0,1.0,1.0,425.0,,,,,,,,,,0.0,,1.0,0.0,0.0,2025-07-09,0.005464494472078745,200.0,1.0,2025-07-14,0.010899290458035638,400.0,1.0,2025-07-19,0.010899290458035638,400.0,1.0,2025-08-04,0.0429020215442095,1600.0,1.0,2025-08-18,0.0402738991379399,1500.0,1.0,2025-09-02,0.03499684203709615,1300.0,1.0,2025-10-03,-0.02216157180285245,-800.0,-1.0
2025-07-05,Sat,37300.0,37300.0,37100.0,36500.0,35600.0,34100.0,36100.0,35100.0,33200.0,33000.0,31500.0,0.0,2025-07-05,2,0,36100.0,0,33200.0,0,33000.0,0,31500.0,36760.0,32566.666666666668,4193.333333333332,5000.0,3560.0,5600.0,0.0,0.0029738021713083067,0.6,4,0.002743485945750834,-0.013605652055778598,-0.016304709024943582,-0.04290202154420946,-0.09903920836419149,-0.11997242551374374,-0.3900481985133544,-0.06744907594767302,-0.05590572949380138,-0.520866319540149,0.0,-0.1199724255137376,-0.3900481985133448,-0.06744907594765952,-0.24542704431494725,-0.5746880349551112,-0.3372453797382976,1.0,2025-07-04,371.5,0.0,0.0,1.0,1.0,424.0,,,,,,,,,,0.0,,1.0,0.0,0.0,2025-07-10,0.005464494472078745,200.0,1.0,2025-07-15,0.010899290458035638,400.0,1.0,2025-07-22,0.013605652055778678,500.0,1.0,2025-08-04,0.0429020215442095,1600.0,1.0,2025-08-19,0.0402738991379399,1500.0,1.0,2025-09-03,0.02702867238791942,1000.0,1.0,2025-10-03,-0.02216157180285245,-800.0,-1.0
2025-07-07,Mon,37400.0,37400.0,37200.0,36600.0,35500.0,34000.0,36000.0,35000.0,33200.0,33000.0,31500.0,100.0,2025-07-07,2,0,36000.0,0,33200.0,0,33000.0,0,31500.0,36820.0,32566.666666666668,4253.333333333332,5100.0,3620.0,5700.0,0.0027359798188744122,0.0028832081771584445,0.6,0,0.0027359798188748455,-0.005449604767564703,-0.010869672236903879,-0.03490287168106014,-0.09630322854531671,0.078235360648235,-0.2200676265431708,0.13489815189530924,0.2159807661218881,-0.28638167507280593,0.26979630379063807,0.07823536064824632,-0.22006762654316234,0.13489815189531904,0.045711389117550176,-0.32368793176974764,0.0,1.0,2025-07-04,371.5,0.0,0.0,1.0,1.0,424.0,,,,,,,,,,0.0,,3.0,0.0,0.0,2025-07-14,0.008163310639160835,300.0,1.0,2025-07-17,0.008163310639160835,300.0,1.0,2025-07-22,0.010869672236903891,400.0,1.0,2025-08-06,0.04278727520520898,1600.0,1.0,2025-08-21,0.04278727520520898,1600.0,1.0,2025-09-05,0.024292692569044483,900.0,1.0,2025-10-06,-0.04756141119893914,-1700.0,-1.0
2025-07-08,Tue,37400.0,37400.0,37200.0,36600.0,35500.0,34000.0,36000.0,35000.0,33200.0,33000.0,31500.0,0.0,2025-07-08,2,0,36000.0,0,33200.0,0,33000.0,0,31500.0,36820.0,32566.666666666668,4253.333333333332,5100.0,3620.0,5700.0,0.0,0.0028745871292101418,0.6,1,0.0027359798188748455,0.0,-0.013568729206068903,-0.029611854046644487,-0.09132809390520294,0.08889523002846743,-0.20731752160286818,0.13489815189530924,0.2255722350628989,-0.2730683948166735,0.3372453797382976,0.08889523002847902,-0.20731752160285968,0.13489815189531904,0.05981308447891621,-0.3109936308838945,0.0,1.0,2025-07-07,373.0,0.0,0.0,1.0,1.0,421.0,,,,,,,,,,0.0,0.0,1.0,0.0,0.0,2025-07-14,0.008163310639160835,300.0,1.0,2025-07-18,0.008163310639160835,300.0,1.0,2025-07-23,0.010869672236903891,400.0,1.0,2025-08-07,0.04278727520520898,1600.0,1.0,2025-08-22,0.04278727520520898,1600.0,1.0,2025-09-06,0.03753791931906524,1400.0,1.0,2025-10-06,-0.04756141119893914,-1700.0,-1.0
2025-07-09,Wed,37500.0,37500.0,37300.0,36700.0,35600.0,34100.0,36100.0,35100.0,33500.0,33300.0,31800.0,100.0,2025-07-09,2,0,36100.0,0,33500.0,0,33300.0,0,31800.0,36920.0,32866.666666666664,4053.3333333333358,4900.0,3420.0,5500.0,0.0027285146532047833,0.002787015624932047,0.65,0,0.005464494472078745,0.005464494472078745,-0.010840214552864833,-0.021564177915840525,-0.08610269905341174,-0.531304049239968,-0.7305625197926378,-0.539592607581286,-0.2875495344623519,-0.7137633771281695,-0.3372453797382976,-0.5313040492399825,-0.7305625197926364,-0.5395926075812761,-0.5411192181475022,-0.7844781915021569,-0.6744907594765952,1.0,2025-07-08,376.0,0.0,0.0,1.0,1.0,420.0,,,,,,,,,,0.0,0.0,1.0,0.0,0.0,2025-07-14,0.005434795985956995,200.0,1.0,2025-07-19,0.005434795985956995,200.0,1.0,2025-07-24,0.01621657158924529,600.0,1.0,2025-08-08,0.03743752707213059,1400.0,1.0,2025-08-25,0.040058760552004954,1500.0,1.0,2025-09-08,0.040058760552004954,1500.0,1.0,2025-10-07,-0.05028992585214305,-1800.0,-1.0
2025-07-10,Thu,37500.0,37500.0,37300.0,36700.0,35600.0,34100.0,36100.0,35100.0,33500.0,33300.0,31800.0,0.0,2025-07-10,2,0,36100.0,0,33500.0,0,33300.0,0,31800.0,36920.0,32866.666666666664,4053.3333333333358,4900.0,3420.0,5500.0,0.0,0.0027835402387541733,0.6,1,0.005464494472078745,0.005464494472078745,-0.010840214552864833,-0.021564177915840525,-0.08109015722986737,-0.5161500868845831,-0.7174644521638142,-0.5395926075812749,-0.27488532989166453,-0.7005558971696395,-0.3372453797382976,-0.5161500868845945,-0.7174644521638165,-0.5395926075812761,-0.522515830698248,-0.7707510043251067,-0.6744907594765952,1.0,2025-07-09,374.0,0.0,0.0,1.0,1.0,419.0,0.016172859245600968,,,,,,,,,0.0,0.0,1.0,0.0,0.0,2025-07-15,0.005434795985956995,200.0,1.0,2025-07-22,0.008141157583699866,300.0,1.0,2025-07-25,0.018893949359961613,700.0,1.0,2025-08-11,0.03743752707213059,1400.0,1.0,2025-08-25,0.040058760552004954,1500.0,1.0,2025-09-08,0.040058760552004954,1500.0,1.0,2025-10-08,-0.056037068107711106,-2000.0,-1.0
2025-07-14,Mon,37700.0,37700.0,37500.0,36900.0,35800.0,34200.0,36100.0,35100.0,33300.0,33100.0,31600.0,200.0,2025-07-14,2,0,36100.0,0,33300.0,0,33100.0,0,31600.0,37120.0,32666.666666666668,4453.333333333332,5300.0,3820.0,5900.0,0.005434795985957308,0.0026987423895432888,0.6,0,0.010899290458035638,0.013642776403786479,-0.005405418566907935,-0.016129381929883644,-0.07061756721395342,0.7362473466499863,0.367642630432785,0.8431134493457378,0.78668997634463,0.22660413343498279,1.011736139214893,0.736247346650009,0.36764263043279355,0.8431134493457441,0.6372215218425331,0.21719746599810227,0.6744907594765952,1.0,2025-07-11,370.5,0.0,0.0,1.0,1.0,417.0,-0.002695419421672618,,,,,,,,,0.0,0.0,3.0,0.0,0.0,2025-07-19,0.0,0.0,0.0,2025-07-24,0.010781775603288413,400.0,1.0,2025-07-29,0.029374608679904317,1100.0,1.0,2025-08-13,0.029374608679904317,1100.0,1.0,2025-08-28,0.024097551579060524,900.0,1.0,2025-09-12,0.026739561041899087,1000.0,1.0,2025-10-13,-0.061471864093667984,-2200.0,-1.0
2025-07-15,Tue,37700.0,37700.0,37500.0,36900.0,35800.0,34000.0,36000.0,35000.0,33200.0,33000.0,31500.0,0.0,2025-07-15,2,0,36000.0,0,33200.0,0,33000.0,0,31500.0,37120.0,32566.666666666668,4553.333333333332,5400.0,3920.0,6000.0,0.0,0.0029357176806616495,0.55,1,0.008163310639160835,0.010899290458035638,-0.005405418566907935,-0.016129381929883644,-0.060465195749935335,1.025096092921274,0.644964322268156,1.146634291110216,1.0305074235442482,0.4682562011411069,1.3489815189531904,1.0250960929213007,0.6449643222681635,1.1466342911102119,0.9099836127308111,0.47164668410796634,1.011736139214893,1.0,2025-07-14,373.0,0.0,0.0,1.0,1.0,414.0,0.0,,,,,,,,,0.0,0.0,1.0,0.0,0.0,2025-07-22,0.0027063615977428457,100.0,1.0,2025-07-25,0.01345915337400471,500.0,1.0,2025-07-30,0.029374608679904317,1100.0,1.0,2025-08-14,0.029374608679904317,1100.0,1.0,2025-08-29,0.024097551579060524,900.0,1.0,2025-09-13,0.026739561041899087,1000.0,1.0,2025-10-13,-0.061471864093667984,-2200.0,-1.0
2025-07-16,Wed,37700.0,37700.0,37500.0,36900.0,35800.0,34000.0,36000.0,35000.0,33100.0,32900.0,31400.0,0.0,2025-07-16,2,0,36000.0,0,33100.0,0,32900.0,0,31400.0,37120.0,32466.666666666668,4653.333333333332,5500.0,4020.0,6100.0,0.0,0.0028462838935208916,0.55,2,0.008163310639160835,0.010899290458035638,-0.005405418566907935,-0.016129381929883644,-0.07061756721395342,1.3012315788935598,0.9383431288380635,1.4838796708485242,1.262882518318392,0.7246657798507906,1.3489815189531904,1.3012315788935906,0.9383431288380709,1.4838796708485094,1.1720900299011916,0.7400810393974682,1.3489815189531904,1.0,2025-07-15,373.0,0.0,0.0,1.0,1.0,413.0,-0.008010723746078696,,,,,,,,,0.0,0.0,1.0,0.0,0.0,2025-07-22,0.0027063615977428457,100.0,1.0,2025-07-26,0.01879249934936732,700.0,1.0,2025-07-31,0.029374608679904317,1100.0,1.0,2025-08-18,0.029374608679904317,1100.0,1.0,2025-08-30,0.024097551579060524,900.0,1.0,2025-09-15,0.024097551579060524,900.0,1.0,2025-10-14,-0.061471864093667984,-2200.0,-1.0
2025-07-17,Thu,37700.0,37700.0,37500.0,36900.0,35800.0,34000.0,36000.0,35000.0,33300.0,33100.0,31600.0,0.0,2025-07-17,2,0,36000.0,0,33300.0,0,33100.0,0,31600.0,37120.0,32666.666666666668,4453.333333333332,5300.0,3820.0,5900.0,0.0,0.00275957461982195,0.55,3,0.005434795985956995,0.010899290458035638,-0.005405418566907935,-0.010781775603288362,-0.060465195749935335,0.6555284618564887,0.4102219246323542,0.8093889113719167,0.7146869140812692,0.27551182731385904,0.6744907594765952,0.6555284618565098,0.41022192463236173,0.8093889113719143,0.586890136031656,0.25989799875790304,0.6744907594765952,1.0,2025-07-16,373.0,0.0,0.0,1.0,1.0,412.0,-0.002677377770716305,0.013495481474884663,,,,,,0.0,,0.0,0.0,1.0,0.0,0.0,2025-07-22,0.0027063615977428457,100.0,1.0,2025-07-28,0.024097551579060524,900.0,1.0,2025-08-01,0.029374608679904317,1100.0,1.0,2025-08-18,0.029374608679904317,1100.0,1.0,2025-09-01,0.024097551579060524,900.0,1.0,2025-09-15,0.024097551579060524,900.0,1.0,2025-10-15,-0.06725222700916746,-2400.0,-1.0
2025-07-18,Fri,37700.0,37700.0,37500.0,36900.0,35800.0,34000.0,36000.0,35000.0,33500.0,33300.0,31800.0,0.0,2025-07-18,2,0,36000.0,0,33500.0,0,33300.0,0,31800.0,37120.0,32866.666666666664,4253.333333333336,5100.0,3620.0,5700.0,0.0,0.002675506859909638,0.55,4,0.005434795985956995,0.010899290458035638,-0.005405418566907935,-0.005405418566907935,-0.055350095083164956,0.017353392724604854,-0.12866889337187945,0.07494341771962927,0.1754490973689536,-0.18767257251697023,0.22483025315886507,0.017353392724600986,-0.12866889337188078,0.0749434177196217,0.00467153498975621,-0.2332716281312333,0.0,1.0,2025-07-17,373.0,0.0,0.0,1.0,1.0,411.0,-0.0066800515603731014,0.0,,,,0.00767352987626821,,0.0,,0.0,0.0,1.0,0.0,0.0,2025-07-23,0.0027063615977428457,100.0,1.0,2025-07-28,0.024097551579060524,900.0,1.0,2025-08-02,0.032002731086173734,1200.0,1.0,2025-08-18,0.029374608679904317,1100.0,1.0,2025-09-01,0.024097551579060524,900.0,1.0,2025-09-16,0.01879249934936732,700.0,1.0,2025-10-16,-0.07015498666712887,-2500.0,-1.0
2025-07-19,Sat,37700.0,37700.0,37500.0,36900.0,35800.0,34000.0,36000.0,35000.0,33400.0,33200.0,31700.0,0.0,2025-07-19,2,0,36000.0,0,33400.0,0,33200.0,0,31700.0,37120.0,32766.666666666668,4353.333333333332,5200.0,3720.0,5800.0,0.0,0.002594000142632633,0.55,5,0.0,0.010899290458035638,-0.002706361597742914,-0.005405418566907935,-0.055350095083164956,0.3070575364678807,0.19949674443993518,0.33724537973830376,0.41761426744581653,0.09633699049291243,0.40469445568595713,0.30705753646789463,0.19949674443994359,0.3372453797382976,0.27635753551268677,0.06216463498595129,0.3372453797382976,1.0,2025-07-18,373.0,0.0,0.0,1.0,1.0,410.0,0.006724974907674763,0.004029555486002145,,,,0.007291112782920909,,0.0,0.0,0.0,0.0,1.0,0.0,0.0,2025-07-24,0.010781775603288413,400.0,1.0,2025-07-29,0.029374608679904317,1100.0,1.0,2025-08-04,0.032002731086173734,1200.0,1.0,2025-08-18,0.029374608679904317,1100.0,1.0,2025-09-02,0.024097551579060524,900.0,1.0,2025-09-18,0.01345915337400471,500.0,1.0,2025-10-17,-0.07598590697792199,-2700.0,-1.0
2025-07-22,Tue,37800.0,37800.0,37600.0,37000.0,35900.0,34100.0,36100.0,35100.0,33300.0,33100.0,31600.0,100.0,2025-07-22,2,0,36100.0,0,33300.0,0,33100.0,0,31600.0,37220.0,32666.666666666668,4553.333333333332,5400.0,3920.0,6000.0,0.0027063615977418465,0.00251497644831506,0.6,0,0.0027063615977428457,0.010869672236903891,0.005420067469339113,0.0,-0.05264373348542203,0.917116909645343,0.8245958116494078,1.0117361392148958,0.9243861586706158,0.6425792120047832,1.011736139214893,0.917116909645366,0.824595811649418,1.011736139214893,0.8384406585893396,0.6318403608265614,1.011736139214893,1.0,2025-07-21,376.5,0.0,0.0,1.0,1.0,407.0,0.00933962759613216,0.00933962759613216,,,,0.006960819007858525,,0.0,0.0,0.0,0.0,1.0,0.0,0.0,2025-07-28,0.02139118998131756,800.0,1.0,2025-08-01,0.026668247082161273,1000.0,1.0,2025-08-06,0.031917602968304946,1200.0,1.0,2025-08-21,0.031917602968304946,1200.0,1.0,2025-09-05,0.01342302033214077,500.0,1.0,2025-09-22,-0.008141157583699885,-300.0,-1.0,2025-10-24,-0.07869226857566498,-2800.0,-1.0
2025-07-23,Wed,37800.0,37800.0,37600.0,37000.0,35900.0,34100.0,36100.0,35100.0,33400.0,33200.0,31700.0,0.0,2025-07-23,2,0,36100.0,0,33400.0,0,33200.0,0,31700.0,37220.0,32766.666666666668,4453.333333333332,5300.0,3820.0,5900.0,0.0,0.0025268683640642174,0.6,1,0.0027063615977428457,0.010869672236903891,0.010869672236903891,-0.002699056969165058,-0.05264373348542203,0.5953390301589644,0.5348503254055009,0.6744907594765952,0.6598338642036228,0.3977713862385312,0.6744907594765952,0.5953390301589802,0.5348503254055111,0.6744907594765952,0.5573990970510132,0.37053965638593805,0.6744907594765952,1.0,2025-07-22,375.0,0.0,0.0,1.0,1.0,406.0,0.0053476063265947005,-0.0026631174194839957,,,,0.007043188515456725,,0.0,0.0,0.0,0.0,1.0,0.0,0.0,2025-07-28,0.02139118998131756,800.0,1.0,2025-08-02,0.029296369488430757,1100.0,1.0,2025-08-07,0.031917602968304946,1200.0,1.0,2025-08-22,0.031917602968304946,1200.0,1.0,2025-09-06,0.026668247082161273,1000.0,1.0,2025-09-22,-0.008141157583699885,-300.0,-1.0,2025-10-24,-0.07869226857566498,-2800.0,-1.0
2025-07-24,Thu,38000.0,38000.0,37800.0,37300.0,36300.0,34300.0,36300.0,35300.0,33700.0,33500.0,32000.0,300.0,2025-07-24,2,0,36300.0,0,33700.0,0,33500.0,0,32000.0,37480.0,33066.666666666664,4413.333333333336,5300.0,3780.0,5800.0,0.008075414005546122,0.0024498897741633318,0.65,0,0.010781775603288413,0.01621657158924529,0.021681066061323948,0.005376357036380496,-0.04456831947987652,0.46813252450567366,0.4298043497461307,0.5395926075812871,0.6598338642036228,0.4228325060794418,0.6744907594765952,0.4681325245056787,0.4298043497461295,0.5395926075812761,0.2819837314418079,0.10331208095781884,0.3372453797382976,1.0,2025-07-23,378.0,0.0,0.0,1.0,1.0,405.0,0.013315775975772048,0.010638398205055744,,,,0.0069390958062692035,,0.0,0.0,0.0,0.0,1.0,0.0,0.0,2025-07-29,0.018592833076615925,700.0,1.0,2025-08-04,0.021220955482885436,800.0,1.0,2025-08-08,0.021220955482885436,800.0,1.0,2025-08-25,0.023842188962759657,900.0,1.0,2025-09-08,0.023842188962759657,900.0,1.0,2025-09-22,-0.01621657158924528,-600.0,-1.0,2025-10-24,-0.08676768258121045,-3100.0,-1.0
2025-07-25,Fri,38200.0,38200.0,38000.0,37400.0,36300.0,34500.0,36500.0,35500.0,33900.0,33700.0,32200.0,100.0,2025-07-25,2,0,36500.0,0,33900.0,0,33700.0,0,32200.0,37620.0,33266.666666666664,4353.333333333336,5200.0,3720.0,5800.0,0.002677377770716305,0.0030910485264510628,0.65,0,0.01345915337400471,0.018893949359961613,0.02435844383204044,0.008053734807096823,-0.04189094170916014,0.27166503253313873,0.2581994852618594,0.2697963037906405,0.3928247478299474,0.16556766546795235,0.3372453797382976,0.27166503253314184,0.2581994852618552,0.26979630379063807,0.2819837314418079,0.12248107453375696,0.3372453797382976,1.0,2025-07-24,377.5,0.0,0.0,1.0,1.0,404.0,0.011992149045263467,0.005312097484890366,,,,0.006901832324781795,,0.0,0.0,0.0,0.0,1.0,0.0,0.0,2025-07-30,0.015915455305899582,600.0,1.0,2025-08-04,0.018543577712169104,700.0,1.0,2025-08-11,0.018543577712169104,700.0,1.0,2025-08-25,0.02116481119204333,800.0,1.0,2025-09-08,0.02116481119204333,800.0,1.0,2025-09-23,-0.02985296314968116,-1100.0,-1.0,2025-10-24,-0.08944506035192679,-3200.0,-1.0
2025-07-26,Sat,38400.0,38400.0,38200.0,37600.0,36500.0,34700.0,36700.0,35700.0,33900.0,33700.0,32200.0,200.0,2025-07-26,2,0,36700.0,0,33900.0,0,33700.0,0,32200.0,37820.0,33266.666666666664,4553.333333333336,5400.0,3920.0,6000.0,0.005333345975362391,0.003067801694524977,0.6,0,0.01879249934936732,0.01879249934936732,0.032435275753153955,0.013387080782459279,-0.041672696400568074,0.8783967621381465,0.9357193399675408,0.9918981757008826,0.8999094907671459,0.7716921670485486,1.011736139214893,0.878396762138157,0.935719339967539,0.9918981757008754,0.8459511943254236,0.7425834673285165,1.011736139214893,1.0,2025-07-25,375.0,0.0,0.0,1.0,1.0,403.0,0.0053476063265947005,0.012072581234269464,,,,0.006713010925539101,,0.0,0.0,0.0,0.0,1.0,0.0,0.0,2025-07-31,0.010582109330537008,400.0,1.0,2025-08-05,0.015831465216680662,600.0,1.0,2025-08-11,0.013210231736806482,500.0,1.0,2025-08-25,0.015831465216680662,600.0,1.0,2025-09-09,0.018445845790751432,700.0,1.0,2025-09-24,-0.03518630912504369,-1300.0,-1.0,2025-10-24,-0.09477840632728941,-3400.0,-1.0
2025-07-28,Mon,38600.0,38600.0,38400.0,37800.0,36800.0,34900.0,36900.0,35900.0,33900.0,33700.0,32200.0,200.0,2025-07-28,2,0,36900.0,0,33900.0,0,33700.0,0,32200.0,38040.0,33266.666666666664,4773.333333333336,5600.0,4140.0,6200.0,0.00530505222969424,0.0032485993228296645,0.6,0,0.02139118998131756,0.024097551579060524,0.03499684203709615,0.018692133012152546,-0.041456713678346135,1.5386349861078075,1.6773351751348202,1.668477141863147,1.402765421195526,1.3823197066742994,1.6862268986914881,1.53863498610783,1.6773351751348209,1.6684771418631568,1.4099186572090394,1.362538078516806,1.6862268986914881,1.0,2025-07-25,375.0,0.0,0.0,1.0,1.0,403.0,0.0053476063265947005,0.012072581234269464,,,,0.006713010925539101,,0.0,0.0,0.0,0.0,3.0,0.0,0.0,2025-08-02,0.007905179507113247,300.0,1.0,2025-08-07,0.010526412986987603,400.0,1.0,2025-08-12,0.005277057100843819,200.0,1.0,2025-08-27,0.0,0.0,0.0,2025-09-11,0.007905179507113247,300.0,1.0,2025-09-26,-0.040491361354736875,-1500.0,-1.0,2025-10-27,-0.10594857800938066,-3800.0,-1.0
2025-07-29,Tue,38800.0,38800.0,38600.0,38000.0,37000.0,35000.0,37000.0,36000.0,33700.0,33500.0,32000.0,200.0,2025-07-29,2,0,37000.0,0,33700.0,0,33500.0,0,32000.0,38240.0,33066.666666666664,5173.333333333336,6000.0,4540.0,6600.0,0.005277057100842697,0.003407170153699258,0.6,0,0.026668247082161273,0.029374608679904317,0.0402738991379399,0.023969190112996402,-0.036179656577502356,2.742085352523277,2.973456547832558,3.0884576881296497,2.4055052037241325,2.5629486376416732,3.0352084176446783,2.7420853525233175,2.973456547832557,3.0884576881296733,2.517957359478138,2.563280984557499,3.0352084176446783,1.0,2025-07-28,375.0,0.0,0.0,1.0,1.0,400.0,-0.00399202126953746,0.0053476063265947005,,,,0.0067999673370486525,,0.0,0.0,0.0,0.0,1.0,0.0,0.0,2025-08-04,0.0026281224062694084,100.0,1.0,2025-08-08,0.0026281224062694084,100.0,1.0,2025-08-13,0.0,0.0,0.0,2025-08-28,-0.005277057100843781,-200.0,-1.0,2025-09-12,-0.0026350476380051138,-100.0,-1.0,2025-09-27,-0.048527040894660436,-1800.0,-1.0,2025-10-27,-0.11122563511022437,-4000.0,-1.0
2025-07-30,Wed,38800.0,38800.0,38600.0,38000.0,37000.0,35000.0,37000.0,36000.0,33400.0,33200.0,31700.0,0.0,2025-07-30,2,0,37000.0,0,33400.0,0,33200.0,0,31700.0,38240.0,32766.666666666668,5473.333333333332,6300.0,4840.0,6900.0,0.0,0.0035472693508693054,0.55,1,0.018592833076615925,0.029374608679904317,0.0402738991379399,0.023969190112996402,-0.036179656577502356,3.4227844931400506,3.8192790053112033,4.153443097829514,3.0326420965832943,3.3733569997907797,4.046944556859572,3.422784493140109,3.819279005311218,4.153443097829561,3.201014295345977,3.3798802443913862,4.046944556859572,1.0,2025-07-29,378.5,0.0,0.0,1.0,1.0,399.0,0.009290046907092453,0.014637653233687153,,,,0.006602108512368871,,0.0,0.0,0.0,0.0,1.0,0.0,0.0,2025-08-04,0.0026281224062694084,100.0,1.0,2025-08-11,0.0026281224062694084,100.0,1.0,2025-08-14,0.0,0.0,0.0,2025-08-29,-0.005277057100843781,-200.0,-1.0,2025-09-13,-0.0026350476380051138,-100.0,-1.0,2025-09-29,-0.05129329438755058,-1900.0,-1.0,2025-10-28,-0.11122563511022437,-4000.0,-1.0
2025-07-31,Thu,38800.0,38800.0,38600.0,38000.0,37000.0,35000.0,37000.0,36000.0,33500.0,33300.0,31800.0,0.0,2025-07-31,2,0,37000.0,0,33500.0,0,33300.0,0,31800.0,38240.0,32866.666666666664,5373.333333333336,6200.0,4740.0,6800.0,0.0,0.0034392052362078856,0.55,2,0.015915455305899582,0.029374608679904317,0.0402738991379399,0.023969190112996402,-0.036179656577502356,2.8596331071163372,3.2939671062948137,3.7984479612629007,2.618693389858607,2.9509910217614386,3.7096991771212737,2.8596331071163665,3.293967106294814,3.7984479612629314,2.7326155053355277,2.939948212898351,3.7096991771212737,1.0,2025-07-30,380.0,0.0,0.0,1.0,1.0,398.0,0.005277057100843585,0.018592833076615634,0.0320883145515003,,,0.006688993338149802,,0.0,0.0,0.0,0.0,1.0,0.0,0.0,2025-08-05,0.005249355886143745,200.0,1.0,2025-08-11,0.0026281224062694084,100.0,1.0,2025-08-18,0.0,0.0,0.0,2025-08-30,-0.005277057100843781,-200.0,-1.0,2025-09-15,-0.005277057100843781,-200.0,-1.0,2025-09-29,-0.05129329438755058,-1900.0,-1.0,2025-10-29,-0.11122563511022437,-4000.0,-1.0
2025-08-01,Fri,38800.0,38800.0,38600.0,38000.0,37000.0,35000.0,37000.0,36000.0,33500.0,33300.0,31800.0,0.0,2025-08-01,2,0,37000.0,0,33500.0,0,33300.0,0,31800.0,38240.0,32866.666666666664,5373.333333333336,6200.0,4740.0,6800.0,0.0,0.0033344331898171467,0.55,3,0.010582109330537008,0.029374608679904317,0.0402738991379399,0.026668247082161273,-0.036179656577502356,2.6750731600275968,3.1441317206982324,3.7984479612629007,2.501577205013514,2.853761049351355,3.7096991771212737,2.6750731600276216,3.144131720698231,3.7984479612629314,2.597641559101506,2.8332854788485284,3.7096991771212737,1.0,2025-07-31,379.0,0.0,0.0,1.0,1.0,397.0,0.003965636393346905,0.015957785438610372,0.015957785438610372,,,0.006534057789242829,,0.0,0.0,0.0,0.0,1.0,0.0,0.0,2025-08-06,0.005249355886143745,200.0,1.0,2025-08-11,0.0026281224062694084,100.0,1.0,2025-08-18,0.0,0.0,0.0,2025-09-01,-0.005277057100843781,-200.0,-1.0,2025-09-15,-0.005277057100843781,-200.0,-1.0,2025-09-30,-0.05406722127027582,-2000.0,-1.0,2025-10-30,-0.11122563511022437,-4000.0,-1.0
2025-08-02,Sat,38900.0,38900.0,38700.0,38100.0,37100.0,35100.0,37100.0,36100.0,33500.0,33300.0,31800.0,100.0,2025-08-02,2,0,37100.0,0,33500.0,0,33300.0,0,31800.0,38340.0,32866.666666666664,5473.333333333336,6300.0,4840.0,6900.0,0.0026281224062696396,0.003232852922035412,0.55,0,0.007905179507113247,0.029296369488430757,0.04016604172533465,0.034716436957770026,-0.0335515341712329,2.798998339522157,3.2778333738597913,4.153443097829527,2.649288461235367,3.0113673047253333,4.046944556859572,2.7989983395221794,3.27783337385979,4.153443097829561,2.7533186490063857,2.990132927531769,4.046944556859572,1.0,2025-08-01,379.5,0.0,0.0,1.0,1.0,396.0,0.011928570865274324,0.017276177191869024,0.02130573267787117,,,0.00595929269565962,,0.0,0.0,0.0,0.0,1.0,0.0,0.0,2025-08-07,0.002621233479874287,100.0,1.0,2025-08-12,-0.002628122406269469,-100.0,-1.0,2025-08-18,-0.002628122406269469,-100.0,-1.0,2025-09-01,-0.007905179507113261,-300.0,-1.0,2025-09-16,-0.013210231736806462,-500.0,-1.0,2025-10-01,-0.0622663887260007,-2300.0,-1.0,2025-10-31,-0.10215771775330262,-3700.0,-1.0
2025-08-04,Mon,38900.0,38900.0,38700.0,38100.0,37100.0,35100.0,,36100.0,33700.0,33500.0,32000.0,0.0,2025-08-04,2,2,37100.0,0,33700.0,0,33500.0,0,32000.0,38340.0,33066.666666666664,5273.333333333336,6100.0,4640.0,6700.0,0.0,0.0031997936460844345,0.55,2,0.0026281224062694084,0.029296369488430757,0.04016604172533465,0.04016604172533465,-0.0335515341712329,2.2063716084582206,2.586932446762962,3.4434528246962754,2.130953124602824,2.3881065984221816,3.3724537973829762,2.2063716084582343,2.58693244676296,3.443452824696302,2.18741721822548,2.3556016805511333,3.3724537973829762,1.0,2025-08-01,379.5,0.0,0.0,1.0,1.0,396.0,0.011928570865274324,0.017276177191869024,0.02130573267787117,,,0.00595929269565962,,0.0,0.0,0.0,0.0,3.0,0.0,0.0,2025-08-11,0.0,0.0,0.0,2025-08-14,-0.002628122406269469,-100.0,-1.0,2025-08-19,-0.002628122406269469,-100.0,-1.0,2025-09-03,-0.01587334915629012,-600.0,-1.0,2025-09-18,-0.018543577712169072,-700.0,-1.0,2025-10-03,-0.06506359334706188,-2400.0,-1.0,2025-11-03,-0.0934745951798418,-3400.0,-1.0
2025-08-05,Tue,39000.0,39000.0,38800.0,38200.0,37200.0,35200.0,37200.0,36200.0,33700.0,33500.0,32000.0,100.0,2025-08-05,2,0,37200.0,0,33700.0,0,33500.0,0,32000.0,38440.0,33066.666666666664,5373.333333333336,6200.0,4740.0,6800.0,0.0026212334798749737,0.0031023150412024534,0.55,0,0.005249355886143745,0.023842188962759657,0.040058760552004954,0.0455232550240836,-0.025841231183887328,2.3824895815118206,2.7621491861507077,3.7984479612629007,2.3035455298079968,2.5763622069992587,3.7096991771212737,2.382489581511837,2.7621491861507055,3.7984479612629314,2.3721110762344413,2.5423082967935353,3.7096991771212737,1.0,2025-08-04,379.0,0.0,0.0,1.0,1.0,393.0,0.010610179112015672,0.006618157842478212,0.015957785438610372,,,0.0058502671651849475,,0.0,0.0,0.0,0.0,1.0,0.0,0.0,2025-08-11,-0.0026212334798741926,-100.0,-1.0,2025-08-18,-0.005249355886143678,-200.0,-1.0,2025-08-20,0.0,0.0,0.0,2025-09-04,-0.018494582636164415,-700.0,-1.0,2025-09-19,-0.021164811192043272,-800.0,-1.0,2025-10-04,-0.07612369547280069,-2800.0,-1.0,2025-11-03,-0.096095828659716,-3500.0,-1.0
2025-08-06,Wed,39000.0,39000.0,38800.0,38200.0,37200.0,35200.0,37200.0,36200.0,33600.0,33400.0,31900.0,0.0,2025-08-06,2,0,37200.0,0,33600.0,0,33400.0,0,31900.0,38440.0,32966.666666666664,5473.333333333336,6300.0,4840.0,6900.0,0.0,0.0030755729539940634,0.55,1,0.005249355886143745,0.02116481119204333,0.040058760552004954,0.0455232550240836,-0.02072613051711697,2.482485115032674,2.9074132946160507,4.153443097829527,2.3966303707486025,2.7329876333775833,4.046944556859572,2.482485115032691,2.907413294616047,4.153443097829561,2.469029906884331,2.7008793020187167,4.046944556859572,1.0,2025-08-05,377.5,0.0,0.0,1.0,1.0,392.0,-0.0026455041884236863,0.006644542718668767,0.003981425299184771,,,0.005829832073138448,,0.0,0.0,0.0,0.0,1.0,0.0,0.0,2025-08-11,-0.0026212334798741926,-100.0,-1.0,2025-08-18,-0.005249355886143678,-200.0,-1.0,2025-08-21,0.0,0.0,0.0,2025-09-05,-0.018494582636164415,-700.0,-1.0,2025-09-22,-0.040058760552004864,-1500.0,-1.0,2025-10-06,-0.09034868640414796,-3300.0,-1.0,2025-11-04,-0.096095828659716,-3500.0,-1.0
2025-08-07,Thu,39000.0,39000.0,38800.0,38200.0,37200.0,35200.0,37200.0,36200.0,33600.0,33400.0,31900.0,0.0,2025-08-07,2,0,37200.0,0,33600.0,0,33400.0,0,31900.0,38440.0,32966.666666666664,5473.333333333336,6300.0,4840.0,6900.0,0.0,0.0029818786118182916,0.55,2,0.005249355886143745,0.015831465216680662,0.03462396456604808,0.04826674096983457,-0.015584731016698203,2.3316325305364045,2.7859739245163615,3.58706449358008,2.259785248281981,2.632990655497558,4.046944556859572,2.3316325305364174,2.785973924516358,3.587064493580075,2.319488370710806,2.6005594105545575,4.046944556859572,1.0,2025-08-06,377.5,0.0,0.0,1.0,1.0,391.0,-0.006600684031352166,-0.0013236269305085813,0.009314771274547162,,,0.0056626497123079085,,0.0,0.0,0.0,0.0,1.0,0.0,0.0,2025-08-12,-0.005249355886143678,-200.0,-1.0,2025-08-18,-0.005249355886143678,-200.0,-1.0,2025-08-22,0.0,0.0,0.0,2025-09-06,-0.005249355886143678,-200.0,-1.0,2025-09-22,-0.040058760552004864,-1500.0,-1.0,2025-10-06,-0.09034868640414796,-3300.0,-1.0,2025-11-05,-0.09034868640414796,-3300.0,-1.0
2025-08-08,Fri,38900.0,38900.0,38700.0,38100.0,37100.0,35100.0,37100.0,36100.0,33500.0,33300.0,31800.0,-100.0,2025-08-08,2,0,37100.0,0,33500.0,0,33300.0,0,31800.0,38340.0,32866.666666666664,5473.333333333336,6300.0,4840.0,6900.0,-0.0026212334798749737,0.0028910385767544193,0.6,0,0.0,0.007905179507113247,0.032002731086173734,0.0429020215442095,-0.013037994338129943,2.192505462392226,2.676680128674245,3.260038670803554,2.130677579033733,2.541715605950489,4.046944556859572,2.1925054623922358,2.6766801286742417,3.2600386708035436,2.1819515282917576,2.509047798591109,4.046944556859572,1.0,2025-08-07,380.0,0.0,0.0,1.0,1.0,390.0,0.002635047638005261,0.006600684031352166,0.011912781516242532,,,0.005511978312369463,,0.0,0.0,0.0,0.0,1.0,0.0,0.0,2025-08-13,-0.002628122406269469,-100.0,-1.0,2025-08-18,-0.002628122406269469,-100.0,-1.0,2025-08-25,0.002621233479874287,100.0,1.0,2025-09-08,0.002621233479874287,100.0,1.0,2025-09-22,-0.03743752707213066,-1400.0,-1.0,2025-10-07,-0.0877274529242738,-3200.0,-1.0,2025-11-06,-0.0934745951798418,-3400.0,-1.0
2025-08-11,Mon,38900.0,38900.0,38700.0,38100.0,37100.0,35100.0,37100.0,36100.0,33500.0,33300.0,31800.0,0.0,2025-08-11,2,0,37100.0,0,33500.0,0,33300.0,0,31800.0,38340.0,32866.666666666664,5473.333333333336,6300.0,4840.0,6900.0,0.0,0.0028755642414152968,0.55,3,0.0,0.0026281224062694084,0.032002731086173734,0.0429020215442095,-0.013037994338129943,2.071768081776161,2.5775695623587307,3.4950884809241867,2.0171608322817596,2.4579197796890395,4.046944556859572,2.0717680817761686,2.5775695623587276,3.495088480924175,2.062131970411051,2.4250785161300032,3.102657493592338,1.0,2025-08-08,377.5,0.0,0.0,1.0,1.0,389.0,-0.005284028146605557,0.006644542718668767,0.01871712395293823,,,0.005629089650818593,,0.0,0.0,0.0,0.0,3.0,0.0,0.0,2025-08-18,-0.002628122406269469,-100.0,-1.0,2025-08-21,0.002621233479874287,100.0,1.0,2025-08-26,-0.002628122406269469,-100.0,-1.0,2025-09-10,0.005235614053944943,200.0,1.0,2025-09-25,-0.04839654086185021,-1800.0,-1.0,2025-10-10,-0.0934745951798418,-3400.0,-1.0,2025-11-10,-0.10506892796076102,-3800.0,-1.0
2025-08-12,Tue,38800.0,38800.0,38600.0,38000.0,37000.0,35000.0,37000.0,36000.0,33400.0,33200.0,31700.0,-100.0,2025-08-12,2,0,37000.0,0,33400.0,0,33200.0,0,31700.0,38240.0,32766.666666666668,5473.333333333332,6300.0,4840.0,6900.0,-0.0026281224062696396,0.00278796297036312,0.55,0,-0.005249355886143678,0.0,0.029374608679904317,0.0402738991379399,-0.015666116744399463,1.9644898082990598,2.4870976389970507,3.777148253068927,1.915837488957893,2.3805955087681814,3.237555645487657,1.9644898082990736,2.487097638997055,3.7771482530689333,1.955988950476081,2.3476269570063124,3.7096991771212737,1.0,2025-08-11,378.5,0.0,0.0,1.0,1.0,386.0,-0.001320132204923219,0.009290046907092453,0.014637653233687153,,,0.004896292004288843,,0.0,0.0,0.0,0.0,1.0,0.0,0.0,2025-08-18,0.0,0.0,0.0,2025-08-22,0.005249355886143745,200.0,1.0,2025-08-27,-0.005277057100843781,-200.0,-1.0,2025-09-11,0.0026281224062694084,100.0,1.0,2025-09-26,-0.0457684184555807,-1700.0,-1.0,2025-10-11,-0.08223809823697212,-3000.0,-1.0,2025-11-10,-0.1024408055544915,-3700.0,-1.0
2025-08-13,Wed,38800.0,38800.0,38600.0,38000.0,37000.0,35000.0,37000.0,36000.0,33300.0,33100.0,31600.0,0.0,2025-08-13,2,0,37000.0,0,33300.0,0,33100.0,0,31600.0,38240.0,32666.666666666668,5573.333333333332,6400.0,4940.0,7000.0,0.0,0.0027786318424017934,0.5,1,-0.005249355886143678,0.0,0.029374608679904317,0.0402738991379399,-0.010471299867295366,2.05182813999794,2.6216056824232346,3.2915149062457796,1.9946051490522596,2.519275697347275,2.922793291065246,2.051828139997952,2.621605682423239,3.2915149062457845,2.042498448236921,2.4901717036296147,3.237555645487657,1.0,2025-08-12,378.5,0.0,0.0,1.0,1.0,385.0,0.0026455041884236863,0.0,0.014637653233687153,,,0.004724386505313097,,0.0,0.0,0.0,0.0,1.0,0.0,0.0,2025-08-18,0.0,0.0,0.0,2025-08-25,0.005249355886143745,200.0,1.0,2025-08-28,-0.005277057100843781,-200.0,-1.0,2025-09-12,-0.0026350476380051138,-100.0,-1.0,2025-09-27,-0.048527040894660436,-1800.0,-1.0,2025-10-13,-0.09084647277357231,-3300.0,-1.0,2025-11-11,-0.1024408055544915,-3700.0,-1.0
2025-08-14,Thu,38800.0,38800.0,38600.0,38000.0,37000.0,35000.0,37000.0,36000.0,33200.0,33000.0,31500.0,0.0,2025-08-14,2,0,37000.0,0,33200.0,0,33000.0,0,31500.0,38240.0,32566.666666666668,5673.333333333332,6500.0,5040.0,7100.0,0.0,0.00269398352271736,0.5,2,-0.005249355886143678,0.0,0.029374608679904317,0.0402738991379399,-0.002628122406269469,2.1234470504247063,2.740031719373023,2.9677593416970325,2.05971020652108,2.6405311847858464,3.147623544224111,2.1234470504247165,2.7400317193730275,2.9677593416970187,2.113473333159546,2.6167860685262263,2.922793291065246,1.0,2025-08-13,379.0,0.0,0.0,1.0,1.0,384.0,0.003965636393346905,-0.002635047638005261,0.015957785438610372,0.029453266913495035,,0.004724386505313097,,0.0,0.0,0.0,0.0,1.0,0.0,0.0,2025-08-19,0.0,0.0,0.0,2025-08-25,0.005249355886143745,200.0,1.0,2025-08-29,-0.005277057100843781,-200.0,-1.0,2025-09-13,-0.0026350476380051138,-100.0,-1.0,2025-09-29,-0.05129329438755058,-1900.0,-1.0,2025-10-13,-0.09084647277357231,-3300.0,-1.0,2025-11-12,-0.09662683568907164,-3500.0,-1.0
2025-08-18,Mon,38800.0,38800.0,38600.0,38000.0,37000.0,35000.0,37000.0,36000.0,33200.0,33000.0,31500.0,0.0,2025-08-18,2,0,37000.0,0,33200.0,0,33000.0,0,31500.0,38240.0,32566.666666666668,5673.333333333332,6500.0,5040.0,7100.0,0.0,0.002611913931857686,0.5,6,-0.002628122406269469,-0.002628122406269469,0.026668247082161273,0.03753791931906524,0.002635047638005032,2.0122276564024526,2.635537141137958,2.9677593416970325,1.9548418753765122,2.5443171745812934,2.697963037906381,2.012227656402462,2.635537141137961,2.9677593416970187,2.0032572713428167,2.522762637768499,2.922793291065246,1.0,2025-08-15,377.0,0.0,0.0,1.0,1.0,382.0,-0.0013253812410685128,-0.00660940938767407,0.010666767804194954,0.0146963232901971,,0.004914202798047013,,0.0,0.0,0.0,0.0,3.0,0.0,0.0,2025-08-25,0.005249355886143745,200.0,1.0,2025-08-28,-0.005277057100843781,-200.0,-1.0,2025-09-02,-0.005277057100843781,-200.0,-1.0,2025-09-18,-0.015915455305899568,-600.0,-1.0,2025-10-03,-0.06243547094079234,-2300.0,-1.0,2025-10-17,-0.10536051565782628,-3800.0,-1.0,2025-11-17,-0.07938502925456566,-2900.0,-1.0
2025-08-19,Tue,38800.0,38800.0,38600.0,38000.0,37000.0,35000.0,37000.0,36000.0,33400.0,33200.0,31700.0,0.0,2025-08-19,2,0,37000.0,0,33400.0,0,33200.0,0,31700.0,38240.0,32766.666666666668,5473.333333333332,6300.0,4840.0,6900.0,0.0,0.002532344511354318,0.55,7,-0.002628122406269469,-0.002628122406269469,0.026668247082161273,0.03753791931906524,0.007926065272420723,1.5838483620190928,2.138353349587784,2.10055693665569,1.5542870887454916,2.0638336649839886,2.023472278429786,1.583848362019099,2.1383533495877876,2.1005569366556824,1.579882464476139,2.037194369972051,2.1198281012121565,1.0,2025-08-18,375.5,0.0,0.0,1.0,1.0,379.0,-0.007957601673314052,-0.009277733878237271,-0.002659576035759059,0.0066800515603731014,,0.004914202798047013,,0.0,0.0,0.0,0.0,1.0,0.0,0.0,2025-08-25,0.005249355886143745,200.0,1.0,2025-08-29,-0.005277057100843781,-200.0,-1.0,2025-09-03,-0.01324522675002068,-500.0,-1.0,2025-09-18,-0.015915455305899568,-600.0,-1.0,2025-10-03,-0.06243547094079234,-2300.0,-1.0,2025-10-18,-0.10536051565782628,-3800.0,-1.0,2025-11-17,-0.07938502925456566,-2900.0,-1.0
2025-08-20,Wed,39000.0,39000.0,38800.0,38200.0,37200.0,35200.0,37200.0,36200.0,33600.0,33400.0,31900.0,200.0,2025-08-20,2,0,37200.0,0,33600.0,0,33400.0,0,31900.0,38440.0,32966.666666666664,5473.333333333336,6300.0,4840.0,6900.0,0.005249355886144613,0.002455199095946225,0.55,0,0.005249355886143745,0.0,0.023842188962759657,0.040058760552004954,0.01849458263616431,1.5255512978544512,2.0798106260687836,1.9347234942881317,1.4967122137109843,2.0096462149492615,1.7986420252709205,1.5255512978544519,2.07981062606878,1.9347234942881286,1.521637501089375,1.9842786425246088,1.8548495885606369,1.0,2025-08-19,376.0,0.0,0.0,1.0,1.0,378.0,-0.006626929487608457,-0.003981425299184771,0.0026631174194839957,0.0,,0.0045470579613611575,,0.0,0.0,0.0,0.0,1.0,0.0,0.0,2025-08-25,0.0,0.0,0.0,2025-08-30,-0.010526412986987504,-400.0,-1.0,2025-09-04,-0.018494582636164415,-700.0,-1.0,2025-09-19,-0.021164811192043272,-800.0,-1.0,2025-10-04,-0.07612369547280069,-2800.0,-1.0,,,,,2025-11-18,-0.08178943300847812,-3000.0,-1.0
2025-08-21,Thu,39000.0,39000.0,38800.0,38200.0,37200.0,35200.0,37200.0,36200.0,33600.0,33400.0,31900.0,0.0,2025-08-21,2,0,37200.0,0,33600.0,0,33400.0,0,31900.0,38440.0,32966.666666666664,5473.333333333336,6300.0,4840.0,6900.0,0.0,0.002705488251287578,0.55,1,0.005249355886143745,0.0,0.02116481119204333,0.040058760552004954,0.01849458263616431,1.4677075798177965,2.0247697982097135,1.588800455655998,1.4403525953262168,1.9585133533451733,1.551328746796169,1.4677075798177959,2.0247697982097104,1.5888004556559798,1.4639841069999475,1.9342905272507176,1.6487551898316772,1.0,2025-08-20,377.0,0.0,0.0,1.0,1.0,377.0,-0.005291017634415418,-0.0013253812410685128,-0.002649008171577094,0.00798939003347865,,0.004464317582906721,,0.0,0.0,0.0,0.0,1.0,0.0,0.0,2025-08-26,-0.005249355886143678,-200.0,-1.0,2025-09-01,-0.010526412986987504,-400.0,-1.0,2025-09-05,-0.018494582636164415,-700.0,-1.0,2025-09-22,-0.040058760552004864,-1500.0,-1.0,2025-10-06,-0.09034868640414796,-3300.0,-1.0,2025-10-24,-0.11060987154397003,-4000.0,-1.0,2025-11-19,-0.08178943300847812,-3000.0,-1.0
2025-08-22,Fri,39000.0,39000.0,38800.0,38200.0,37200.0,35200.0,37200.0,36200.0,33600.0,33400.0,31900.0,0.0,2025-08-22,2,0,37200.0,0,33600.0,0,33400.0,0,31900.0,38440.0,32966.666666666664,5473.333333333336,6300.0,4840.0,6900.0,0.0,0.0026230681800486636,0.6,2,0.005249355886143745,0.0,0.015831465216680662,0.03462396456604808,0.01849458263616431,1.4142120719550828,1.972871680655338,1.588800455655998,1.3888106628050423,1.9101371010133703,1.3489815189531904,1.4142120719550826,1.9728716806553341,1.5888004556559798,1.4107469162987676,1.8869486256971546,1.6487551898316772,1.0,2025-08-21,376.5,0.0,0.0,1.0,1.0,376.0,-0.0013271402080627936,-0.009253205480483473,-0.0026525214491313065,0.002659576035759059,,0.004118246229476683,,0.0,0.0,0.0,0.0,1.0,0.0,0.0,2025-08-27,-0.010526412986987504,-400.0,-1.0,2025-09-01,-0.010526412986987504,-400.0,-1.0,2025-09-06,-0.005249355886143678,-200.0,-1.0,2025-09-22,-0.040058760552004864,-1500.0,-1.0,2025-10-06,-0.09034868640414796,-3300.0,-1.0,2025-10-24,-0.11060987154397003,-4000.0,-1.0,2025-11-20,-0.07895255167327847,-2900.0,-1.0
2025-08-25,Mon,39000.0,39000.0,38800.0,38200.0,37200.0,35200.0,37200.0,36200.0,33400.0,33200.0,31700.0,0.0,2025-08-25,2,0,37200.0,0,33400.0,0,33200.0,0,31700.0,38440.0,32766.666666666668,5673.333333333332,6500.0,5040.0,7100.0,0.0,0.002543158956210323,0.65,5,0.005249355886143745,0.002621233479874287,0.010526412986987603,0.03462396456604808,0.01849458263616431,1.6805047807644593,2.3021983495279685,1.8885741265344818,1.6373108048031548,2.2328105258450246,1.5942508860355886,1.6805047807644644,2.3021983495279725,1.8885741265344667,1.6735342308168897,2.2192109051272735,1.9485288607101638,1.0,2025-08-22,377.5,0.0,0.0,1.0,1.0,375.0,0.0013253812410685128,0.0,0.006644542718668767,0.01871712395293823,,0.00411829978790953,,0.0,0.0,0.0,0.0,3.0,0.0,0.0,2025-08-30,-0.010526412986987504,-400.0,-1.0,2025-09-04,-0.018494582636164415,-700.0,-1.0,2025-09-09,0.0026143805740708936,100.0,1.0,2025-09-24,-0.05101777434172437,-1900.0,-1.0,2025-10-09,-0.096095828659716,-3500.0,-1.0,2025-10-24,-0.11060987154397003,-4000.0,-1.0,2025-11-24,-0.08748745412311579,-3200.0,-1.0
2025-08-26,Tue,38800.0,38800.0,38600.0,38000.0,37000.0,35000.0,37000.0,36000.0,33200.0,33000.0,31500.0,-200.0,2025-08-26,2,0,37000.0,0,33200.0,0,33000.0,0,31500.0,38240.0,32566.666666666668,5673.333333333332,6500.0,5040.0,7100.0,-0.005249355886144613,0.0024656840892457437,0.7,0,0.0,-0.002628122406269469,0.0,0.029374608679904317,0.013245226750020723,1.6140042277510998,2.233312440741711,1.8885741265344818,1.5745222576387263,2.1679356875527325,1.5942508860355886,1.6140042277511035,2.233312440741712,1.8885741265344667,1.6076072423882513,2.155382349892997,1.9485288607101638,1.0,2025-08-22,377.5,0.0,0.0,1.0,1.0,375.0,0.0013253812410685128,0.0,0.006644542718668767,0.01871712395293823,,0.00411829978790953,,0.0,0.0,0.0,0.0,4.0,0.0,0.0,2025-09-01,-0.005277057100843781,-200.0,-1.0,2025-09-05,-0.01324522675002068,-500.0,-1.0,2025-09-10,0.007863736460214451,300.0,1.0,2025-09-25,-0.0457684184555807,-1700.0,-1.0,2025-10-10,-0.09084647277357231,-3300.0,-1.0,2025-10-25,-0.11122563511022437,-4000.0,-1.0,2025-11-24,-0.08223809823697212,-3000.0,-1.0
2025-08-27,Wed,38600.0,38600.0,38400.0,37800.0,36800.0,34800.0,36800.0,35800.0,33000.0,32800.0,31300.0,-200.0,2025-08-27,2,0,36800.0,0,33000.0,0,32800.0,0,31300.0,38040.0,32366.666666666668,5673.333333333332,6500.0,5040.0,7100.0,-0.005277057100842697,0.0027144366596857815,0.7,0,-0.010526412986987504,-0.005277057100843781,-0.005277057100843781,0.024097551579060524,0.013315775975772156,1.5525879226308208,2.1703475589251715,1.8885741265344715,1.5163630214393915,2.107227718926424,1.4051890822429067,1.5525879226308252,2.1703475589251755,1.8885741265344667,1.5466902318417386,2.0964343897994735,1.9485288607101638,1.0,2025-08-26,373.0,0.0,0.0,1.0,1.0,371.0,-0.0066800515603731014,-0.014637653233687153,-0.0053476063265947005,0.0,,0.0038612630052709015,,0.0,0.0,0.0,0.0,1.0,0.0,0.0,2025-09-01,0.0,0.0,0.0,2025-09-06,0.005277057100843819,200.0,1.0,2025-09-11,0.007905179507113247,300.0,1.0,2025-09-26,-0.040491361354736875,-1500.0,-1.0,2025-10-11,-0.07696104113612832,-2800.0,-1.0,2025-10-27,-0.10594857800938066,-3800.0,-1.0,2025-11-25,-0.08269171584511341,-3000.0,-1.0
2025-08-28,Thu,38600.0,38600.0,38400.0,37800.0,36800.0,34800.0,36800.0,35800.0,33200.0,33000.0,31500.0,0.0,2025-08-28,2,0,36800.0,0,33200.0,0,33000.0,0,31500.0,38040.0,32566.666666666668,5473.333333333332,6300.0,4840.0,6900.0,0.0,0.0029320498453151507,0.65,1,-0.010526412986987504,-0.005277057100843781,-0.005277057100843781,0.024097551579060524,0.018692133012152546,1.1936419438966972,1.752049641374446,1.4924901911822563,1.1774308066485526,1.7012691948897591,1.0376780915024542,1.1936419438967012,1.7520496413744497,1.4924901911822532,1.1915142384144968,1.6821759978654547,1.41643059490085,1.0,2025-08-27,373.0,0.0,0.0,1.0,1.0,370.0,-0.008010723746078696,-0.014637653233687153,-0.014637653233687153,0.0,,0.0047454520020487,,0.0,0.0,0.0,0.0,1.0,0.0,0.0,2025-09-02,0.0,0.0,0.0,2025-09-08,0.010526412986987603,400.0,1.0,2025-09-12,0.002642009462838576,100.0,1.0,2025-09-27,-0.04324998379381663,-1600.0,-1.0,2025-10-13,-0.08556941567272847,-3100.0,-1.0,2025-10-27,-0.10594857800938066,-3800.0,-1.0,2025-11-26,-0.08556941567272847,-3100.0,-1.0
2025-08-29,Fri,38600.0,38600.0,38400.0,37800.0,36800.0,34800.0,36800.0,35800.0,33100.0,32900.0,31400.0,0.0,2025-08-29,2,0,36800.0,0,33100.0,0,32900.0,0,31400.0,38040.0,32466.666666666668,5573.333333333332,6400.0,4940.0,7000.0,0.0,0.002842727795214984,0.65,2,-0.010526412986987504,-0.005277057100843781,-0.005277057100843781,0.024097551579060524,0.018692133012152546,1.3092446145348933,1.895967302227457,1.5416931645179432,1.2856489090539553,1.8385763013032996,1.1414459006526996,1.309244614534896,1.8959673022274584,1.541693164517932,1.3055703343218503,1.8273635298985698,1.3489815189531904,1.0,2025-08-28,373.5,0.0,0.0,1.0,1.0,369.0,-0.009327182875138895,-0.014618200509554313,-0.017253248147559574,0.001339584929056059,,0.004181908453130752,,0.0,0.0,0.0,0.0,1.0,0.0,0.0,2025-09-03,-0.007968169649176845,-300.0,-1.0,2025-09-08,0.010526412986987603,400.0,1.0,2025-09-13,0.002642009462838576,100.0,1.0,2025-09-29,-0.0460162372867068,-1700.0,-1.0,2025-10-13,-0.08556941567272847,-3100.0,-1.0,2025-10-28,-0.10594857800938066,-3800.0,-1.0,2025-11-27,-0.07982227341716056,-2900.0,-1.0
2025-08-30,Sat,38600.0,38600.0,38400.0,37800.0,36800.0,34800.0,36800.0,35800.0,33100.0,32900.0,31400.0,0.0,2025-08-30,2,0,36800.0,0,33100.0,0,32900.0,0,31400.0,38040.0,32466.666666666668,5573.333333333332,6400.0,4940.0,7000.0,0.0,0.0027561268545962417,0.65,3,-0.010526412986987504,-0.005277057100843781,-0.007905179507113261,0.02139118998131756,0.02139118998131756,1.270776369635727,1.8554567418680479,1.5416931645179432,1.248736446517051,1.797088387019985,1.1414459006526996,1.2707763696357302,1.8554567418680505,1.541693164517932,1.2672852870819318,1.7885472115264849,1.3489815189531904,1.0,2025-08-29,356.5,0.0,0.0,1.0,1.0,368.0,-0.05458380738559754,-0.05591094759366033,-0.06120196522807575,-0.04524417978946538,,0.004066934472810985,,0.0,0.0,0.0,0.0,1.0,0.0,0.0,2025-09-04,-0.007968169649176845,-300.0,-1.0,2025-09-09,0.013140793561058328,500.0,1.0,2025-09-15,0.0,0.0,0.0,2025-09-29,-0.0460162372867068,-1700.0,-1.0,2025-10-14,-0.08556941567272847,-3100.0,-1.0,2025-10-29,-0.10594857800938066,-3800.0,-1.0,2025-11-28,-0.07982227341716056,-2900.0,-1.0
2025-09-01,Mon,38600.0,38600.0,38400.0,37800.0,36800.0,34800.0,36800.0,35800.0,33100.0,32900.0,31400.0,0.0,2025-09-01,2,0,36800.0,0,33100.0,0,32900.0,0,31400.0,38040.0,32466.666666666668,5573.333333333332,6400.0,4940.0,7000.0,0.0,0.0026721641275020847,0.7,5,-0.005277057100843781,-0.005277057100843781,-0.007905179507113261,0.02139118998131756,0.018692133012152546,1.2353646906002542,1.8169110922016218,1.3364909493332624,1.2172848940080165,1.7575171710271704,1.0895619960775769,1.2353646906002569,1.8169110922016245,1.3364909493332535,1.2314486848642177,1.7515026819291495,1.1803588290840417,1.0,2025-08-29,356.5,0.0,0.0,1.0,1.0,368.0,-0.05458380738559754,-0.05591094759366033,-0.06120196522807575,-0.04524417978946538,,0.004066934472810985,,0.0,0.0,0.0,0.0,3.0,0.0,0.0,2025-09-06,0.005277057100843819,200.0,1.0,2025-09-11,0.007905179507113247,300.0,1.0,2025-09-16,-0.005305052229693229,-200.0,-1.0,2025-10-01,-0.05436120921888738,-2000.0,-1.0,2025-10-16,-0.0942525382461894,-3400.0,-1.0,2025-10-31,-0.0942525382461894,-3400.0,-1.0,2025-12-01,-0.08269171584511341,-3000.0,-1.0
2025-09-02,Tue,38600.0,38600.0,38400.0,37800.0,36800.0,34800.0,36800.0,35800.0,33000.0,32800.0,31300.0,0.0,2025-09-02,2,0,36800.0,0,33000.0,0,32800.0,0,31300.0,38040.0,32366.666666666668,5673.333333333332,6500.0,5040.0,7100.0,0.0,0.002590759243320467,0.7,6,0.0,-0.010526412986987504,-0.010526412986987504,0.013315775975772156,0.018692133012152546,1.3594507523386048,1.9553933709094602,1.3024649148513563,1.3355693944837912,1.8878933016759445,1.1414459006526996,1.3594507523386061,1.955393370909461,1.3024649148513563,1.3538765989992574,1.8909097986200032,1.236566392373758,1.0,2025-09-01,356.5,0.0,0.0,1.0,1.0,365.0,-0.057236328834728845,-0.05591094759366033,-0.0625203569813344,-0.04524417978946538,,0.011014255176112188,,0.0,0.0,0.0,0.0,1.0,0.0,0.0,2025-09-08,0.010526412986987603,400.0,1.0,2025-09-12,0.002642009462838576,100.0,1.0,2025-09-18,-0.010638398205055754,-400.0,-1.0,2025-10-03,-0.05715841383994864,-2100.0,-1.0,2025-10-17,-0.10008345855698253,-3600.0,-1.0,2025-11-01,-0.08556941567272847,-3100.0,-1.0,2025-12-01,-0.08269171584511341,-3000.0,-1.0
2025-09-03,Wed,38300.0,38300.0,38100.0,37500.0,36500.0,34500.0,36500.0,35500.0,32800.0,32600.0,31100.0,-300.0,2025-09-03,2,0,36500.0,0,32800.0,0,32600.0,0,31100.0,37740.0,32166.666666666668,5573.333333333332,6400.0,4940.0,7000.0,-0.007968169649178236,0.0025118342798519594,0.75,0,-0.007968169649176845,-0.018494582636164415,-0.018494582636164415,0.002670228555878892,0.010723963362975642,1.1638207697463765,1.7390132205742626,1.186173404596769,1.1492907706691393,1.677978940280494,1.0376780915024542,1.1638207697463787,1.739013220574266,1.186173404596771,1.1602580585740414,1.6764302615353934,1.1241512657943253,1.0,2025-09-02,373.0,0.0,0.0,1.0,1.0,364.0,0.0,-0.0066800515603731014,-0.015957785438610372,-0.00933962759613216,,0.010990590816277356,,0.0,0.0,0.0,0.0,1.0,0.0,0.0,2025-09-08,0.01849458263616431,700.0,1.0,2025-09-13,0.010610179112015469,400.0,1.0,2025-09-18,-0.0026702285558789208,-100.0,-1.0,2025-10-03,-0.04919024419077178,-1800.0,-1.0,2025-10-18,-0.09211528890780563,-3300.0,-1.0,2025-11-03,-0.07760124602355162,-2800.0,-1.0,2025-12-02,-0.06899287148695143,-2500.0,-1.0
2025-09-04,Thu,38300.0,38300.0,38100.0,37500.0,36500.0,34500.0,36500.0,35500.0,32800.0,32600.0,31100.0,0.0,2025-09-04,2,0,36500.0,0,32800.0,0,32600.0,0,31100.0,37740.0,32166.666666666668,5573.333333333332,6400.0,4940.0,7000.0,0.0,0.003120938387081386,0.7,1,-0.007968169649176845,-0.018494582636164415,-0.018494582636164415,-0.002663117419483662,0.010723963362975642,1.1294123228424824,1.702491891189665,1.128027649469476,1.116412936762107,1.6424563442682376,1.067943702504609,1.1294123228424833,1.7024918911896683,1.1280276494694783,1.1260235357827604,1.6417081287577782,1.067943702504609,1.0,2025-09-03,374.0,0.0,0.0,1.0,1.0,363.0,0.002677377770716305,-0.005333345975362391,-0.009314771274547162,-0.0026702285558783956,,0.0154290796829282,,0.0,0.0,0.0,0.0,1.0,0.0,0.0,2025-09-09,0.021108963210235265,800.0,1.0,2025-09-15,0.007968169649176881,300.0,1.0,2025-09-19,-0.0026702285558789208,-100.0,-1.0,2025-10-04,-0.057629112836636416,-2100.0,-1.0,,,,,2025-11-03,-0.07760124602355162,-2800.0,-1.0,2025-12-03,-0.07472354619593642,-2700.0,-1.0
2025-09-05,Fri,38300.0,38300.0,38100.0,37500.0,36500.0,34500.0,36500.0,35500.0,33000.0,32800.0,31300.0,0.0,2025-09-05,2,0,36500.0,0,33000.0,0,32800.0,0,31300.0,37740.0,32366.666666666668,5373.333333333332,6200.0,4740.0,6800.0,0.0,0.003025862031058368,0.7,2,-0.007968169649176845,-0.018494582636164415,-0.01587334915629012,-0.007968169649176845,0.010723963362975642,0.7708385064866629,1.3249292735695715,0.6744907594765952,0.7722577473093072,1.2817847433348173,0.6744907594765952,0.7708385064866636,1.3249292735695732,0.6744907594765952,0.7711274919284742,1.2667663437654826,0.6744907594765952,1.0,2025-09-04,374.5,0.0,0.0,1.0,1.0,362.0,0.0026737983844018487,-0.0066533844907370465,-0.00797876573180556,-0.00930239266231414,,0.015428800606101762,,0.0,0.0,0.0,0.0,1.0,0.0,0.0,2025-09-10,0.021108963210235265,800.0,1.0,2025-09-15,0.007968169649176881,300.0,1.0,2025-09-22,-0.021564177915840525,-800.0,-1.0,2025-10-06,-0.07185410376798368,-2600.0,-1.0,2025-10-24,-0.09211528890780563,-3300.0,-1.0,2025-11-04,-0.07760124602355162,-2800.0,-1.0,2025-12-04,-0.07472354619593642,-2700.0,-1.0
2025-09-06,Sat,38800.0,38800.0,38600.0,38000.0,37000.0,35000.0,37000.0,36000.0,33200.0,33000.0,31500.0,500.0,2025-09-06,2,0,37000.0,0,33200.0,0,33000.0,0,31500.0,38240.0,32566.666666666668,5673.333333333332,6500.0,5040.0,7100.0,0.013245226750020933,0.0029336820838565024,0.75,0,0.005277057100843819,0.0,-0.002628122406269469,0.0,0.023969190112996402,1.2422602957494844,1.812656314527434,0.8431134493457342,1.226494830840734,1.7470734123731615,0.7869058860560277,1.242260295749488,1.8126563145274368,0.843113449345744,1.2379243200289538,1.7546795085648077,0.7869058860560277,1.0,2025-09-05,374.0,0.0,0.0,1.0,1.0,361.0,0.04792155756018168,-0.006662249825415856,-0.01591545530589933,-0.009314771274547162,,0.01543381454808516,,0.0,0.0,0.0,0.0,1.0,0.0,0.0,2025-09-11,0.0026281224062694084,100.0,1.0,2025-09-16,-0.010582109330536972,-400.0,-1.0,2025-09-22,-0.034809404665861174,-1300.0,-1.0,2025-10-06,-0.08509933051800432,-3100.0,-1.0,2025-10-24,-0.10536051565782628,-3800.0,-1.0,2025-11-05,-0.08509933051800432,-3100.0,-1.0,2025-12-05,-0.08509933051800432,-3100.0,-1.0
2025-09-08,Mon,39000.0,39000.0,38800.0,38200.0,37200.0,35200.0,37200.0,36200.0,33500.0,33300.0,31800.0,200.0,2025-09-08,2,0,37200.0,0,33500.0,0,33300.0,0,31800.0,38440.0,32866.666666666664,5573.333333333336,6400.0,4940.0,7000.0,0.005249355886144613,0.004314656769032782,0.7,0,0.010526412986987603,0.010526412986987603,0.005249355886143745,0.005249355886143745,0.029218545999140005,1.038104783526341,1.604138943781018,0.524603924037356,1.0305293225074172,1.5503552020777642,0.5246039240373518,1.0381047835263355,1.604138943781014,0.5246039240373518,1.0360118369277946,1.55081310614897,0.5246039240373518,1.0,2025-09-05,374.0,0.0,0.0,1.0,1.0,361.0,0.04792155756018168,-0.006662249825415856,-0.01591545530589933,-0.009314771274547162,,0.01543381454808516,,0.0,0.0,0.0,0.0,3.0,0.0,0.0,2025-09-13,-0.00788440352414887,-300.0,-1.0,2025-09-18,-0.021164811192043272,-800.0,-1.0,2025-09-23,-0.05101777434172437,-1900.0,-1.0,2025-10-08,-0.096095828659716,-3500.0,-1.0,2025-10-24,-0.11060987154397003,-4000.0,-1.0,2025-11-07,-0.10187619157521538,-3700.0,-1.0,2025-12-08,-0.1076901614406353,-3900.0,-1.0
2025-09-09,Tue,39100.0,39100.0,38900.0,38300.0,37300.0,35300.0,37300.0,36300.0,33600.0,33400.0,31900.0,100.0,2025-09-09,2,0,37300.0,0,33600.0,0,33400.0,0,31900.0,38540.0,32966.666666666664,5573.333333333336,6400.0,4940.0,7000.0,0.002614380574069486,0.004376371954673283,0.7,0,0.021108963210235265,0.013140793561058328,0.007863736460214451,0.007863736460214451,0.031832926573210754,1.0047761896334038,1.5727511492200181,0.48177911391185974,0.9984677248075626,1.521861533401731,0.48177911391185374,1.004776189633398,1.5727511492200135,0.48177911391185374,1.003017857080101,1.5230448736607356,0.48177911391185374,1.0,2025-09-08,374.5,0.0,0.0,1.0,1.0,358.0,0.049257563102923285,-0.00797876573180556,-0.00797876573180556,-0.0013342230131367927,,0.015346153004937262,,0.0,0.0,0.0,0.0,1.0,0.0,0.0,2025-09-15,-0.013140793561058255,-500.0,-1.0,2025-09-19,-0.023779191766114063,-900.0,-1.0,2025-09-24,-0.05363215491579525,-2000.0,-1.0,2025-10-09,-0.09871020923378683,-3600.0,-1.0,2025-10-24,-0.11322425211804081,-4100.0,-1.0,2025-11-08,-0.11030454201470603,-4000.0,-1.0,2025-12-08,-0.11030454201470603,-4000.0,-1.0
2025-09-10,Wed,39100.0,39100.0,38900.0,38300.0,37300.0,35300.0,37300.0,36300.0,33600.0,33400.0,31900.0,0.0,2025-09-10,2,0,37300.0,0,33600.0,0,33400.0,0,31900.0,38540.0,32966.666666666664,5573.333333333336,6400.0,4940.0,7000.0,0.0,0.004291103907350195,0.65,1,0.021108963210235265,0.013140793561058328,0.007863736460214451,0.007863736460214451,0.034531983542375945,0.9726099021167401,1.542905765990876,0.4496605063177369,0.967596563538926,1.4943242931766603,0.44966050631773014,0.9726099021167357,1.5429057659908716,0.44966050631773014,0.9711903559966263,1.4961921463800718,0.44966050631773014,1.0,2025-09-09,373.5,0.0,0.0,1.0,1.0,357.0,0.001339584929056059,0.001339584929056059,-0.013298068304631094,-0.004008021397538641,,0.015290660652909044,,0.0,0.0,0.0,0.0,1.0,0.0,0.0,2025-09-15,-0.013140793561058255,-500.0,-1.0,2025-09-22,-0.0426731411260757,-1600.0,-1.0,2025-09-25,-0.05363215491579525,-2000.0,-1.0,2025-10-10,-0.09871020923378683,-3600.0,-1.0,2025-10-25,-0.11908937157043892,-4300.0,-1.0,2025-11-10,-0.11030454201470603,-4000.0,-1.0,2025-12-09,-0.11030454201470603,-4000.0,-1.0
2025-09-11,Thu,38900.0,38900.0,38700.0,38100.0,37100.0,35100.0,37100.0,36100.0,33200.0,33000.0,31500.0,-200.0,2025-09-11,2,0,37100.0,0,33200.0,0,33000.0,0,31500.0,38340.0,32566.666666666668,5773.333333333332,6600.0,5140.0,7200.0,-0.0052356140539444596,0.004160379595548409,0.65,0,0.015873349156290163,0.007905179507113247,0.0026281224062694084,0.0,0.034716436957770026,1.2820156391840187,1.8396408615926432,0.899321012635463,1.2717867929728757,1.7782217487874932,0.8993210126354603,1.2820156391840185,1.8396408615926465,0.8993210126354603,1.2793309160527282,1.7951425324297046,0.8993210126354603,1.0,2025-09-10,373.5,0.0,0.0,1.0,1.0,356.0,-0.0013377928416602458,0.001339584929056059,-0.013298068304631094,-0.013298068304631094,,0.015281177569556261,,0.0,0.0,0.0,0.0,1.0,0.0,0.0,2025-09-16,-0.013210231736806462,-500.0,-1.0,2025-09-22,-0.03743752707213066,-1400.0,-1.0,2025-09-26,-0.04839654086185021,-1800.0,-1.0,2025-10-11,-0.08486622064324165,-3100.0,-1.0,2025-10-27,-0.11385375751649385,-4100.0,-1.0,2025-11-10,-0.10506892796076102,-3800.0,-1.0,2025-12-10,-0.10506892796076102,-3800.0,-1.0
2025-09-12,Fri,38700.0,38700.0,38500.0,37900.0,36900.0,34900.0,36900.0,35900.0,32900.0,32700.0,31200.0,-200.0,2025-09-12,2,0,36900.0,0,32900.0,0,32700.0,0,31200.0,38140.0,32266.666666666668,5873.333333333332,6700.0,5240.0,7300.0,-0.005263170044274901,0.004232603471579148,0.6,0,-0.0026350476380051138,0.002642009462838576,-0.0026350476380051138,-0.005263170044274644,0.03490287168106003,1.407889945920393,1.9583629264693312,1.124151265794331,1.3970999671685957,1.89286671893319,1.1241512657943253,1.4078899459203924,1.9583629264693327,1.1241512657943253,1.405098640756504,1.916590635769189,1.1241512657943253,1.0,2025-09-11,374.0,0.0,0.0,1.0,1.0,355.0,-0.0013360055427416029,0.0013377928416602458,-0.013280407667894067,-0.01591545530589933,,0.015281177569556261,,0.0,0.0,0.0,0.0,1.0,0.0,0.0,2025-09-18,-0.013280407667894378,-500.0,-1.0,2025-09-22,-0.03217435702785608,-1200.0,-1.0,2025-09-27,-0.04589199325665526,-1700.0,-1.0,2025-10-13,-0.08821142513556712,-3200.0,-1.0,2025-10-27,-0.10859058747221928,-3900.0,-1.0,2025-11-11,-0.09980575791648644,-3600.0,-1.0,2025-12-11,-0.09980575791648644,-3600.0,-1.0
2025-09-13,Sat,38700.0,38700.0,38500.0,37900.0,36900.0,34900.0,36900.0,35900.0,32900.0,32700.0,31200.0,0.0,2025-09-13,2,0,36900.0,0,32900.0,0,32700.0,0,31200.0,38140.0,32266.666666666668,5873.333333333332,6700.0,5240.0,7300.0,0.0,0.0043014060205546255,0.55,1,-0.00788440352414887,0.002642009462838576,-0.00788440352414887,-0.00788440352414887,0.03763885149993491,1.3581387107342875,1.909722572807838,1.2140833670578752,1.350190718373486,1.847684408390193,1.2140833670578715,1.3581387107342866,1.9097225728078386,1.2140833670578715,1.356071549147991,1.8703706057886333,1.2140833670578715,1.0,2025-09-12,375.5,0.0,0.0,1.0,1.0,354.0,0.0040026737896567965,0.05192423134983848,-0.003986716243821853,-0.009277733878237271,,0.015281298822973233,,0.0,0.0,0.0,0.0,1.0,0.0,0.0,2025-09-18,-0.013280407667894378,-500.0,-1.0,2025-09-23,-0.04313337081757561,-1600.0,-1.0,2025-09-29,-0.04865824674954543,-1800.0,-1.0,2025-10-13,-0.08821142513556712,-3200.0,-1.0,2025-10-28,-0.10859058747221928,-3900.0,-1.0,2025-11-12,-0.09399178805106664,-3400.0,-1.0,2025-12-12,-0.10565372779890952,-3800.0,-1.0
2025-09-15,Mon,38600.0,38600.0,38400.0,37800.0,36800.0,34800.0,36800.0,35800.0,32900.0,32700.0,31200.0,-100.0,2025-09-15,2,0,36800.0,0,32900.0,0,32700.0,0,31200.0,38040.0,32266.666666666668,5773.333333333332,6600.0,5140.0,7200.0,-0.0026420094628374358,0.004170367864882397,0.6,0,-0.013140793561058255,0.007968169649176881,-0.010526412986987504,-0.010526412986987504,0.03499684203709615,1.144707572908283,1.7091423527873884,1.011736139214893,1.1412314532771315,1.657450033165034,1.011736139214893,1.144707572908282,1.7091423527873912,1.011736139214893,1.1437191937575972,1.6730836771648725,1.011736139214893,1.0,2025-09-12,375.5,0.0,0.0,1.0,1.0,354.0,0.0040026737896567965,0.05192423134983848,-0.003986716243821853,-0.009277733878237271,,0.015281298822973233,,0.0,0.0,0.0,0.0,3.0,0.0,0.0,2025-09-22,-0.029532347565017388,-1100.0,-1.0,2025-09-25,-0.040491361354736875,-1500.0,-1.0,2025-09-30,-0.048790164169432056,-1800.0,-1.0,2025-10-15,-0.09134977858822796,-3300.0,-1.0,2025-10-30,-0.10594857800938066,-3800.0,-1.0,2025-11-14,-0.08556941567272847,-3100.0,-1.0,2025-12-16,-0.10301171833607092,-3700.0,-1.0
2025-09-16,Tue,38400.0,38400.0,38200.0,37600.0,36600.0,34600.0,36600.0,35600.0,32600.0,32400.0,30900.0,-200.0,2025-09-16,2,0,36600.0,0,32600.0,0,32400.0,0,30900.0,37840.0,31966.666666666668,5873.333333333332,6700.0,5240.0,7300.0,-0.00530505222969424,0.004094784839382955,0.55,0,-0.018445845790751456,0.0026631174194836284,-0.015831465216680628,-0.015831465216680628,0.032435275753153955,1.2776664384052856,1.830113333118656,1.3489815189531904,1.2768478005962498,1.7744977704623757,1.3489815189531904,1.2776664384052854,1.8301133331186574,1.3489815189531904,1.2774672237294826,1.7973536730395339,1.3489815189531904,1.0,2025-09-15,375.5,0.0,0.0,1.0,1.0,351.0,0.0026666682469151937,0.05192423134983848,-0.003986716243821853,-0.010596125631495923,,0.0152744955581322,,0.0,0.0,0.0,0.0,1.0,0.0,0.0,2025-09-22,-0.024227295335324237,-900.0,-1.0,2025-09-26,-0.03518630912504369,-1300.0,-1.0,2025-10-01,-0.049056156989194195,-1800.0,-1.0,2025-10-16,-0.08894748601649617,-3200.0,-1.0,2025-10-31,-0.08894748601649617,-3200.0,-1.0,2025-11-15,-0.07451722118746733,-2700.0,-1.0,2025-12-16,-0.09770666610637774,-3500.0,-1.0
2025-09-18,Thu,38200.0,38200.0,38000.0,37400.0,36400.0,34400.0,36400.0,35400.0,32400.0,32200.0,30700.0,-200.0,2025-09-18,2,0,36400.0,0,32400.0,0,32200.0,0,30700.0,37640.0,31766.666666666668,5873.333333333332,6700.0,5240.0,7300.0,-0.005333345975362391,0.004177300786103042,0.5,0,-0.018543577712169072,-0.0026702285558789208,-0.021164811192043272,-0.018543577712169072,0.02435844383204044,1.235344906728783,1.7945620874362955,1.3489815189531904,1.237360565129791,1.7420388239934241,1.3489815189531904,1.2353449067287825,1.7945620874362969,1.3489815189531904,1.2358418040101196,1.765635264777006,1.3489815189531904,1.0,2025-09-17,377.5,0.0,0.0,1.0,1.0,349.0,0.010652564116207408,0.009314771274547162,0.003981425299184771,0.0,,0.0152744955581322,,0.0,0.0,0.0,0.0,1.0,0.0,0.0,2025-09-23,-0.02985296314968116,-1100.0,-1.0,2025-09-29,-0.03537783908165104,-1300.0,-1.0,2025-10-03,-0.04652001563489282,-1700.0,-1.0,2025-10-18,-0.08944506035192679,-3200.0,-1.0,2025-11-03,-0.0749310174676727,-2700.0,-1.0,2025-11-17,-0.06346957394866615,-2300.0,-1.0,2025-12-17,-0.08071138038317215,-2900.0,-1.0
2025-09-19,Fri,38200.0,38200.0,38000.0,37400.0,36400.0,34400.0,36400.0,35400.0,32400.0,32200.0,30700.0,0.0,2025-09-19,2,0,36400.0,0,32400.0,0,32200.0,0,30700.0,37640.0,31766.666666666668,5873.333333333332,6700.0,5240.0,7300.0,0.0,0.004255528886483714,0.45,1,-0.013280407667894378,-0.015915455305899568,-0.015915455305899568,-0.018543577712169072,0.02435844383204044,1.195156350742039,1.7569507974478147,1.3489815189531964,1.1978952683587631,1.7072972633897736,1.3489815189531904,1.1951563507420373,1.7569507974478158,1.3489815189531904,1.1963549222258791,1.7309257728535203,1.3489815189531904,1.0,2025-09-18,377.0,0.0,0.0,1.0,1.0,348.0,0.00798939003347865,0.0066533844907370465,0.0,-0.0013253812410685128,,0.015274474978436479,,0.0,0.0,0.0,0.0,1.0,0.0,0.0,2025-09-24,-0.02985296314968116,-1100.0,-1.0,2025-09-29,-0.03537783908165104,-1300.0,-1.0,2025-10-04,-0.05495888428075747,-2000.0,-1.0,,,,,2025-11-03,-0.0749310174676727,-2700.0,-1.0,2025-11-18,-0.060624621816434854,-2200.0,-1.0,2025-12-18,-0.08071138038317215,-2900.0,-1.0
2025-09-22,Mon,37500.0,37500.0,37300.0,36700.0,35700.0,33500.0,35700.0,34700.0,32400.0,32200.0,30700.0,-700.0,2025-09-22,2,0,35700.0,0,32400.0,0,32200.0,0,30700.0,36940.0,31766.666666666668,5173.333333333332,6000.0,4540.0,6600.0,-0.01889394935996158,0.004125888333132088,0.5,0,-0.03217435702785608,-0.040058760552004864,-0.029532347565017388,-0.034809404665861174,0.005464494472078745,-0.03532702442452649,0.6787771718496636,-1.0117361392149236,-0.043163404051190624,0.6736769940824611,-1.011736139214893,-0.03532702442452482,0.678777171849666,-1.011736139214893,-0.040129187680931176,0.6518746298969149,-1.011736139214893,1.0,2025-09-19,376.5,0.0,0.0,1.0,1.0,347.0,0.002659576035759059,0.006662249825415856,0.0,-0.009253205480483473,,0.015266710920439266,,0.0,0.0,0.0,0.0,3.0,0.0,0.0,2025-09-27,-0.013717636228799195,-500.0,-1.0,2025-10-03,-0.027626066274931152,-1000.0,-1.0,2025-10-07,-0.05028992585214305,-1800.0,-1.0,2025-10-24,-0.07055111099196512,-2500.0,-1.0,2025-11-06,-0.056037068107711106,-2000.0,-1.0,2025-11-21,-0.038893791121273516,-1400.0,-1.0,2025-12-22,-0.05028992585214305,-1800.0,-1.0
2025-09-23,Tue,37100.0,37100.0,36900.0,36300.0,35300.0,33100.0,35300.0,34300.0,32600.0,32400.0,30900.0,-400.0,2025-09-23,2,0,35300.0,0,32600.0,0,32400.0,0,30900.0,36540.0,31966.666666666668,4573.333333333332,5400.0,3940.0,6000.0,-0.010959013789719307,0.0061172262186578105,0.5,0,-0.040491361354736875,-0.05363215491579525,-0.040491361354736875,-0.0457684184555807,-0.005494519317640702,-1.0995777820687622,-0.22003350127421847,-3.035208417644746,-1.1218531292382334,-0.18858640155882464,-3.0352084176446783,-1.0995777820687533,-0.2200335012742148,-3.0352084176446783,-1.1143394184062865,-0.24790478818014894,-3.0352084176446783,1.0,2025-09-22,378.5,0.0,0.0,1.0,1.0,344.0,0.007957601673314052,0.010624269920229246,0.0026455041884236863,0.0026455041884236863,,0.015266710920439266,,0.0,0.0,0.0,0.0,1.0,0.0,0.0,2025-09-29,-0.005524875931969804,-200.0,-1.0,2025-10-03,-0.016667052485211647,-600.0,-1.0,2025-10-08,-0.04507805431799159,-1600.0,-1.0,2025-10-24,-0.05959209720224566,-2100.0,-1.0,2025-11-07,-0.050858417233490966,-1800.0,-1.0,2025-11-22,-0.027934777331553955,-1000.0,-1.0,2025-12-22,-0.03933091206242356,-1400.0,-1.0
2025-09-24,Wed,37100.0,37100.0,36900.0,36300.0,35300.0,33100.0,35300.0,34300.0,32700.0,32500.0,31000.0,0.0,2025-09-24,2,0,35300.0,0,32700.0,0,32500.0,0,31000.0,36540.0,32066.666666666668,4473.333333333332,5300.0,3840.0,5900.0,0.0,0.0065100866513600215,0.45,1,-0.03518630912504369,-0.05363215491579525,-0.040491361354736875,-0.0457684184555807,-0.005494519317640702,-1.305306595859016,-0.37002556604054065,-3.37245379738305,-1.3330219020214755,-0.3322052985133731,-3.3724537973829762,-1.3053065958590095,-0.37002556604053677,-3.3724537973829762,-1.32434479948625,-0.396647661088238,-3.3724537973829762,1.0,2025-09-23,378.0,0.0,0.0,1.0,1.0,343.0,0.002649008171577094,0.01197619104671599,0.013315775975772048,-0.001321877257915105,,0.015302321900242994,,0.0,0.0,0.0,0.0,1.0,0.0,0.0,2025-09-29,-0.005524875931969804,-200.0,-1.0,2025-10-04,-0.025105921131076358,-900.0,-1.0,2025-10-09,-0.04507805431799159,-1600.0,-1.0,2025-10-24,-0.05959209720224566,-2100.0,-1.0,2025-11-08,-0.05667238709891086,-2000.0,-1.0,2025-11-24,-0.03646967978139144,-1300.0,-1.0,2025-12-23,-0.025105921131076358,-900.0,-1.0
2025-09-25,Thu,37100.0,37100.0,36900.0,36300.0,35300.0,33100.0,35300.0,34300.0,32700.0,32500.0,31000.0,0.0,2025-09-25,2,0,35300.0,0,32700.0,0,32500.0,0,31000.0,36540.0,32066.666666666668,4473.333333333332,5300.0,3840.0,5900.0,0.0,0.0063117631859665796,0.45,2,-0.02985296314968116,-0.04839654086185021,-0.040491361354736875,-0.0457684184555807,-0.00823049913651548,-1.331006887941282,-0.37030846986001953,-3.37245379738305,-1.3620156535742618,-0.3322052985133731,-3.3724537973829762,-1.331006887941273,-0.3703084698600163,-3.3724537973829762,-1.3529585714053831,-0.39524925859587384,-3.3724537973829762,1.0,2025-09-24,383.5,0.0,0.0,1.0,1.0,342.0,0.015769052118231208,0.026421616234438616,0.027761201163494675,0.013123547929807522,,0.015041136953324045,,0.0,0.0,0.0,0.0,1.0,0.0,0.0,2025-09-30,-0.008298802814695066,-300.0,-1.0,2025-10-06,-0.03933091206242356,-1400.0,-1.0,2025-10-10,-0.04507805431799159,-1600.0,-1.0,2025-10-25,-0.06545721665464367,-2300.0,-1.0,2025-11-10,-0.05667238709891086,-2000.0,-1.0,2025-11-24,-0.03646967978139144,-1300.0,-1.0,2025-12-24,-0.025105921131076358,-900.0,-1.0
2025-09-26,Fri,37100.0,37100.0,36900.0,36300.0,35300.0,33100.0,35300.0,34300.0,32700.0,32500.0,31000.0,0.0,2025-09-26,2,0,35300.0,0,32700.0,0,32500.0,0,31000.0,36540.0,32066.666666666668,4473.333333333332,5300.0,3840.0,5900.0,0.0,0.00611948145227842,0.45,3,-0.02985296314968116,-0.04313337081757561,-0.040491361354736875,-0.0457684184555807,-0.00823049913651548,-1.3514305642061584,-0.3705914543145411,-3.37245379738305,-1.3812836739624546,-0.3322052985133731,-3.3724537973829762,-1.351430564206151,-0.37059145431453716,-3.3724537973829762,-1.3719682474853625,-0.3938526521988293,-3.3724537973829762,1.0,2025-09-25,379.0,0.0,0.0,1.0,1.0,341.0,0.005291017634415418,0.013280407667894067,0.014618200509554313,0.0,0.029453266913495035,0.015351121688775522,0.8829842688887045,0.0,0.0,0.0,0.0,1.0,0.0,0.0,2025-10-01,-0.013869847864150502,-500.0,-1.0,2025-10-06,-0.03933091206242356,-1400.0,-1.0,2025-10-11,-0.03646967978139144,-1300.0,-1.0,2025-10-27,-0.06545721665464367,-2300.0,-1.0,2025-11-10,-0.05667238709891086,-2000.0,-1.0,2025-11-25,-0.042200354490376416,-1500.0,-1.0,2025-12-25,-0.027934777331553955,-1000.0,-1.0
2025-09-27,Sat,37000.0,37000.0,36800.0,36200.0,35200.0,33000.0,35200.0,34200.0,32500.0,32300.0,30800.0,-100.0,2025-09-27,2,0,35200.0,0,32500.0,0,32300.0,0,30800.0,36440.0,31866.666666666668,4573.333333333332,5400.0,3940.0,6000.0,-0.002758622439079872,0.0059330573948085845,0.45,0,-0.013717636228799195,-0.04589199325665526,-0.04324998379381663,-0.05377639678080418,-0.013717636228799195,-1.1899017268907557,-0.22520928080892524,-3.035208417644746,-1.2159457283567965,-0.18983159915049874,-3.0352084176446783,-1.1899017268907488,-0.22520928080892225,-3.0352084176446783,-1.2072192426380475,-0.25951077020284197,-3.0352084176446783,1.0,2025-09-26,377.5,0.0,0.0,1.0,1.0,340.0,0.0026525214491313065,0.005312097484890366,0.057236328834728845,0.0013253812410685128,0.011992149045263467,0.015632047993845186,0.5086778660792349,0.0,0.0,0.0,0.0,1.0,0.0,0.0,2025-10-03,-0.013908430046132,-500.0,-1.0,2025-10-07,-0.03657228962334386,-1300.0,-1.0,2025-10-13,-0.04231943187891181,-1500.0,-1.0,2025-10-27,-0.06269859421556394,-2200.0,-1.0,2025-11-11,-0.05391376465983118,-1900.0,-1.0,2025-11-26,-0.04231943187891181,-1500.0,-1.0,2025-12-26,-0.02517615489247428,-900.0,-1.0
2025-09-29,Mon,36900.0,36900.0,36700.0,36100.0,35100.0,33100.0,35100.0,34100.0,32500.0,32300.0,30800.0,-100.0,2025-09-29,2,0,35100.0,0,32500.0,0,32300.0,0,30800.0,36340.0,31866.666666666668,4473.333333333332,5300.0,3840.0,5900.0,-0.0027662534928900584,0.005791864959818293,0.4,0,-0.005524875931969804,-0.0460162372867068,-0.03804806763752989,-0.056542650273694296,-0.01648388972168937,-1.4272685714319402,-0.37729381265902595,-3.37245379738305,-1.4555940460644552,-0.33484542358690994,-3.3724537973829762,-1.4272685714319304,-0.37729381265902284,-3.3724537973829762,-1.445220499525546,-0.4113799185565648,-3.3724537973829762,1.0,2025-09-26,377.5,0.0,0.0,1.0,1.0,340.0,0.0026525214491313065,0.005312097484890366,0.057236328834728845,0.0013253812410685128,0.011992149045263467,0.015632047993845186,0.5086778660792349,0.0,0.0,0.0,0.0,3.0,0.0,0.0,2025-10-04,-0.019581045199106507,-700.0,-1.0,2025-10-09,-0.03955317838602169,-1400.0,-1.0,2025-10-14,-0.03955317838602169,-1400.0,-1.0,2025-10-29,-0.059932340722673845,-2100.0,-1.0,2025-11-13,-0.04533354130152119,-1600.0,-1.0,2025-11-28,-0.03380603613045377,-1200.0,-1.0,2025-12-29,-0.008344971932180647,-300.0,-1.0
2025-09-30,Tue,36800.0,36800.0,36600.0,36000.0,35000.0,33000.0,35000.0,34000.0,32200.0,32000.0,30500.0,-100.0,2025-09-30,2,0,35000.0,0,32200.0,0,32000.0,0,30500.0,36240.0,31566.666666666668,4673.333333333332,5500.0,4040.0,6100.0,-0.0027739268827247088,0.00565615480987042,0.4,0,-0.008298802814695066,-0.04348511193973878,-0.040821994520255166,-0.059316577156419505,-0.02469261259037152,-1.0919852413501603,-0.08143130968334059,-2.697963037906442,-1.1145443831666022,-0.05108287104263091,-2.697963037906381,-1.091985241350152,-0.08143130968333709,-2.697963037906381,-1.1054643869892038,-0.11037022205176096,-2.697963037906381,1.0,2025-09-29,377.0,0.0,0.0,1.0,1.0,337.0,-0.003970885429492199,0.003986716243821853,0.05591094759366033,0.0,0.0146963232901971,0.011086790205589612,0.37586209585887825,0.0,0.0,0.0,0.0,1.0,0.0,0.0,2025-10-06,-0.031032109247728524,-1100.0,-1.0,2025-10-10,-0.03677925150329647,-1300.0,-1.0,2025-10-15,-0.04255961441879589,-1500.0,-1.0,2025-10-30,-0.05715841383994864,-2000.0,-1.0,2025-11-14,-0.03677925150329647,-1300.0,-1.0,2025-11-29,-0.03390155167568134,-1200.0,-1.0,2025-12-29,-0.00557104504945536,-200.0,-1.0
2025-10-01,Wed,36600.0,36600.0,36400.0,35800.0,34800.0,32800.0,34800.0,33800.0,32200.0,32000.0,30500.0,-200.0,2025-10-01,2,0,34800.0,0,32200.0,0,32000.0,0,30500.0,36040.0,31566.666666666668,4473.333333333332,5300.0,3840.0,5900.0,-0.005571045049455492,0.005525779783910071,0.35,0,-0.013869847864150502,-0.043722811013831575,-0.04639303956971051,-0.06488762220587482,-0.030263657639826934,-1.498118581471476,-0.38733100900012135,-3.37245379738305,-1.524253466904995,-0.34298068756460115,-3.3724537973829762,-1.4981185814714673,-0.3873310090001195,-3.3724537973829762,-1.512822952075488,-0.41727136940486964,-3.3724537973829762,0.0,2025-09-30,377.0,0.0,0.0,1.0,1.0,336.0,-0.002649008171577094,0.0,0.010666767804194954,0.003986716243821853,0.010666767804194954,0.011108735831031889,0.3567488775836447,0.0,0.0,0.0,0.0,1.0,0.0,0.0,2025-10-06,-0.025461064198273143,-900.0,-1.0,2025-10-11,-0.02259983191724092,-800.0,-1.0,2025-10-16,-0.03989132902730197,-1400.0,-1.0,2025-10-31,-0.03989132902730197,-1400.0,-1.0,2025-11-15,-0.025461064198273143,-900.0,-1.0,2025-12-01,-0.028330506626225996,-1000.0,-1.0,2025-12-30,0.01662088123604028,600.0,1.0
2025-10-03,Fri,36500.0,36500.0,36300.0,35700.0,34700.0,32700.0,34700.0,33700.0,32200.0,32000.0,30500.0,-100.0,2025-10-03,2,0,34700.0,0,32200.0,0,32000.0,0,30500.0,35940.0,31566.666666666668,4373.333333333332,5200.0,3740.0,5800.0,-0.002797204621062477,0.005528506151180158,0.3,0,-0.016667052485211647,-0.04652001563489282,-0.06243547094079234,-0.06243547094079234,-0.033060862260888065,-1.6835534095565814,-0.5425107755703094,-3.7096991771213537,-1.7095558226411416,-0.4904509839287254,-3.7096991771212737,-1.6835534095565714,-0.542510775570306,-3.7096991771212737,-1.697250965663734,-0.5714313091041744,-3.7096991771212737,0.0,2025-10-02,381.5,0.0,0.0,1.0,1.0,334.0,0.006574645642085208,0.011865663276500626,0.018519047767237673,0.011865663276500626,0.019855053309979276,0.004879636047018315,1.3907728370402797,0.0,0.0,0.0,0.0,1.0,0.0,0.0,2025-10-08,-0.028411001832779895,-1000.0,-1.0,2025-10-13,-0.028411001832779895,-1000.0,-1.0,2025-10-18,-0.042925044717033886,-1500.0,-1.0,2025-11-03,-0.028411001832779895,-1000.0,-1.0,2025-11-17,-0.01694955831377332,-600.0,-1.0,2025-12-02,-0.019802627296179754,-700.0,-1.0,2026-01-01,0.030347156389291745,1100.0,1.0
2025-10-04,Sat,36200.0,36200.0,36000.0,35400.0,34400.0,32400.0,34400.0,33400.0,32200.0,32000.0,30500.0,-300.0,2025-10-04,2,0,34400.0,0,32200.0,0,32000.0,0,30500.0,35640.0,31566.666666666668,4073.333333333332,4900.0,3440.0,5500.0,-0.008438868645864517,0.005403700460734682,0.3,0,-0.02234729869199666,-0.03606493492079579,-0.07612369547280069,-0.06559728248581323,-0.041499730906752734,-2.226658254903722,-0.9968121603764087,-4.721435316336264,-2.255561132214228,-0.9238422908203937,-4.721435316336167,-2.22665825490371,-0.9968121603764033,-4.721435316336167,-2.2408010586541707,-1.0245486467198197,-4.721435316336167,0.0,2025-10-03,381.5,0.0,0.0,1.0,1.0,333.0,0.010540282035432114,0.01319280348456342,0.019855053309979276,0.01319280348456342,0.01585237952032248,0.005829939318237341,1.3418196064386647,0.0,0.0,0.0,0.0,1.0,0.0,0.0,2025-10-09,-0.019972133186915243,-700.0,-1.0,2025-10-14,-0.019972133186915243,-700.0,-1.0,,,,,2025-11-03,-0.019972133186915243,-700.0,-1.0,2025-11-18,-0.005665737535677308,-200.0,-1.0,2025-12-03,-0.017094433359300068,-600.0,-1.0,2026-01-02,0.060292230256120044,2200.0,1.0
2025-10-06,Mon,35700.0,35700.0,35500.0,34900.0,33900.0,31900.0,33900.0,32900.0,32200.0,32000.0,30500.0,-500.0,2025-10-06,2,0,33900.0,0,32200.0,0,32000.0,0,30500.0,35140.0,31566.666666666668,3573.333333333332,4400.0,2940.0,5000.0,-0.014224990931346326,0.005632126613501589,0.3,0,-0.03380603613045377,-0.03933091206242356,-0.09296306697821882,-0.07982227341716056,-0.05572472183809998,-3.10010791616082,-1.7604465679752772,-6.407662215027783,-3.1325058370896564,-1.6513359757699517,-6.4076622150276545,-3.1001079161608054,-1.7604465679752739,-6.4076622150276545,-3.1141911614915987,-1.7834962364275726,-6.4076622150276545,0.0,2025-10-03,381.5,0.0,0.0,1.0,1.0,333.0,0.010540282035432114,0.01319280348456342,0.019855053309979276,0.01319280348456342,0.01585237952032248,0.005829939318237341,1.3418196064386647,0.0,0.0,0.0,0.0,3.0,0.0,0.0,2025-10-11,0.002861232281032195,100.0,1.0,2025-10-16,-0.014430264829028783,-500.0,-1.0,2025-10-24,-0.02026118513982197,-700.0,-1.0,2025-11-05,0.0,0.0,0.0,2025-11-20,0.011396134730869582,400.0,1.0,2025-12-05,0.0,0.0,0.0,2026-01-05,0.09296306697821885,3400.0,1.0
2025-10-07,Tue,35700.0,35700.0,35500.0,34900.0,33900.0,31900.0,33900.0,32900.0,32200.0,32000.0,30500.0,0.0,2025-10-07,2,0,33900.0,0,32200.0,0,32000.0,0,30500.0,35140.0,31566.666666666668,3573.333333333332,4400.0,2940.0,5000.0,0.0,0.006477547467899809,0.3,1,-0.031032109247728524,-0.03933091206242356,-0.09296306697821882,-0.07982227341716056,-0.05572472183809998,-2.9280276359964454,-1.7473500571850484,-6.407662215027783,-2.9522102409153295,-1.6392264755727994,-6.4076622150276545,-2.9280276359964317,-1.7473500571850435,-6.4076622150276545,-2.936522271173467,-1.7615658036672193,-6.4076622150276545,0.0,2025-10-06,382.5,0.0,0.0,1.0,1.0,330.0,0.01448346581857951,0.010512580389087312,0.021136850309316557,0.013158084577510998,0.03187520853044923,0.005810278303123395,1.525860942420014,0.0,0.0,0.0,0.0,1.0,0.0,0.0,2025-10-13,-0.005747142255567959,-200.0,-1.0,2025-10-17,-0.02026118513982197,-700.0,-1.0,2025-10-24,-0.02026118513982197,-700.0,-1.0,2025-11-06,-0.005747142255567959,-200.0,-1.0,2025-11-21,0.011396134730869582,400.0,1.0,2025-12-06,-0.00863314714470289,-300.0,-1.0,2026-01-05,0.09296306697821885,3400.0,1.0
2025-10-08,Wed,35500.0,35500.0,35300.0,34700.0,33700.0,31700.0,33700.0,32700.0,32000.0,31800.0,30300.0,-200.0,2025-10-08,2,0,33700.0,0,32000.0,0,31800.0,0,30300.0,34940.0,31366.666666666668,3573.333333333332,4400.0,2940.0,5000.0,-0.005747142255568605,0.006280215277119209,0.3,0,-0.031208206453841165,-0.04507805431799159,-0.0934745951798418,-0.08556941567272847,-0.06417822569141098,-2.7641025685310985,-1.723674700103212,-6.407662215027783,-2.7820534131145522,-1.6180300488749355,-6.4076622150276545,-2.764102568531087,-1.7236747001032058,-6.4076622150276545,-2.768585949592286,-1.7314983574318739,-6.4076622150276545,0.0,2025-10-07,384.0,0.0,0.0,1.0,1.0,329.0,0.018397365139716015,0.01574835696813892,0.02772454801485491,0.02906413294391097,0.02906413294391097,0.005821322691177056,1.8080461482562609,0.0,0.0,0.0,0.0,1.0,0.0,0.0,2025-10-13,0.0,0.0,0.0,2025-10-18,-0.01451404288425407,-500.0,-1.0,2025-10-24,-0.01451404288425407,-500.0,-1.0,2025-11-07,-0.005780362915499425,-200.0,-1.0,2025-11-22,0.017143276986437656,600.0,1.0,2025-12-08,-0.011594332780919257,-400.0,-1.0,2026-01-06,0.0776012460235517,2800.0,1.0
2025-10-09,Thu,35500.0,35500.0,35300.0,34700.0,33700.0,31700.0,33700.0,32700.0,32000.0,31800.0,30300.0,0.0,2025-10-09,2,0,33700.0,0,32000.0,0,31800.0,0,30300.0,34940.0,31366.666666666668,3573.333333333332,4400.0,2940.0,5000.0,0.0,0.0062495132880639875,0.3,1,-0.028411001832779895,-0.04507805431799159,-0.08821142513556712,-0.08556941567272847,-0.06417822569141098,-2.5997374634898147,-1.6943718777657035,-6.407662215027783,-2.613110627427209,-1.5908265517196614,-6.4076622150276545,-2.5997374634898067,-1.6943718777657002,-6.4076622150276545,-2.6016125256078073,-1.6984535734977806,-6.4076622150276545,0.0,2025-10-08,383.0,0.0,0.0,1.0,1.0,328.0,0.018445845790751036,-0.0013046316266649427,0.025116984607773674,0.026456569536829733,0.026456569536829733,0.005785387052673179,1.5075739066325198,0.0,0.0,0.0,0.0,1.0,0.0,0.0,2025-10-14,0.0,0.0,0.0,,,,,2025-10-24,-0.01451404288425407,-500.0,-1.0,2025-11-08,-0.011594332780919257,-400.0,-1.0,2025-11-24,0.008608374536600101,300.0,1.0,2025-12-08,-0.011594332780919257,-400.0,-1.0,2026-01-07,0.0695690743262873,2500.0,1.0
2025-10-10,Fri,35500.0,35500.0,35300.0,34700.0,33700.0,31700.0,33700.0,32700.0,32200.0,32000.0,30500.0,0.0,2025-10-10,2,0,33700.0,0,32200.0,0,32000.0,0,30500.0,34940.0,31566.666666666668,3373.333333333332,4200.0,2740.0,4800.0,0.0,0.006059127937040697,0.35,2,-0.019972133186915243,-0.04231943187891181,-0.08821142513556712,-0.08556941567272847,-0.0722536396969564,-2.7751253870029036,-1.956935819954849,-7.082152974504391,-2.7858219694483246,-1.8428535469915983,-7.0821529745042495,-2.7751253870028947,-1.9569358199548434,-7.0821529745042495,-2.7748135492993318,-1.9561121189375452,-7.0821529745042495,0.0,2025-10-09,384.0,0.0,0.0,1.0,1.0,327.0,0.006531701863215389,0.013106347505300597,0.026386755173194665,0.02772454801485491,0.02906413294391097,0.005847321172079446,1.6666994557480648,0.0,0.0,0.0,0.0,1.0,0.0,0.0,2025-10-15,-0.005780362915499425,-200.0,-1.0,2025-10-24,-0.01451404288425407,-500.0,-1.0,2025-10-25,-0.02037916233665214,-700.0,-1.0,2025-11-10,-0.011594332780919257,-400.0,-1.0,2025-11-24,0.008608374536600101,300.0,1.0,2025-12-09,-0.011594332780919257,-400.0,-1.0,2026-01-08,0.05330855345450713,1900.0,1.0
2025-10-11,Sat,35800.0,35800.0,35600.0,35000.0,34000.0,32000.0,34000.0,33000.0,32200.0,32000.0,30500.0,300.0,2025-10-11,2,0,34000.0,0,32200.0,0,32000.0,0,30500.0,35240.0,31566.666666666668,3673.333333333332,4500.0,3040.0,5100.0,0.008608374536599683,0.005874542490780148,0.35,0,0.002861232281032195,-0.0309448038494216,-0.07696104113612832,-0.06899287148695143,-0.06632264293107261,-2.1740298448145428,-1.4906084042593168,-6.07041683528948,-2.177206273008626,-1.3972007602265524,-6.070416835289357,-2.1740298448145374,-1.4906084042593122,-6.070416835289357,-2.1772062730086184,-1.487867288960615,-6.070416835289357,0.0,2025-10-10,382.0,4.0,2.0,0.0,0.0,326.0,0.0013097578820637779,0.011850039917495891,0.017162137402386257,0.06908636875222474,0.02384218896275936,0.005855145885616233,1.1722395580233829,0.0,0.0,1.6094379124341003,0.0,1.0,0.0,0.0,2025-10-16,-0.017291497110060994,-600.0,-1.0,2025-10-24,-0.023122417420854264,-800.0,-1.0,2025-10-27,-0.028987536873252298,-1000.0,-1.0,2025-11-10,-0.020202707317519466,-700.0,-1.0,2025-11-25,-0.005730674708984983,-200.0,-1.0,2025-12-10,-0.020202707317519466,-700.0,-1.0,2026-01-09,0.03094480384942149,1100.0,1.0
2025-10-13,Mon,35300.0,35300.0,35100.0,34700.0,33700.0,31700.0,33700.0,32700.0,31900.0,31700.0,30200.0,-300.0,2025-10-13,2,0,33700.0,0,31900.0,0,31700.0,0,30200.0,34820.0,31266.666666666668,3553.333333333332,4500.0,2920.0,4900.0,-0.008608374536599683,0.00607337478154981,0.35,0,-0.005747142255567959,-0.03677925150329647,-0.08026436344303534,-0.07760124602355162,-0.08026436344303534,-2.2700261609213848,-1.6451214721411638,-6.475111290975444,-2.100523306473426,-1.3809692130463644,-6.070416835289357,-2.27002616092138,-1.645121472141161,-6.475111290975314,-2.385340025995239,-1.7503650979875667,-6.7449075947659525,0.0,2025-10-10,382.0,4.0,2.0,0.0,0.0,326.0,0.0013097578820637779,0.011850039917495891,0.017162137402386257,0.06908636875222474,0.02384218896275936,0.005855145885616233,1.1722395580233829,0.0,0.0,1.6094379124341003,0.0,3.0,0.0,0.0,2025-10-18,-0.01451404288425407,-500.0,-1.0,2025-10-24,-0.01451404288425407,-500.0,-1.0,2025-10-28,-0.02037916233665214,-700.0,-1.0,2025-11-12,-0.005780362915499425,-200.0,-1.0,2025-11-27,0.005747142255568071,200.0,1.0,2025-12-12,-0.01744230266334237,-600.0,-1.0,2026-01-12,0.03677925150329649,1300.0,1.0
2025-10-14,Tue,35300.0,35300.0,35100.0,34700.0,33700.0,31700.0,33700.0,32700.0,31700.0,31500.0,30000.0,0.0,2025-10-14,2,0,33700.0,0,31700.0,0,31500.0,0,30000.0,34820.0,31066.666666666668,3753.333333333332,4700.0,3120.0,5100.0,0.0,0.006254516375602351,0.35,1,0.0,-0.031208206453841165,-0.0749310174676727,-0.07760124602355162,-0.08556941567272847,-1.8922670862862556,-1.336226101797268,-5.800620531498836,-1.7403985734342857,-1.0905809446054082,-5.395926075812762,-1.892267086286252,-1.3362261017972643,-5.800620531498719,-1.9920712182287086,-1.4364834536688587,-6.070416835289357,0.0,2025-10-13,382.0,0.0,2.0,1.0,1.0,323.0,-0.0013080446600151063,0.013175421158564404,0.017162137402386257,0.06908636875222474,0.02384218896275936,0.005994318930579589,1.1330354362652406,0.05,0.0,0.0,0.0,1.0,0.0,0.0,,,,,2025-10-24,-0.01451404288425407,-500.0,-1.0,2025-10-29,-0.02037916233665214,-700.0,-1.0,2025-11-13,-0.005780362915499425,-200.0,-1.0,2025-11-28,0.005747142255568071,200.0,1.0,2025-12-13,-0.026278884463840423,-900.0,-1.0,2026-01-12,0.03677925150329649,1300.0,1.0
2025-10-15,Wed,35100.0,35100.0,34900.0,34500.0,33500.0,31500.0,33500.0,32500.0,31700.0,31500.0,30000.0,-200.0,2025-10-15,2,0,33500.0,0,31700.0,0,31500.0,0,30000.0,34620.0,31066.666666666668,3553.333333333332,4500.0,2920.0,4900.0,-0.005780362915498216,0.006063978610377619,0.4,0,-0.005780362915499425,-0.03419136474827931,-0.08071138038317215,-0.09662683568907164,-0.09662683568907164,-2.0859127550613232,-1.595405881135555,-6.475111290975444,-1.95088902646306,-1.3458474089877084,-6.070416835289357,-2.08591275506132,-1.5954058811355505,-6.475111290975314,-2.1735237597895654,-1.6897615339996608,-6.7449075947659525,0.0,2025-10-14,382.5,0.0,2.0,1.0,1.0,322.0,-0.003913899321136505,0.01448346581857951,0.01448346581857951,0.025150233622774465,0.015810606026642304,0.005994318930579589,1.2006462673466294,0.05,0.0,0.0,0.0,1.0,0.0,0.0,2025-10-24,-0.008733679968754553,-300.0,-1.0,2025-10-25,-0.014598799421152636,-500.0,-1.0,2025-10-30,-0.014598799421152636,-500.0,-1.0,2025-11-14,0.005780362915499329,200.0,1.0,2025-11-29,0.008658062743114531,300.0,1.0,2025-12-16,-0.011661939747842975,-400.0,-1.0,2026-01-13,0.0425596144187959,1500.0,1.0
2025-10-16,Thu,35000.0,35000.0,34800.0,34400.0,33300.0,31500.0,33500.0,32500.0,31500.0,31300.0,29800.0,-100.0,2025-10-16,2,0,33500.0,0,31500.0,0,31300.0,0,29800.0,34500.0,30866.666666666668,3633.333333333332,4600.0,3000.0,5000.0,-0.0029027596579620507,0.0060473367789451145,0.35,0,-0.008683122573460881,-0.02865525576037606,-0.06472019068117196,-0.10477895123317689,-0.09952959534703305,-1.8762729209948397,-1.4575049962906605,-6.205314987184801,-1.7283024297567018,-1.1908503310840115,-5.73317145555106,-1.876272920994837,-1.4575049962906574,-6.205314987184676,-1.9289669036202937,-1.5194354034738442,-6.4076622150276545,0.0,2025-10-15,379.5,0.0,2.0,1.0,1.0,321.0,-0.009180392344960708,0.009265453445790328,0.005284028146605557,0.01459879942115272,0.011928570865274324,0.0059505011408480905,0.5421705912373895,0.05,0.0,0.0,1.0986122886681098,1.0,0.0,0.0,2025-10-24,-0.00583092031079321,-200.0,-1.0,2025-10-27,-0.011696039763191298,-400.0,-1.0,2025-10-31,0.0,0.0,0.0,2025-11-15,0.014430264829028837,500.0,1.0,2025-12-01,0.011560822401076006,400.0,1.0,2025-12-16,-0.008759180089881578,-300.0,-1.0,2026-01-15,0.06472019068117182,2300.0,1.0
2025-10-17,Fri,34900.0,34900.0,34700.0,34200.0,33200.0,31300.0,33500.0,32500.0,31500.0,31300.0,29800.0,-200.0,2025-10-17,2,0,33500.0,0,31500.0,0,31300.0,0,29800.0,34380.0,30866.666666666668,3513.333333333332,4400.0,2880.0,4900.0,-0.005830920310794241,0.005906066881505564,0.35,0,-0.023122417420854264,-0.02026118513982197,-0.05959209720224566,-0.11322425211804081,-0.10536051565782628,-1.9399824893646898,-1.597471445073099,-6.610009442870766,-1.9105250090742973,-1.4382303733296091,-6.4076622150276545,-1.939982489364686,-1.5974714450730951,-6.610009442870633,-1.9609610939992124,-1.6264275895158973,-6.7449075947659525,0.0,2025-10-16,382.0,0.0,2.0,1.0,1.0,320.0,-0.005221943981151611,0.0013097578820637779,0.013175421158564404,0.01982880564930145,0.01052641298698731,0.006249620760677584,1.0451289459182842,0.05,0.0,0.0,1.0986122886681098,1.0,0.0,0.0,2025-10-24,0.0,0.0,0.0,2025-10-27,-0.005865119452398134,-200.0,-1.0,2025-11-01,0.014514042884254012,500.0,1.0,2025-11-17,0.025975486403260736,900.0,1.0,2025-12-01,0.01739174271186924,600.0,1.0,2025-12-16,-0.002928259779088334,-100.0,-1.0,2026-01-15,0.07055111099196519,2500.0,1.0
2025-10-18,Sat,34900.0,34900.0,34700.0,34200.0,33200.0,31300.0,33500.0,32500.0,31700.0,31500.0,30000.0,0.0,2025-10-18,2,0,33500.0,0,31700.0,0,31500.0,0,30000.0,34380.0,31066.666666666668,3313.333333333332,4200.0,2680.0,4700.0,0.0,0.005901585070854932,0.35,1,-0.01451404288425407,-0.02026118513982197,-0.05959209720224566,-0.11322425211804081,-0.10536051565782628,-2.0910471120508802,-1.8392355191393215,-7.284500202347306,-2.069374982782717,-1.6762110579964997,-7.0821529745042495,-2.091047112050878,-1.8392355191393173,-7.284500202347228,-2.1069012406647913,-1.8620880406885514,-7.4193983542425475,0.0,2025-10-17,380.5,0.0,2.0,1.0,1.0,319.0,-0.003934431304834618,-0.00262467342277084,0.01056813006179258,0.017230379887208436,0.007915608612661273,0.0063914818727834775,0.713593498835718,0.05,0.0,0.0,1.0986122886681098,1.0,0.0,0.0,2025-10-24,0.0,0.0,0.0,2025-10-28,-0.005865119452398134,-200.0,-1.0,2025-11-03,0.014514042884254012,500.0,1.0,2025-11-17,0.025975486403260736,900.0,1.0,2025-12-02,0.023122417420854212,800.0,1.0,2025-12-17,0.008733679968754631,300.0,1.0,2026-01-16,0.08408311721054144,3000.0,1.0
2025-10-24,Fri,34900.0,34900.0,34700.0,34200.0,33200.0,31300.0,33500.0,32500.0,31400.0,31200.0,29700.0,0.0,2025-10-24,2,0,33500.0,0,31400.0,0,31200.0,0,29700.0,34380.0,30766.666666666668,3613.333333333332,4500.0,2980.0,5000.0,0.0,0.0057217990149624745,0.35,7,-0.01451404288425407,-0.01451404288425407,-0.05959209720224566,-0.10798863806409585,-0.10798863806409585,-1.6273524878288919,-1.3944366252000038,-5.018211250505915,-1.6008598659050526,-1.2487907739290205,-4.856333468231486,-1.6273524878288912,-1.394436625200001,-5.0182112505058685,-1.6459025887756564,-1.4208830604789762,-5.126129772022123,0.0,2025-10-23,381.0,0.0,2.0,1.0,1.0,313.0,-0.0026212334798740855,-0.007843177461025697,0.005263170044274901,0.018543577712168968,0.0026281224062696396,0.006010578275623655,0.7766779475560179,0.05,0.0,0.0,1.0986122886681098,1.0,0.0,0.0,2025-10-29,-0.005865119452398134,-200.0,-1.0,2025-11-03,0.014514042884254012,500.0,1.0,2025-11-08,0.002919710103334846,100.0,1.0,2025-11-24,0.023122417420854212,800.0,1.0,2025-12-08,0.002919710103334846,100.0,1.0,2025-12-23,0.034486176071169404,1200.0,1.0,2026-01-22,0.06508661651988627,2300.0,1.0
2025-10-25,Sat,34700.0,34700.0,34500.0,34000.0,33000.0,31700.0,33500.0,32500.0,31500.0,31300.0,29800.0,-200.0,2025-10-25,2,0,33500.0,0,31500.0,0,31300.0,0,29800.0,34180.0,30866.666666666668,3313.333333333332,4200.0,2680.0,4700.0,-0.005865119452396428,0.005547489966603636,0.35,0,-0.014598799421152636,-0.02037916233665214,-0.06545721665464367,-0.10859058747221928,-0.11385375751649385,-1.9090652677256332,-1.7687068823871426,-4.856333468231519,-1.8919149165001974,-1.6173969646716744,-4.721435316336167,-1.9090652677256317,-1.7687068823871388,-4.856333468231486,-1.9216145420220683,-1.7892966750915207,-4.946265569495032,0.0,2025-10-24,380.0,0.0,2.0,1.0,1.0,312.0,-0.001314924581309107,-0.005249355886143725,0.006600684031352166,0.011912781516242532,0.002635047638005261,0.005945852877475913,0.5671032018680235,0.05,0.0,0.0,1.0986122886681098,1.0,0.0,0.0,2025-10-30,0.0,0.0,0.0,2025-11-04,0.020379162336652046,700.0,1.0,2025-11-10,0.008784829555732811,300.0,1.0,2025-11-24,0.028987536873252187,1000.0,1.0,2025-12-09,0.008784829555732811,300.0,1.0,2025-12-24,0.04035129552356745,1400.0,1.0,2026-01-23,0.07913732055872379,2800.0,1.0
2025-10-27,Mon,34700.0,34700.0,34500.0,34000.0,33000.0,31700.0,33500.0,32500.0,31700.0,31500.0,30000.0,0.0,2025-10-27,2,0,33500.0,0,31700.0,0,31500.0,0,30000.0,34180.0,31066.666666666668,3113.333333333332,4000.0,2480.0,4500.0,0.0,0.005567058811010233,0.3,2,-0.011696039763191298,-0.02037916233665214,-0.06269859421556394,-0.10859058747221928,-0.11647499099636806,-2.0444874328493805,-1.9925726017625018,-5.30599397454922,-2.0339279393732257,-1.8418448676773818,-5.171095822653896,-2.044487432849379,-1.9925726017624978,-5.3059939745492155,-2.052725416054667,-2.0090307750081573,-5.395926075812762,0.0,2025-10-24,380.0,0.0,2.0,1.0,1.0,312.0,-0.001314924581309107,-0.005249355886143725,0.006600684031352166,0.011912781516242532,0.002635047638005261,0.005945852877475913,0.5671032018680235,0.05,0.0,0.0,1.0986122886681098,3.0,0.0,0.0,2025-11-01,0.020379162336652046,700.0,1.0,2025-11-06,0.020379162336652046,700.0,1.0,2025-11-11,0.008784829555732811,300.0,1.0,2025-11-26,0.020379162336652046,700.0,1.0,2025-12-11,0.008784829555732811,300.0,1.0,2025-12-26,0.037522439323089775,1300.0,1.0,2026-01-27,0.08455738802806297,3000.0,1.0
2025-10-28,Tue,34700.0,34700.0,34500.0,34000.0,33000.0,31700.0,33500.0,32500.0,31700.0,31400.0,29900.0,0.0,2025-10-28,2,0,33500.0,0,31700.0,0,31400.0,0,29900.0,34180.0,31000.0,3180.0,4100.0,2480.0,4600.0,0.0,0.0053974637726372805,0.35,3,-0.005865119452398134,-0.028987536873252298,-0.059932340722673845,-0.10594857800938066,-0.11647499099636806,-1.867419102396107,-1.857101229791829,-4.419520404951406,-1.819199193889234,-1.673530081930074,-4.239656202424313,-1.940222966037282,-1.9434378745985141,-4.547994835327899,-1.8398632250299767,-1.8311745376325115,-4.432367847989054,0.0,2025-10-27,380.0,0.0,2.0,1.0,1.0,309.0,0.00395517984292848,-0.005249355886143725,0.00792606527242068,0.011912781516242532,0.0013166558847466092,0.005903154884470643,0.5627949076244244,0.05,0.0,0.0,1.0986122886681098,1.0,0.0,0.0,2025-11-03,0.020379162336652046,700.0,1.0,2025-11-07,0.014598799421152631,500.0,1.0,2025-11-12,0.014598799421152631,500.0,1.0,2025-11-27,0.026126304592219998,900.0,1.0,2025-12-12,0.0029368596733097057,100.0,1.0,2025-12-27,0.037522439323089775,1300.0,1.0,2026-01-27,0.08455738802806297,3000.0,1.0
2025-10-29,Wed,34700.0,34700.0,34500.0,34000.0,33000.0,31700.0,33500.0,32500.0,31700.0,31500.0,30000.0,0.0,2025-10-29,2,0,33500.0,0,31700.0,0,31500.0,0,30000.0,34180.0,31066.666666666668,3113.333333333332,4000.0,2480.0,4500.0,0.0,0.005233035282349618,0.4,4,-0.005865119452398134,-0.02037916233665214,-0.05715841383994864,-0.10064352577968741,-0.11647499099636806,-1.852326629239526,-1.902277913922966,-3.9794954809119116,-1.846510381126589,-1.7674784673974366,-3.8783218669904223,-1.8471081389308144,-1.8990442104592706,-3.9794954809119116,-1.8614369986441281,-1.9187858556696806,-4.046944556859572,0.0,2025-10-28,379.0,0.0,2.0,1.0,1.0,308.0,-0.003949972219314368,-0.009192448184164093,0.005291017634415418,0.005291017634415418,0.0,0.00589101994888795,0.356745181458348,0.05,1.0,0.0,1.0986122886681098,1.0,0.0,0.0,2025-11-03,0.020379162336652046,700.0,1.0,2025-11-08,0.008784829555732811,300.0,1.0,2025-11-13,0.014598799421152631,500.0,1.0,2025-11-28,0.026126304592219998,900.0,1.0,2025-12-13,-0.005899722127188271,-200.0,-1.0,2025-12-29,0.05158736879049326,1800.0,1.0,2026-01-27,0.08455738802806297,3000.0,1.0
2025-10-30,Thu,34700.0,34700.0,34500.0,34000.0,33000.0,31700.0,33500.0,32500.0,31900.0,31700.0,30200.0,0.0,2025-10-30,2,0,33500.0,0,31900.0,0,31700.0,0,30200.0,34180.0,31266.666666666668,2913.333333333332,3800.0,2280.0,4300.0,0.0,0.005073615946279044,0.45,5,-0.005865119452398134,-0.02037916233665214,-0.051587368790493235,-0.0953101798043249,-0.11385375751649385,-1.9757545460333217,-2.1167678318615275,-4.316740860650209,-1.9753736993790068,-1.984549735782499,-4.21556724672872,-1.970589475948052,-2.1133522596958,-4.316740860650209,-1.9812696867611501,-2.129490124332906,-4.384189936597869,0.0,2025-10-29,380.5,0.0,2.0,1.0,1.0,307.0,0.009240989853729786,0.0026315804660557163,0.011897033911846044,0.007915608612661273,0.007915608612661273,0.005929689185672853,0.6625267655655035,0.05,2.0,0.0,1.0986122886681098,1.0,0.0,0.0,2025-11-04,0.020379162336652046,700.0,1.0,2025-11-10,0.008784829555732811,300.0,1.0,2025-11-14,0.020379162336652046,700.0,1.0,2025-11-29,0.023256862164267183,800.0,1.0,2025-12-16,0.0029368596733097057,100.0,1.0,2025-12-29,0.05158736879049326,1800.0,1.0,2026-01-28,0.07641623044436315,2700.0,1.0
2025-10-31,Fri,35100.0,35100.0,34900.0,34400.0,33400.0,32100.0,33900.0,32900.0,31900.0,31700.0,30200.0,400.0,2025-10-31,2,0,33900.0,0,31900.0,0,31700.0,0,30200.0,34580.0,31266.666666666668,3313.333333333332,4200.0,2680.0,4700.0,0.011696039763190669,0.004919053165408641,0.5,0,0.011696039763191236,-0.002902759657961351,-0.03709412440624071,-0.08361414004113357,-0.10215771775330262,-1.4743970373472512,-1.5747808117415751,-3.1626122277680353,-1.4645000600088585,-1.457304851843488,-3.072680126504489,-1.4705119163346685,-1.5721506951269115,-3.1626122277680353,-1.4847887994189002,-1.5921404671681532,-3.2225669619437327,0.0,2025-10-30,378.5,0.0,2.0,1.0,1.0,306.0,-0.00658330224919812,-0.009204535729072205,-0.007894777847008427,0.003970885429492199,0.0026455041884236863,0.00594241465193512,0.2437384519863744,0.05,2.0,0.0,1.0986122886681098,1.0,0.0,0.0,2025-11-05,0.014430264829028837,500.0,1.0,2025-11-10,-0.0029112102074584415,-100.0,-1.0,2025-11-15,0.014430264829028837,500.0,1.0,2025-12-01,0.011560822401076006,400.0,1.0,2025-12-16,-0.008759180089881578,-300.0,-1.0,2025-12-30,0.056512210263342404,2000.0,1.0,2026-01-29,0.06472019068117182,2300.0,1.0
2025-11-01,Sat,35400.0,35400.0,35200.0,34700.0,33700.0,32300.0,34200.0,33300.0,32200.0,32000.0,30500.0,300.0,2025-11-01,2,0,34200.0,0,32200.0,0,32000.0,0,30500.0,34880.0,31566.666666666668,3313.333333333332,4200.0,2680.0,4700.0,0.008683122573460267,0.0055635510036305055,0.5,0,0.020379162336652046,0.008683122573460857,-0.019972133186915243,-0.056037068107711106,-0.09084647277357231,-1.4189969329176269,-1.551922842187122,-2.2033364809568776,-1.4097225751485924,-1.439578732111733,-2.135887405009218,-1.4153570476353354,-1.5493707354262654,-2.2033364809568776,-1.428727453338224,-1.5679945231924775,-2.2483025315886507,0.0,2025-10-31,368.0,0.0,2.0,1.0,1.0,305.0,-0.0320883145515003,-0.033403239132809404,-0.036027912555580244,-0.022835109071016824,-0.0320883145515003,0.005087591497573873,-1.8914436851316296,0.05,2.0,0.0,1.0986122886681098,1.0,0.0,0.0,2025-11-06,0.0,0.0,0.0,2025-11-11,-0.011594332780919257,-400.0,-1.0,2025-11-17,0.011461443519006598,400.0,1.0,2025-12-01,0.0028776998276151956,100.0,1.0,2025-12-16,-0.01744230266334237,-600.0,-1.0,2025-12-31,0.050572573635632334,1800.0,1.0,2026-01-30,0.061471864093668,2200.0,1.0
2025-11-03,Mon,35400.0,35400.0,35200.0,34700.0,33700.0,32300.0,34200.0,33200.0,32000.0,31800.0,30300.0,0.0,2025-11-03,2,0,34200.0,0,32000.0,0,31800.0,0,30300.0,34880.0,31366.666666666668,3513.333333333332,4400.0,2880.0,4900.0,0.0,0.0057982506707922035,0.5,2,0.020379162336652046,0.014514042884254012,-0.005747142255567959,-0.04507805431799159,-0.09084647277357231,-1.1695396507677502,-1.2833250037021227,-1.2680426278159989,-1.1560679683367854,-1.177925314329523,-1.2140833670578712,-1.1664516610250495,-1.2811419306685792,-1.2680426278159989,-1.1814315393752612,-1.3015739409876508,-1.3040154683214173,0.0,2025-10-31,368.0,0.0,2.0,1.0,1.0,305.0,-0.0320883145515003,-0.033403239132809404,-0.036027912555580244,-0.022835109071016824,-0.0320883145515003,0.005087591497573873,-1.8914436851316296,0.05,2.0,0.0,1.0986122886681098,3.0,0.0,0.0,2025-11-08,-0.011594332780919257,-400.0,-1.0,2025-11-13,-0.005780362915499425,-200.0,-1.0,2025-11-18,0.01430639565123793,500.0,1.0,2025-12-03,0.0028776998276151956,100.0,1.0,2025-12-18,-0.005780362915499425,-200.0,-1.0,2026-01-02,0.08026436344303524,2900.0,1.0,2026-02-02,0.05603706810771099,2000.0,1.0
2025-11-04,Tue,35400.0,35400.0,35200.0,34700.0,33700.0,32200.0,34200.0,33200.0,32000.0,31800.0,30300.0,0.0,2025-11-04,2,0,34200.0,0,32000.0,0,31800.0,0,30300.0,34880.0,31366.666666666668,3513.333333333332,4400.0,2880.0,4900.0,0.0,0.005621612597010017,0.55,3,0.020379162336652046,0.014514042884254012,-0.005747142255567959,-0.04507805431799159,-0.09084647277357231,-1.1303681904094791,-1.2664897028956832,-0.7130330885895435,-1.11746843325273,-1.164698613582658,-0.745489786789921,-1.1274119053594074,-1.2643573755007962,-0.7130330885895435,-1.141746649833767,-1.283786987071196,-0.7387279746648423,0.0,2025-11-03,374.0,0.0,2.0,1.0,1.0,302.0,-0.01591545530589933,-0.011960275462970849,-0.02247285585205816,-0.011960275462970849,-0.009314771274547162,0.008017997118047149,-0.6163356880239924,0.05,2.0,0.0,1.0986122886681098,1.0,0.0,0.0,2025-11-10,-0.011594332780919257,-400.0,-1.0,2025-11-14,0.0,0.0,0.0,2025-11-19,0.01430639565123793,500.0,1.0,2025-12-04,0.0028776998276151956,100.0,1.0,2025-12-19,-0.005780362915499425,-200.0,-1.0,2026-01-03,0.10391855434092497,3800.0,1.0,2026-02-02,0.05603706810771099,2000.0,1.0
2025-11-05,Wed,35600.0,35600.0,35400.0,34900.0,33900.0,32400.0,34400.0,33400.0,32200.0,32000.0,30500.0,200.0,2025-11-05,2,0,34400.0,0,32200.0,0,32000.0,0,30500.0,35080.0,31566.666666666668,3513.333333333332,4400.0,2880.0,4900.0,0.005747142255568605,0.005450355630544672,0.55,0,0.026126304592219998,0.02026118513982193,0.005747142255568071,-0.03933091206242356,-0.08509933051800432,-1.0929738248098135,-1.2495046465851212,-0.7149602050451896,-1.0805775374121547,-1.1516993000818037,-0.6744907594765952,-1.0901304162964773,-1.2474221644745844,-0.714960205045191,-1.103902136482446,-1.2663986954746127,-0.7419398354242547,0.0,2025-11-04,373.5,0.0,2.0,1.0,1.0,301.0,-0.014618200509554313,-0.01856817272886868,-0.02772454801485491,-0.01197619104671599,-0.013298068304631094,0.008932008749118323,-0.7015040662360666,0.05,2.0,0.0,1.0986122886681098,1.0,0.0,0.0,2025-11-10,-0.017341475036487215,-600.0,-1.0,2025-11-15,0.0,0.0,0.0,2025-11-20,0.011396134730869582,400.0,1.0,2025-12-05,0.0,0.0,0.0,2025-12-20,0.0,0.0,0.0,2026-01-05,0.09296306697821885,3400.0,1.0,2026-02-03,0.05028992585214301,1800.0,1.0
2025-11-06,Thu,35400.0,35400.0,35200.0,34700.0,33700.0,32200.0,34200.0,33200.0,32000.0,31800.0,30300.0,-200.0,2025-11-06,2,0,34200.0,0,32000.0,0,31800.0,0,30300.0,34880.0,31366.666666666668,3513.333333333332,4400.0,2880.0,4900.0,-0.005747142255568605,0.005468617060627845,0.55,0,0.008683122573460857,0.020379162336652046,0.0,-0.04507805431799159,-0.09084647277357231,-1.057056948039636,-1.2356234870547633,-0.6744907594765952,-1.0451140862964774,-1.1418719025649586,-0.6744907594765952,-1.054314848783169,-1.2335819823449086,-0.6744907594765952,-1.0675802767891487,-1.252117956687254,-0.6744907594765952,0.0,2025-11-05,384.0,0.0,2.0,1.0,1.0,300.0,0.009156375285986229,0.018397365139716015,0.002607563407081237,0.0013029317804162943,0.014426479710223816,0.008852965134436369,1.3803221608342722,0.05,2.0,0.0,1.0986122886681098,1.0,0.0,0.0,2025-11-11,-0.011594332780919257,-400.0,-1.0,2025-11-17,0.011461443519006598,400.0,1.0,2025-11-21,0.017143276986437656,600.0,1.0,2025-12-06,-0.0028860048891349867,-100.0,-1.0,2025-12-22,0.005747142255568071,200.0,1.0,2026-01-05,0.09871020923378683,3600.0,1.0,2026-02-04,0.06687728266057605,2400.0,1.0
2025-11-07,Fri,35200.0,35200.0,35000.0,34500.0,33500.0,32000.0,34000.0,33000.0,31900.0,31700.0,30200.0,-200.0,2025-11-07,2,0,34000.0,0,31900.0,0,31700.0,0,30200.0,34680.0,31266.666666666668,3413.333333333332,4300.0,2780.0,4800.0,-0.005780362915498216,0.005485727376454929,0.5,0,-0.005780362915499425,0.014598799421152631,-0.005780362915499425,-0.04809979479441135,-0.10187619157521538,-1.1201537456744564,-1.3367391873829764,-0.7149602050451883,-1.1111067145742086,-1.2461176917196457,-0.6744907594765952,-1.1173641234848337,-1.3346162040044918,-0.714960205045191,-1.1288386556234802,-1.3512000983986165,-0.7419398354242547,0.0,2025-11-06,383.5,0.0,2.0,1.0,1.0,299.0,0.013123547929807522,0.006540245680609402,-0.0013029317804162943,0.011803415724884303,0.011803415724884303,0.010976214897991023,1.2452557329531615,0.05,2.0,0.0,1.0986122886681098,1.0,0.0,0.0,2025-11-12,0.0,0.0,0.0,2025-11-17,0.017241806434505954,600.0,1.0,2025-11-22,0.022923639901937024,800.0,1.0,2025-12-08,-0.005813969865419845,-200.0,-1.0,2025-12-22,0.011527505171067414,400.0,1.0,2026-01-06,0.083381608939051,3000.0,1.0,2026-02-05,0.083381608939051,3000.0,1.0
2025-11-08,Sat,35000.0,35000.0,34800.0,34300.0,33300.0,31800.0,33800.0,32800.0,31700.0,31500.0,30000.0,-200.0,2025-11-08,2,0,33800.0,0,31700.0,0,31500.0,0,30000.0,34480.0,31066.666666666668,3413.333333333332,4300.0,2780.0,4800.0,-0.005813969865419821,0.005503850314457314,0.45,0,-0.011594332780919257,0.008784829555732811,-0.020202707317519466,-0.05114751116694097,-0.1076901614406353,-1.0830302756388042,-1.318703528629042,-0.6941361214030967,-1.0743401208010053,-1.2321486520789477,-0.6744907594765952,-1.080351104618932,-1.3166326359929303,-0.694136121403098,-1.0913684759019462,-1.3327956730615191,-0.7066093670707188,0.0,2025-11-07,381.0,0.0,2.0,1.0,1.0,298.0,0.034716436957769936,0.0026281224062696396,-0.0026212334798740855,0.009228806437621806,0.010554187678690319,0.010964588715588176,0.7381371405302953,0.05,2.0,0.0,1.0986122886681098,1.0,0.0,0.0,2025-11-13,0.005813969865419816,200.0,1.0,2025-11-18,0.025900728432157172,900.0,1.0,2025-11-24,0.02020270731751947,700.0,1.0,2025-12-08,0.0,0.0,0.0,2025-12-23,0.03156646596783451,1100.0,1.0,2026-01-07,0.08116340710720661,2900.0,1.0,2026-02-06,0.08919557880447093,3200.0,1.0
2025-11-10,Mon,35000.0,35000.0,34800.0,34300.0,33300.0,31800.0,33800.0,32800.0,31700.0,31500.0,30000.0,0.0,2025-11-10,2,0,33800.0,0,31700.0,0,31500.0,0,30000.0,34480.0,31066.666666666668,3413.333333333332,4300.0,2780.0,4800.0,0.0,0.005522948571431328,0.45,2,-0.011594332780919257,0.008784829555732811,-0.011594332780919257,-0.04837358428421583,-0.1076901614406353,-1.0473453490559017,-1.3075902591541901,-0.6744907594765952,-1.038977317670092,-1.2253927828366664,-0.6744907594765952,-1.0447658490488927,-1.305552142426557,-0.6744907594765952,-1.0553707782083352,-1.3212741162921158,-0.6744907594765952,0.0,2025-11-07,381.0,0.0,2.0,1.0,1.0,298.0,0.034716436957769936,0.0026281224062696396,-0.0026212334798740855,0.009228806437621806,0.010554187678690319,0.010964588715588176,0.7381371405302953,0.05,2.0,0.0,1.0986122886681098,3.0,0.0,0.0,2025-11-15,0.017341475036487173,600.0,1.0,2025-11-20,0.028737609767356946,1000.0,1.0,2025-11-25,0.014472032608534469,500.0,1.0,2025-12-10,0.0,0.0,0.0,2025-12-25,0.028737609767356946,1000.0,1.0,2026-01-09,0.051147511166941,1800.0,1.0,2026-02-09,0.08919557880447093,3200.0,1.0
2025-11-11,Tue,35000.0,35000.0,34800.0,34300.0,33300.0,31800.0,33800.0,32800.0,31900.0,31700.0,30200.0,0.0,2025-11-11,2,0,33800.0,0,31900.0,0,31700.0,0,30200.0,34480.0,31266.666666666668,3213.333333333332,4100.0,2580.0,4600.0,0.0,0.005354697308654788,0.5,3,-0.017341475036487215,0.008784829555732811,-0.011594332780919257,-0.042802539234760434,-0.1076901614406353,-1.2073033907821724,-1.534356272987407,-0.8017531669250094,-1.2041988712283678,-1.4568977969531351,-0.8093889113719143,-1.2045431721366369,-1.5320923965559115,-0.8017531669250094,-1.2120849200542858,-1.54419940941933,-0.7971254430177943,0.0,2025-11-10,383.0,0.0,2.0,1.0,1.0,295.0,0.023779191766113428,0.007863736460214099,0.002614380574070374,0.01578980173263478,0.01578980173263478,0.011001122816550978,1.103019173730622,0.0,2.0,0.0,1.0986122886681098,1.0,0.0,0.0,2025-11-17,0.023055776299925796,800.0,1.0,2025-11-21,0.028737609767356946,1000.0,1.0,2025-11-26,0.011594332780919227,400.0,1.0,2025-12-11,0.0,0.0,0.0,2025-12-26,0.028737609767356946,1000.0,1.0,2026-01-10,0.04837358428421567,1700.0,1.0,2026-02-09,0.08919557880447093,3200.0,1.0
2025-11-12,Wed,35200.0,35200.0,35000.0,34500.0,33500.0,32000.0,34000.0,33000.0,32100.0,31900.0,30400.0,200.0,2025-11-12,2,0,34000.0,0,32100.0,0,31900.0,0,30400.0,34680.0,31466.666666666668,3213.333333333332,4100.0,2580.0,4600.0,0.005813969865419821,0.005191571657145448,0.5,0,-0.005780362915499425,0.00290275965796141,0.0,-0.03419136474827931,-0.09662683568907164,-1.1678334576538085,-1.5163057224170031,-0.7923629310356118,-1.1648849157164822,-1.4438044646292973,-0.7756643733980845,-1.165177718614727,-1.5140959092949953,-0.7923629310356118,-1.1724032584180715,-1.5257748204827581,-0.8029651898530895,0.0,2025-11-11,381.5,0.0,2.0,1.0,1.0,294.0,0.02119284615163952,0.006574645642085208,-0.002617802542078884,0.011865663276500626,0.01585237952032248,0.011066504249434513,0.7903475642712186,0.0,2.0,0.0,1.0986122886681098,1.0,0.0,0.0,2025-11-17,0.017241806434505954,600.0,1.0,2025-11-22,0.022923639901937024,800.0,1.0,2025-11-27,0.011527505171067414,400.0,1.0,2025-12-12,-0.011661939747842975,-400.0,-1.0,2025-12-27,0.022923639901937024,800.0,1.0,2026-01-12,0.0425596144187959,1500.0,1.0,2026-02-10,0.083381608939051,3000.0,1.0
2025-11-13,Thu,35200.0,35200.0,35000.0,34500.0,33500.0,32200.0,34000.0,33000.0,32100.0,31900.0,30400.0,0.0,2025-11-13,2,0,34000.0,0,32100.0,0,31900.0,0,30400.0,34680.0,31466.666666666668,3213.333333333332,4100.0,2580.0,4600.0,0.0,0.005231004304219216,0.5,1,0.0,-0.005780362915499425,0.00290275965796141,-0.02575249610241474,-0.09134977858822796,-1.1301666452555224,-1.498670243755768,-0.7486106231553419,-1.1273608467361758,-1.4309374010628786,-0.7538426135326651,-1.1276031963791229,-1.4965122139818952,-0.7486106231553419,-1.1345456370175453,-1.50778142639804,-0.745489786789921,0.0,2025-11-12,381.5,0.0,2.0,1.0,1.0,293.0,-0.006531701863215389,0.00262467342277084,0.005256253888826556,0.014521707334616885,0.014521707334616885,0.011099003739844224,0.7683274965407118,0.0,2.0,0.0,1.0986122886681098,1.0,0.0,0.0,2025-11-18,0.020086758566737292,700.0,1.0,2025-11-24,0.01438873745209967,500.0,1.0,2025-11-28,0.011527505171067414,400.0,1.0,2025-12-13,-0.02049852154834093,-700.0,-1.0,2025-12-29,0.036988569369340626,1300.0,1.0,2026-01-12,0.0425596144187959,1500.0,1.0,2026-02-11,0.07803400261245583,2800.0,1.0
2025-11-14,Fri,35400.0,35400.0,35200.0,34700.0,33700.0,32400.0,34200.0,33300.0,32200.0,32000.0,30500.0,200.0,2025-11-14,2,0,34200.0,0,32200.0,0,32000.0,0,30500.0,34880.0,31566.666666666668,3313.333333333332,4200.0,2680.0,4700.0,0.005780362915498216,0.005071646839924322,0.55,0,0.011594332780919227,0.0,0.014514042884254012,-0.005747142255567959,-0.08556941567272847,-0.9964005516388761,-1.3691422984920154,-0.6423721518824717,-0.9911779520869861,-1.3053887376199045,-0.6744907594765952,-0.9940432592845152,-1.3671423666541023,-0.6423721518824717,-1.0021410941359212,-1.3795907787311148,-0.6226068549014725,0.0,2025-11-13,383.0,0.0,2.0,1.0,1.0,292.0,-0.0013046316266649427,0.01181891630314258,0.002614380574070374,0.003924138456134152,0.01578980173263478,0.01094851652029346,1.0284112162115076,0.0,2.0,0.0,1.0986122886681098,1.0,0.0,0.0,2025-11-19,0.01430639565123793,500.0,1.0,2025-11-24,0.008608374536600101,300.0,1.0,2025-11-29,0.0028776998276151956,100.0,1.0,2025-12-16,-0.01744230266334237,-600.0,-1.0,2025-12-29,0.031208206453841005,1100.0,1.0,2026-01-13,0.03677925150329649,1300.0,1.0,2026-02-12,0.061471864093668,2200.0,1.0
2025-11-15,Sat,35600.0,35600.0,35400.0,34900.0,33900.0,32800.0,34300.0,33300.0,32400.0,32200.0,30700.0,200.0,2025-11-15,2,0,34300.0,0,32400.0,0,32200.0,0,30700.0,35080.0,31766.666666666668,3313.333333333332,4200.0,2680.0,4700.0,0.005747142255568605,0.005116938664364809,0.55,0,0.017341475036487173,0.005747142255568071,0.02026118513982193,0.0,-0.07982227341716056,-0.9638660670855281,-1.3577460282871356,-0.44966050631773014,-0.9587983497154007,-1.2982566437804868,-0.5058680696074465,-0.9615780343104496,-1.3557780390894008,-0.44966050631773014,-0.9694341798106119,-1.3678247657262268,-0.44966050631773014,0.0,2025-11-14,381.0,0.0,2.0,1.0,1.0,291.0,0.0,0.034716436957769936,0.0013131978249605325,-0.0013114755978103076,0.011881327886753112,0.01088421425472632,0.630278398096051,0.0,2.0,0.0,1.0986122886681098,1.0,0.0,0.0,2025-11-20,0.011396134730869582,400.0,1.0,2025-11-25,-0.00286944242795282,-100.0,-1.0,2025-12-01,-0.00286944242795282,-100.0,-1.0,2025-12-16,-0.023189444918910326,-800.0,-1.0,2025-12-30,0.042081945434313414,1500.0,1.0,2026-01-15,0.05028992585214301,1800.0,1.0,2026-02-13,0.04482543138006425,1600.0,1.0
2025-11-17,Mon,35800.0,35800.0,35600.0,35100.0,34100.0,33000.0,34500.0,33500.0,32500.0,32300.0,30800.0,200.0,2025-11-17,2,0,34500.0,0,32500.0,0,32300.0,0,30800.0,35280.0,31866.666666666668,3413.333333333332,4300.0,2780.0,4800.0,0.005714301263438415,0.00515692313919102,0.5,0,0.023055776299925796,0.005714301263438635,0.025975486403260736,0.011461443519006598,-0.07410797215372185,-0.8340311004701786,-1.2352832816161048,-0.3194956229099665,-0.826507935565067,-1.178938816236489,-0.3372453797382976,-0.8319196721205575,-1.2334512192637568,-0.2997736708784868,-0.8410193890900644,-1.2467000365315912,-0.3372453797382976,0.0,2025-11-14,381.0,0.0,2.0,1.0,1.0,291.0,0.0,0.034716436957769936,0.0013131978249605325,-0.0013114755978103076,0.011881327886753112,0.01088421425472632,0.630278398096051,0.0,2.0,0.0,1.0986122886681098,3.0,0.0,0.0,2025-11-22,0.005681833467430864,200.0,1.0,2025-11-27,-0.005714301263438664,-200.0,-1.0,2025-12-02,-0.002853068982406399,-100.0,-1.0,2025-12-17,-0.017241806434506103,-600.0,-1.0,2026-01-01,0.047296714703065096,1700.0,1.0,2026-01-16,0.058107630807280757,2100.0,1.0,2026-02-16,0.04457562458870438,1600.0,1.0
2025-11-18,Tue,35900.0,35900.0,35700.0,35200.0,34200.0,33200.0,34600.0,33600.0,32700.0,32500.0,31000.0,100.0,2025-11-18,2,0,34600.0,0,32700.0,0,32500.0,0,31000.0,35380.0,32066.666666666668,3313.333333333332,4200.0,2680.0,4700.0,0.0028449521322304605,0.005192053468857228,0.45,0,0.020086758566737292,0.01430639565123793,0.03468555798789011,0.01430639565123793,-0.07126302002149065,-0.9053079865889242,-1.342510503579546,-0.46811672112927943,-0.9005643748175174,-1.2933988954827502,-0.5058680696074465,-0.903115837502365,-1.3405847330651917,-0.4356086154953011,-0.9105609851293955,-1.3513816700545125,-0.44966050631773014,0.0,2025-11-17,383.5,0.0,2.0,1.0,1.0,288.0,0.0013046316266649427,0.02508382339277837,0.013123547929807522,0.0026109675407202104,0.015769052118231208,0.010913641171066824,1.0766803052707636,0.0,2.0,0.0,1.0986122886681098,1.0,0.0,0.0,2025-11-24,-0.005698021114637779,-200.0,-1.0,2025-11-28,-0.008559253395669948,-300.0,-1.0,2025-12-03,-0.011428695823622744,-400.0,-1.0,2025-12-18,-0.020086758566737344,-700.0,-1.0,2026-01-02,0.06595796779179737,2400.0,1.0,2026-01-17,0.057947244045718375,2100.0,1.0,2026-02-16,0.04173067245647328,1500.0,1.0
2025-11-19,Wed,35900.0,35900.0,35700.0,35200.0,34200.0,33200.0,34600.0,33600.0,32500.0,32300.0,30800.0,0.0,2025-11-19,2,0,34600.0,0,32500.0,0,32300.0,0,30800.0,35380.0,31866.666666666668,3513.333333333332,4400.0,2880.0,4900.0,0.0,0.00508188933647172,0.45,1,0.020086758566737292,0.020086758566737292,0.03468555798789011,0.01430639565123793,-0.07126302002149065,-0.6749570190335068,-1.1084687885414386,-0.13603174981040597,-0.6649760052401501,-1.0601713430379058,-0.1686226898691488,-0.6730454015422759,-1.106783058435664,-0.12548665292587818,-0.6833444436629332,-1.1205128621836824,-0.1686226898691488,0.0,2025-11-18,384.0,0.0,2.0,1.0,1.0,287.0,0.006531701863215389,0.02772454801485491,0.009156375285986229,0.0,0.02906413294391097,0.010929244617896877,1.1396796961221567,0.0,2.0,0.0,1.0986122886681098,1.0,0.0,0.0,2025-11-24,-0.005698021114637779,-200.0,-1.0,2025-11-29,-0.011428695823622744,-400.0,-1.0,2025-12-04,-0.011428695823622744,-400.0,-1.0,2025-12-19,-0.020086758566737344,-700.0,-1.0,2026-01-03,0.08961215868968714,3300.0,1.0,2026-01-19,0.0686140118499137,2500.0,1.0,2026-02-17,0.030771658666753687,1100.0,1.0
2025-11-20,Thu,36000.0,36000.0,35800.0,35300.0,34200.0,33200.0,34700.0,33700.0,32500.0,32300.0,30800.0,100.0,2025-11-20,2,0,34700.0,0,32500.0,0,32300.0,0,30800.0,35460.0,31866.666666666668,3593.333333333332,4500.0,2960.0,5000.0,0.0028368813352006583,0.0049270745148065585,0.45,0,0.017143276986437656,0.028737609767356946,0.037522439323089775,0.008534902449837506,-0.06045796903711403,-0.5674599650969342,-1.0150208532205882,0.03747170885981085,-0.534406333378192,-0.9459697621002499,0.0,-0.5656595757627694,-1.0134300340887394,0.03747170885981085,-0.5570407132169284,-1.0060203094545765,0.0,0.0,2025-11-19,384.5,0.0,2.0,1.0,1.0,286.0,0.007832938221187469,0.0013012363579720798,0.019698601497688095,0.003908799765053317,0.03036536930188305,0.010876973302191596,1.192943180103164,0.0,2.0,0.0,1.0986122886681098,1.0,0.0,0.0,2025-11-25,-0.014265577158822458,-500.0,-1.0,2025-12-01,-0.014265577158822458,-500.0,-1.0,2025-12-05,-0.011396134730869582,-400.0,-1.0,2025-12-20,-0.011396134730869582,-400.0,-1.0,2026-01-05,0.08156693224734918,3000.0,1.0,2026-01-19,0.06577713051471408,2400.0,1.0,2026-02-18,0.030685810703443887,1100.0,1.0
2025-11-21,Fri,36000.0,36000.0,35800.0,35300.0,34200.0,33200.0,34700.0,33700.0,32500.0,32300.0,30800.0,0.0,2025-11-21,2,0,34700.0,0,32500.0,0,32300.0,0,30800.0,35460.0,31866.666666666668,3593.333333333332,4500.0,2960.0,5000.0,0.0,0.004827253175522234,0.4,1,0.011396134730869582,0.028737609767356946,0.037522439323089775,0.017143276986437656,-0.06045796903711403,-0.542390886067819,-1.00979851554568,0.03747170885981085,-0.5095036794340726,-0.9442134165411316,0.0,-0.5406027028486122,-1.0082205055725255,0.03747170885981085,-0.5320396061113355,-1.000919316600929,0.0,0.0,2025-11-20,385.0,0.0,2.0,1.0,1.0,285.0,0.0052083451071389675,0.0039037134804740248,0.010443959161083427,0.0026007817000577305,0.03032532971491264,0.010634971986869331,1.2435746655409337,0.0,2.0,0.0,1.0986122886681098,1.0,0.0,0.0,2025-11-26,-0.01714327698643754,-600.0,-1.0,2025-12-01,-0.014265577158822458,-500.0,-1.0,2025-12-06,-0.020029281875572527,-700.0,-1.0,2025-12-22,-0.011396134730869582,-400.0,-1.0,2026-01-05,0.08156693224734918,3000.0,1.0,2026-01-20,0.05242579733984974,1900.0,1.0,2026-02-19,0.027934777331554066,1000.0,1.0
2025-11-22,Sat,36000.0,36000.0,35800.0,35300.0,34200.0,33200.0,34700.0,33700.0,32500.0,32300.0,30800.0,0.0,2025-11-22,2,0,34700.0,0,32500.0,0,32300.0,0,30800.0,35460.0,31866.666666666668,3593.333333333332,4500.0,2960.0,5000.0,0.0,0.004680195597125629,0.4,2,0.005681833467430864,0.028737609767356946,0.037522439323089775,0.017143276986437656,-0.06045796903711403,-0.5172760054339235,-1.0046146278913954,0.04351553286945775,-0.48448124268667436,-0.9424615994024447,0.0,-0.5154962087300532,-1.0030492351866471,0.04351553286945775,-0.5069705207286525,-0.9958550144600811,0.0,0.0,2025-11-21,385.0,0.0,2.0,1.0,1.0,284.0,0.010443959161083427,0.010443959161083427,0.013072081567353067,0.007822725681209342,0.07690909443343408,0.010395332519194543,1.2010558281836021,0.0,2.0,0.0,1.0986122886681098,1.0,0.0,0.0,2025-11-27,-0.011396134730869582,-400.0,-1.0,2025-12-02,-0.008534902449837444,-300.0,-1.0,2025-12-08,-0.028737609767356797,-1000.0,-1.0,2025-12-22,-0.011396134730869582,-400.0,-1.0,2026-01-06,0.06045796903711404,2200.0,1.0,2026-01-21,0.03889379112127354,1400.0,1.0,2026-02-20,0.027934777331554066,1000.0,1.0
2025-11-24,Mon,35700.0,35700.0,35500.0,35000.0,33600.0,32800.0,34400.0,33400.0,32500.0,32300.0,30800.0,-300.0,2025-11-24,2,0,34400.0,0,32500.0,0,32300.0,0,30800.0,35100.0,31866.666666666668,3233.333333333332,4200.0,2600.0,4700.0,-0.008534902449838455,0.0045376179849908995,0.4,0,-0.005698021114637779,0.01438873745209967,0.017291497110061043,0.01438873745209967,-0.08223809823697212,-0.8782453322478287,-1.400658417006136,-0.882026377777086,-0.7904138882937228,-1.2824470245108044,-0.6744907594765952,-0.8760282860910693,-1.398731153129324,-0.882026377777086,-0.7985581147768004,-1.3201875924508644,-0.6744907594765952,0.0,2025-11-21,385.0,0.0,2.0,1.0,1.0,284.0,0.010443959161083427,0.010443959161083427,0.013072081567353067,0.007822725681209342,0.07690909443343408,0.010395332519194543,1.2010558281836021,0.0,2.0,0.0,1.0986122886681098,3.0,0.0,0.0,2025-11-29,-0.005730674708984983,-200.0,-1.0,2025-12-04,-0.005730674708984983,-200.0,-1.0,2025-12-09,-0.020202707317519466,-700.0,-1.0,2025-12-24,0.011363758650315003,400.0,1.0,2026-01-08,0.04470017891790699,1600.0,1.0,2026-01-23,0.050149783685471516,1800.0,1.0,2026-02-23,0.047428693571110826,1700.0,1.0
2025-11-25,Tue,35500.0,35500.0,35300.0,34800.0,33500.0,32500.0,34300.0,33300.0,32500.0,32300.0,30800.0,-200.0,2025-11-25,2,0,34300.0,0,32500.0,0,32300.0,0,30800.0,34920.0,31866.666666666668,3053.333333333332,4000.0,2420.0,4500.0,-0.005730674708983585,0.004870857414125938,0.4,0,-0.011428695823622744,0.008658062743114531,0.0028776998276151956,0.011560822401076006,-0.09321812883210089,-1.048468835289241,-1.5830634482883985,-1.3489815189531904,-0.9895891541955686,-1.4984016043738964,-1.2140833670578715,-1.0460344266218273,-1.5809976440685953,-1.3489815189531904,-0.9878353377366258,-1.5242034274906016,-1.1241512657943253,0.0,2025-11-24,385.5,0.0,2.0,1.0,1.0,281.0,0.005201572196073201,0.006506203822738144,0.014369940282952243,0.009120584396808518,0.07820695314903325,0.01036999377365761,1.3884732536125446,0.0,2.0,0.0,1.0986122886681098,1.0,0.0,0.0,2025-12-01,0.0,0.0,0.0,2025-12-05,0.002869442427952739,100.0,1.0,2025-12-10,-0.014472032608534432,-500.0,-1.0,2025-12-25,0.01426557715882244,500.0,1.0,2026-01-09,0.03667547855840657,1300.0,1.0,2026-01-24,0.06130052586379588,2200.0,1.0,2026-02-23,0.05315936828009585,1900.0,1.0
2025-11-26,Wed,35400.0,35400.0,35200.0,34700.0,33500.0,32500.0,34300.0,33300.0,32500.0,32300.0,30800.0,-100.0,2025-11-26,2,0,34300.0,0,32500.0,0,32300.0,0,30800.0,34840.0,31866.666666666668,2973.333333333332,3900.0,2340.0,4400.0,-0.002877699827616098,0.004926679895125309,0.4,0,-0.01714327698643754,0.0,0.0,0.014514042884254012,-0.09871020923378683,-1.1082769987679641,-1.6444358677318267,-1.5565171372536812,-1.0760484383376467,-1.589912898933413,-1.6862268986914881,-1.105773516628562,-1.642360385290674,-1.5565171372536812,-1.0692252747284683,-1.6084882796000919,-1.3489815189531904,0.0,2025-11-25,387.0,2.0,3.0,0.0,1.0,280.0,0.007782140442055052,0.014313842305270441,0.02088848794735565,0.011696039763191557,0.03684627338596602,0.010369749249194699,1.9719323311714552,0.0,2.0,1.0986122886681098,1.0986122886681098,1.0,0.0,0.0,2025-12-01,0.0028776998276151956,100.0,1.0,2025-12-06,-0.0028860048891349867,-100.0,-1.0,2025-12-11,-0.011594332780919257,-400.0,-1.0,2025-12-26,0.017143276986437656,600.0,1.0,2026-01-10,0.03677925150329649,1300.0,1.0,2026-01-27,0.06417822569141099,2300.0,1.0,2026-02-24,0.050572573635632334,1800.0,1.0
2025-11-27,Thu,35600.0,35600.0,35400.0,34900.0,33700.0,32900.0,34600.0,33600.0,32800.0,32600.0,31100.0,200.0,2025-11-27,2,0,34600.0,0,32800.0,0,32600.0,0,31100.0,35040.0,32166.666666666668,2873.333333333332,3800.0,2240.0,4300.0,0.005747142255568605,0.004828324106722922,0.35,0,-0.011396134730869582,0.0,0.005747142255568071,0.02026118513982193,-0.09296306697821882,-1.1924050667498545,-1.7239683874491367,-1.8615944961554027,-1.1644147582742947,-1.6768409804437274,-2.023472278429786,-1.1898073834529077,-1.7218731493553703,-1.8615944961554027,-1.1524567136889285,-1.6883307991727845,-1.7536759746391475,0.0,2025-11-26,390.5,4.0,5.0,0.0,1.0,279.0,0.015484180334041753,0.02331711855522922,0.02594179197800006,0.028573372444055778,0.0431721718652085,0.01036123519227526,2.7833557391191626,0.05,2.0,1.6094379124341003,1.0986122886681098,1.0,0.0,0.0,2025-12-02,0.002861232281032195,100.0,1.0,2025-12-08,-0.017341475036487215,-600.0,-1.0,2025-12-12,-0.023189444918910326,-800.0,-1.0,2025-12-27,0.011396134730869582,400.0,1.0,2026-01-12,0.03103210924772846,1100.0,1.0,2026-01-27,0.058431083435843065,2100.0,1.0,2026-02-25,0.03933091206242354,1400.0,1.0
2025-11-28,Fri,35600.0,35600.0,35400.0,34900.0,33700.0,33000.0,34400.0,33600.0,32800.0,32600.0,31100.0,0.0,2025-11-28,2,0,34400.0,0,32800.0,0,32600.0,0,31100.0,35040.0,32166.666666666668,2873.333333333332,3800.0,2240.0,4300.0,0.0,0.0048883258386826604,0.3,1,-0.011396134730869582,-0.005714301263438664,0.0,0.02026118513982193,-0.0877274529242738,-1.1633766095757676,-1.6915009288974427,-1.9110571518503532,-1.136112250814877,-1.6487529101878005,-2.023472278429786,-1.1608152915524508,-1.689487668694638,-1.9110571518503532,-1.1241863230135478,-1.6577181419671267,-2.023472278429786,0.0,2025-11-27,392.0,2.0,6.0,0.0,1.0,278.0,0.018018505502677584,0.02322685060981655,0.03504576691295913,0.025841231183886926,0.04567003683318838,0.01049654835514937,2.9597982205655557,0.1,2.0,1.0986122886681098,1.0986122886681098,1.0,0.0,0.0,2025-12-03,-0.00286944242795282,-100.0,-1.0,2025-12-08,-0.017341475036487215,-600.0,-1.0,2025-12-13,-0.032026026719408435,-1100.0,-1.0,2025-12-29,0.02546106419827309,900.0,1.0,2026-01-12,0.03103210924772846,1100.0,1.0,2026-01-27,0.058431083435843065,2100.0,1.0,2026-02-26,0.03933091206242354,1400.0,1.0
2025-11-29,Sat,35500.0,35500.0,35300.0,34800.0,33700.0,33000.0,34300.0,33400.0,32800.0,32600.0,31100.0,-100.0,2025-11-29,2,0,34300.0,0,32800.0,0,32600.0,0,31100.0,34960.0,32166.666666666668,2793.333333333332,3700.0,2160.0,4200.0,-0.0028694424279525066,0.004739407740933944,0.35,0,-0.005730674708984983,-0.011428695823622744,0.0028776998276151956,0.023256862164267183,-0.08533372530795205,-1.238021512764487,-1.7428374937469717,-2.268741645512184,-1.239171977112978,-1.7278167393649613,-2.3607176581680833,-1.2353445442883995,-1.7408361465728361,-2.268741645512184,-1.221289581685519,-1.7306218594642746,-2.3607176581680833,0.0,2025-11-28,388.5,0.0,6.0,1.0,1.0,277.0,0.009049835519917337,0.019493794681000765,0.0542102316387707,0.020806992505961297,0.03803737239316973,0.010393662345629108,1.9310582659551268,0.15,2.0,0.0,1.3862943611198906,1.0,0.0,0.0,2025-12-04,0.0,0.0,0.0,2025-12-09,-0.014472032608534432,-500.0,-1.0,2025-12-16,-0.020320002490957494,-700.0,-1.0,2025-12-29,0.02833050662622599,1000.0,1.0,2026-01-13,0.033901551675681416,1200.0,1.0,2026-01-28,0.05315936828009585,1900.0,1.0,2026-02-27,0.04495138786226627,1600.0,1.0
2025-12-01,Mon,35500.0,35500.0,35300.0,34800.0,33700.0,33000.0,34300.0,33400.0,32800.0,32600.0,31100.0,0.0,2025-12-01,2,0,34300.0,0,32800.0,0,32600.0,0,31100.0,34960.0,32166.666666666668,2793.333333333332,3700.0,2160.0,4200.0,0.0,0.004648471639321375,0.35,2,0.0,-0.011428695823622744,0.008658062743114531,0.023256862164267183,-0.08533372530795205,-1.2253840265702918,-1.7070676487469039,-2.2074243037415844,-1.2274322683996812,-1.6944080424893888,-2.3607176581680833,-1.2226626451462836,-1.7051508268495776,-2.2074243037415844,-1.2084837633557248,-1.6956532550879875,-2.3607176581680833,0.0,2025-11-28,388.5,0.0,6.0,1.0,1.0,277.0,0.009049835519917337,0.019493794681000765,0.0542102316387707,0.020806992505961297,0.03803737239316973,0.010393662345629108,1.9310582659551268,0.15,2.0,0.0,1.3862943611198906,3.0,0.0,0.0,2025-12-06,-0.0057637047167501294,-200.0,-1.0,2025-12-11,-0.014472032608534432,-500.0,-1.0,2025-12-16,-0.020320002490957494,-700.0,-1.0,2025-12-31,0.04769487380801724,1700.0,1.0,2026-01-15,0.05315936828009585,1900.0,1.0,2026-01-30,0.05859416426605281,2100.0,1.0,2026-03-02,0.06130052586379588,2200.0,1.0
2025-12-02,Tue,35700.0,35700.0,35500.0,35000.0,34000.0,33300.0,34500.0,33600.0,32900.0,32700.0,31200.0,200.0,2025-12-02,2,0,34500.0,0,32900.0,0,32700.0,0,31200.0,35180.0,32266.666666666668,2913.333333333332,3800.0,2280.0,4300.0,0.005730674708983585,0.004506860466741858,0.4,0,0.008608374536600101,-0.008534902449837444,0.02020270731751947,0.028987536873252187,-0.07696104113612832,-1.0634541187689959,-1.5496536373699759,-1.839520253117987,-1.0880162858302893,-1.557105873973878,-2.023472278429786,-1.0608280390303662,-1.5479072528425717,-1.839520253117987,-1.0737909103006733,-1.5609170715714016,-2.023472278429786,0.0,2025-12-01,382.5,0.0,6.0,1.0,1.0,274.0,-0.007812539736793411,-0.0026109675407202104,0.02247285585205816,0.010512580389087312,0.021136850309316557,0.008130426036232987,0.4896724144496388,0.15,2.0,0.0,1.791759469228055,1.0,0.0,0.0,2025-12-08,-0.020202707317519466,-700.0,-1.0,2025-12-12,-0.02605067719994255,-900.0,-1.0,2025-12-17,-0.014388737452099556,-500.0,-1.0,2026-01-01,0.050149783685471516,1800.0,1.0,2026-01-16,0.060960699789687274,2200.0,1.0,2026-01-31,0.05286348955706781,1900.0,1.0,2026-03-02,0.055569851154810786,2000.0,1.0
2025-12-03,Wed,35500.0,35500.0,35300.0,34800.0,33800.0,33100.0,34300.0,33400.0,32900.0,32700.0,31200.0,-200.0,2025-12-03,2,0,34300.0,0,32900.0,0,32700.0,0,31200.0,34980.0,32266.666666666668,2713.333333333332,3600.0,2080.0,4100.0,-0.005730674708983585,0.004589501252629837,0.4,0,-0.00286944242795282,-0.014265577158822458,0.014472032608534469,0.023256862164267183,-0.07738666361542024,-1.332588065503961,-1.7271828916952183,-2.4526936708239826,-1.3688038326971992,-1.7422892293177943,-2.697963037906381,-1.3295438758805118,-1.725345129145985,-2.4526936708239826,-1.3394585741843297,-1.7358325981714446,-2.697963037906381,0.0,2025-12-02,382.5,0.0,6.0,1.0,1.0,273.0,-0.011696039763191557,-0.003913899321136505,0.023810648693718406,0.005242475964849724,0.023810648693718406,0.0084553051557869,0.4656663799428076,0.15,2.0,0.0,1.9459101490553132,1.0,0.0,0.0,2025-12-08,-0.014472032608534432,-500.0,-1.0,2025-12-13,-0.029156584291455578,-1000.0,-1.0,2025-12-18,-0.008658062743114541,-300.0,-1.0,2026-01-02,0.0773866636154202,2800.0,1.0,2026-01-17,0.06937593986934125,2500.0,1.0,2026-02-02,0.05315936828009585,1900.0,1.0,2026-03-03,0.07205331764005757,2600.0,1.0
2025-12-04,Thu,35500.0,35500.0,35300.0,34800.0,33800.0,33200.0,34300.0,33400.0,33200.0,33000.0,31500.0,0.0,2025-12-04,2,0,34300.0,0,33200.0,0,33000.0,0,31500.0,34980.0,32566.666666666668,2413.333333333332,3300.0,1780.0,3800.0,0.0,0.004665849161752707,0.35,1,-0.00286944242795282,-0.014265577158822458,0.014472032608534469,0.023256862164267183,-0.07205331764005754,-1.7909166025255712,-1.9950862197461978,-3.3724537973829762,-1.8472725988216236,-2.020048781853527,-3.7096991771212737,-1.7871705452314364,-1.9931101279263506,-3.3724537973829762,-1.7915587942752909,-1.999903072538585,-3.7096991771212737,0.0,2025-12-03,385.0,0.0,6.0,1.0,1.0,272.0,-0.014184634991956102,0.0012995453420856506,0.0026007817000577305,0.020998146839773746,0.03032532971491264,0.008440085879868144,1.0274252368328354,0.15,2.0,0.0,1.9459101490553132,1.0,0.0,0.0,2025-12-09,-0.014472032608534432,-500.0,-1.0,2025-12-16,-0.020320002490957494,-700.0,-1.0,2025-12-19,-0.008658062743114541,-300.0,-1.0,2026-01-03,0.1010408545133098,3700.0,1.0,2026-01-19,0.08004270767353636,2900.0,1.0,2026-02-02,0.05315936828009585,1900.0,1.0,2026-03-05,0.07472354619593657,2700.0,1.0
2025-12-05,Fri,35600.0,35600.0,35400.0,34900.0,33900.0,33300.0,34500.0,33700.0,33200.0,33000.0,31500.0,100.0,2025-12-05,2,0,34500.0,0,33200.0,0,33000.0,0,31500.0,35080.0,32566.666666666668,2513.333333333332,3400.0,1880.0,3900.0,0.0028694424279525066,0.004523708599834293,0.35,0,0.002869442427952739,-0.002861232281032235,0.011527505171067414,0.014430264829028837,-0.06918387521210483,-1.6783927068499607,-1.8467706139054059,-3.0658670885299784,-1.7332845359325966,-1.8679956403284086,-3.3724537973829762,-1.67461344853775,-1.8449677729741651,-3.0658670885299784,-1.6801747978388681,-1.8527637896439348,-3.3724537973829762,0.0,2025-12-04,385.5,0.0,6.0,1.0,1.0,271.0,-0.016720646787078408,0.001297858715599176,0.005201572196073201,0.011741817876682603,0.03028539558885157,0.005872619768667632,1.1176470882928466,0.15,2.0,0.0,1.9459101490553132,1.0,0.0,0.0,2025-12-10,-0.017341475036487215,-600.0,-1.0,2025-12-16,-0.023189444918910326,-800.0,-1.0,2025-12-20,0.0,0.0,0.0,2026-01-05,0.09296306697821885,3400.0,1.0,2026-01-19,0.07717326524558366,2800.0,1.0,2026-02-03,0.05028992585214301,1800.0,1.0,2026-03-05,0.07185410376798372,2600.0,1.0
2025-12-06,Sat,35300.0,35100.0,35100.0,34600.0,33700.0,33000.0,34200.0,33400.0,33000.0,32800.0,31300.0,-300.0,2025-12-06,2,0,34200.0,0,33000.0,0,32800.0,0,31300.0,34760.0,32366.666666666668,2393.333333333332,3300.0,1760.0,3800.0,-0.008633147144703202,0.004441860546807147,0.35,0,-0.0057637047167501294,-0.0057637047167501294,0.0028943580263645565,-0.0028860048891349867,-0.05892307299684597,-1.9710637050514055,-1.9250295569700508,-3.280477784727077,-2.0069841535386557,-1.9292257931314118,-3.5410764872521248,-1.9665874753470796,-1.9232318026481057,-3.280477784727077,-1.9335495497623523,-1.9101845192956397,-3.5410764872521248,0.0,2025-12-05,385.0,0.0,6.0,1.0,1.0,270.0,-0.009049835519917337,0.0,0.010443959161083427,0.013072081567353067,0.0249848630835956,0.005868012250318309,0.9651210558430259,0.15,2.0,0.0,1.9459101490553132,1.0,0.0,0.0,2025-12-11,-0.008708327891784308,-300.0,-1.0,2025-12-16,-0.014556297774207487,-500.0,-1.0,2025-12-22,0.008633147144702875,300.0,1.0,2026-01-05,0.1015962141229217,3700.0,1.0,2026-01-20,0.07245507921542231,2600.0,1.0,2026-02-04,0.06976328754971098,2500.0,1.0,2026-03-06,0.0937324776627072,3400.0,1.0
2025-12-08,Mon,35000.0,35000.0,34800.0,34300.0,33400.0,33000.0,34000.0,33200.0,32700.0,32500.0,31000.0,-300.0,2025-12-08,2,0,34000.0,0,32700.0,0,32500.0,0,31000.0,34500.0,32066.666666666668,2433.333333333332,3300.0,1800.0,3800.0,-0.00870832789178344,0.004797727731704959,0.3,0,-0.020202707317519466,-0.011594332780919257,-0.011594332780919257,-0.011594332780919257,-0.05667238709891086,-1.900924910690767,-1.841109449464875,-3.3050047214353167,-2.0108392380627906,-1.8842474478755866,-3.3724537973829762,-1.8965619946870544,-1.839426515869111,-3.3050047214353167,-1.9379980241881007,-1.865894751805093,-3.3724537973829762,0.0,2025-12-05,385.0,0.0,6.0,1.0,1.0,270.0,-0.009049835519917337,0.0,0.010443959161083427,0.013072081567353067,0.0249848630835956,0.005868012250318309,0.9651210558430259,0.15,2.0,0.0,1.9459101490553132,3.0,0.0,0.0,2025-12-13,-0.014684551682921182,-500.0,-1.0,2025-12-18,0.005813969865419816,200.0,1.0,2025-12-23,0.03156646596783451,1100.0,1.0,2026-01-07,0.08116340710720661,2900.0,1.0,2026-01-22,0.06216690641655154,2200.0,1.0,2026-02-06,0.08919557880447093,3200.0,1.0,2026-03-09,0.11551288712184424,4200.0,1.0
2025-12-09,Tue,35000.0,35000.0,34800.0,34300.0,33400.0,33000.0,33700.0,33100.0,32500.0,32300.0,30800.0,0.0,2025-12-09,2,0,33700.0,0,32500.0,0,32300.0,0,30800.0,34500.0,31866.666666666668,2633.333333333332,3500.0,2000.0,4000.0,0.0,0.005117342902773408,0.3,1,-0.014472032608534432,-0.017341475036487215,-0.017341475036487215,-0.011594332780919257,-0.05667238709891086,-1.4783537756327254,-1.611227561626216,-2.6305139619587212,-1.565097175203189,-1.6474154616686931,-2.697963037906381,-1.4746757033347124,-1.6097345701223427,-2.6305139619587212,-1.5190079424345617,-1.6372317932306306,-2.697963037906381,0.0,2025-12-08,383.5,0.0,6.0,1.0,1.0,267.0,0.0026109675407202104,-0.005201572196073201,0.0013046316266649427,0.009168368086879042,0.021081149603121574,0.005661720097695739,0.5686634119253776,0.15,2.0,0.0,1.9459101490553132,1.0,0.0,0.0,2025-12-16,-0.0058479698824231,-200.0,-1.0,2025-12-19,0.005813969865419816,200.0,1.0,2025-12-24,0.03156646596783451,1100.0,1.0,2026-01-08,0.06490288623542638,2300.0,1.0,2026-01-23,0.07035249100299103,2500.0,1.0,2026-02-07,0.08384797247787569,3000.0,1.0,2026-03-09,0.11551288712184424,4200.0,1.0
2025-12-10,Wed,35000.0,35000.0,34800.0,34300.0,33400.0,33000.0,33700.0,33200.0,32500.0,32300.0,30800.0,0.0,2025-12-10,2,0,33700.0,0,32500.0,0,32300.0,0,30800.0,34500.0,31866.666666666668,2633.333333333332,3500.0,2000.0,4000.0,0.0,0.0049614480226534115,0.35,2,-0.014472032608534432,-0.017341475036487215,-0.02305577629992585,-0.017341475036487215,-0.05667238709891086,-1.4422886396962407,-1.5819028632025904,-2.6305139619587212,-1.5242533909698288,-1.6171667531429044,-2.697963037906381,-1.4387487745156058,-1.5804631608885706,-2.6305139619587212,-1.4819761358005112,-1.6069303315367132,-2.697963037906381,0.0,2025-12-09,383.0,200.0,100.0,0.0,1.0,266.0,0.0013063359140552677,-0.01038970384913629,0.003924138456134152,0.01049878409821936,0.01578980173263478,0.005630006311149184,0.42021959383426866,0.15,2.0,5.303304908059076,1.9459101490553132,1.0,0.0,1.0,2025-12-16,-0.0058479698824231,-200.0,-1.0,2025-12-20,0.017341475036487173,600.0,1.0,2025-12-25,0.028737609767356946,1000.0,1.0,2026-01-09,0.051147511166941,1800.0,1.0,2026-01-24,0.0757725584723302,2700.0,1.0,2026-02-09,0.08919557880447093,3200.0,1.0,2026-03-10,0.12327489245733352,4500.0,1.0
2025-12-11,Thu,35000.0,35000.0,34800.0,34300.0,33300.0,33000.0,33700.0,33200.0,32700.0,32500.0,31000.0,0.0,2025-12-11,2,0,33700.0,0,32700.0,0,32500.0,0,31000.0,34480.0,32066.666666666668,2413.333333333332,3300.0,1780.0,3800.0,0.0,0.004810302328607003,0.4,3,-0.017341475036487215,-0.014472032608534432,-0.025900728432157124,-0.011594332780919257,-0.05667238709891086,-1.828988694275366,-1.758342754213197,-3.3050047214353167,-1.8803147417852262,-1.778759982166095,-2.5630648860110616,-1.8251780221467555,-1.7568385452170276,-3.3050047214353167,-1.824178917797312,-1.7610301119896778,-3.3724537973829762,0.0,2025-12-10,383.0,0.0,100.0,1.0,1.0,265.0,-0.0052083451071389675,-0.01939298009909507,0.003924138456134152,0.006548811878904992,0.014464420491566266,0.0055623774324488826,0.39886081726378964,0.2,2.0,0.0,1.9459101490553132,1.0,0.0,1.0,2025-12-16,-0.0058479698824231,-200.0,-1.0,2025-12-22,0.017341475036487173,600.0,1.0,2025-12-26,0.028737609767356946,1000.0,1.0,2026-01-10,0.04837358428421567,1700.0,1.0,2026-01-27,0.0757725584723302,2700.0,1.0,2026-02-09,0.08919557880447093,3200.0,1.0,2026-03-11,0.11291210542178698,4100.0,1.0
2025-12-12,Fri,34800.0,34800.0,34600.0,34100.0,33100.0,32700.0,33500.0,33000.0,32500.0,32300.0,30800.0,-200.0,2025-12-12,2,0,33500.0,0,32500.0,0,32300.0,0,30800.0,34280.0,31866.666666666668,2413.333333333332,3300.0,1780.0,3800.0,-0.005847969882424309,0.004663761141294206,0.45,0,-0.014556297774207487,-0.020320002490957494,-0.0317486983145803,-0.011661939747842975,-0.05976173454225429,-1.7831618820996589,-1.7219977340829216,-2.727288723101015,-1.8288881513460593,-1.7415819533176782,-2.428166734115743,-1.7795887674257798,-1.720557211548565,-2.727288723101015,-1.7796596466543557,-1.7243102850931182,-2.5630648860110616,0.0,2025-12-11,383.0,0.0,100.0,1.0,1.0,264.0,-0.006506203822738144,-0.02322685060981655,0.0,0.01181891630314258,0.01578980173263478,0.0055623774324488826,0.37864165147949047,0.2,2.5,0.0,1.9459101490553132,1.0,0.0,1.0,2025-12-17,0.011661939747842957,400.0,1.0,2025-12-22,0.023189444918910354,800.0,1.0,2025-12-27,0.03458557964977995,1200.0,1.0,2026-01-12,0.05422155416663885,1900.0,1.0,2026-01-27,0.08162052835475327,2900.0,1.0,2026-02-10,0.09504354868689395,3400.0,1.0,2026-03-12,0.10828877543691458,3900.0,1.0
2025-12-13,Sat,34500.0,34500.0,34300.0,33800.0,32800.0,32300.0,33300.0,32800.0,32300.0,32100.0,30600.0,-300.0,2025-12-13,2,0,33300.0,0,32300.0,0,32100.0,0,30600.0,33980.0,31666.666666666668,2313.333333333332,3200.0,1680.0,3700.0,-0.008836581800498067,0.00474315854771982,0.4,0,-0.014684551682921182,-0.03488725900044055,-0.043422161450277955,-0.014684551682921182,-0.06583206284986208,-1.9521394210102845,-1.7799609105224212,-2.5941952287561354,-1.9974093197481069,-1.8012951112606688,-2.697963037906381,-1.9486096051318722,-1.778529344787464,-2.5941952287561354,-1.9473772602115114,-1.7806196468896078,-2.2483025315886507,0.0,2025-12-12,383.0,0.0,100.0,1.0,1.0,263.0,-0.0052083451071389675,-0.014258180627056305,0.0052356140539444596,0.039952051011714396,0.017116941940697572,0.00549273152173589,0.3570838870604929,0.2,4.0,0.0,4.61512051684126,1.0,0.0,1.0,2025-12-18,0.02049852154834097,700.0,1.0,2025-12-23,0.04625101765075569,1600.0,1.0,2025-12-29,0.0574870909176816,2000.0,1.0,2026-01-12,0.06305813596713701,2200.0,1.0,2026-01-27,0.09045711015525139,3200.0,1.0,2026-02-11,0.09853252416079673,3500.0,1.0,2026-03-13,0.11449030959940762,4100.0,1.0
2025-12-16,Tue,34800.0,34800.0,34600.0,34100.0,33100.0,32600.0,33600.0,33100.0,32500.0,32300.0,30800.0,300.0,2025-12-16,2,0,33600.0,0,32500.0,0,32300.0,0,30800.0,34280.0,31866.666666666668,2413.333333333332,3300.0,1780.0,3800.0,0.008836581800498067,0.005082598794248151,0.4,0,-0.0058479698824231,-0.020320002490957494,-0.03458557964978003,-0.0058479698824231,-0.05422155416663893,-1.7104443585673867,-1.654272636249811,-2.3347757058805216,-1.744737852508885,-1.6724160931658278,-2.428166734115743,-1.707287420458466,-1.6529456660180057,-2.3347757058805216,-1.7100309768465183,-1.6557515825618454,-2.023472278429786,0.0,2025-12-15,379.5,0.0,100.0,1.0,1.0,260.0,-0.010485023971625651,-0.00787405643090544,-0.010485023971625651,0.01459879942115272,0.002638523958181871,0.005353059403544249,-0.5654557725032332,0.2,5.5,0.0,4.61512051684126,1.0,0.0,1.0,2025-12-22,0.023189444918910354,800.0,1.0,2025-12-26,0.03458557964977995,1200.0,1.0,2025-12-31,0.06801487629897465,2400.0,1.0,2026-01-15,0.07347937077105342,2600.0,1.0,2026-01-30,0.07891416675701032,2800.0,1.0,2026-02-14,0.06801487629897465,2400.0,1.0,2026-03-16,0.09504354868689395,3400.0,1.0
2025-12-17,Wed,35200.0,35200.0,35000.0,34500.0,33500.0,33000.0,34000.0,33500.0,32700.0,32500.0,31000.0,400.0,2025-12-17,2,0,34000.0,0,32700.0,0,32500.0,0,31000.0,34680.0,32066.666666666668,2613.333333333332,3500.0,1980.0,4000.0,0.01166193974784413,0.005382188453418258,0.35,0,0.005813969865419816,-0.008658062743114541,-0.022923639901936965,0.005813969865419816,-0.036988569369340536,-1.2946344381835364,-1.4431481263975556,-1.8159366601292948,-1.3167787174071388,-1.4559269951558056,-1.8885741265344667,-1.2917689301028468,-1.4419590572404954,-1.8159366601292948,-1.3006025105906027,-1.4467716957345935,-1.5738117721120555,0.0,2025-12-16,379.5,0.0,100.0,1.0,1.0,259.0,-0.009180392344960708,-0.00787405643090544,-0.011787955752041945,0.015936592262812965,0.003960401216096976,0.00553376354737131,-0.5714751673252331,0.2,6.0,0.0,4.61512051684126,1.0,0.0,1.0,2025-12-22,0.011527505171067414,400.0,1.0,2025-12-27,0.022923639901937024,800.0,1.0,2026-01-01,0.06453852113757116,2300.0,1.0,2026-01-16,0.07534943724178679,2700.0,1.0,2026-01-31,0.06725222700916747,2400.0,1.0,2026-02-16,0.061817431023210447,2200.0,1.0,2026-03-17,0.0966268356890717,3500.0,1.0
2025-12-18,Thu,35200.0,35200.0,35000.0,34500.0,33500.0,33000.0,34000.0,33500.0,32500.0,32300.0,30800.0,0.0,2025-12-18,2,0,34000.0,0,32500.0,0,32300.0,0,30800.0,34680.0,31866.666666666668,2813.333333333332,3700.0,2180.0,4200.0,0.0,0.005948943243649506,0.3,1,0.005813969865419816,-0.011527505171067383,-0.014388737452099556,0.0,-0.03419136474827931,-0.8496586483625345,-1.240785567390121,-1.2970976143780677,-0.8631676862805222,-1.248575274112429,-1.3489815189531904,-0.8469716053940015,-1.2397165810983513,-1.2970976143780677,-0.8613178723639259,-1.2464989243469702,-1.1241512657943253,0.0,2025-12-17,380.0,0.0,100.0,1.0,1.0,258.0,-0.007863736460214099,-0.013072081567353067,-0.011772536225267416,-0.010471299867295336,-0.009168368086879042,0.005518769890995204,-0.4512938409342095,0.2,6.0,0.0,4.61512051684126,1.0,0.0,1.0,2025-12-23,0.025752496102414764,900.0,1.0,2025-12-29,0.036988569369340626,1300.0,1.0,2026-01-02,0.08604472635853476,3100.0,1.0,2026-01-17,0.07803400261245583,2800.0,1.0,2026-02-02,0.061817431023210447,2200.0,1.0,2026-02-16,0.061817431023210447,2200.0,1.0,2026-03-18,0.08870077041665106,3200.0,1.0
2025-12-19,Fri,35200.0,35200.0,35000.0,34500.0,33500.0,33000.0,34000.0,33500.0,32500.0,32300.0,30800.0,0.0,2025-12-19,2,0,34000.0,0,32500.0,0,32300.0,0,30800.0,34680.0,31866.666666666668,2813.333333333332,3700.0,2180.0,4200.0,0.0,0.005767714467030533,0.35,2,0.011661939747842957,-0.002894358026364526,-0.008658062743114541,0.0,-0.02575249610241474,-0.8372626633701926,-1.2202548042328898,-1.2970976143780677,-0.848459268922525,-1.2278453204224455,-1.3489815189531904,-0.834545659600587,-1.2192127336866048,-1.2970976143780677,-0.8503475955092251,-1.2257130005264822,-1.1241512657943253,0.0,2025-12-18,379.0,0.0,100.0,1.0,1.0,257.0,-0.01049878409821936,-0.017004987920957504,-0.015707129205358328,-0.011803415724884303,0.0,0.005519048985233453,-0.6953986900526233,0.2,6.0,0.0,4.61512051684126,1.0,0.0,1.0,2025-12-24,0.025752496102414764,900.0,1.0,2025-12-29,0.036988569369340626,1300.0,1.0,2026-01-03,0.10969891725642453,4000.0,1.0,2026-01-19,0.08870077041665106,3200.0,1.0,2026-02-02,0.061817431023210447,2200.0,1.0,2026-02-17,0.050858417233490945,1800.0,1.0,2026-03-19,0.08870077041665106,3200.0,1.0
2025-12-20,Sat,35600.0,35600.0,35400.0,34900.0,33900.0,33400.0,34400.0,33900.0,32700.0,32500.0,31000.0,400.0,2025-12-20,2,0,34400.0,0,32700.0,0,32500.0,0,31000.0,35080.0,32066.666666666668,3013.333333333332,3900.0,2380.0,4400.0,0.01152750517106682,0.005592006649030535,0.4,0,0.032026026719408435,0.017341475036487173,0.005747142255568071,0.005747142255568071,0.0,-0.33444167812149833,-1.026895827371734,-0.7782585686268406,-0.3442643097324439,-1.0298265555656014,-0.8093889113719143,-0.3317591039691977,-1.0259561425841406,-0.7782585686268406,-0.3508666873841432,-1.0343496650807615,-0.6744907594765952,0.0,2025-12-19,379.0,0.0,100.0,1.0,1.0,256.0,-0.01049878409821936,-0.015707129205358328,-0.015707129205358328,-0.005263170044274901,0.003965636393346905,0.005518327003102399,-0.6953986900526233,0.2,6.0,0.0,4.61512051684126,1.0,0.0,1.0,2025-12-25,0.011396134730869582,400.0,1.0,2025-12-30,0.042081945434313414,1500.0,1.0,2026-01-05,0.09296306697821885,3400.0,1.0,2026-01-19,0.07717326524558366,2800.0,1.0,2026-02-03,0.05028992585214301,1800.0,1.0,2026-02-18,0.042081945434313414,1500.0,1.0,2026-03-20,0.07717326524558366,2800.0,1.0
2025-12-22,Mon,35600.0,35600.0,35400.0,34900.0,33900.0,33400.0,34400.0,33900.0,32700.0,32500.0,31000.0,0.0,2025-12-22,2,0,34400.0,0,32700.0,0,32500.0,0,31000.0,35080.0,32066.666666666668,3013.333333333332,3900.0,2380.0,4400.0,0.0,0.006112880547595541,0.4,2,0.023189444918910354,0.017341475036487173,0.0,0.0,0.0,-0.3145247279723079,-1.013467491613025,-0.5845586582130492,-0.3260202914928345,-1.016420180988284,-0.6744907594765952,-0.3118403879728104,-1.0125441799966997,-0.5845586582130492,-0.3299990251003663,-1.020534215184645,-0.6744907594765952,0.0,2025-12-19,379.0,0.0,100.0,1.0,1.0,256.0,-0.01049878409821936,-0.015707129205358328,-0.015707129205358328,-0.005263170044274901,0.003965636393346905,0.005518327003102399,-0.6953986900526233,0.2,6.0,0.0,4.61512051684126,3.0,0.0,1.0,2025-12-27,0.011396134730869582,400.0,1.0,2026-01-01,0.05301101596650366,1900.0,1.0,2026-01-06,0.07185410376798372,2600.0,1.0,2026-01-21,0.05028992585214301,1800.0,1.0,2026-02-05,0.07185410376798372,2600.0,1.0,2026-02-20,0.03933091206242354,1400.0,1.0,2026-03-23,0.09296306697821885,3400.0,1.0
2025-12-23,Tue,36100.0,36100.0,35900.0,35400.0,34400.0,33900.0,34900.0,34400.0,33000.0,32800.0,31300.0,500.0,2025-12-23,2,0,34900.0,0,33000.0,0,32800.0,0,31300.0,35580.0,32366.666666666668,3213.333333333332,4100.0,2580.0,4600.0,0.014224990931346326,0.0059266575802742,0.45,0,0.025752496102414764,0.03156646596783451,0.01422499093134726,0.00851068966790861,0.01997213318691517,0.19449475454994833,-0.826880984240971,-0.021757766434728876,0.1781498026459802,-0.8253844249189675,-0.13489815189531904,0.1972290704749512,-0.8260478231393487,-0.021757766434728876,0.17886689853818513,-0.8358933809384306,-0.13489815189531904,0.0,2025-12-22,370.0,26.0,111.0,0.0,1.0,253.0,-0.025351591197415146,-0.0358366151690408,-0.041038187365114,-0.034531983542375855,-0.018742181809741076,0.005518327003102399,-3.052282603458201,0.2,6.0,3.295836866004329,4.61512051684126,1.0,0.0,1.0,2025-12-29,0.011236073266925752,400.0,1.0,2026-01-02,0.060292230256120044,2200.0,1.0,2026-01-07,0.049596941139372186,1800.0,1.0,2026-01-22,0.030600440448717042,1100.0,1.0,2026-02-06,0.05762911283663642,2100.0,1.0,2026-02-23,0.03606493492079587,1300.0,1.0,2026-03-23,0.07873807604687161,2900.0,1.0
2025-12-24,Wed,36100.0,36100.0,35900.0,35400.0,34400.0,33900.0,34900.0,34400.0,33300.0,,,0.0,2025-12-24,2,0,34900.0,0,33300.0,1,32800.0,1,31300.0,35580.0,32466.666666666668,3113.333333333332,4100.0,2280.0,4600.0,0.0,0.0067200279678886355,0.4,1,0.025752496102414764,0.03156646596783451,0.01709443335930004,0.0056657375356773,0.01997213318691517,-0.03565635950033919,-0.9014735098096692,-0.22483025315886507,0.19159924088327762,-0.813861504034775,0.0,-0.5266875209390203,-1.072872306187942,-0.6744907594765952,0.197342074554416,-0.8240167447176577,0.0,0.0,2025-12-23,371.5,150.0,160.0,0.0,1.0,252.0,-0.02130573267787117,-0.030486125022831878,-0.04087582887196817,-0.026561986566697726,-0.0146963232901971,0.0075485307664546674,-2.473311434484112,0.25,6.0,5.017279836814924,4.61512051684126,1.0,0.0,1.0,2025-12-29,0.011236073266925752,400.0,1.0,2026-01-03,0.08394642115400969,3100.0,1.0,2026-01-08,0.03333642026759171,1200.0,1.0,2026-01-23,0.03878602503515645,1400.0,1.0,2026-02-07,0.0522815065100411,1900.0,1.0,2026-02-23,0.03606493492079587,1300.0,1.0,2026-03-25,0.07873807604687161,2900.0,1.0
2025-12-25,Thu,36100.0,36100.0,35800.0,35300.0,34300.0,33800.0,34800.0,34300.0,33300.0,33100.0,31600.0,-100.0,2025-12-25,2,0,34800.0,0,33300.0,0,33100.0,0,31600.0,35520.0,32666.666666666668,2853.333333333332,3700.0,2220.0,4200.0,-0.0028288562004767925,0.0065153088442416246,0.45,0,0.022923639901937024,0.03458557964977995,0.01426557715882244,0.0028368813351997567,0.017143276986437656,-0.6655187669132322,-1.1124381438522244,-0.8093889113719143,-0.7800469968758978,-1.1556841406633909,-0.8993210126354603,-0.6531242885186794,-1.1085138065231064,-0.8093889113719143,-0.7821191190239765,-1.1520478466010375,-0.8993210126354603,0.0,2025-12-24,371.0,0.0,160.0,1.0,1.0,251.0,-0.023969190112996586,-0.031832926573210685,-0.051225906672305754,-0.027908788117076533,-0.013387080782459648,0.007555334080974156,-2.4742913423965196,0.25,6.0,0.0,4.61512051684126,1.0,0.0,1.0,2025-12-30,0.030685810703443887,1100.0,1.0,2026-01-05,0.08156693224734918,3000.0,1.0,2026-01-09,0.02240990139958411,800.0,1.0,2026-01-24,0.047034948704973434,1700.0,1.0,2026-02-09,0.06045796903711404,2200.0,1.0,2026-02-23,0.03889379112127354,1400.0,1.0,2026-03-25,0.08156693224734918,3000.0,1.0
2025-12-26,Fri,36000.0,36000.0,35800.0,35300.0,34300.0,33700.0,34700.0,34000.0,33200.0,33000.0,31500.0,0.0,2025-12-26,2,0,34700.0,0,33200.0,0,33000.0,0,31500.0,35480.0,32566.666666666668,2913.333333333332,3800.0,2280.0,4300.0,0.0,0.006354717933935424,0.4,1,0.011396134730869582,0.043422161450277885,0.008534902449837506,0.0,0.008534902449837506,-0.49415280945003004,-1.0446059583012879,-0.6744907594765952,-0.5115473757049277,-1.0502455798447983,-0.6744907594765952,-0.4822194145581897,-1.040854495194396,-0.6744907594765952,-0.5072776035679236,-1.0503368240300177,-0.6744907594765952,0.0,2025-12-24,371.0,0.0,160.0,1.0,1.0,251.0,-0.023969190112996586,-0.031832926573210685,-0.051225906672305754,-0.027908788117076533,-0.013387080782459648,0.007555334080974156,-2.4742913423965196,0.25,6.0,0.0,4.61512051684126,2.0,0.0,1.0,2025-12-31,0.033429296649194674,1200.0,1.0,2026-01-05,0.08156693224734918,3000.0,1.0,2026-01-10,0.019635974516858935,700.0,1.0,2026-01-27,0.047034948704973434,1700.0,1.0,2026-02-09,0.06045796903711404,2200.0,1.0,2026-02-24,0.033429296649194674,1200.0,1.0,2026-03-26,0.07895255167327841,2900.0,1.0
2025-12-27,Sat,36000.0,36000.0,35800.0,35300.0,34300.0,33800.0,34700.0,34000.0,33200.0,33000.0,31500.0,0.0,2025-12-27,2,0,34700.0,0,33200.0,0,33000.0,0,31500.0,35480.0,32566.666666666668,2913.333333333332,3800.0,2280.0,4300.0,0.0,0.006161127625580213,0.45,2,0.011396134730869582,0.03458557964977995,0.01426557715882244,0.0,0.017143276986437656,-0.46969758947746826,-1.0298414029406575,-0.6034917321632718,-0.48807787357254634,-1.0354169616790856,-0.6744907594765952,-0.4577788912329448,-1.0261601759122962,-0.5109778480883297,-0.4823631834718254,-1.0352617690977526,-0.6744907594765952,0.0,2025-12-24,371.0,0.0,160.0,1.0,1.0,251.0,-0.023969190112996586,-0.031832926573210685,-0.051225906672305754,-0.027908788117076533,-0.013387080782459648,0.007555334080974156,-2.4742913423965196,0.25,6.0,0.0,4.61512051684126,3.0,0.0,1.0,2026-01-01,0.04161488123563414,1500.0,1.0,2026-01-06,0.06045796903711404,2200.0,1.0,2026-01-12,0.019635974516858935,700.0,1.0,2026-01-27,0.047034948704973434,1700.0,1.0,2026-02-10,0.06045796903711404,2200.0,1.0,2026-02-25,0.027934777331554066,1000.0,1.0,2026-03-27,0.08156693224734918,3000.0,1.0
2025-12-29,Mon,36500.0,36500.0,36300.0,35800.0,34800.0,34200.0,35200.0,34500.0,33900.0,33700.0,,500.0,2025-12-29,2,0,35200.0,0,33900.0,0,33700.0,2,31500.0,35980.0,33033.333333333336,2946.6666666666642,4300.0,2080.0,4800.0,0.014064929467403786,0.005973434857899298,0.5,0,0.011236073266925752,0.036988569369340626,0.02833050662622599,0.014064929467403457,0.031208206453841005,-0.36179269935212244,-0.9860761802245982,-0.47611112433642344,0.7910061291212103,-0.5849280434313664,0.44966050631773014,-0.9461578168775256,-1.1800029008576516,-0.8993210126354603,0.8185948963065478,-0.6011074623012541,0.44966050631773014,0.0,2025-12-24,,,,,,,,,,,,,,,,,,5.0,0.0,0.0,2026-01-03,0.07271034788708391,2700.0,1.0,2026-01-08,0.02210034700066592,800.0,1.0,2026-01-13,0.0055710450494554295,200.0,1.0,2026-01-28,0.024828861653869966,900.0,1.0,2026-02-12,0.03026365763982693,1100.0,1.0,2026-02-27,0.01662088123604028,600.0,1.0,2026-03-30,0.09581792289723351,3600.0,1.0
2025-12-30,Tue,37100.0,37100.0,36900.0,36400.0,35400.0,34800.0,35800.0,35100.0,34200.0,34000.0,32500.0,600.0,2025-12-30,2,0,35800.0,0,34200.0,0,34000.0,0,32500.0,36580.0,33566.666666666664,3013.3333333333358,3900.0,2380.0,4400.0,0.01662088123604022,0.006738719686769515,0.45,0,0.02785695450296628,0.05360945060538088,0.042081945434313414,0.03922071315328133,0.05360945060538088,-0.16079208921349727,-0.9142091166205746,-0.22483025315885688,-0.20121452509217908,-0.9232876562557548,-0.44966050631773014,-0.137945094477944,-0.9075643272275881,-0.22483025315886507,-0.1949476355069557,-0.9259727593170007,-0.44966050631773014,0.0,2025-12-29,366.0,0.0,160.0,1.0,1.0,246.0,-0.03490287168106043,-0.04540165577927979,-0.06862850638909634,-0.04540165577927979,-0.04147751732314564,0.00709955622478589,-3.504028188723137,0.2,53.0,0.0,4.718498871295094,1.0,0.0,1.0,2026-01-05,0.05088112154390537,1900.0,1.0,2026-01-09,-0.00827590930385971,-300.0,-1.0,2026-01-15,0.008207980417829582,300.0,1.0,2026-01-29,0.008207980417829582,300.0,1.0,2026-02-13,0.002743485945750834,100.0,1.0,2026-02-28,-0.00827590930385971,-300.0,-1.0,2026-03-30,0.0791970416611931,3000.0,1.0
2025-12-31,Wed,37200.0,37200.0,37000.0,36500.0,35500.0,35000.0,36000.0,35200.0,34200.0,34000.0,32500.0,100.0,2025-12-31,2,0,36000.0,0,34200.0,0,34000.0,0,32500.0,36680.0,33566.666666666664,3113.3333333333358,4000.0,2480.0,4500.0,0.002743485945750024,0.007698113016811131,0.45,0,0.033429296649194674,0.05635293655113178,0.053458578524767195,0.04769487380801724,0.05925569620909325,0.12667352931111614,-0.8145139000613586,8.179276961850158e-15,0.08260816630096857,-0.8210707970294567,-0.13489815189531904,0.14779718922428056,-0.8082533337062312,0.07226686708677806,0.08754615009802824,-0.82698737175434,-0.13489815189531904,0.0,2025-12-30,372.0,0.0,160.0,1.0,1.0,245.0,-0.018642350809280117,-0.029141134907499477,-0.04339931553455578,-0.023905520853555018,-0.025216996451365326,0.007336976301130838,-1.8965895316784318,0.15,100.0,0.0,5.081404364984463,1.0,0.0,1.0,2026-01-05,0.0481376355981545,1800.0,1.0,2026-01-10,-0.013793322132335873,-500.0,-1.0,2026-01-15,0.005464494472078745,200.0,1.0,2026-01-30,0.010899290458035638,400.0,1.0,2026-02-14,0.0,0.0,0.0,2026-03-02,0.013605652055778678,500.0,1.0,2026-03-31,0.10398971352404764,4000.0,1.0
2026-01-01,Thu,37500.0,37500.0,37300.0,36800.0,35800.0,35300.0,36300.0,35500.0,34700.0,34500.0,33000.0,300.0,2026-01-01,2,0,36300.0,0,34700.0,0,34500.0,0,33000.0,36980.0,34066.666666666664,2913.3333333333358,3800.0,2280.0,4300.0,0.008185584586440697,0.007493790114921343,0.45,0,0.04161488123563414,0.05301101596650366,0.07035249100299103,0.05875815822207169,0.07327220110632572,-0.3894298491652729,-0.9701388118211529,-0.48177911391184497,-0.4230142899377385,-0.9814229930854271,-0.44966050631773014,-0.3644149084762936,-0.9633776000568498,-0.42467936707785625,-0.42301428993777185,-0.9806766888707007,-0.44966050631773014,0.0,2025-12-31,372.0,0.0,160.0,1.0,1.0,244.0,0.005390848634876377,-0.01996074256253877,-0.02783479899344421,-0.03044576653416442,-0.02783479899344421,0.008423273730382885,-1.8104634151999945,0.15,100.0,0.0,5.081404364984463,1.0,0.0,1.0,2026-01-06,0.018843087801479915,700.0,1.0,2026-01-12,-0.02197890671877523,-800.0,-1.0,2026-01-16,0.010810916104215676,400.0,1.0,2026-01-31,0.0027137058715963258,100.0,1.0,2026-02-16,-0.0027210901143606132,-100.0,-1.0,2026-03-02,0.005420067469339113,200.0,1.0,2026-04-01,0.09580412893760827,3700.0,1.0
2026-01-02,Fri,38300.0,38300.0,38100.0,37600.0,36600.0,36000.0,37200.0,36200.0,34700.0,34500.0,33000.0,800.0,2026-01-02,2,0,37200.0,0,34700.0,0,34500.0,0,33000.0,37780.0,34066.666666666664,3713.3333333333358,4600.0,3080.0,5100.0,0.02150620522096247,0.007537088600421901,0.45,0,0.06312108645659768,0.07451722118746741,0.09185869622395453,0.07451722118746741,0.0947784063272893,1.828371143125527,-0.274426681843789,1.8475181672619887,1.7598746097921734,-0.2664224905393418,1.3489815189531904,1.8398525909056191,-0.2699965452576249,1.6380489873003026,1.7598746097923224,-0.29208324177984224,1.3489815189531904,0.0,2025-12-31,372.0,0.0,160.0,1.0,1.0,244.0,0.005390848634876377,-0.01996074256253877,-0.02783479899344421,-0.03044576653416442,-0.02783479899344421,0.008423273730382885,-1.8104634151999945,0.15,100.0,0.0,5.081404364984463,2.0,0.0,1.0,2026-01-07,-0.010695289116747919,-400.0,-1.0,2026-01-12,-0.04348511193973878,-1600.0,-1.0,2026-01-17,-0.008010723746078972,-300.0,-1.0,2026-02-02,-0.024227295335324237,-900.0,-1.0,2026-02-16,-0.024227295335324237,-900.0,-1.0,2026-03-03,-0.005333345975362617,-200.0,-1.0,2026-04-02,0.08656801630845902,3400.0,1.0
2026-01-03,Sat,39200.0,39200.0,39000.0,38500.0,37500.0,37000.0,38000.0,37000.0,35400.0,35200.0,33700.0,900.0,2026-01-03,2,0,38000.0,0,35400.0,0,35200.0,0,33700.0,38680.0,34766.666666666664,3913.3333333333358,4800.0,3280.0,5300.0,0.023654190897890004,0.009008343581188632,0.4,0,0.07271034788708391,0.08394642115400969,0.11551288712184424,0.09817141208535707,0.11843259722517908,2.305016553878856,-0.09323371740867775,2.239309321462306,2.2330215308249834,-0.08048765198147022,1.7986420252709205,2.3127601005395144,-0.08938122817190008,2.1198281012121565,2.233021530825162,-0.11265117693257273,1.7986420252709205,0.0,2026-01-02,372.0,0.0,160.0,1.0,1.0,242.0,0.0013449901153324006,-0.01996074256253877,-0.02783479899344421,-0.031748698314580714,-0.031748698314580714,0.007817865232027684,-1.7302103612272317,0.15,100.0,0.0,5.081404364984463,1.0,0.0,1.0,2026-01-08,-0.05061000088641799,-1900.0,-1.0,2026-01-13,-0.06713930283762856,-2500.0,-1.0,2026-01-19,-0.02099814683977347,-800.0,-1.0,2026-02-02,-0.04788148623321397,-1800.0,-1.0,2026-02-17,-0.058840500022933465,-2200.0,-1.0,2026-03-05,-0.026317308317373417,-1000.0,-1.0,2026-04-03,0.05310982531394833,2100.0,1.0
2026-01-05,Mon,39000.0,39000.0,38800.0,38300.0,37300.0,36800.0,37800.0,36800.0,34700.0,34500.0,33000.0,-200.0,2026-01-05,2,0,37800.0,0,34700.0,0,34500.0,0,33000.0,38480.0,34066.666666666664,4413.333333333336,5300.0,3780.0,5800.0,-0.0052083451071389675,0.010481053556497422,0.35,0,0.05088112154390537,0.07873807604687161,0.11030454201470602,0.09583250940617172,0.11908937157043892,3.5418487935916207,0.34714925318410966,3.5882908404154965,3.457131748689457,0.37192134180570807,2.922793291065246,3.541356298901429,0.34958039286832976,3.3242758859917907,3.4571317486897195,0.32315099295401795,2.922793291065246,0.0,2026-01-02,372.0,0.0,160.0,1.0,1.0,242.0,0.0013449901153324006,-0.01996074256253877,-0.02783479899344421,-0.031748698314580714,-0.031748698314580714,0.007817865232027684,-1.7302103612272317,0.15,100.0,0.0,5.081404364984463,3.0,0.0,1.0,2026-01-10,-0.06193095773049027,-2300.0,-1.0,2026-01-15,-0.0426731411260757,-1600.0,-1.0,2026-01-20,-0.029141134907499467,-1100.0,-1.0,2026-02-04,-0.0318329265732109,-1200.0,-1.0,2026-02-19,-0.05363215491579525,-2000.0,-1.0,2026-03-06,-0.007863736460214576,-300.0,-1.0,2026-04-06,0.08505123261815546,3400.0,1.0
2026-01-06,Tue,38200.0,38200.0,38000.0,37500.0,36500.0,36000.0,37000.0,36000.0,34400.0,34200.0,32700.0,-800.0,2026-01-06,2,0,37000.0,0,34400.0,0,34200.0,0,32700.0,37680.0,33766.666666666664,3913.3333333333358,4800.0,3280.0,5300.0,-0.021108963210235032,0.010241530459859049,0.3,0,0.02702867238791942,0.06045796903711404,0.09504354868689395,0.07472354619593657,0.09798040836020382,1.9938179038571553,-0.07685198128649257,2.0734345569095427,1.9401763938528993,-0.06435267096446073,1.7986420252709205,2.0014524096929365,-0.07301318171700215,2.1198281012121565,1.9401763938530225,-0.09610897307802384,1.7986420252709205,0.0,2026-01-05,372.0,0.0,160.0,1.0,1.0,239.0,0.0026917916657112073,-0.02127739844728538,-0.034349480014638445,-0.033049934672552794,-0.029141134907499477,0.007817865232027684,-1.6560853326969263,0.15,100.0,0.0,5.081404364984463,1.0,0.0,1.0,2026-01-12,-0.040821994520255166,-1500.0,-1.0,2026-01-16,-0.008032171697264267,-300.0,-1.0,2026-01-21,-0.021564177915840525,-800.0,-1.0,2026-02-05,0.0,0.0,0.0,2026-02-20,-0.03252319170556006,-1200.0,-1.0,2026-03-07,0.026317308317373358,1000.0,1.0,2026-04-06,0.10616019582839073,4200.0,1.0
2026-01-07,Wed,37900.0,37900.0,37700.0,37200.0,36200.0,35700.0,36700.0,35700.0,34200.0,34000.0,32500.0,-300.0,2026-01-07,2,0,36700.0,0,34200.0,0,34000.0,0,32500.0,37380.0,33566.666666666664,3813.3333333333358,4700.0,3180.0,5200.0,-0.008032171697264445,0.011195128809409514,0.3,0,0.010810916104215676,0.05242579733984974,0.09584795879012784,0.060960699789687274,0.08994823666293958,1.6692457039601318,-0.1536085563596498,1.7584937657782749,1.622437082660706,-0.14360488630186863,1.5738117721120555,1.6778615879410566,-0.1494958103791226,1.8789385442562294,1.6224370826608001,-0.17188134749495979,1.5738117721120555,0.0,2026-01-06,375.0,0.0,160.0,1.0,1.0,238.0,0.02429269256904476,-0.010610179112015672,-0.027615167032973176,-0.026317308317374,-0.02371652661731627,0.007603893438355185,-1.023727031223635,0.15,100.0,0.0,5.081404364984463,1.0,0.0,1.0,2026-01-12,-0.03278982282299084,-1200.0,-1.0,2026-01-17,0.002684565370668983,100.0,1.0,2026-01-22,-0.018996500690655036,-700.0,-1.0,2026-02-06,0.008032171697264253,300.0,1.0,2026-02-23,-0.013532006218576273,-500.0,-1.0,2026-03-09,0.03434948001463764,1300.0,1.0,2026-04-07,0.11897706564899127,4700.0,1.0
2026-01-08,Thu,37400.0,37400.0,37200.0,36600.0,35600.0,34600.0,36100.0,35100.0,33700.0,33500.0,32000.0,-600.0,2026-01-08,2,0,36100.0,0,33700.0,0,33500.0,0,32000.0,36840.0,33066.666666666664,3773.3333333333358,4600.0,3140.0,5200.0,-0.016260520871780315,0.01103095650640391,0.3,0,-0.02695580998852822,0.03616527646806957,0.0707508561178494,0.050430853626891904,0.07368771579115913,1.5180778432714819,-0.17757669562566905,1.6048228415132868,1.3419096725962623,-0.22253374943954213,1.3489815189531904,1.5239974985176654,-0.17335942645644364,1.6637438733756016,1.5661842696876458,-0.16082530945981585,1.5738117721120555,0.0,2026-01-07,377.5,0.0,160.0,1.0,1.0,237.0,0.014676714415933212,-0.003965636393346905,-0.019672765598705233,-0.019672765598705233,-0.011850039917495891,0.007888234157324675,-0.5227489986741924,0.15,100.0,0.0,5.081404364984463,1.0,0.0,1.0,2026-01-13,-0.016529301951210582,-600.0,-1.0,2026-01-19,0.02961185404664444,1100.0,1.0,2026-01-23,0.005449604767564685,200.0,1.0,2026-02-07,0.018945086242449203,700.0,1.0,2026-02-23,0.002728514653203914,100.0,1.0,2026-03-09,0.05061000088641792,1900.0,1.0,2026-04-08,0.13523758652077153,5300.0,1.0
2026-01-09,Fri,36800.0,36800.0,36600.0,36100.0,35100.0,34100.0,35500.0,34500.0,33200.0,33000.0,31500.0,-500.0,2026-01-09,2,0,35500.0,0,33200.0,0,33000.0,0,31500.0,36280.0,32566.666666666668,3713.333333333332,4600.0,3080.0,5100.0,-0.013755375068484454,0.011412508650629821,0.3,0,-0.06436537595490333,0.008344971932180688,0.04533354130152119,0.03667547855840657,0.05993234072267385,1.332436932958486,-0.21924322196499108,1.3707392853879192,1.3001188068445064,-0.21128888721314643,1.0599140506060782,1.3391210073326216,-0.21486218798659704,1.433292863887765,1.2896487558950522,-0.23681481688987005,1.0599140506060782,0.0,2026-01-08,378.0,50.0,185.0,0.0,1.0,236.0,0.016000341346441793,0.02139118998131817,-0.014445425187722627,-0.019646997383795828,-0.01052641298698731,0.008089971121499815,-0.41451977914811167,0.15,100.0,3.9318256327243257,5.081404364984463,1.0,0.0,1.0,2026-01-15,0.016483889721689415,600.0,1.0,2026-01-19,0.043367229115129864,1600.0,1.0,2026-01-24,0.024625047305389194,900.0,1.0,2026-02-09,0.038048067637529964,1400.0,1.0,2026-02-23,0.016483889721689415,600.0,1.0,2026-03-10,0.07212738129039248,2700.0,1.0,2026-04-09,0.1297152561633537,5000.0,1.0
2026-01-10,Sat,36700.0,36700.0,36500.0,36000.0,35000.0,34000.0,35500.0,34500.0,33200.0,33000.0,31500.0,-100.0,2026-01-10,2,0,35500.0,0,33200.0,0,33000.0,0,31500.0,36180.0,32566.666666666668,3613.333333333332,4500.0,2980.0,5000.0,-0.0027739268827247088,0.011566471072679838,0.3,0,-0.06193095773049027,-0.011049836186584935,0.0425596144187959,0.03103210924772846,0.04546237407675741,1.0676088046130787,-0.29661159129924336,1.1241512657943145,1.0372677712035292,-0.2911481303314406,0.8993210126354603,1.075610670352917,-0.29194847091024057,1.083273037947259,1.028452927330598,-0.3132076789242138,0.8993210126354603,0.0,2026-01-09,380.0,0.0,185.0,1.0,1.0,235.0,0.02127739844728538,0.02262238856261778,-0.007863736460214099,-0.01825344030935039,-0.006557400546158831,0.008075092964670101,-0.028038026553121567,0.2,100.0,0.0,5.081404364984463,1.0,0.0,1.0,2026-01-15,0.01925781660441452,700.0,1.0,2026-01-20,0.03278982282299097,1200.0,1.0,2026-01-27,0.027398974188114347,1000.0,1.0,2026-02-09,0.0408219945202552,1500.0,1.0,2026-02-24,0.01379332213233577,500.0,1.0,2026-03-11,0.06453852113757116,2400.0,1.0,2026-04-10,0.12761112459264604,4900.0,1.0
2026-01-12,Mon,36700.0,36700.0,36500.0,36000.0,35000.0,34000.0,35500.0,34500.0,33200.0,33000.0,31500.0,0.0,2026-01-12,2,0,35500.0,0,33200.0,0,33000.0,0,31500.0,36180.0,32566.666666666668,3613.333333333332,4500.0,2980.0,5000.0,0.0,0.011234675701224014,0.25,2,-0.040821994520255166,-0.013793322132335873,0.0425596144187959,0.039665256392431354,0.03677925150329649,1.0481504330141702,-0.2849796792332881,1.0878883217364335,1.0184162868141777,-0.27954274503601634,0.8993210126354603,1.0561075013010415,-0.28032775631154333,1.083273037947259,1.0098412720341645,-0.3015442238892038,0.8993210126354603,0.0,2026-01-09,380.0,0.0,185.0,1.0,1.0,235.0,0.02127739844728538,0.02262238856261778,-0.007863736460214099,-0.01825344030935039,-0.006557400546158831,0.008075092964670101,-0.028038026553121567,0.2,100.0,0.0,5.081404364984463,3.0,0.0,1.0,2026-01-17,0.035474388193659945,1300.0,1.0,2026-01-22,0.01379332213233577,500.0,1.0,2026-01-27,0.027398974188114347,1000.0,1.0,2026-02-11,0.035474388193659945,1300.0,1.0,2026-02-26,0.008298802814695064,300.0,1.0,2026-03-13,0.05143217363227069,1900.0,1.0,2026-04-13,0.13248918304607887,5100.0,1.0
2026-01-13,Tue,36700.0,36700.0,36500.0,36000.0,35000.0,34000.0,35500.0,34500.0,33000.0,32800.0,31300.0,0.0,2026-01-13,2,0,35500.0,0,33000.0,0,32800.0,0,31300.0,36180.0,32366.666666666668,3813.333333333332,4700.0,3180.0,5200.0,0.0,0.010892422220285664,0.25,3,-0.03278982282299084,-0.02197890671877523,0.03103210924772846,0.04837358428421567,0.03677925150329649,1.459714091387152,-0.09298305734013923,1.4754485363550398,1.4301509681273161,-0.082587223205582,1.3489815189531904,1.4644850817261195,-0.08893407719137955,1.406795012622613,1.4197475757713292,-0.11145366465037244,1.3489815189531904,0.0,2026-01-12,385.0,2.0,186.0,0.0,1.0,232.0,0.034349480014638445,0.03704127168034965,0.0052083451071389675,-0.014184634991956102,0.014388737452099676,0.008183495158659982,0.9158722267650796,0.15,105.5,1.0986122886681098,5.081404364984463,1.0,0.0,1.0,2026-01-19,0.04614115599785513,1700.0,1.0,2026-01-23,0.021978906718775167,800.0,1.0,2026-01-28,0.01925781660441452,700.0,1.0,2026-02-12,0.024692612590371414,900.0,1.0,2026-02-27,0.011049836186584935,400.0,1.0,2026-03-14,0.04614115599785513,1700.0,1.0,2026-04-13,0.13248918304607887,5100.0,1.0
2026-01-15,Thu,37300.0,37300.0,37100.0,36700.0,35700.0,34700.0,36200.0,35200.0,33500.0,33300.0,31800.0,700.0,2026-01-15,2,0,36200.0,0,33500.0,0,33300.0,0,31800.0,36820.0,32866.666666666664,3953.3333333333358,4900.0,3320.0,5300.0,0.019257816604413946,0.010560595159150572,0.3,0,0.002728514653203914,-0.024227295335324237,0.05028992585214301,0.06763140088863027,0.05603706810771099,1.7290357654162065,0.046859994644260765,1.7705382436260562,1.8276219746045252,0.11688168227504905,1.541693164517932,1.7316731427639476,0.05048396080654141,1.6765913164132509,1.604103406431197,-0.009001396459403012,1.3489815189531904,0.0,2026-01-14,383.5,0.0,186.0,1.0,1.0,230.0,0.015769052118231208,0.03044576653416442,0.0013046316266649427,-0.012953549000391362,0.007853443505569935,0.008770606943641816,0.607670743887975,0.2,160.0,0.0,5.225746673713202,1.0,0.0,1.0,2026-01-20,0.013532006218576373,500.0,1.0,2026-01-27,0.008141157583699866,300.0,1.0,2026-01-30,0.005434795985956995,200.0,1.0,2026-02-14,-0.0054644944720787375,-200.0,-1.0,2026-03-02,0.008141157583699866,300.0,1.0,2026-03-16,0.02156417791584064,800.0,1.0,2026-04-15,0.11079531164378327,4300.0,1.0
2026-01-16,Fri,37900.0,37900.0,37700.0,37200.0,36200.0,35200.0,36600.0,35600.0,34700.0,34500.0,33000.0,500.0,2026-01-16,2,0,36600.0,0,34700.0,0,34500.0,0,33000.0,37380.0,34066.666666666664,3313.3333333333358,4200.0,2680.0,4700.0,0.013532006218575532,0.011273260838404324,0.25,0,0.030015895940265568,-0.03434948001463768,0.049596941139372186,0.08116340710720661,0.06382193207071948,0.3457124965076554,-0.5282756515160003,0.4215567246728734,0.3150899403459809,-0.531036650380395,0.1686226898691488,0.35815972223096293,-0.5226975618649801,0.44323678479890544,0.31555195494967103,-0.5415733478195323,0.1686226898691488,0.0,2026-01-15,383.5,0.0,186.0,1.0,1.0,229.0,0.014445425187722627,0.03044576653416442,0.010485023971625651,0.0026109675407202104,0.013123547929807522,0.008770606943641816,0.5965685166723996,0.2,160.0,0.0,5.231108616854587,1.0,0.0,1.0,2026-01-21,-0.013532006218576273,-500.0,-1.0,2026-01-27,-0.005390848634876423,-200.0,-1.0,2026-01-31,-0.008097210232619362,-300.0,-1.0,2026-02-16,-0.013532006218576273,-500.0,-1.0,2026-03-02,-0.005390848634876423,-200.0,-1.0,2026-03-17,0.02127739844728488,800.0,1.0,2026-04-16,0.09237332013101507,3600.0,1.0
2026-01-17,Sat,38100.0,38100.0,37900.0,37300.0,36400.0,35400.0,36900.0,35900.0,34700.0,34500.0,33000.0,100.0,2026-01-17,2,0,36900.0,0,34700.0,0,34500.0,0,33000.0,37560.0,34066.666666666664,3493.3333333333358,4300.0,2860.0,4900.0,0.0026845653706697448,0.011421389445808795,0.25,0,0.035474388193659945,-0.026456569536830468,0.0522815065100411,0.08384797247787569,0.07225363969695633,0.7309227795093705,-0.34818526714400944,0.8267951245196965,0.5317411454461496,-0.4227586571711846,0.3372453797382976,0.7406741177544836,-0.3431663896052244,0.8380036708648607,0.7413606587016087,-0.34489019748423694,0.5058680696074465,0.0,2026-01-16,383.0,0.0,186.0,1.0,1.0,228.0,0.007863736460214099,0.029141134907499477,0.009180392344960708,0.0013063359140552677,0.006548811878904992,0.008497232026804457,0.4876966119236923,0.2,160.0,0.0,5.231108616854587,1.0,0.0,1.0,2026-01-22,-0.021681066061324052,-800.0,-1.0,2026-01-27,-0.008075414005545418,-300.0,-1.0,2026-02-02,-0.01621657158924528,-600.0,-1.0,2026-02-16,-0.01621657158924528,-600.0,-1.0,2026-03-03,0.0026773777707163942,100.0,1.0,2026-03-18,0.010666767804195228,400.0,1.0,2026-04-17,0.0872347657987795,3400.0,1.0
2026-01-19,Mon,38500.0,38500.0,38300.0,37700.0,36700.0,35700.0,37300.0,36300.0,34700.0,34500.0,33000.0,400.0,2026-01-19,2,0,37300.0,0,34700.0,0,34500.0,0,33000.0,37940.0,34066.666666666664,3873.3333333333358,4700.0,3240.0,5300.0,0.010666767804195842,0.011092955518446225,0.2,0,0.04614115599785513,0.005319161477600027,0.06577713051471408,0.10036271016449388,0.08870077041665106,1.5280304940130456,0.02064014419100818,1.653590249039389,1.3724172513336104,-0.024897890588335043,1.011736139214893,1.5320572049676695,0.024467624358060446,1.6146899999591218,1.5766966121682102,0.03867089065118869,1.1803588290840417,0.0,2026-01-16,383.0,0.0,186.0,1.0,1.0,228.0,0.007863736460214099,0.029141134907499477,0.009180392344960708,0.0013063359140552677,0.006548811878904992,0.008497232026804457,0.4876966119236923,0.2,160.0,0.0,5.231108616854587,3.0,0.0,1.0,2026-01-24,-0.01874218180974064,-700.0,-1.0,2026-01-29,-0.02688333939344053,-1000.0,-1.0,2026-02-03,-0.02688333939344053,-1000.0,-1.0,2026-02-18,-0.03509131981127006,-1300.0,-1.0,2026-03-05,-0.005319161477599933,-200.0,-1.0,2026-03-20,0.0,0.0,0.0,2026-04-20,0.07656799799458433,3000.0,1.0
2026-01-20,Tue,37900.0,37900.0,37700.0,37200.0,36100.0,35100.0,36800.0,35800.0,34700.0,34500.0,33000.0,-500.0,2026-01-20,2,0,36800.0,0,34700.0,0,34500.0,0,33000.0,37360.0,34066.666666666664,3293.3333333333358,4200.0,2660.0,4700.0,-0.013351333174865587,0.011067847059364828,0.2,0,0.03278982282299097,0.0,0.05242579733984974,0.09584795879012784,0.08116340710720661,0.29208289688134675,-0.5160862177111607,0.37940105220558645,0.3093705962523214,-0.498830594197319,0.1686226898691488,0.30475315255924373,-0.510426685325939,0.40469445568595713,0.30077304358448204,-0.5108593192183924,0.1686226898691488,0.0,2026-01-19,380.5,0.0,186.0,1.0,1.0,225.0,-0.01175715698604396,0.022592323028594485,0.001314924581309107,-0.01175715698604396,0.009240989853729786,0.008506471097485842,0.01842525954522976,0.2,160.0,0.0,5.231108616854587,1.0,0.0,1.0,2026-01-27,-0.005390848634876423,-200.0,-1.0,2026-01-30,-0.008097210232619362,-300.0,-1.0,2026-02-04,-0.0026917916657114146,-100.0,-1.0,2026-02-19,-0.024491020008295755,-900.0,-1.0,2026-03-06,0.02127739844728488,800.0,1.0,2026-03-21,0.02127739844728488,800.0,1.0,2026-04-20,0.08991933116944835,3500.0,1.0
2026-01-21,Wed,37400.0,37400.0,37200.0,36700.0,35500.0,34500.0,36200.0,35200.0,34200.0,34000.0,32500.0,-500.0,2026-01-21,2,0,36200.0,0,34200.0,0,34000.0,0,32500.0,36840.0,33566.666666666664,3273.3333333333358,4200.0,2640.0,4700.0,-0.013532006218575532,0.011217971744950029,0.15,0,0.0,0.002728514653203914,0.03889379112127354,0.07347937077105342,0.06763140088863027,0.25544780837735115,-0.5226107625109654,0.3372453797382995,0.3132619698889042,-0.48625849792897574,0.1686226898691488,0.26841736896194396,-0.5168968528680637,0.36615212657300883,0.30462005470857634,-0.49826171689592413,0.1686226898691488,0.0,2026-01-20,380.0,0.0,186.0,1.0,1.0,224.0,-0.009168368086879042,0.013245226750020933,0.002635047638005261,-0.014369940282952243,-0.0026281224062696396,0.008645418145404721,-0.08473614595219782,0.2,160.0,0.0,5.231108616854587,1.0,0.0,1.0,2026-01-27,0.008141157583699866,300.0,1.0,2026-01-31,0.005434795985956995,200.0,1.0,2026-02-05,0.02156417791584064,800.0,1.0,2026-02-20,-0.010959013789719543,-400.0,-1.0,2026-03-07,0.047881486233214005,1800.0,1.0,2026-03-23,0.042673141126075696,1600.0,1.0,2026-04-21,0.10345133738802477,4000.0,1.0
2026-01-22,Thu,37200.0,37200.0,37000.0,36500.0,35300.0,,36000.0,35000.0,33900.0,33700.0,32200.0,-200.0,2026-01-22,2,0,36000.0,0,33900.0,0,33700.0,0,32200.0,36640.0,33266.666666666664,3373.3333333333358,4300.0,2740.0,4800.0,-0.0054644944720791955,0.011370102383190812,0.1,0,-0.018996500690655036,0.01101939524961048,0.019364367181791152,0.05635293655113178,0.06216690641655154,0.4675614880951286,-0.4134015974310009,0.5480237420747343,0.5240186070626794,-0.3744456992739035,0.3372453797382976,0.4790629116631472,-0.4080162869457888,0.5588637721377503,0.5141370610671167,-0.3900887237739442,0.3372453797382976,0.0,2026-01-21,377.0,0.0,186.0,1.0,1.0,223.0,-0.01709443335929972,-0.0013253812410685128,-0.005291017634415418,-0.020998146839773746,-0.00792606527242068,0.008628736174455993,-0.6363098550287826,0.2,160.0,0.0,5.231108616854587,1.0,0.0,1.0,2026-01-27,0.013605652055778678,500.0,1.0,2026-02-02,0.005464494472078745,200.0,1.0,2026-02-06,0.02702867238791942,1000.0,1.0,2026-02-23,0.005464494472078745,200.0,1.0,2026-03-09,0.053345980705292714,2000.0,1.0,2026-03-23,0.0481376355981545,1800.0,1.0,2026-04-22,0.11625980611586202,4500.0,1.0
2026-01-23,Fri,37500.0,37500.0,37300.0,36800.0,35500.0,34500.0,36300.0,35300.0,34200.0,34000.0,32500.0,300.0,2026-01-23,2,0,36300.0,0,34200.0,0,34000.0,0,32500.0,36920.0,33566.666666666664,3353.3333333333358,4300.0,2720.0,4800.0,0.008185584586440697,0.011104688942159071,0.1,0,-0.013495481474884621,0.021978906718775167,0.01092907053219023,0.06453852113757116,0.06453852113757116,0.41998597030088014,-0.4197751189473834,0.5058680696074473,0.5159898132372427,-0.361098834354605,0.3372453797382976,0.4317757803561291,-0.41430916310872057,0.520321443024802,0.5062065220710054,-0.37680517039543915,0.3372453797382976,0.0,2026-01-22,382.5,6.0,189.0,0.0,1.0,222.0,-0.0026109675407202104,0.011834457647002417,0.03322564762832059,-0.0026109675407202104,0.006557400546158831,0.008815108479267912,0.3885054775307296,0.2,160.0,1.9459101490553132,5.231108616854587,1.0,0.0,1.0,2026-01-28,-0.0027210901143606132,-100.0,-1.0,2026-02-02,-0.0027210901143606132,-100.0,-1.0,2026-02-07,0.013495481474884509,500.0,1.0,2026-02-23,-0.0027210901143606132,-100.0,-1.0,2026-03-09,0.045160396118853335,1700.0,1.0,2026-03-25,0.03995205101171497,1500.0,1.0,2026-04-23,0.11051027632730369,4300.0,1.0
2026-01-24,Sat,37700.0,37700.0,37500.0,37000.0,35700.0,34700.0,36500.0,33500.0,34400.0,34200.0,32700.0,200.0,2026-01-24,2,0,36500.0,0,34400.0,0,34200.0,0,32700.0,37120.0,33766.666666666664,3353.3333333333358,4300.0,2720.0,4800.0,0.005420067469337653,0.010951506618419671,0.1,0,-0.01874218180974064,0.027398974188114347,0.013605652055778678,0.06995858860691047,0.06995858860691047,0.4146148543688327,-0.4065172403442362,0.5058680696074473,0.5080229281253026,-0.3475727754256095,0.3372453797382976,0.4264009491504788,-0.40103203296971396,0.520321443024802,0.4983353804722566,-0.3633554704052812,0.3372453797382976,0.0,2026-01-23,380.5,0.0,189.0,1.0,1.0,221.0,-0.006548811878904992,0.001314924581309107,0.023937313143926886,-0.006548811878904992,0.003949972219314368,0.007450875185201701,0.012269981700998784,0.2,160.0,0.0,5.231108616854587,1.0,0.0,1.0,2026-01-29,-0.008141157583699885,-300.0,-1.0,2026-02-03,-0.008141157583699885,-300.0,-1.0,2026-02-09,0.01342302033214077,500.0,1.0,2026-02-23,-0.008141157583699885,-300.0,-1.0,2026-03-10,0.04750233398500326,1800.0,1.0,2026-03-25,0.034531983542375945,1300.0,1.0,2026-04-24,0.10265415406008337,4000.0,1.0
2026-01-27,Tue,37700.0,37700.0,37500.0,37000.0,35700.0,34700.0,36500.0,35500.0,34400.0,34200.0,32700.0,0.0,2026-01-27,2,0,36500.0,0,34400.0,0,34200.0,0,32700.0,37120.0,33766.666666666664,3353.3333333333358,4300.0,2720.0,4800.0,0.0,0.010700560511619137,0.1,3,-0.005390848634876423,0.027398974188114347,0.005420067469339113,0.058431083435843065,0.06417822569141099,0.4092683928975285,-0.39311042711780464,0.5058680696074473,0.5001161305322677,-0.33384539096086796,0.3372453797382976,0.4210515610680303,-0.38760143346893877,0.520321443024802,0.4905218901576987,-0.34971848466442124,0.3372453797382976,0.0,2026-01-26,383.5,0.0,189.0,1.0,1.0,218.0,0.007853443505569935,-0.0039037134804740248,0.03313755819987563,0.0013046316266649427,0.007853443505569935,0.007582727247029546,0.5601536930900962,0.15,172.5,0.0,5.231108616854587,1.0,0.0,1.0,2026-02-02,-0.008141157583699885,-300.0,-1.0,2026-02-06,0.01342302033214077,500.0,1.0,2026-02-11,0.008075414005545331,300.0,1.0,2026-02-26,-0.019100171373419378,-700.0,-1.0,2026-03-13,0.024033199444156193,900.0,1.0,2026-03-28,0.04492168739151165,1700.0,1.0,2026-04-27,0.10265415406008337,4000.0,1.0
2026-01-28,Wed,37400.0,37400.0,37200.0,36700.0,35400.0,34400.0,35800.0,34800.0,34200.0,34000.0,32500.0,-300.0,2026-01-28,2,0,35800.0,0,34200.0,0,34000.0,0,32500.0,36820.0,33566.666666666664,3253.3333333333358,4200.0,2620.0,4700.0,-0.008141157583699155,0.010374578331048132,0.15,0,0.0,0.0,-0.024227295335324237,0.05028992585214301,0.05028992585214301,0.20189983063393344,-0.4819753101459791,0.2950897072710125,0.2907630421919896,-0.42539766784604127,0.1686226898691488,0.2151818451257097,-0.4761103121066674,0.3276097974600605,0.2823534562979263,-0.43742031279455373,0.1686226898691488,0.0,2026-01-27,384.0,0.0,189.0,1.0,1.0,217.0,0.010471299867295336,0.0013029317804162943,0.04800921918636103,0.002607563407081237,0.014426479710223816,0.007698478516421044,0.6413504981161693,0.15,185.0,0.0,5.247024072160486,1.0,0.0,1.0,2026-02-02,0.0,0.0,0.0,2026-02-07,0.01621657158924529,600.0,1.0,2026-02-12,0.005434795985956995,200.0,1.0,2026-02-27,-0.008207980417829622,-300.0,-1.0,2026-03-14,0.02688333939344045,1000.0,1.0,2026-03-30,0.07098906124336363,2700.0,1.0,2026-04-28,0.10345133738802477,4000.0,1.0
2026-01-29,Thu,37400.0,37400.0,37200.0,36700.0,35200.0,34400.0,35800.0,34800.0,34200.0,34000.0,32500.0,0.0,2026-01-29,2,0,35800.0,0,34200.0,0,34000.0,0,32500.0,36780.0,33566.666666666664,3213.3333333333358,4200.0,2580.0,4700.0,0.0,0.01025430006496726,0.15,1,0.005464494472078745,-0.013532006218576273,-0.04788148623321397,0.03606493492079587,0.04457562458870438,0.12171036430428693,-0.5103108688405331,0.21077836233643862,0.2907630421919896,-0.4121108961214675,0.1686226898691488,0.13558827265432463,-0.5042828844960617,0.2505251392341639,0.2823534562979263,-0.42418390811669304,0.1686226898691488,0.0,2026-01-28,386.5,0.0,189.0,1.0,1.0,216.0,0.02488668057946608,0.0077922472201663595,0.03823801375433078,0.009096878846831302,0.0490489298585457,0.006818368027743037,1.0813500464809371,0.15,185.5,0.0,5.247024072160486,1.0,0.0,1.0,2026-02-03,0.0,0.0,0.0,2026-02-09,0.02156417791584064,800.0,1.0,2026-02-13,-0.0054644944720787375,-200.0,-1.0,2026-02-28,-0.01648388972168937,-600.0,-1.0,2026-03-16,0.02156417791584064,800.0,1.0,2026-03-30,0.07098906124336363,2700.0,1.0,2026-04-29,0.09357471389211261,3600.0,1.0
2026-01-30,Fri,37700.0,37700.0,37400.0,36900.0,35400.0,34600.0,36000.0,35000.0,34200.0,34000.0,32500.0,200.0,2026-01-30,2,0,36000.0,0,34200.0,0,34000.0,0,32500.0,37020.0,33566.666666666664,3453.3333333333358,4400.0,2820.0,4900.0,0.005434795985957308,0.009941912775368949,0.2,0,0.0027137058715963258,-0.010781775603288362,-0.03723834514011876,0.04149973090675284,0.047165468442430136,0.6241799995458924,-0.24536170619758813,0.7166464319438821,0.7056433074633365,-0.1826887218526282,0.5058680696074465,0.6344838812015163,-0.24016526144920478,0.7562472151707279,0.6949060110567398,-0.20280478284078857,0.5058680696074465,0.0,2026-01-29,386.5,0.0,189.0,1.0,1.0,215.0,0.01040321476088657,0.0077922472201663595,0.03823801375433078,0.01827727119179201,0.03287607061294473,0.006083438934294785,1.0648965705903426,0.15,186.0,0.0,5.247024072160486,1.0,0.0,1.0,2026-02-04,0.005405418566907982,200.0,1.0,2026-02-09,0.016129381929883717,600.0,1.0,2026-02-14,-0.010899290458035631,-400.0,-1.0,2026-03-02,0.0027063615977428457,100.0,1.0,2026-03-16,0.016129381929883717,600.0,1.0,2026-03-31,0.09309042306601203,3600.0,1.0,2026-04-30,0.08316478326604203,3200.0,1.0
2026-01-31,Sat,37700.0,37700.0,37400.0,36900.0,35400.0,34400.0,36000.0,35000.0,34400.0,34200.0,32700.0,0.0,2026-01-31,2,0,36000.0,0,34400.0,0,34200.0,0,32700.0,37020.0,33766.666666666664,3253.3333333333358,4200.0,2620.0,4700.0,0.0,0.009730537102318674,0.2,1,-0.002706361597742914,-0.021448543407483627,-0.016129381929883644,0.04432858710723034,0.047165468442430136,0.20612646325246461,-0.44416829068622227,0.2861475949294668,0.28674748179585385,-0.3870968898848292,0.1686226898691488,0.21939735216086326,-0.4382072671577312,0.3099011597595167,0.27838702520517644,-0.39924690948373576,0.1686226898691488,0.0,2026-01-30,377.0,0.0,189.0,1.0,1.0,214.0,-0.009240989853729786,-0.01578980173263478,0.013351333174864699,-0.00660940938767407,0.009327182875138895,0.006083438934294785,-0.7886266588591122,0.15,186.0,0.0,5.247024072160486,1.0,0.0,1.0,2026-02-05,0.016129381929883717,600.0,1.0,2026-02-10,0.016129381929883717,600.0,1.0,2026-02-16,-0.005434795985956945,-200.0,-1.0,2026-03-02,0.0027063615977428457,100.0,1.0,2026-03-17,0.029374608679904317,1100.0,1.0,2026-04-01,0.09309042306601203,3600.0,1.0,2026-05-01,0.08813991790615584,3400.0,1.0
2026-02-02,Mon,37600.0,37600.0,37300.0,36700.0,35000.0,34400.0,35800.0,34800.0,34500.0,34300.0,32800.0,-200.0,2026-02-02,2,0,35800.0,0,34500.0,0,34300.0,0,32800.0,36840.0,33866.666666666664,2973.3333333333358,3900.0,2340.0,4500.0,-0.005434795985957308,0.009434105742550497,0.25,0,-0.008141157583699885,-0.013532006218576273,-0.013532006218576273,0.03889379112127354,0.03889379112127354,-0.363043663046376,-0.7354352649044533,-0.29508970727100486,-0.32199257719200747,-0.708957546416426,-0.3372453797382976,-0.3456133759230207,-0.7283632669497273,-0.22483025315886507,-0.12263047253942468,-0.6010113705003868,-0.1686226898691488,0.0,2026-01-30,377.0,0.0,189.0,1.0,1.0,214.0,-0.009240989853729786,-0.01578980173263478,0.013351333174864699,-0.00660940938767407,0.009327182875138895,0.006083438934294785,-0.7886266588591122,0.15,186.0,0.0,5.247024072160486,3.0,0.0,1.0,2026-02-07,0.01621657158924529,600.0,1.0,2026-02-12,0.005434795985956995,200.0,1.0,2026-02-17,-0.010959013789719543,-400.0,-1.0,2026-03-05,0.02156417791584064,800.0,1.0,2026-03-19,0.02688333939344045,1000.0,1.0,2026-04-03,0.10099131154716229,3900.0,1.0,2026-05-04,0.10099131154716229,3900.0,1.0
2026-02-03,Tue,37700.0,37700.0,37200.0,36700.0,35000.0,34500.0,35800.0,34800.0,34500.0,34300.0,32800.0,0.0,2026-02-03,2,0,35800.0,0,34500.0,0,34300.0,0,32800.0,36860.0,33866.666666666664,2993.3333333333358,3900.0,2360.0,4400.0,0.0,0.009243074733900266,0.25,1,0.0,0.0,0.002728514653203914,0.03889379112127354,0.03889379112127354,-0.3022173463193963,-0.7017187950461071,-0.20932471845824524,-0.3033791935626034,-0.6972432615617247,-0.2890674683471122,-0.2851956199445189,-0.6946828438866386,-0.0843113449345744,-0.31213551631392095,-0.6984483447624925,-0.2890674683471122,0.0,2026-02-02,377.0,0.0,189.0,1.0,1.0,211.0,-0.01709443335929972,-0.009240989853729786,0.013351333174864699,-0.00792606527242068,-0.018397365139716015,0.008543072312697093,-0.8102693581595695,0.15,186.0,0.0,5.247024072160486,1.0,0.0,1.0,2026-02-09,0.02156417791584064,800.0,1.0,2026-02-13,-0.0054644944720787375,-200.0,-1.0,2026-02-18,-0.008207980417829622,-300.0,-1.0,2026-03-05,0.02156417791584064,800.0,1.0,2026-03-20,0.02688333939344045,1000.0,1.0,2026-04-04,0.10590532634959142,4100.0,1.0,2026-05-04,0.10099131154716229,3900.0,1.0
2026-02-04,Wed,38100.0,38100.0,37600.0,37100.0,35300.0,34800.0,36200.0,35200.0,34800.0,34600.0,33100.0,400.0,2026-02-04,2,0,36200.0,0,34800.0,0,34600.0,0,33100.0,37240.0,34166.666666666664,3073.3333333333358,4000.0,2440.0,4500.0,0.010840214552864325,0.008961493441624422,0.3,0,0.010840214552864807,0.01630470902494357,0.027324104274554176,0.03566907620673493,0.04973400567413838,-0.11573854918946765,-0.6001216098748984,0.08431134493457776,-0.07637278482252924,-0.5698332806220694,0.0,-0.09992592983481809,-0.5933475787790167,0.12646701740186161,-0.08632353709436438,-0.5752650478966975,0.0,0.0,2026-02-03,383.0,0.0,239.0,1.0,1.0,210.0,-0.002607563407081237,0.007863736460214099,0.021108963210235032,0.01049878409821936,-0.0013046316266649427,0.008543072312697093,0.3757976696926794,0.15,186.0,0.0,5.247024072160486,1.0,0.0,1.0,2026-02-09,0.010723963362975642,400.0,1.0,2026-02-14,-0.016304709024943582,-600.0,-1.0,2026-02-19,-0.021799228342584402,-800.0,-1.0,2026-03-06,0.023969190112996402,900.0,1.0,2026-03-21,0.023969190112996402,900.0,1.0,2026-04-06,0.11688415919136626,4600.0,1.0,2026-05-05,0.09015109699429748,3500.0,1.0
2026-02-05,Thu,38500.0,38500.0,38000.0,37500.0,35500.0,35000.0,36600.0,35600.0,35200.0,35000.0,33500.0,400.0,2026-02-05,2,0,36600.0,0,35200.0,0,35000.0,0,33500.0,37600.0,34566.666666666664,3033.3333333333358,4000.0,2400.0,4500.0,0.010723963362975653,0.009085179024936645,0.3,0,0.016129381929883717,0.018843087801479915,0.0408219945202552,0.02977215833367005,0.06899287148695142,-0.1828958347405019,-0.6334111957581691,4.089638480925054e-15,-0.05949299990077558,-0.5571960617885351,0.0,-0.16653722109055055,-0.6264435276939232,0.044966050631773016,-0.06959889775093112,-0.5626711017497318,0.0,0.0,2026-02-04,379.5,52.0,265.0,0.0,0.0,209.0,-0.01827727119179201,0.00660940938767407,0.005284028146605557,0.001318391753258652,-0.003944778291016249,0.009055772079984184,-0.3002023244588796,0.15,186.0,3.970291913552122,5.247024072160486,1.0,0.0,1.0,2026-02-10,0.0,0.0,0.0,2026-02-16,-0.021564177915840525,-800.0,-1.0,2026-02-20,-0.03252319170556006,-1200.0,-1.0,2026-03-07,0.026317308317373358,1000.0,1.0,2026-03-23,0.021108963210235265,800.0,1.0,2026-04-06,0.10616019582839073,4200.0,1.0,2026-05-06,0.0695260626486103,2700.0,1.0
2026-02-06,Fri,38400.0,38400.0,38000.0,37500.0,35400.0,,36400.0,35400.0,35200.0,35000.0,33500.0,0.0,2026-02-06,2,0,36400.0,0,35200.0,0,35000.0,0,33500.0,37540.0,34566.666666666664,2973.3333333333358,4000.0,2340.0,4500.0,0.0,0.009191749161768206,0.3,1,0.016129381929883717,0.01342302033214077,0.0408219945202552,0.02702867238791942,0.07472354619593657,-0.3027043252341668,-0.692726129894598,-0.11241512657943185,-0.05255145212802137,-0.5453132772594799,0.0,-0.28558767062351975,-0.6854128502478788,-0.08993210126354603,-0.06270236009748663,-0.5508638662394355,0.0,0.0,2026-02-05,381.0,0.0,265.0,1.0,1.0,208.0,-0.014332492900775762,-0.003929278139889192,0.007905179507113225,0.029296369488431395,-0.0052356140539444596,0.009231371500181345,-0.004838340622843479,0.2,186.0,0.0,5.247024072160486,1.0,0.0,1.0,2026-02-11,-0.005347606326595242,-200.0,-1.0,2026-02-16,-0.021564177915840525,-800.0,-1.0,2026-02-23,-0.021564177915840525,-800.0,-1.0,2026-03-09,0.026317308317373358,1000.0,1.0,2026-03-23,0.021108963210235265,800.0,1.0,2026-04-07,0.11094489395172688,4400.0,1.0,2026-05-07,0.0695260626486103,2700.0,1.0
2026-02-07,Sat,38300.0,38300.0,37800.0,37300.0,35800.0,35200.0,36700.0,35700.0,35200.0,35000.0,33500.0,-200.0,2026-02-07,2,0,36700.0,0,35200.0,0,35000.0,0,33500.0,37500.0,34566.666666666664,2933.3333333333358,3800.0,2300.0,4300.0,-0.0053476063265947005,0.008911731453185431,0.3,0,0.01621657158924529,0.008075414005545331,0.035474388193659945,0.013495481474884509,0.07225363969695633,-0.38418887370244686,-0.7301086127269961,-0.17986420252708687,-0.47296306915219233,-0.7797297712780967,-0.44966050631773014,-0.36657527250076577,-0.7225333926735134,-0.17986420252709207,-0.4807180940807308,-0.7765198379415431,-0.44966050631773014,0.0,2026-02-06,380.0,20.0,275.0,0.0,1.0,207.0,0.00792606527242068,-0.001314924581309107,0.0,0.02262238856261778,-0.003939598004079947,0.009265745965787598,-0.19216294754381888,0.15,186.0,3.044522437723423,5.480638923341991,1.0,0.0,1.0,2026-02-12,-0.010781775603288362,-400.0,-1.0,2026-02-17,-0.027175585378964782,-1000.0,-1.0,2026-02-23,-0.01621657158924528,-600.0,-1.0,2026-03-09,0.0316649146439687,1200.0,1.0,2026-03-25,0.026456569536830465,1000.0,1.0,2026-04-08,0.11629250027832226,4600.0,1.0,2026-05-08,0.0648735856406222,2500.0,1.0
2026-02-09,Mon,38300.0,38300.0,38000.0,37500.0,36000.0,35400.0,36900.0,35900.0,35200.0,35000.0,33500.0,200.0,2026-02-09,2,0,36900.0,0,35200.0,0,35000.0,0,33500.0,37620.0,34566.666666666664,3053.3333333333358,4000.0,2420.0,4500.0,0.0053476063265947005,0.008738972116303324,0.25,0,0.02156417791584064,0.02156417791584064,0.02156417791584064,-0.002663117419483662,0.07185410376798372,-0.12925149762064145,-0.5734062376494838,0.08993210126354957,-0.048984169877901385,-0.5182726380527267,0.0,-0.1132783291541699,-0.5662531132309269,0.08993210126354603,-0.059140493557978784,-0.52409711532003,0.0,0.0,2026-02-06,380.0,20.0,275.0,0.0,1.0,207.0,0.00792606527242068,-0.001314924581309107,0.0,0.02262238856261778,-0.003939598004079947,0.009265745965787598,-0.19216294754381888,0.15,186.0,3.044522437723423,5.480638923341991,3.0,0.0,1.0,2026-02-14,-0.02702867238791926,-1000.0,-1.0,2026-02-19,-0.03252319170556006,-1200.0,-1.0,2026-02-24,-0.02702867238791926,-1000.0,-1.0,2026-03-11,0.023716526617316065,900.0,1.0,2026-03-26,0.01849458263616431,700.0,1.0,2026-04-10,0.08678913007239093,3400.0,1.0,2026-05-11,0.054488185284069776,2100.0,1.0
2026-02-10,Tue,38300.0,38300.0,38000.0,37500.0,35900.0,35000.0,36900.0,35900.0,35200.0,35000.0,33500.0,0.0,2026-02-10,2,0,36900.0,0,35200.0,0,35000.0,0,33500.0,37600.0,34566.666666666664,3033.3333333333358,4000.0,2400.0,4500.0,0.0,0.008573404763336998,0.25,1,0.010723963362975642,0.02156417791584064,0.008032171697264253,-0.026317308317373417,0.07185410376798372,-0.1781791867118996,-0.5873755953408758,0.022483025315886373,-0.0560867448670494,-0.5061972021266803,0.0,-0.16184295867610785,-0.5800052892076742,0.044966050631773016,-0.0662254723230784,-0.5121370062896295,0.0,0.0,2026-02-09,380.5,0.0,275.0,1.0,1.0,204.0,0.009240989853729786,-0.007853443505569935,-0.01175715698604396,0.025284114694305693,-0.00262467342277084,0.009215008372033867,-0.0904098450829895,0.2,187.5,0.0,5.583496308781699,1.0,0.0,1.0,2026-02-16,-0.021564177915840525,-800.0,-1.0,2026-02-20,-0.03252319170556006,-1200.0,-1.0,2026-02-25,-0.03252319170556006,-1200.0,-1.0,2026-03-12,0.013245226750020723,500.0,1.0,2026-03-27,0.021108963210235265,800.0,1.0,2026-04-11,0.08434114843375096,3300.0,1.0,2026-05-11,0.054488185284069776,2100.0,1.0
2026-02-11,Wed,38100.0,38100.0,37800.0,37300.0,35800.0,35000.0,36900.0,35900.0,35200.0,35000.0,33500.0,-200.0,2026-02-11,2,0,36900.0,0,35200.0,0,35000.0,0,33500.0,37420.0,34566.666666666664,2853.3333333333358,3800.0,2220.0,4300.0,-0.0053476063265947005,0.008312224316141193,0.3,0,-0.005347606326595242,0.010781775603288413,0.0,-0.026456569536830468,0.06937593986934125,-0.5657638719197535,-0.8126850097002102,-0.40469445568595713,-0.48468180635298125,-0.7633585822065879,-0.44966050631773014,-0.5468203528529375,-0.8042281272458148,-0.3698820293903909,-0.49243712812813917,-0.7598907033447495,-0.44966050631773014,0.0,2026-02-10,381.0,0.0,275.0,1.0,1.0,203.0,-0.0052356140539444596,-0.007843177461025697,-0.006540245680609402,0.04016604172533533,-0.0052356140539444596,0.008697698969048944,0.009687025889921905,0.15,189.0,0.0,5.583496308781699,1.0,0.0,1.0,2026-02-16,-0.01621657158924528,-600.0,-1.0,2026-02-23,-0.01621657158924528,-600.0,-1.0,2026-02-26,-0.027175585378964782,-1000.0,-1.0,2026-03-13,0.015957785438610816,600.0,1.0,2026-03-28,0.036846273385966286,1400.0,1.0,2026-04-13,0.09701479485241912,3800.0,1.0,2026-05-12,0.05477248965411831,2100.0,1.0
2026-02-12,Thu,37700.0,37700.0,37400.0,36900.0,35600.0,35000.0,36500.0,35500.0,35000.0,34800.0,33300.0,-400.0,2026-02-12,2,0,36500.0,0,35000.0,0,34800.0,0,33300.0,37060.0,34366.666666666664,2693.3333333333358,3600.0,2060.0,4100.0,-0.010781775603287969,0.00816475978228338,0.3,0,-0.016129381929883644,0.0,-0.021448543407483627,-0.016129381929883644,0.05859416426605281,-0.9082946486988759,-1.0288882828356436,-0.7644228607401412,-0.9115853414429901,-1.0407507357212131,-0.8993210126354603,-0.8870245228070525,-1.0192741790002866,-0.718006292346053,-0.9169777752147945,-1.0271254342931202,-0.8993210126354603,0.0,2026-02-11,381.0,0.0,275.0,1.0,1.0,202.0,0.003944778291016249,-0.014332492900775762,-0.006540245680609402,0.023905520853555018,0.0,0.008671209730752198,0.016167000103060963,0.15,189.0,0.0,5.62040086571715,1.0,0.0,1.0,2026-02-17,-0.016393809775676383,-600.0,-1.0,2026-02-23,-0.005434795985956945,-200.0,-1.0,2026-02-27,-0.01364277640378649,-500.0,-1.0,2026-03-14,0.021448543407483475,800.0,1.0,2026-03-30,0.06555426525740667,2500.0,1.0,2026-04-13,0.10779657045570738,4200.0,1.0,2026-05-13,0.0553500950831649,2100.0,1.0
2026-02-13,Fri,37400.0,37400.0,37100.0,36500.0,35300.0,35000.0,36200.0,35200.0,34800.0,34600.0,33100.0,-400.0,2026-02-13,2,0,36200.0,0,34800.0,0,34600.0,0,33100.0,36740.0,34166.666666666664,2573.3333333333358,3400.0,1940.0,4000.0,-0.010899290458036504,0.008344956876690733,0.3,0,-0.021681066061324052,-0.0054644944720787375,-0.018996500690655036,-0.018996500690655036,0.04196419909903221,-1.1561603408095928,-1.206810411244085,-0.9695804667476057,-1.3266085613562755,-1.341031133780856,-1.3489815189531904,-1.133389643974599,-1.1961043276778314,-0.948502630513962,-1.1202468463214204,-1.1757803557118354,-1.1241512657943253,0.0,2026-02-12,382.0,0.0,275.0,1.0,1.0,201.0,0.0026212334798740855,-0.011711259420901676,-0.003919012200735317,0.026526754333429103,-0.003919012200735317,0.008671209730752198,0.21017100133983663,0.15,189.0,0.0,5.62040086571715,1.0,0.0,1.0,2026-02-18,-0.0027434859457508326,-100.0,-1.0,2026-02-23,0.005464494472078745,200.0,1.0,2026-02-28,-0.011019395249610538,-400.0,-1.0,2026-03-16,0.02702867238791942,1000.0,1.0,2026-03-30,0.07645355571544232,2900.0,1.0,2026-04-14,0.1283811666482069,5000.0,1.0,2026-05-14,0.05594001588233945,2100.0,1.0
2026-02-14,Sat,37400.0,37400.0,37000.0,36500.0,35500.0,35000.0,36200.0,35200.0,35200.0,35000.0,33500.0,0.0,2026-02-14,2,0,36200.0,0,35200.0,0,35000.0,0,33500.0,36760.0,34566.666666666664,2193.3333333333358,3000.0,1560.0,3500.0,0.0,0.008519840309930521,0.3,1,-0.02702867238791926,-0.0054644944720787375,-0.0054644944720787375,-0.0027359798188747488,0.04769487380801724,-1.9299758431132237,-1.7817519259979528,-1.7705382436260624,-2.127743277030717,-1.965420256805577,-2.2483025315886507,-1.9028524360391437,-1.7682856171135957,-1.6964464556532546,-2.1385773493280613,-1.9228996438350985,-2.2483025315886507,0.0,2026-02-13,380.5,0.0,275.0,1.0,1.0,200.0,0.001314924581309107,0.009240989853729786,-0.006548811878904992,0.022592323028594485,-0.009156375285986229,0.008696185971301666,-0.07611946572236455,0.15,189.0,0.0,5.62040086571715,1.0,0.0,1.0,2026-02-19,-0.005494519317640702,-200.0,-1.0,2026-02-24,0.0,0.0,0.0,2026-03-02,0.013605652055778678,500.0,1.0,2026-03-16,0.02702867238791942,1000.0,1.0,2026-03-31,0.10398971352404764,4000.0,1.0,2026-04-15,0.11625980611586202,4500.0,1.0,2026-05-15,0.061107986040782006,2300.0,1.0
2026-02-16,Mon,37600.0,37600.0,37200.0,36700.0,35700.0,35100.0,36500.0,35500.0,35200.0,35000.0,33500.0,200.0,2026-02-16,2,0,36500.0,0,35200.0,0,35000.0,0,33500.0,36960.0,34566.666666666664,2393.3333333333358,3200.0,1760.0,3700.0,0.0054644944720791955,0.008260291651770776,0.35,0,-0.021564177915840525,-0.010840214552864833,0.005464494472078745,0.016483889721689415,0.05315936828009585,-1.4559452693393657,-1.5085800122236686,-1.3489815189531904,-1.6401019627828903,-1.6853178098963773,-1.7986420252709205,-1.4329660294233046,-1.4958165437969233,-1.2876641771825907,-1.650892652854941,-1.6532304714275592,-1.7986420252709205,0.0,2026-02-13,380.5,0.0,275.0,1.0,1.0,200.0,0.001314924581309107,0.009240989853729786,-0.006548811878904992,0.022592323028594485,-0.009156375285986229,0.008696185971301666,-0.07611946572236455,0.15,189.0,0.0,5.62040086571715,3.0,0.0,1.0,2026-02-23,0.0,0.0,0.0,2026-02-26,-0.010959013789719543,-400.0,-1.0,2026-03-03,0.018893949359961613,700.0,1.0,2026-03-18,0.02688333939344045,1000.0,1.0,2026-04-02,0.11079531164378327,4300.0,1.0,2026-04-17,0.10345133738802477,4000.0,1.0,2026-05-18,0.06589999173589227,2500.0,1.0
2026-02-17,Tue,37100.0,37100.0,36800.0,36300.0,35300.0,35000.0,35900.0,35000.0,35000.0,34800.0,33300.0,-400.0,2026-02-17,2,0,35900.0,0,35000.0,0,34800.0,0,33300.0,36520.0,34366.666666666664,2153.3333333333358,3000.0,1520.0,3500.0,-0.010959013789719307,0.008119736145472843,0.35,0,-0.027175585378964782,-0.03252319170556006,-0.013680103904080154,0.008298802814695064,0.03933091206242354,-1.9441747783832883,-1.9442183393236603,-1.8548495885606369,-2.029407716182203,-2.0671573773765117,-2.2483025315886507,-1.9184703597495796,-1.9288757638139296,-1.7782029113473874,-2.039445431743021,-2.0232816223801535,-2.2483025315886507,0.0,2026-02-16,382.0,0.0,275.0,1.0,1.0,197.0,0.003934431304834618,0.013175421158564404,0.003934431304834618,0.026526754333429103,-0.006523180339123691,0.008733633205792762,0.22744704762470414,0.15,189.0,0.0,5.62040086571715,1.0,0.0,1.0,2026-02-23,0.010959013789719382,400.0,1.0,2026-02-27,0.0027510333718897976,100.0,1.0,2026-03-05,0.03252319170555993,1200.0,1.0,2026-03-19,0.037842353183159934,1400.0,1.0,2026-04-03,0.11195032533688185,4300.0,1.0,2026-04-18,0.11686434013931095,4500.0,1.0,2026-05-18,0.07685900552561178,2900.0,1.0
2026-02-18,Wed,37200.0,37200.0,36900.0,36400.0,35400.0,35200.0,36100.0,35200.0,35200.0,35000.0,33500.0,100.0,2026-02-18,2,0,36100.0,0,35200.0,0,35000.0,0,33500.0,36620.0,34566.666666666664,2053.3333333333358,2900.0,1420.0,3400.0,0.002751033371890088,0.008317469997683657,0.35,0,-0.01364277640378649,-0.029772158333670144,-0.01634913800152941,0.011049836186584935,0.05071509257901643,-2.09560127126752,-2.1879636738903243,-2.0656279508970727,-2.169311729893719,-2.3150788780049365,-2.473132784747516,-2.070120465933626,-2.1707233692780967,-1.9825940505827193,-2.178607853580047,-2.265050885894536,-2.473132784747516,0.0,2026-02-17,377.0,75.0,300.0,0.0,1.0,196.0,-0.010554187678690319,-0.01578980173263478,-0.00792606527242068,0.005319161477600254,-0.020998146839773746,0.008654824643323789,-0.742121876080443,0.15,189.0,4.330733340286331,5.62040086571715,1.0,0.0,1.0,2026-02-23,0.008207980417829582,300.0,1.0,2026-02-28,-0.00827590930385971,-300.0,-1.0,2026-03-05,0.02977215833367005,1100.0,1.0,2026-03-20,0.03509131981127019,1300.0,1.0,2026-04-04,0.11411330676742105,4400.0,1.0,2026-04-20,0.11165931780585435,4300.0,1.0,2026-05-19,0.06385147198653277,2400.0,1.0
2026-02-19,Thu,37000.0,37000.0,36700.0,36300.0,35400.0,35200.0,35900.0,35200.0,35200.0,35000.0,33500.0,-100.0,2026-02-19,2,0,35900.0,0,35200.0,0,35000.0,0,33500.0,36480.0,34566.666666666664,1913.3333333333358,2800.0,1280.0,3200.0,-0.002751033371890088,0.00809219252177189,0.35,0,-0.005494519317640702,-0.027175585378964782,-0.019100171373419378,0.008298802814695064,0.056672387098910836,-2.3184675906671743,-2.449593789728419,-2.3607176581680833,-2.2990009057578247,-2.501431187018792,-2.697963037906381,-2.292925024548767,-2.4312162501286703,-2.268741645512184,-2.4990718356582184,-2.626439980759228,-2.922793291065246,0.0,2026-02-18,376.0,10.0,305.0,0.0,1.0,195.0,-0.013210231736806577,-0.009265453445790328,-0.002656044058116258,-0.003981425299184771,-0.023654190897890004,0.00915569814098393,-0.9130549069606587,0.2,189.0,2.3978952727983707,5.62040086571715,1.0,0.0,1.0,2026-02-24,0.00549451931764078,200.0,1.0,2026-03-02,0.01910017137341943,700.0,1.0,2026-03-06,0.04576841845558059,1700.0,1.0,2026-03-21,0.04576841845558059,1700.0,1.0,2026-04-06,0.13868338753395063,5400.0,1.0,2026-04-20,0.11441035117774412,4400.0,1.0,2026-05-20,0.058840500022933395,2200.0,1.0
2026-02-20,Fri,37000.0,37000.0,36700.0,36300.0,35300.0,35300.0,35800.0,35300.0,35100.0,34800.0,33300.0,0.0,2026-02-20,2,0,35800.0,0,35100.0,0,34800.0,0,33300.0,36460.0,34400.0,2060.0,3000.0,1360.0,3400.0,0.0,0.00787455751757842,0.3,1,-0.005494519317640702,-0.03252319170556006,-0.010959013789719543,-0.010959013789719543,0.056672387098910836,-1.9533000949503918,-2.1432173940590244,-2.051576060074649,-1.8457339537993198,-2.0886323278948433,-2.2483025315886507,-2.057514416566524,-2.245444471761716,-2.1052287341239184,-2.0228396972463045,-2.2199904763814255,-2.473132784747516,0.0,2026-02-19,374.5,0.0,305.0,1.0,1.0,194.0,-0.01982880564930145,-0.017207572169427365,-0.021136850309316557,-0.00930239266231414,-0.02894939004610997,0.009002133714604314,-1.1770864549980204,0.25,214.0,0.0,5.62040086571715,1.0,0.0,1.0,2026-02-25,0.0,0.0,0.0,2026-03-02,0.01910017137341943,700.0,1.0,2026-03-07,0.058840500022933395,2200.0,1.0,2026-03-23,0.05363215491579511,2000.0,1.0,2026-04-06,0.13868338753395063,5400.0,1.0,2026-04-21,0.11441035117774412,4400.0,1.0,2026-05-22,0.058840500022933395,2200.0,1.0
2026-02-23,Mon,37300.0,37300.0,37000.0,36700.0,35800.0,35400.0,36200.0,35800.0,35400.0,35200.0,33700.0,400.0,2026-02-23,2,0,36200.0,0,35400.0,0,35200.0,0,33700.0,36820.0,34766.666666666664,2053.3333333333358,3000.0,1420.0,3300.0,0.010959013789719307,0.007634666772806246,0.35,0,0.0,-0.021564177915840525,0.0,-0.013532006218576273,0.06763140088863027,-1.8992352195985267,-2.121481420578958,-2.0656279508970727,-1.7917722788666623,-2.054652010286656,-2.2483025315886507,-1.8687747861858237,-2.1002855741843574,-1.9825940505827193,-2.1314424485343335,-2.3580060540794983,-2.697963037906381,0.0,2026-02-20,375.5,0.0,305.0,1.0,1.0,193.0,-0.01322770609755164,-0.011912781516242532,-0.01322770609755164,-0.011912781516242532,-0.03016622182559292,0.00834755612444685,-0.9424550540270435,0.2,252.0,0.0,5.707110264748875,3.0,0.0,1.0,2026-02-28,-0.01648388972168937,-600.0,-1.0,2026-03-05,0.02156417791584064,800.0,1.0,2026-03-10,0.055643491568703234,2100.0,1.0,2026-03-25,0.042673141126075696,1600.0,1.0,2026-04-09,0.11323136644166433,4400.0,1.0,2026-04-24,0.11079531164378327,4300.0,1.0,2026-05-25,0.040058760552004954,1500.0,1.0
2026-02-24,Tue,37000.0,37000.0,36700.0,36500.0,35500.0,35400.0,36000.0,35500.0,35300.0,35100.0,33600.0,-200.0,2026-02-24,2,0,36000.0,0,35300.0,0,35100.0,0,33600.0,36540.0,34666.666666666664,1873.3333333333358,2900.0,1240.0,3100.0,-0.0054644944720791955,0.007873807688944386,0.3,0,0.00549451931764078,-0.021681066061324052,-0.010899290458035631,-0.021681066061324052,0.06216690641655154,-2.1631105613388697,-2.412448753728514,-2.4450290031026576,-1.9200457148721077,-2.2044169472142725,-2.473132784747516,-2.1322799877108696,-2.3901437283090714,-2.3504981012063166,-2.395140269665636,-2.6645470855121896,-3.147623544224111,0.0,2026-02-23,381.0,0.0,305.0,1.0,1.0,190.0,-0.0026212334798740855,0.0013131978249605325,-0.006540245680609402,-0.010443959161083427,-0.02462859415303953,0.00832614603675438,0.17058374820610886,0.2,265.0,0.0,5.723585101952381,1.0,0.0,1.0,2026-03-02,0.013605652055778678,500.0,1.0,2026-03-06,0.0402738991379399,1500.0,1.0,2026-03-11,0.050745199005235254,1900.0,1.0,2026-03-26,0.0455232550240836,1700.0,1.0,2026-04-10,0.1138178024603102,4400.0,1.0,2026-04-25,0.11625980611586202,4500.0,1.0,2026-05-25,0.0455232550240836,1700.0,1.0
2026-02-25,Wed,36900.0,36900.0,36600.0,36300.0,35400.0,35200.0,35900.0,35400.0,35100.0,34900.0,33400.0,-200.0,2026-02-25,2,0,35900.0,0,35100.0,0,34900.0,0,33400.0,36420.0,34466.666666666664,1953.3333333333358,2900.0,1320.0,3200.0,-0.005494519317640112,0.0077503986130555876,0.3,0,-0.002751033371889871,-0.016393809775676383,-0.016393809775676383,-0.03784235318315999,0.06252035698133393,-1.9484465477450696,-2.2247394606964352,-2.276406313233509,-1.8730933007611759,-2.1673170905920425,-2.473132784747516,-1.9207687977492438,-2.2043177157653457,-2.186985189818051,-2.12378794821993,-2.4293665557811512,-2.922793291065246,0.0,2026-02-24,380.0,0.0,305.0,1.0,1.0,189.0,0.00792606527242068,-0.0026281224062696396,-0.010471299867295336,-0.009168368086879042,-0.03109058707003065,0.008806518609656887,0.005105425216184185,0.2,270.0,0.0,5.723585101952381,1.0,0.0,1.0,2026-03-02,0.01910017137341943,700.0,1.0,2026-03-07,0.058840500022933395,2200.0,1.0,2026-03-12,0.04576841845558059,1700.0,1.0,2026-03-27,0.05363215491579511,2000.0,1.0,2026-04-11,0.11686434013931095,4500.0,1.0,2026-04-27,0.12175432543350279,4700.0,1.0,2026-05-26,0.058840500022933395,2200.0,1.0
2026-02-26,Thu,36900.0,36900.0,36600.0,36300.0,35400.0,35200.0,35900.0,35400.0,35100.0,34900.0,33400.0,0.0,2026-02-26,2,0,35900.0,0,35100.0,0,34900.0,0,33400.0,36420.0,34466.666666666664,1953.3333333333358,2900.0,1320.0,3200.0,0.0,0.007633868121306129,0.25,1,0.0,-0.005494519317640702,-0.010959013789719543,-0.024491020008295755,0.07135693878183204,-1.8952410375323048,-2.197500403421361,-2.276406313233509,-1.8286737322571969,-2.1391137620406155,-2.473132784747516,-1.869084908706849,-2.177776924502279,-2.186985189818051,-2.051168372019593,-2.390854176490039,-2.922793291065246,0.0,2026-02-25,380.0,0.0,305.0,1.0,1.0,188.0,0.010582109330536937,-0.0026281224062696396,-0.0169606153070454,-0.009168368086879042,-0.022121917087270404,0.008812092054650162,0.04853981733084598,0.2,275.0,0.0,5.723585101952381,1.0,0.0,1.0,2026-03-03,0.02985296314968113,1100.0,1.0,2026-03-09,0.058840500022933395,2200.0,1.0,2026-03-13,0.04313337081757557,1600.0,1.0,2026-03-28,0.06402185876493102,2400.0,1.0,2026-04-13,0.12419038023138383,4800.0,1.0,2026-04-27,0.12175432543350279,4700.0,1.0,2026-05-27,0.06917650935359557,2600.0,1.0
2026-02-27,Fri,37000.0,37000.0,36700.0,36400.0,35500.0,35200.0,36000.0,35500.0,35100.0,34900.0,33400.0,100.0,2026-02-27,2,0,36000.0,0,35100.0,0,34900.0,0,33400.0,36520.0,34466.666666666664,2053.3333333333358,3000.0,1420.0,3300.0,0.002751033371890088,0.00740130974516567,0.3,0,0.0027510333718897976,-0.0027434859457508326,-0.008207980417829622,-0.008207980417829622,0.06527139035322381,-1.6839946420613874,-1.986549811670097,-2.0656279508970727,-1.6253610708392097,-1.9251602868346347,-2.2483025315886507,-1.6599644901494217,-1.968449215079691,-1.9825940505827193,-1.8324983167225946,-2.175814385154574,-2.697963037906381,0.0,2026-02-26,380.5,0.0,305.0,1.0,1.0,187.0,0.015894374344466833,-0.003934431304834618,-0.015645690725736294,-0.007853443505569935,-0.005242475964849724,0.008658413701810282,0.19294145956043468,0.2,275.0,0.0,5.723585101952381,1.0,0.0,1.0,2026-03-05,0.02977215833367005,1100.0,1.0,2026-03-09,0.05608946665104358,2100.0,1.0,2026-03-14,0.03509131981127019,1300.0,1.0,2026-03-30,0.0791970416611931,3000.0,1.0,2026-04-13,0.12143934685949394,4700.0,1.0,2026-04-28,0.11165931780585435,4300.0,1.0,2026-05-28,0.07665574423252051,2900.0,1.0
2026-02-28,Sat,36700.0,36700.0,36400.0,36100.0,35200.0,35000.0,35700.0,35200.0,34800.0,34600.0,33100.0,-300.0,2026-02-28,2,0,35700.0,0,34800.0,0,34600.0,0,33100.0,36220.0,34166.666666666664,2053.3333333333358,3000.0,1420.0,3300.0,-0.008275909303860018,0.007207406875156031,0.25,0,-0.01648388972168937,-0.01648388972168937,-0.027324104274554246,-0.011019395249610538,0.04533354130152119,-1.6504206485370325,-1.9784162427007415,-2.0656279508970727,-1.5980728802077595,-1.9148608972286532,-2.2483025315886507,-1.6272808642826049,-1.960589931377641,-1.9825940505827193,-1.7849189614282774,-2.15955734978446,-2.697963037906381,0.0,2026-02-27,379.0,0.0,305.0,1.0,1.0,186.0,0.009277733878237271,-0.003949972219314368,0.005291017634415418,-0.01049878409821936,-0.009192448184164093,0.008670176338649166,-0.13399951926812534,0.2,275.0,0.0,5.723585101952381,1.0,0.0,1.0,2026-03-05,0.038048067637529964,1400.0,1.0,2026-03-10,0.07212738129039248,2700.0,1.0,2026-03-16,0.038048067637529964,1400.0,1.0,2026-03-30,0.0874729509650529,3300.0,1.0,2026-04-14,0.1394005618978173,5400.0,1.0,2026-04-29,0.11005860361380206,4200.0,1.0,2026-05-29,0.07982960165248494,3000.0,1.0
2026-03-02,Mon,37600.0,37600.0,37300.0,37000.0,36000.0,35500.0,36400.0,35800.0,35200.0,35000.0,33500.0,900.0,2026-03-02,2,0,36400.0,0,35200.0,0,35000.0,0,33500.0,37100.0,34566.666666666664,2533.3333333333358,3500.0,1900.0,3800.0,0.024625047305388392,0.007275943342312847,0.25,0,0.013605652055778678,0.01910017137341943,-0.013423020332140661,0.005420067469339113,0.06995858860691047,-0.8140588126783129,-1.0726489491835156,-1.05389181168218,-0.7308680572190066,-0.9615978405433007,-1.1241512657943253,-0.796178973539243,-1.0592083505411742,-1.0015165822531262,-0.9585930869649575,-1.2510173307075885,-1.5738117721120555,0.0,2026-02-27,379.0,0.0,305.0,1.0,1.0,186.0,0.009277733878237271,-0.003949972219314368,0.005291017634415418,-0.01049878409821936,-0.009192448184164093,0.008670176338649166,-0.13399951926812534,0.2,275.0,0.0,5.723585101952381,3.0,0.0,1.0,2026-03-07,0.03974032864951412,1500.0,1.0,2026-03-12,0.026668247082161273,1000.0,1.0,2026-03-17,0.026668247082161273,1000.0,1.0,2026-04-01,0.09038406146826894,3500.0,1.0,2026-04-16,0.09776416876589163,3800.0,1.0,2026-05-01,0.08543355630841283,3300.0,1.0,2026-06-01,0.050076337980176085,1900.0,1.0
2026-03-03,Tue,38000.0,38000.0,37700.0,37400.0,36400.0,35600.0,36800.0,36200.0,35500.0,35300.0,33800.0,400.0,2026-03-03,2,0,36800.0,0,35500.0,0,35300.0,0,33800.0,37500.0,34866.666666666664,2633.3333333333358,3600.0,2000.0,3900.0,0.010752791776262427,0.009281517533079969,0.25,0,0.02985296314968113,0.02710192977779118,-0.0026702285558789208,0.010752791776261697,0.08071138038317227,-0.6386913622490357,-0.8756168536070857,-0.8175645569413275,-0.5581138403792846,-0.7615148667323918,-0.8993210126354603,-0.6218761798080752,-0.8629601565917304,-0.7971254430177943,-0.7892585296261142,-1.0619578854286649,-1.3489815189531904,0.0,2026-03-02,383.5,10.0,310.0,0.0,0.0,183.0,0.006540245680609402,0.003919012200735317,0.01709443335929972,0.007853443505569935,-0.0039037134804740248,0.006630718965244589,0.8871251632230103,0.2,275.0,2.3978952727983707,5.723585101952381,1.0,0.0,1.0,2026-03-09,0.028987536873252187,1100.0,1.0,2026-03-13,0.013280407667894466,500.0,1.0,2026-03-18,0.007989390033478861,300.0,1.0,2026-04-02,0.0919013622838215,3600.0,1.0,2026-04-17,0.08455738802806297,3300.0,1.0,2026-05-02,0.0796312696920073,3100.0,1.0,2026-06-01,0.0393235462039143,1500.0,1.0
2026-03-05,Thu,38100.0,38100.0,37800.0,37500.0,36500.0,35600.0,36900.0,36300.0,35500.0,35300.0,33800.0,100.0,2026-03-05,2,0,36900.0,0,35500.0,0,35300.0,0,33800.0,37600.0,34866.666666666664,2733.3333333333358,3700.0,2100.0,4000.0,0.0026702285558783956,0.009376306602968891,0.2,0,0.03252319170555993,0.03252319170555993,0.005347606326595277,0.01342302033214077,0.07185410376798372,-0.46857808221076536,-0.6721770708818188,-0.5951389054205252,-0.3898881080130628,-0.5565657042855015,-0.6744907594765952,-0.45269347274808924,-0.6603718380954505,-0.5753009419065077,-0.6261609895513746,-0.866883195782203,-0.9635582278237075,0.0,2026-03-04,387.0,0.0,310.0,1.0,1.0,181.0,0.01825344030935039,0.028835549639887326,0.019570096194096998,0.026179505581771068,0.005181358741997322,0.00628994432334892,1.6873362727133392,0.25,275.0,0.0,5.723585101952381,1.0,0.0,1.0,2026-03-10,0.03407931365286258,1300.0,1.0,2026-03-16,0.0,0.0,0.0,2026-03-20,0.005319161477600027,200.0,1.0,2026-04-04,0.08434114843375096,3300.0,1.0,2026-04-20,0.08188715947218411,3200.0,1.0,2026-05-04,0.07942713363132183,3100.0,1.0,2026-06-03,0.031498667059371016,1200.0,1.0
2026-03-06,Fri,38600.0,38600.0,38300.0,38000.0,37000.0,36000.0,37500.0,37000.0,36000.0,35800.0,34300.0,500.0,2026-03-06,2,0,37500.0,0,36000.0,0,35800.0,0,34300.0,38100.0,35366.666666666664,2733.3333333333358,3700.0,2100.0,4000.0,0.013245226750020933,0.009114166183175674,0.2,0,0.04301738508369086,0.04576841845558059,0.013245226750020723,0.03480940466586115,0.08509933051800433,-0.4600999003379196,-0.6600359353268354,-0.5951389054205252,-0.3839201975131336,-0.5461153795978543,-0.6744907594765952,-0.44433635333950694,-0.6483339110984033,-0.5753009419065077,-0.6140175491746453,-0.8523932805078791,-0.8431134493457441,0.0,2026-03-05,387.5,0.0,310.0,1.0,1.0,180.0,0.018229671491661215,0.03412404583612805,0.016916473666700682,0.01298719552681149,0.01037622798609128,0.005918186343050049,1.7729101124378825,0.2,287.5,0.0,5.739792912179234,1.0,0.0,1.0,2026-03-11,0.010471299867295437,400.0,1.0,2026-03-16,-0.01324522675002068,-500.0,-1.0,2026-03-21,0.0,0.0,0.0,2026-04-06,0.09291496907836996,3700.0,1.0,2026-04-20,0.06864193272216364,2700.0,1.0,2026-05-05,0.06618190688130118,2600.0,1.0,2026-06-04,0.0182534403093503,700.0,1.0
2026-03-07,Sat,39100.0,39100.0,38800.0,38500.0,37500.0,36500.0,38000.0,37500.0,36700.0,36500.0,35000.0,500.0,2026-03-07,2,0,38000.0,0,36700.0,0,36500.0,0,35000.0,38600.0,36066.666666666664,2533.3333333333358,3500.0,1900.0,3800.0,0.013072081567353067,0.00941329408874697,0.2,0,0.06436537595490334,0.047881486233214005,0.026317308317373358,0.047881486233214005,0.08394642115400969,-0.7778039570593931,-1.0305664156304326,-0.9918981757008754,-0.7066567256550776,-0.9206436704249334,-1.1241512657943253,-0.7606256633678103,-1.017423545706865,-0.9720602121868579,-0.9042914029873459,-1.2004878778059442,-1.1803588290840417,0.0,2026-03-06,387.5,0.0,310.0,1.0,1.0,179.0,0.022179643710975583,0.031457377589212854,0.01954459607297032,0.018229671491661215,0.011680859612756223,0.005877792948025804,1.723987241131234,0.2,302.5,0.0,5.739792912179234,1.0,0.0,1.0,2026-03-12,-0.013072081567352775,-500.0,-1.0,2026-03-17,-0.013072081567352775,-500.0,-1.0,2026-03-23,-0.005208345107138235,-200.0,-1.0,2026-04-06,0.07984288751101724,3200.0,1.0,2026-04-21,0.055569851154810786,2200.0,1.0,2026-05-06,0.04320875433123674,1700.0,1.0,2026-06-05,0.0,0.0,0.0
2026-03-09,Mon,39100.0,39100.0,38800.0,38500.0,37500.0,36500.0,38000.0,37500.0,36500.0,36300.0,34800.0,0.0,2026-03-09,2,0,38000.0,0,36500.0,0,36300.0,0,34800.0,38600.0,35866.666666666664,2733.3333333333358,3700.0,2100.0,4000.0,0.0,0.009671931464571916,0.15,2,0.03974032864951412,0.053345980705292714,0.0316649146439687,0.04244669024725705,0.08394642115400969,-0.43146733337562043,-0.6311002856974529,-0.5286549195897637,-0.36031042767547533,-0.5209117192502632,-0.5781349366942244,-0.41609003799176303,-0.619663537226391,-0.4921959596180559,-0.5784462640102477,-0.8183991950884755,-0.7494341771962169,0.0,2026-03-06,387.5,0.0,310.0,1.0,1.0,179.0,0.022179643710975583,0.031457377589212854,0.01954459607297032,0.018229671491661215,0.011680859612756223,0.005877792948025804,1.723987241131234,0.2,302.5,0.0,5.739792912179234,3.0,0.0,1.0,2026-03-14,-0.02099814683977347,-800.0,-1.0,2026-03-19,-0.02099814683977347,-800.0,-1.0,2026-03-25,-0.005208345107138235,-200.0,-1.0,2026-04-08,0.08462758563435353,3400.0,1.0,2026-04-23,0.06534988020845041,2600.0,1.0,2026-05-08,0.03320867099665339,1300.0,1.0,,,,
2026-03-10,Tue,39400.0,39400.0,39100.0,38800.0,37800.0,36800.0,38300.0,37800.0,36700.0,36500.0,35000.0,300.0,2026-03-10,2,0,38300.0,0,36700.0,0,36500.0,0,35000.0,38900.0,36066.666666666664,2833.3333333333358,3800.0,2200.0,4100.0,0.007762005335489874,0.009377285468623297,0.2,0,0.03674954220874144,0.06660250535842259,0.0502086955827462,0.0502086955827462,0.09453728268997676,-0.2584539951772977,-0.42753754612900485,-0.3099011597595167,-0.18555823126958565,-0.31792383105054334,-0.385423291129483,-0.24921679586651965,-0.41690966065838664,-0.3099011597595167,-0.41241918424326673,-0.6233516143177412,-0.5395926075812761,0.0,2026-03-09,389.0,0.0,310.0,1.0,1.0,176.0,0.01423972281113528,0.020779968491744683,0.022093166316705215,0.01423972281113528,0.015544354437800223,0.005825182688610537,1.9952975529376336,0.15,305.0,0.0,5.739792912179234,1.0,0.0,1.0,2026-03-16,-0.03407931365286262,-1300.0,-1.0,2026-03-20,-0.028760152175262687,-1100.0,-1.0,2026-03-25,-0.012970350442627404,-500.0,-1.0,2026-04-09,0.05758787487296118,2300.0,1.0,2026-04-24,0.055151820075080064,2200.0,1.0,2026-05-09,0.022930941063916892,900.0,1.0,,,,
2026-03-11,Wed,38900.0,38900.0,38700.0,38400.0,37500.0,36500.0,38000.0,37500.0,36200.0,36000.0,34500.0,-400.0,2026-03-11,2,0,38000.0,0,36200.0,0,36000.0,0,34500.0,38480.0,35566.666666666664,2913.3333333333358,3900.0,2280.0,4200.0,-0.010362787035546717,0.0092882935679349,0.2,0,0.023716526617316065,0.05623971832287611,0.050745199005235254,0.045280704533156496,0.08417449565443019,-0.1281285542158928,-0.2657918330363248,-0.1640653198726853,-0.024577516773717795,-0.11887442413670232,-0.1927116455647415,-0.11947965382042348,-0.25578436159945067,-0.1640653198726853,-0.2597272095774717,-0.431740122831312,-0.40469445568595713,0.0,2026-03-10,388.5,0.0,310.0,1.0,1.0,175.0,0.007751976804318161,0.022121917087270404,0.019493794681000765,0.011650617219975068,0.014258180627056305,0.005860725845358365,1.8143790441156789,0.15,305.0,0.0,5.739792912179234,1.0,0.0,1.0,2026-03-16,-0.023716526617316044,-900.0,-1.0,2026-03-21,-0.010471299867295366,-400.0,-1.0,2026-03-26,-0.0052219439811517126,-200.0,-1.0,2026-04-10,0.06307260345507495,2500.0,1.0,2026-04-25,0.06551460711062657,2600.0,1.0,2026-05-11,0.030771658666753687,1200.0,1.0,,,,
2026-03-12,Thu,38600.0,38600.0,38300.0,38000.0,37000.0,36200.0,37500.0,37000.0,36000.0,35800.0,34300.0,-400.0,2026-03-12,2,0,37500.0,0,36000.0,0,35800.0,0,34300.0,38100.0,35366.666666666664,2733.3333333333358,3700.0,2100.0,4000.0,-0.010471299867296224,0.009356243630247028,0.2,0,0.0,0.04301738508369086,0.0402738991379399,0.03480940466586115,0.0737031957871346,-0.4200670321761566,-0.6024106489907564,-0.4921959596180559,-0.3551149706556532,-0.49702242122545,-0.5781349366942244,-0.4101058387890212,-0.5911473169632631,-0.4921959596180559,-0.5566556324254377,-0.7846595673481688,-0.6744907594765952,0.0,2026-03-11,389.5,0.0,310.0,1.0,1.0,174.0,0.006439172281020866,0.024692612590371255,0.022064490184101615,0.007731997283325853,0.016828876130157155,0.005884631161093637,1.957346073839657,0.15,305.0,0.0,5.739792912179234,1.0,0.0,1.0,2026-03-17,0.0,0.0,0.0,2026-03-23,0.007863736460214451,300.0,1.0,2026-03-27,0.007863736460214451,300.0,1.0,2026-04-11,0.07109592168373026,2800.0,1.0,2026-04-27,0.07598590697792205,3000.0,1.0,2026-05-11,0.041242958534049,1600.0,1.0,,,,
2026-03-13,Fri,38500.0,38500.0,38200.0,37900.0,36900.0,36200.0,37400.0,36900.0,36200.0,36000.0,34500.0,-100.0,2026-03-13,2,0,37400.0,0,36200.0,0,36000.0,0,34500.0,38000.0,35566.666666666664,2433.3333333333358,3400.0,1800.0,3700.0,-0.002635047638005261,0.009426867158875004,0.15,0,-0.01570712920535788,0.0486582467495454,0.032174357027856114,0.02133414247499114,0.057003218681726114,-0.9005557809509436,-1.1710989186193381,-1.0390803591936737,-0.8434443694112621,-1.0690078473882851,-1.1562698733884489,-0.8884914949971013,-1.1578671608242856,-1.0390803591936737,-0.9959987203956961,-1.3181361638203057,-1.0791852151625523,0.0,2026-03-12,399.0,0.0,310.0,1.0,1.0,173.0,0.029245568096461838,0.04747523958812305,0.043540808283288435,0.03182954886238676,0.05010682005417877,0.005890293463821684,3.7620287985386422,0.15,305.0,0.0,5.739792912179234,1.0,0.0,1.0,2026-03-18,-0.005291017634415548,-200.0,-1.0,2026-03-23,0.01049878409821957,400.0,1.0,2026-03-28,0.02088848794735553,800.0,1.0,2026-04-13,0.08105700941380833,3200.0,1.0,2026-04-27,0.07862095461592708,3100.0,1.0,2026-05-12,0.03881470421550747,1500.0,1.0,2026-06-15,0.01049878409821957,400.0,1.0
2026-03-14,Sat,38300.0,38300.0,38000.0,37700.0,36700.0,36200.0,37000.0,36500.0,36200.0,36000.0,34500.0,-200.0,2026-03-14,2,0,37000.0,0,36200.0,0,36000.0,0,34500.0,37800.0,35566.666666666664,2233.3333333333358,3200.0,1600.0,3500.0,-0.00529101763441453,0.009162449646709387,0.15,0,-0.02099814683977347,0.018742181809740664,0.037842353183159934,0.005319161477600027,0.03509131981127019,-1.202567309901081,-1.5405601025428333,-1.2983947119924457,-1.143741577621464,-1.4429731706914515,-1.4453373417355613,-1.19744449259992,-1.5262745512801033,-1.2983947119924457,-1.2617763614771358,-1.660202829799005,-1.3489815189531904,0.0,2026-03-13,400.0,23.0,314.0,0.0,0.0,172.0,0.031748698314579826,0.05392834202555541,0.04997836980624104,0.05921935965997083,0.05260995027229676,0.007822332062130524,3.504720680224591,0.15,305.0,3.1780538303479458,5.739792912179234,1.0,0.0,1.0,2026-03-19,0.0,0.0,0.0,2026-03-25,0.015789801732635292,600.0,1.0,2026-03-30,0.04410572184992309,1700.0,1.0,2026-04-13,0.08634802704822392,3400.0,1.0,2026-04-28,0.07656799799458433,3000.0,1.0,2026-05-13,0.033901551675681416,1300.0,1.0,2026-06-15,0.015789801732635292,600.0,1.0
2026-03-16,Mon,38100.0,38100.0,37800.0,37500.0,36700.0,36200.0,37100.0,36600.0,36000.0,35800.0,34300.0,-200.0,2026-03-16,2,0,37100.0,0,36000.0,0,35800.0,0,34300.0,37640.0,35366.666666666664,2273.3333333333358,3200.0,1640.0,3500.0,-0.005319161477601142,0.008977368577330275,0.15,0,-0.03407931365286262,0.002670228555878892,0.02977215833367005,0.0,0.02702867238791942,-1.1041136449092994,-1.4339659919423093,-1.1136940447171688,-1.1126157622356299,-1.4168930676038307,-1.264670174018616,-1.0993974419230401,-1.4204115898065741,-1.1136940447171688,-1.2234350455183136,-1.6259517656645224,-1.3489815189531904,0.0,2026-03-13,400.0,23.0,314.0,0.0,0.0,172.0,0.031748698314579826,0.05392834202555541,0.04997836980624104,0.05921935965997083,0.05260995027229676,0.007822332062130524,3.504720680224591,0.15,305.0,3.1780538303479458,5.739792912179234,3.0,0.0,1.0,2026-03-21,0.013245226750020723,500.0,1.0,2026-03-26,0.01849458263616431,700.0,1.0,2026-03-31,0.0769610411361284,3000.0,1.0,2026-04-15,0.08923113372794261,3500.0,1.0,2026-04-30,0.06703540133615829,2600.0,1.0,2026-05-15,0.03407931365286258,1300.0,1.0,2026-06-15,0.021108963210235265,800.0,1.0
2026-03-17,Tue,38600.0,38600.0,38300.0,38000.0,37300.0,36500.0,37700.0,37200.0,36400.0,36200.0,34700.0,500.0,2026-03-17,2,0,37700.0,0,36400.0,0,36200.0,0,34700.0,38160.0,35766.666666666664,2393.3333333333358,3300.0,1760.0,3600.0,0.013245226750020933,0.008800861691239701,0.15,0,-0.010471299867295366,0.013245226750020723,0.04576841845558059,0.018592833076615925,0.03208831455150045,-0.8826090129364519,-1.1777421540592765,-0.8891014556736937,-0.9202870495420027,-1.19845774194694,-1.011736139214893,-0.8785808521217559,-1.1652585162010287,-0.8891014556736937,-1.039880213491757,-1.4143677910758605,-1.1466342911102119,0.0,2026-03-16,400.0,13.0,311.0,0.0,0.0,169.0,0.027885203489535826,0.042124926300671106,0.04604393850140642,0.05921935965997083,0.05129329438755015,0.007688928598913114,3.138510612228444,0.2,305.0,2.6390573296152584,5.739792912179234,1.0,0.0,1.0,2026-03-23,0.007863736460214451,300.0,1.0,2026-03-27,0.007863736460214451,300.0,1.0,2026-04-01,0.06371581438610778,2500.0,1.0,2026-04-16,0.07109592168373026,2800.0,1.0,2026-05-01,0.0587653092262516,2300.0,1.0,2026-05-16,0.028536307264934297,1100.0,1.0,2026-06-15,0.007863736460214451,300.0,1.0
2026-03-18,Wed,38400.0,38400.0,38100.0,37700.0,37100.0,36500.0,37400.0,36900.0,36200.0,36000.0,34500.0,-300.0,2026-03-18,2,0,37400.0,0,36200.0,0,36000.0,0,34500.0,37940.0,35566.666666666664,2373.3333333333358,3200.0,1740.0,3600.0,-0.007926065272419791,0.009128746815275299,0.15,0,-0.007926065272420716,-0.007926065272420716,0.037842353183159934,0.005319161477600027,0.0026560440581162104,-0.8946848718561342,-1.1962933929843824,-0.8797705558390372,-1.0596447911693012,-1.3720166560932392,-1.0492078480747036,-0.8906873153744408,-1.1839751598713049,-0.8797705558390372,-1.0138545488984692,-1.3884633221664584,-1.0423948101001925,0.0,2026-03-17,402.0,0.0,359.0,1.0,1.0,168.0,0.03415891881131916,0.04191089561563732,0.06420690117101024,0.048417099438375466,0.058915883536594826,0.007700590360418504,3.159984667348164,0.25,305.0,0.0,5.739792912179234,1.0,0.0,1.0,2026-03-23,0.015789801732635292,600.0,1.0,2026-03-28,0.026179505581771078,1000.0,1.0,2026-04-02,0.08391197225034265,3300.0,1.0,2026-04-17,0.07656799799458433,3000.0,1.0,2026-05-02,0.07164187965852839,2800.0,1.0,2026-05-18,0.03901665234245172,1500.0,1.0,2026-06-16,0.015789801732635292,600.0,1.0
2026-03-19,Thu,38400.0,38400.0,38100.0,37700.0,37000.0,36300.0,37400.0,36900.0,36200.0,36000.0,34500.0,0.0,2026-03-19,2,0,37400.0,0,36200.0,0,36000.0,0,34500.0,37920.0,35566.666666666664,2353.3333333333358,3200.0,1720.0,3600.0,0.0,0.00906108867380264,0.1,1,-0.005291017634415548,-0.02099814683977347,0.02688333939344045,0.005319161477600027,-0.02099814683977347,-0.8965038496835,-1.214409721430195,-0.8797705558390372,-1.0253269764645772,-1.347226891877521,-1.0492078480747036,-0.8925188167368086,-1.2022723824412447,-0.8797705558390372,-0.9808722198893279,-1.3631615069400091,-0.9197601265589934,0.0,2026-03-18,399.0,8.0,363.0,0.0,1.0,167.0,0.024097551579060905,0.03053672386008177,0.0593722734999691,0.05010682005417877,0.05142521180743742,0.0067972227278813285,2.456868418295177,0.2,307.5,2.1972245773362196,5.752572638825633,1.0,0.0,1.0,2026-03-25,0.015789801732635292,600.0,1.0,2026-03-30,0.04410572184992309,1700.0,1.0,2026-04-03,0.07410797215372183,2900.0,1.0,2026-04-18,0.07902198695615098,3100.0,1.0,2026-05-04,0.07410797215372183,2900.0,1.0,2026-05-18,0.03901665234245172,1500.0,1.0,2026-06-17,0.007926065272420723,300.0,1.0
2026-03-20,Fri,38400.0,38400.0,38100.0,37700.0,37000.0,36500.0,37500.0,37000.0,36800.0,36600.0,35100.0,0.0,2026-03-20,2,0,37500.0,0,36800.0,0,36600.0,0,35100.0,37920.0,36166.666666666664,1753.3333333333358,2600.0,1120.0,3000.0,0.0,0.00878505141005126,0.15,2,0.0,-0.02099814683977347,0.03234783386551934,0.010666767804195228,-0.015789801732635195,-1.8271478234204972,-2.3420327508164642,-1.6790514650800348,-1.9622040969155872,-2.4781006861112527,-1.8735854429905423,-1.820809954784571,-2.3274143094469886,-1.6790514650800348,-1.825748963607564,-2.402611653561875,-1.5942508860355886,0.0,2026-03-19,402.0,0.0,362.0,1.0,1.0,166.0,0.007490671729157405,0.036736239825619244,0.07086028566174729,0.053652713492319926,0.08294908298075132,0.007096222335354448,2.6990993324425165,0.2,310.0,0.0,5.7430031878094825,1.0,0.0,1.0,2026-03-25,0.015789801732635292,600.0,1.0,2026-03-30,0.04410572184992309,1700.0,1.0,2026-04-04,0.07902198695615098,3100.0,1.0,2026-04-20,0.07656799799458433,3000.0,1.0,2026-05-04,0.07410797215372183,2900.0,1.0,2026-05-19,0.028760152175262652,1100.0,1.0,2026-06-18,0.0,0.0,0.0
2026-03-21,Sat,38700.0,38700.0,38400.0,38000.0,37300.0,37000.0,37700.0,37200.0,36700.0,36500.0,35000.0,300.0,2026-03-21,2,0,37700.0,0,36700.0,0,36500.0,0,35000.0,38220.0,36066.666666666664,2153.3333333333358,3000.0,1520.0,3400.0,0.007926065272419791,0.008517423353374482,0.2,0,0.013245226750020723,-0.020834086902842025,0.04576841845558059,0.029374608679904317,0.013245226750020723,-1.1449830770143938,-1.520433329964246,-1.0257880300373219,-1.2682684883845619,-1.6441232390965663,-1.0791852151625523,-1.140314833909846,-1.5084372854676664,-1.0257880300373219,-1.1951154706143328,-1.6325586259481417,-1.0423948101001925,0.0,2026-03-20,405.0,7.0,363.0,0.0,1.0,165.0,0.012422519998557036,0.04417121831313686,0.07562859590234972,0.06371581438610718,0.08633820294872496,0.006966449025478256,2.9166440796236954,0.2,310.0,2.0794415416798357,5.886104031450156,1.0,0.0,1.0,2026-03-26,0.005249355886143745,200.0,1.0,2026-03-31,0.06371581438610778,2500.0,1.0,2026-04-06,0.09291496907836996,3700.0,1.0,2026-04-20,0.06864193272216364,2700.0,1.0,2026-05-05,0.06618190688130118,2600.0,1.0,2026-05-20,0.0130720815673527,500.0,1.0,2026-06-19,-0.01324522675002068,-500.0,-1.0
2026-03-23,Mon,38900.0,38900.0,38600.0,38300.0,37600.0,37200.0,38900.0,37400.0,36700.0,36500.0,35000.0,300.0,2026-03-23,2,0,38900.0,0,36700.0,0,36500.0,0,35000.0,38460.0,36066.666666666664,2393.3333333333358,3300.0,1760.0,3600.0,0.007863736460214099,0.008483104454616364,0.2,0,0.007863736460214451,-0.0026075634070808302,0.05363215491579511,0.0481376355981545,0.029141134907499408,-0.715156207415982,-1.0460582594873422,-0.6323350870093081,-0.7346282482124042,-1.0532404891715887,-0.6744907594765952,-0.7115376779628731,-1.0353053006751365,-0.6323350870093081,-0.8610660467155529,-1.2564872491210797,-0.6744907594765952,0.0,2026-03-20,405.0,7.0,363.0,0.0,1.0,165.0,0.012422519998557036,0.04417121831313686,0.07562859590234972,0.06371581438610718,0.08633820294872496,0.006966449025478256,2.9166440796236954,0.2,310.0,2.0794415416798357,5.886104031450156,3.0,0.0,1.0,2026-03-28,0.010389703849135868,400.0,1.0,2026-04-02,0.06812217051770751,2700.0,1.0,2026-04-07,0.08983593074149177,3600.0,1.0,2026-04-22,0.06812217051770751,2700.0,1.0,2026-05-07,0.04841709943837499,1900.0,1.0,2026-05-22,0.00520834510713826,200.0,1.0,2026-06-22,-0.026456569536830468,-1000.0,-1.0
2026-03-25,Wed,38900.0,38900.0,38600.0,38300.0,37600.0,37200.0,37900.0,37400.0,36700.0,36500.0,35000.0,0.0,2026-03-25,2,0,37900.0,0,36700.0,0,36500.0,0,35000.0,38460.0,36066.666666666664,2393.3333333333358,3300.0,1760.0,3600.0,0.0,0.008447223128555214,0.15,2,0.015789801732635292,0.007863736460214451,0.05088112154390537,0.0481376355981545,0.04540165577927968,-0.6893242142614333,-1.0299790431573328,-0.5261027923917443,-0.708488965277156,-1.0369234909816396,-0.5518560759353961,-0.685716543741608,-1.0200474746712496,-0.5261027923917443,-0.8333413856698906,-1.2352384437009563,-0.5620756328971627,0.0,2026-03-24,398.0,7.0,360.0,0.0,1.0,161.0,-0.010000083334583465,0.024158835476735696,0.0462807525640061,0.04365263015773646,0.0838186718830718,0.007419000451449523,1.7613929666661574,0.3,310.0,2.0794415416798357,5.8944028342648505,1.0,0.0,1.0,2026-03-30,0.028315920117287858,1100.0,1.0,2026-04-04,0.0632321852235157,2500.0,1.0,2026-04-09,0.07055822531558854,2800.0,1.0,2026-04-24,0.06812217051770751,2700.0,1.0,2026-05-09,0.035901291506544385,1400.0,1.0,2026-05-25,-0.0026143805740708207,-100.0,-1.0,2026-06-23,-0.03723834514011876,-1400.0,-1.0
2026-03-26,Thu,38700.0,38700.0,38500.0,38200.0,37400.0,37200.0,37600.0,37200.0,36700.0,36500.0,35000.0,-100.0,2026-03-26,2,0,37600.0,0,36700.0,0,36500.0,0,35000.0,38300.0,36066.666666666664,2233.3333333333358,3200.0,1600.0,3500.0,-0.002614380574069486,0.00818988668227969,0.2,0,0.013175421158564328,0.007884403524148835,0.056542650273694366,0.040058760552004954,0.056542650273694366,-0.9407822189068384,-1.3095897749721725,-0.6612654504672502,-0.8543497617728016,-1.2062596342810676,-0.6744907594765952,-0.9364817030031403,-1.2992136266716652,-0.6612654504672502,-0.9614258919333518,-1.3848032870773628,-0.6744907594765952,0.0,2026-03-25,404.0,6.0,360.0,0.0,1.0,160.0,0.012453461071286753,0.03655101265034766,0.06124362524071891,0.05861550283444927,0.08252102368800429,0.007523044875328217,2.4453092037453374,0.35,310.0,1.9459101490553132,5.8971538676367405,1.0,0.0,1.0,2026-03-31,0.05846645849996394,2300.0,1.0,2026-04-06,0.08766561319222618,3500.0,1.0,2026-04-10,0.06829454743622666,2700.0,1.0,2026-04-25,0.07073655109177827,2800.0,1.0,2026-05-11,0.03599360264790545,1400.0,1.0,2026-05-25,0.0,0.0,0.0,2026-06-24,-0.03733767043764424,-1400.0,-1.0
2026-03-27,Fri,38800.0,38800.0,38600.0,38300.0,37200.0,37000.0,37600.0,37200.0,36900.0,36700.0,35200.0,100.0,2026-03-27,2,0,37600.0,0,36900.0,0,36700.0,0,35200.0,38340.0,36266.666666666664,2073.3333333333358,3100.0,1440.0,3400.0,0.002614380574069486,0.007966171501018015,0.2,0,0.015789801732635292,0.015789801732635292,0.034531983542375945,0.05363215491579511,0.0619309577304903,-1.194163737213424,-1.5826665298381943,-0.8903278025091057,-1.0014629947292941,-1.3731821798709836,-0.8093889113719143,-1.1891954872829185,-1.5719487691704224,-0.8903278025091057,-1.088959449632993,-1.5308837080920228,-0.8093889113719143,0.0,2026-03-26,411.5,0.0,359.0,1.0,1.0,159.0,0.02335693149810325,0.030847603227260656,0.07832284281538371,0.07438841151054909,0.1009151658439782,0.008009112440906612,3.191348807587558,0.4,310.0,0.0,5.8888779583328805,1.0,0.0,1.0,2026-04-01,0.05585207792589321,2200.0,1.0,2026-04-06,0.08505123261815546,3400.0,1.0,2026-04-11,0.0632321852235157,2500.0,1.0,2026-04-27,0.06812217051770751,2700.0,1.0,2026-05-11,0.03337922207383461,1300.0,1.0,2026-05-26,0.00520834510713826,200.0,1.0,2026-06-25,-0.0426731411260757,-1600.0,-1.0
2026-03-28,Sat,39300.0,39300.0,39000.0,38700.0,37700.0,37300.0,37900.0,37500.0,37100.0,36900.0,35400.0,400.0,2026-03-28,2,0,37900.0,0,37100.0,0,36900.0,0,35400.0,38800.0,36466.666666666664,2333.3333333333358,3300.0,1700.0,3600.0,0.010389703849137177,0.007749993175982675,0.2,0,0.0182534403093503,0.031498667059371016,0.03416889561524979,0.06127082539304114,0.07232066157962608,-0.6972586583845531,-1.0791466774149048,-0.5395926075812761,-0.6175746245487431,-0.9838633322065496,-0.5395926075812761,-0.6935623433086039,-1.069668257632203,-0.5395926075812761,-0.7389091824988572,-1.1670509956163235,-0.5395926075812761,0.0,2026-03-27,414.0,0.0,359.0,1.0,1.0,158.0,0.02197890671877545,0.034401426717332484,0.08832976874288789,0.08437979652357352,0.10697211955216801,0.008694229468680505,3.2046604110758,0.4,310.0,0.0,5.8888779583328805,1.0,0.0,1.0,2026-04-02,0.05773246666857171,2300.0,1.0,2026-04-07,0.07944622689235599,3200.0,1.0,2026-04-13,0.06016852146645291,2400.0,1.0,2026-04-27,0.05773246666857171,2300.0,1.0,2026-05-12,0.017926216268152113,700.0,1.0,2026-05-27,0.005154650588664422,200.0,1.0,2026-06-26,-0.05579135962841554,-2100.0,-1.0
2026-03-30,Mon,39900.0,39900.0,39700.0,39400.0,38400.0,37700.0,38600.0,38200.0,37700.0,37500.0,36000.0,700.0,2026-03-30,2,0,38600.0,0,37700.0,0,37500.0,0,36000.0,39460.0,37066.666666666664,2393.3333333333358,3400.0,1760.0,3700.0,0.017926216268151052,0.007933183934491743,0.2,0,0.028315920117287858,0.03617965657750226,0.04942488332752297,0.08194807503308311,0.09024687784777823,-0.562889364391296,-0.9528800963021392,-0.4496605063177302,-0.41268625147764637,-0.7863008396514243,-0.3747170885981084,-0.5594837606101527,-0.9437631548664163,-0.4496605063177302,-0.5517269735666053,-0.9811827681072297,-0.40469445568595713,0.0,2026-03-27,414.0,0.0,359.0,1.0,1.0,158.0,0.02197890671877545,0.034401426717332484,0.08832976874288789,0.08437979652357352,0.10697211955216801,0.008694229468680505,3.2046604110758,0.4,310.0,0.0,5.8888779583328805,3.0,0.0,1.0,2026-04-04,0.03491626510622788,1400.0,1.0,2026-04-09,0.04224230519830075,1700.0,1.0,2026-04-14,0.051927610932764476,2100.0,1.0,2026-04-29,0.02258565264874907,900.0,1.0,2026-05-14,-0.020513539833102903,-800.0,-1.0,2026-05-29,-0.007643349312568012,-300.0,-1.0,2026-06-29,-0.06826797112900286,-2600.0,-1.0
2026-03-31,Tue,41000.0,41000.0,40800.0,40500.0,39500.0,38700.0,39700.0,39200.0,38000.0,37800.0,36300.0,1100.0,2026-03-31,2,0,39700.0,0,38000.0,0,37800.0,0,36300.0,40560.0,37366.666666666664,3193.3333333333358,4200.0,2560.0,4500.0,0.027536157808604855,0.008856649291900444,0.2,0,0.05585207792589321,0.07164187965852839,0.06371581438610778,0.10948423284168841,0.09852521905196884,0.9571619518974467,0.512018982019852,0.8511431012442748,1.0956333735808972,0.6846429469946035,1.011736139214893,0.9567729553616647,0.518763468878285,0.8511431012442748,0.7962472644942789,0.36601791012488283,0.6744907594765952,0.0,2026-03-30,416.5,0.0,309.0,1.0,1.0,155.0,0.04042191449891597,0.04042191449891597,0.08254684079958707,0.08646585300032239,0.1129926073337515,0.008503569794481483,3.1977160934994537,0.4,310.0,0.0,5.8888779583328805,1.0,0.0,1.0,2026-04-06,0.02919915469226235,1200.0,1.0,2026-04-10,0.009828088936262693,400.0,1.0,2026-04-15,0.012270092591814401,500.0,1.0,2026-04-30,-0.00992563979996993,-400.0,-1.0,2026-05-15,-0.042881727483265686,-1700.0,-1.0,2026-05-30,-0.03517950712117334,-1400.0,-1.0,2026-06-29,-0.09580412893760819,-3700.0,-1.0
2026-04-01,Wed,41000.0,41000.0,40800.0,40500.0,39500.0,38700.0,39700.0,39200.0,38700.0,38500.0,37200.0,0.0,2026-04-01,2,0,39700.0,0,38700.0,0,38500.0,0,37200.0,40560.0,38133.333333333336,2426.6666666666642,3300.0,1860.0,3600.0,0.0,0.010919167628100634,0.2,1,0.05846645849996394,0.07164187965852839,0.050643732818754936,0.09852521905196884,0.0849932128333925,-0.47124446365775646,-0.8753171771958662,-0.3800701898638035,-0.5718453909526742,-0.9543612264478295,-0.5058680696074465,-0.3382104456375294,-0.7453696791145206,-0.27300816455005045,-0.6926984714670419,-1.1302252036066045,-0.5395926075812761,0.0,2026-03-31,414.5,0.0,309.0,1.0,1.0,154.0,0.04062096929091208,0.030620885956328614,0.07253178157196594,0.09482778712733886,0.10014694860493911,0.008335836686782505,2.7367702535828715,0.35,310.5,0.0,5.886104031450156,1.0,0.0,1.0,2026-04-06,0.02919915469226235,1200.0,1.0,2026-04-11,0.00738010729762246,300.0,1.0,2026-04-16,0.00738010729762246,300.0,1.0,2026-05-01,-0.004950505159856203,-200.0,-1.0,2026-05-16,-0.03517950712117334,-1400.0,-1.0,2026-06-01,-0.04030772348809287,-1600.0,-1.0,2026-06-30,-0.08230864746272364,-3200.0,-1.0
2026-04-02,Thu,41600.0,41600.0,41300.0,41000.0,40000.0,39200.0,40300.0,39800.0,39200.0,39000.0,37700.0,500.0,2026-04-02,2,0,40300.0,0,39200.0,0,39000.0,0,37700.0,41100.0,38633.333333333336,2466.6666666666642,3300.0,1900.0,3600.0,0.012270092591815995,0.010586525794099176,0.25,0,0.06812217051770751,0.08391197225034265,0.06291382541056918,0.11625980611586202,0.09457874005453801,-0.36890532503474127,-0.7876924833411003,-0.2194771518931856,-0.5479497383720393,-0.9385471188401511,-0.3747170885981084,-0.23693720347357083,-0.6592410075062152,-0.11241512657943253,-0.6669736607128118,-1.1114109004737083,-0.42922139239419693,0.0,2026-04-01,411.0,5640.0,314.0,0.0,1.0,153.0,0.017178336535083716,0.02963179760637047,0.06016852146645224,0.08900407110633957,0.0850226458071548,0.008565557331536213,2.2209569506750992,0.35,312.5,8.637816633739977,5.886104031450156,1.0,0.0,1.0,2026-04-07,0.02171376022378426,900.0,1.0,2026-04-13,0.002436054797881121,100.0,1.0,2026-04-17,-0.007343974255758506,-300.0,-1.0,2026-05-02,-0.01227009259181436,-500.0,-1.0,2026-05-18,-0.04489531990789099,-1800.0,-1.0,2026-06-01,-0.05257781607990724,-2100.0,-1.0,2026-07-01,-0.0972633054252069,-3800.0,-1.0
2026-04-03,Fri,41200.0,41200.0,41000.0,40600.0,39600.0,39000.0,39800.0,39300.0,39000.0,38800.0,37300.0,-400.0,2026-04-03,2,0,39800.0,0,39000.0,0,38800.0,0,37300.0,40720.0,38366.666666666664,2353.3333333333358,3300.0,1720.0,3700.0,-0.00980400009662219,0.010695015989631986,0.2,0,0.047928466571950774,0.06618190688130118,0.045347819978459256,0.11195032533688185,0.07410797215372183,-0.5718477239213734,-0.981051470824579,-0.32901988267150983,-0.5231896538227043,-0.9229645345287744,-0.2997736708784868,-0.573309383586022,-0.9756941476161819,-0.32901988267150983,-0.46555145594837344,-0.9261139956448546,-0.22483025315886507,0.0,2026-04-02,417.5,0.0,314.0,1.0,1.0,152.0,0.01447552417378617,0.03783245567188942,0.07456869549750866,0.10869274133363671,0.09939034867132257,0.008982034268086114,2.684376750970728,0.4,312.5,0.0,5.736572297479192,1.0,0.0,1.0,2026-04-08,0.031517760320405104,1300.0,1.0,2026-04-13,0.012240054894502006,500.0,1.0,2026-04-18,0.004914014802429163,200.0,1.0,2026-05-04,0.0,0.0,0.0,2026-05-18,-0.03509131981127006,-1400.0,-1.0,2026-06-02,-0.04792846657195084,-1900.0,-1.0,2026-07-02,-0.09015109699429745,-3500.0,-1.0
2026-04-04,Sat,41400.0,41400.0,41100.0,40800.0,39600.0,39200.0,40200.0,39600.0,39400.0,39200.0,37700.0,200.0,2026-04-04,2,0,40200.0,0,39400.0,0,39200.0,0,37700.0,40860.0,38766.666666666664,2093.3333333333358,3100.0,1460.0,3400.0,0.004914014802428923,0.010643658678811946,0.2,0,0.03491626510622788,0.0632321852235157,0.06062462181643484,0.11686434013931095,0.09237332013101507,-1.1039444211883123,-1.4398998318718972,-0.7609639337684664,-0.9104050440411982,-1.2738436137711187,-0.5246039240373518,-1.1044909355673307,-1.4347796456175352,-0.7609639337684664,-0.9923833892648171,-1.4114048418051328,-0.6744907594765952,0.0,2026-04-02,417.5,0.0,314.0,1.0,1.0,152.0,0.01447552417378617,0.03783245567188942,0.07456869549750866,0.10869274133363671,0.09939034867132257,0.008982034268086114,2.684376750970728,0.4,312.5,0.0,5.736572297479192,2.0,0.0,1.0,2026-04-09,0.007326040092072881,300.0,1.0,2026-04-14,0.017011345826536538,700.0,1.0,2026-04-20,-0.002453988961566703,-100.0,-1.0,2026-05-04,-0.00491401480242904,-200.0,-1.0,2026-05-19,-0.05026183478088831,-2000.0,-1.0,2026-06-03,-0.052842481374379933,-2100.0,-1.0,2026-07-03,-0.1004705303636345,-3900.0,-1.0
2026-04-06,Mon,42200.0,42200.0,42000.0,41700.0,41100.0,39800.0,41000.0,40500.0,40000.0,39800.0,38300.0,900.0,2026-04-06,2,0,41000.0,0,40000.0,0,39800.0,0,38300.0,41840.0,39366.666666666664,2473.3333333333358,3400.0,1840.0,3700.0,0.021819047394640023,0.010389373145454704,0.2,0,0.02919915469226235,0.08505123261815546,0.09291496907836996,0.13593235416206073,0.12772437374423118,-0.25346167479347753,-0.7222117932895988,-0.04386931768953066,-0.2566262250611394,-0.7041765124339308,0.0,-0.2553953472070229,-0.7169635894089945,-0.10376780915024542,-0.40312602733010544,-0.8872805360313848,-0.09635582278237075,0.0,2026-04-02,417.5,0.0,314.0,1.0,1.0,152.0,0.01447552417378617,0.03783245567188942,0.07456869549750866,0.10869274133363671,0.09939034867132257,0.008982034268086114,2.684376750970728,0.4,312.5,0.0,5.736572297479192,4.0,0.0,1.0,2026-04-11,-0.021819047394639725,-900.0,-1.0,2026-04-16,-0.021819047394639725,-900.0,-1.0,2026-04-21,-0.02427303635620642,-1000.0,-1.0,2026-05-06,-0.036634133179780384,-1500.0,-1.0,2026-05-22,-0.07984288751101719,-3200.0,-1.0,2026-06-05,-0.07984288751101719,-3200.0,-1.0,2026-07-06,-0.1304528883974352,-5100.0,-1.0
2026-04-07,Tue,42400.0,42400.0,42200.0,41900.0,40500.0,40000.0,41100.0,40500.0,40200.0,40000.0,38500.0,200.0,2026-04-07,2,0,41100.0,0,40200.0,0,40000.0,0,38500.0,41880.0,39566.666666666664,2313.3333333333358,3400.0,1680.0,3700.0,0.004784698123335929,0.011402937325388513,0.2,0,0.03398385281559857,0.09245031131556261,0.10033471483971132,0.14899296158925682,0.13797356633964628,-0.579379185266192,-1.0010033304377746,-0.27807952364385513,-0.23278760996380232,-0.6916728428639523,0.0,-0.5806967621859944,-0.995946024903782,-0.35499513656662907,-0.3786527245164424,-0.8725086384252569,0.0,0.0,2026-04-02,,,,,,,,,,,,,,,,,,5.0,0.0,0.0,2026-04-13,-0.019277705425903076,-800.0,-1.0,2026-04-17,-0.029057734479542782,-1200.0,-1.0,2026-04-22,-0.021713760223784247,-900.0,-1.0,2026-05-07,-0.041418831303116625,-1700.0,-1.0,2026-05-22,-0.08462758563435353,-3400.0,-1.0,,,,,2026-07-06,-0.13523758652077145,-5300.0,-1.0
2026-04-08,Wed,42400.0,42400.0,42200.0,41900.0,40500.0,40000.0,41100.0,40500.0,39500.0,39300.0,37800.0,0.0,2026-04-08,2,0,41100.0,0,39500.0,0,39300.0,0,37800.0,41880.0,38866.666666666664,3013.3333333333358,4100.0,2380.0,4400.0,0.0,0.011117506961357007,0.2,1,0.02171376022378426,0.08983593074149177,0.10562573247412699,0.12436791428386758,0.12978798175320672,1.0166356150653304,0.28778501888883046,1.036263075923144,1.3118539067252046,0.5984398521733391,1.1803588290840417,1.0120002902594485,0.2935132321628712,0.9930002847849874,1.0057799083620085,0.30285021367838333,1.5738117721120555,0.0,2026-04-07,418.5,0.0,314.0,1.0,1.0,147.0,0.010810916104215806,0.032789822822991255,0.07696104113612812,0.10841841872534097,0.09650563720909844,0.00940436805328331,2.582034322890426,0.4,312.5,0.0,5.736572297479192,1.0,0.0,1.0,2026-04-13,-0.019277705425903076,-800.0,-1.0,2026-04-18,-0.02660374551797602,-1100.0,-1.0,2026-04-23,-0.019277705425903076,-800.0,-1.0,2026-05-08,-0.05141891463770007,-2100.0,-1.0,2026-05-23,-0.09245031131556249,-3700.0,-1.0,,,,,2026-07-07,-0.13797356633964625,-5400.0,-1.0
2026-04-09,Thu,41600.0,41600.0,41400.0,41100.0,40000.0,39300.0,40500.0,40000.0,39200.0,39000.0,37500.0,-800.0,2026-04-09,2,0,40500.0,0,39200.0,0,39000.0,0,37500.0,41140.0,38566.666666666664,2573.3333333333358,3600.0,1940.0,3900.0,-0.019277705425903235,0.010778822912251235,0.25,0,0.012240054894502006,0.06016852146645291,0.09166718852582387,0.09433741708170262,0.10509020885796445,0.042917832302904975,-0.5099394096449442,0.22687416455122436,0.23759625032563386,-0.3152087770989343,0.3372453797382976,0.04028847187108093,-0.5046817896735871,0.1686226898691488,0.04942940949584195,-0.5247992786127385,0.44966050631773014,0.0,2026-04-08,410.5,125.0,359.0,0.0,0.0,146.0,-0.014510532714414381,0.025911381784501586,0.05379658527403741,0.0745765537657821,0.06413259460469867,0.009369599142067161,1.7557672885100808,0.4,314.0,4.836281906951478,5.752572638825633,1.0,0.0,1.0,2026-04-14,0.009685305734463679,400.0,1.0,2026-04-20,-0.009780029053639606,-400.0,-1.0,2026-04-24,-0.0024360547978811158,-100.0,-1.0,2026-05-09,-0.03465693380904415,-1400.0,-1.0,2026-05-25,-0.07317260588965945,-2900.0,-1.0,,,,,2026-07-08,-0.11051027632730366,-4300.0,-1.0
2026-04-10,Fri,41400.0,41400.0,41200.0,40900.0,39800.0,39000.0,40100.0,39600.0,39100.0,38900.0,37500.0,-200.0,2026-04-10,2,0,40100.0,0,39100.0,0,38900.0,0,37500.0,40940.0,38500.0,2440.0,3400.0,1840.0,3700.0,-0.004878058453432033,0.011467773871180309,0.25,0,0.0024479816386400372,0.037364246744867984,0.07354390332237021,0.08678913007239093,0.10021215040453164,-0.23906941112033497,-0.743573513423899,-0.020647676310508168,-0.18029666400779065,-0.6738072248459516,0.0,-0.16281750403159853,-0.6777130362899532,-0.019837963514017506,-0.3258630489318688,-0.8479439917792592,0.0,0.0,2026-04-09,408.5,200.0,432.0,0.0,1.0,145.0,-0.014581060275292046,0.026039909015620033,0.05019874449235573,0.07232066157962613,0.06315229349274709,0.010704267082136334,1.5210304970515267,0.45,314.0,5.303304908059076,5.752572638825633,1.0,0.0,1.0,2026-04-15,0.002442003655551809,100.0,1.0,2026-04-20,-0.0049019706002067795,-200.0,-1.0,2026-04-25,0.002442003655551809,100.0,1.0,2026-05-11,-0.03230094478832118,-1300.0,-1.0,2026-05-25,-0.0682945474362266,-2700.0,-1.0,,,,,2026-07-09,-0.10021215040453167,-3900.0,-1.0
2026-04-11,Sat,41300.0,41300.0,41100.0,40800.0,39500.0,39000.0,39800.0,39300.0,39000.0,38800.0,37300.0,-100.0,2026-04-11,2,0,39800.0,0,39000.0,0,38800.0,0,37300.0,40800.0,38366.666666666664,2433.3333333333358,3500.0,1800.0,3800.0,-0.002447981638640684,0.011182440456510387,0.25,0,-0.021819047394639725,0.00738010729762246,0.07902198695615098,0.07109592168373026,0.10590532634959142,-0.22607672151198757,-0.7430441191686502,-0.007578547859284798,0.08129332208270114,-0.4790548915119815,0.1927116455647415,-0.22956041855806572,-0.7387859691934482,-0.0843113449345744,-0.08760762674516213,-0.6677346929665156,0.22483025315886507,0.0,2026-04-10,406.0,54.0,450.0,0.0,1.0,144.0,-0.01224005489450164,0.004938281640582076,0.041489294290929735,0.06618190688130099,0.05701353879442195,0.010804367121295573,1.2672711922556763,0.5,314.0,4.007333185232471,5.752572638825633,1.0,0.0,1.0,2026-04-16,0.0,0.0,0.0,2026-04-21,-0.002453988961566703,-100.0,-1.0,2026-04-27,0.00488998529419177,200.0,1.0,2026-05-11,-0.02985296314968116,-1200.0,-1.0,2026-05-26,-0.0580238401163775,-2300.0,-1.0,,,,,2026-07-10,-0.09776416876589157,-3800.0,-1.0
2026-04-13,Mon,41600.0,41600.0,41400.0,41100.0,39700.0,39100.0,40200.0,39700.0,39300.0,39100.0,37600.0,300.0,2026-04-13,2,0,40200.0,0,39300.0,0,39100.0,0,37600.0,41080.0,38666.666666666664,2413.3333333333358,3500.0,1780.0,3800.0,0.0073260400920727164,0.0108583476153503,0.25,0,-0.019277705425903076,0.014706147389695487,0.08634802704822392,0.06534988020845041,0.11323136644166433,-0.24816315923085916,-0.7668273668835962,-0.044966050631773016,0.11120874674456464,-0.4692202634666422,0.22483025315886507,-0.251633304359193,-0.7626445209333418,-0.09303320820366831,-0.05771057846268304,-0.6559811116986581,0.22483025315886507,0.0,2026-04-10,406.0,54.0,450.0,0.0,1.0,144.0,-0.01224005489450164,0.004938281640582076,0.041489294290929735,0.06618190688130099,0.05701353879442195,0.010804367121295573,1.2672711922556763,0.5,314.0,4.007333185232471,5.752572638825633,3.0,0.0,1.0,2026-04-18,-0.007326040092072898,-300.0,-1.0,2026-04-23,0.0,0.0,0.0,2026-04-28,-0.009780029053639606,-400.0,-1.0,2026-05-13,-0.052446475372542545,-2100.0,-1.0,2026-05-28,-0.04478360262697331,-1800.0,-1.0,2026-06-15,-0.07055822531558864,-2800.0,-1.0,2026-07-13,-0.09701479485241907,-3800.0,-1.0
2026-04-14,Tue,42000.0,42000.0,41800.0,41500.0,40100.0,39100.0,40600.0,40100.0,39500.0,39300.0,37800.0,400.0,2026-04-14,2,0,40600.0,0,39500.0,0,39300.0,0,37800.0,41480.0,38866.666666666664,2613.3333333333358,3700.0,1980.0,4000.0,0.009685305734464578,0.010679407378945516,0.2,0,-0.009592399691439409,0.01212136053234482,0.09603333278268758,0.0750351859429141,0.11748187619017113,0.29251446110422613,-0.38747017777602755,0.4076592502331091,0.6330263046042623,-0.09047818555171104,0.6744907594765952,0.28735974807934095,-0.3828655028528916,0.40469445568595713,0.4207370744276616,-0.31006288262816784,0.6744907594765952,0.0,2026-04-13,405.0,9.0,449.0,0.0,1.0,141.0,-0.0303974771843718,-0.015921953010585632,0.014925650216675024,0.062400889804798076,0.05454744629922814,0.01097594518939615,1.1469856798126474,0.55,336.5,2.302585092994046,5.886104031450156,1.0,0.0,1.0,2026-04-20,-0.01946533478810335,-800.0,-1.0,2026-04-24,-0.01212136053234485,-500.0,-1.0,2026-04-29,-0.02934195828401532,-1200.0,-1.0,2026-05-14,-0.07244115076586749,-2900.0,-1.0,2026-05-29,-0.05957096024533254,-2400.0,-1.0,2026-06-15,-0.08024353105005236,-3200.0,-1.0,2026-07-13,-0.10670010058688277,-4200.0,-1.0
2026-04-15,Wed,41600.0,41600.0,41300.0,41000.0,39500.0,39200.0,40000.0,39500.0,39000.0,38800.0,37300.0,-500.0,2026-04-15,2,0,40000.0,0,39000.0,0,38800.0,0,37300.0,41000.0,38366.666666666664,2633.3333333333358,3700.0,2000.0,4000.0,-0.012121360532344028,0.010622385150132268,0.15,0,-0.0024360547978811158,0.009804000096620835,0.07598590697792205,0.055151820075080064,0.10536051565782635,0.4006145597756759,-0.3411547662336767,0.4729188083686529,0.6926126235231314,-0.08305067939291912,0.6744907594765952,0.39469263522043607,-0.3364989520931297,0.4651660410183415,0.4783761996984199,-0.3011550965393386,0.6744907594765952,0.0,2026-04-14,406.5,0.0,446.0,1.0,1.0,140.0,-0.02909296094166436,-0.018282044837448552,0.01611938187988393,0.07004772390543934,0.05954893980721998,0.009704244943701413,1.2250085243025817,0.6,359.0,0.0,6.07073772800249,1.0,0.0,1.0,2026-04-20,-0.007343974255758506,-300.0,-1.0,2026-04-25,0.0,0.0,0.0,2026-04-30,-0.022195732391784323,-900.0,-1.0,2026-05-15,-0.0551518200750801,-2200.0,-1.0,2026-05-30,-0.04744959971298776,-1900.0,-1.0,2026-06-15,-0.06812217051770744,-2700.0,-1.0,2026-07-14,-0.08656801630845894,-3400.0,-1.0
2026-04-16,Thu,41500.0,41500.0,40300.0,40800.0,39400.0,39000.0,39800.0,39300.0,38700.0,38500.0,37000.0,-200.0,2026-04-16,2,0,39800.0,0,38700.0,0,38500.0,0,37000.0,40700.0,38066.666666666664,2633.3333333333358,3800.0,2000.0,3300.0,-0.0048899852941932664,0.010718237036490167,0.15,0,-0.0024479816386400017,0.0,0.0632321852235157,0.06062462181643484,0.10590532634959142,0.4447390946753827,-0.32982298029283547,0.49571007624184527,1.000189349838277,0.11297134782062371,0.8993210126354603,0.4383108531490282,-0.3251476324951068,0.4817791139118537,-1.185403514175297,-1.4682998962740095,-0.8993210126354603,0.0,2026-04-15,405.0,0.0,446.0,1.0,1.0,139.0,-0.01348886178594455,-0.027999394500358932,0.012422519998557036,0.05454744629922814,0.062400889804798076,0.00971927868129961,1.069771100507195,0.55,359.0,0.0,6.111467339502679,1.0,0.0,1.0,2026-04-21,-0.002453988961566703,-100.0,-1.0,2026-04-27,0.00488998529419177,200.0,1.0,2026-05-01,-0.012330612457478674,-500.0,-1.0,2026-05-16,-0.04255961441879589,-1700.0,-1.0,2026-06-01,-0.04768783078571535,-1900.0,-1.0,2026-06-15,-0.06323218522351572,-2500.0,-1.0,2026-07-15,-0.07373096932173531,-2900.0,-1.0
2026-04-17,Fri,41300.0,41300.0,41100.0,40700.0,39200.0,39000.0,39600.0,39000.0,38700.0,38500.0,37000.0,-100.0,2026-04-17,2,0,39600.0,0,38700.0,0,38500.0,0,37000.0,40720.0,38066.666666666664,2653.3333333333358,3700.0,2020.0,4100.0,-0.0024539889615660115,0.010460520361378383,0.15,0,-0.002453988961566703,-0.02427303635620642,0.06077819626194909,0.06864193272216364,0.10345133738802477,0.5247959148419911,-0.2804845121303059,0.5579121096905231,0.7440203623993278,-0.062428317444011616,0.6744907594765952,0.5178742270958446,-0.27572454446195993,0.5495850632772258,0.8315098656103732,-0.09810596550257131,0.8993210126354603,0.0,2026-04-16,409.0,220.0,556.0,0.0,1.0,138.0,0.001223241742744463,-0.013357818532547583,0.01726306742378103,0.059173963039418354,0.0735439033223706,0.009770432692120527,1.337746940561278,0.5,359.0,5.3981627015177525,6.1092475827643655,1.0,0.0,1.0,2026-04-22,0.007343974255758505,300.0,1.0,2026-04-27,0.007343974255758505,300.0,1.0,2026-05-02,-0.004926118336055889,-200.0,-1.0,2026-05-18,-0.03755134565213248,-1500.0,-1.0,2026-06-01,-0.04523384182414873,-1800.0,-1.0,2026-06-16,-0.060778196261949045,-2400.0,-1.0,2026-07-16,-0.06864193272216358,-2700.0,-1.0
2026-04-18,Sat,41300.0,41300.0,41100.0,40800.0,39100.0,38700.0,39700.0,39000.0,38700.0,38500.0,37000.0,100.0,2026-04-18,2,0,39700.0,0,38700.0,0,38500.0,0,37000.0,40720.0,38066.666666666664,2653.3333333333358,3800.0,2020.0,4100.0,0.0024539889615660115,0.010159648653687405,0.1,0,-0.007326040092072898,-0.02660374551797602,0.06584656579758653,0.07373096932173542,0.09506511179672662,0.550240696365488,-0.2682832844178651,0.6025450784657649,1.0280338430977618,0.13855648216779998,0.8993210126354603,0.5430099859117581,-0.26348611261215527,0.5935518683394038,0.8571115687443376,-0.08622480922116346,0.8993210126354603,0.0,2026-04-17,403.5,0.0,431.0,1.0,1.0,137.0,-0.00617667189172888,-0.01841672678623052,0.01121507082013995,0.04175179468022172,0.06793130026199279,0.009942722231176992,0.8772774339385235,0.55,359.5,0.0,6.102558594613569,1.0,0.0,1.0,2026-04-23,0.007326040092072881,300.0,1.0,2026-04-28,-0.002453988961566703,-100.0,-1.0,2026-05-04,-0.00491401480242904,-200.0,-1.0,2026-05-18,-0.04000533461369913,-1600.0,-1.0,2026-06-02,-0.052842481374379933,-2100.0,-1.0,2026-06-17,-0.07109592168373022,-2800.0,-1.0,2026-07-17,-0.07109592168373022,-2800.0,-1.0
2026-04-20,Mon,41300.0,41300.0,41100.0,40700.0,39000.0,38700.0,39700.0,39000.0,38700.0,38500.0,37000.0,-100.0,2026-04-20,2,0,39700.0,0,38700.0,0,38500.0,0,37000.0,40680.0,38066.666666666664,2613.3333333333358,3700.0,1980.0,4100.0,-0.0024539889615660115,0.009868468818910016,0.1,0,-0.01946533478810335,-0.029057734479542782,0.06077819626194909,0.07656799799458433,0.08188715947218411,0.4658976310615447,-0.33180395052659667,0.5376375619016409,0.7780455409357145,-0.03971976989573714,0.6744907594765952,0.4587669550399822,-0.32709559253986326,0.5278623335034224,0.8951231997132769,-0.07415615909753721,0.8993210126354603,0.0,2026-04-17,403.5,0.0,431.0,1.0,1.0,137.0,-0.00617667189172888,-0.01841672678623052,0.01121507082013995,0.04175179468022172,0.06793130026199279,0.009942722231176992,0.8772774339385235,0.55,359.5,0.0,6.102558594613569,3.0,0.0,1.0,2026-04-25,0.007343974255758505,300.0,1.0,2026-04-30,-0.014851758136025814,-600.0,-1.0,2026-05-05,-0.0024600258408623114,-100.0,-1.0,2026-05-20,-0.055569851154810765,-2200.0,-1.0,2026-06-04,-0.050388492412813145,-2000.0,-1.0,2026-06-19,-0.08188715947218415,-3200.0,-1.0,2026-07-20,-0.0581706328548681,-2300.0,-1.0
2026-04-21,Tue,41300.0,41300.0,41100.0,40700.0,39000.0,38700.0,39600.0,38900.0,38400.0,38200.0,36700.0,0.0,2026-04-21,2,0,39600.0,0,38400.0,0,38200.0,0,36700.0,40680.0,37766.666666666664,2913.3333333333358,4000.0,2280.0,4400.0,0.0,0.009586699115410923,0.1,1,-0.007343974255758506,-0.009780029053639606,0.0503884924128132,0.08188715947218411,0.08188715947218411,1.4121597370480847,0.24762226720180647,1.4597188078224737,1.6329355141587887,0.5421068971026217,1.3489815189531904,1.399971674452289,0.2533536298581256,1.4716162024943895,1.730533610733042,0.44951260522090714,1.5738117721120555,0.0,2026-04-20,411.5,50.0,456.0,0.0,0.0,134.0,0.015921953010585632,-0.01447552417378617,0.02335693149810325,0.060093171323722494,0.07308036685053398,0.010295870258968854,1.451849470258903,0.5,360.0,3.9318256327243257,6.102558594613569,1.0,0.0,1.0,2026-04-27,0.007343974255758505,300.0,1.0,2026-05-01,-0.009876623495911976,-400.0,-1.0,2026-05-06,-0.012361096823573975,-500.0,-1.0,2026-05-22,-0.055569851154810765,-2200.0,-1.0,2026-06-05,-0.055569851154810765,-2200.0,-1.0,2026-06-20,-0.08723476579877948,-3400.0,-1.0,2026-07-20,-0.0581706328548681,-2300.0,-1.0
2026-04-22,Wed,41500.0,41500.0,41300.0,41000.0,39300.0,38900.0,39800.0,39200.0,38700.0,38500.0,37000.0,300.0,2026-04-22,2,0,39800.0,0,38700.0,0,38500.0,0,37000.0,40920.0,38066.666666666664,2853.3333333333358,4000.0,2220.0,4300.0,0.007343974255759278,0.009294649640177692,0.15,0,0.00488998529419177,0.002442003655551809,0.039806250400419574,0.07598590697792205,0.09457874005453801,1.2382529037970655,0.13586466210592746,1.278512335127271,1.6329355141587887,0.5421068971026217,1.3489815189531904,1.22684265247993,0.1414041085499092,1.287664177182591,1.4825372820428562,0.2793722199530612,1.3489815189531904,0.0,2026-04-21,416.5,603.0,607.0,0.0,1.0,133.0,0.024302532619032036,-0.004790428322632323,0.027999394500358932,0.0721706128134958,0.09040028430515701,0.011055914557585996,1.770658198980816,0.55,360.0,6.403574197934815,6.322565239927284,1.0,0.0,1.0,2026-04-27,0.0,0.0,0.0,2026-05-02,-0.01227009259181436,-500.0,-1.0,2026-05-07,-0.019705071079332444,-800.0,-1.0,2026-05-22,-0.06291382541056932,-2500.0,-1.0,,,,,2026-06-22,-0.09457874005453791,-3700.0,-1.0,2026-07-21,-0.06551460711062657,-2600.0,-1.0
2026-04-23,Thu,41800.0,41800.0,41600.0,41100.0,39400.0,39100.0,39900.0,39300.0,38700.0,38500.0,37000.0,100.0,2026-04-23,2,0,39900.0,0,38700.0,0,38500.0,0,37000.0,41140.0,38066.666666666664,3073.3333333333358,4100.0,2440.0,4600.0,0.00243605479787945,0.009189293699180113,0.15,0,0.0097800290536397,0.007326040092072881,0.014706147389695487,0.08634802704822392,0.09166718852582387,1.9264409263266669,0.5567318459774684,1.9429360683430144,1.8761364569636132,0.7313204931525087,1.5738117721120555,1.9113280472131868,0.5630345748189546,1.9621549366591862,2.2839087858498055,0.7969905865499645,2.023472278429786,0.0,2026-04-22,415.5,38.0,623.0,0.0,0.0,132.0,0.025595547188964396,0.012106685403019846,0.03801806718752143,0.06590327067705726,0.08014299348819254,0.011241596587880454,1.6216692956550394,0.55,360.0,3.6635616461296463,6.068425588244111,1.0,0.0,1.0,2026-04-28,-0.009780029053639606,-400.0,-1.0,2026-05-04,-0.01224005489450195,-500.0,-1.0,2026-05-08,-0.03214120921179686,-1300.0,-1.0,2026-05-23,-0.07317260588965945,-2900.0,-1.0,,,,,2026-06-22,-0.09701479485241907,-3800.0,-1.0,2026-07-22,-0.06534988020845042,-2600.0,-1.0
2026-04-24,Fri,41700.0,41700.0,41500.0,41000.0,39400.0,38700.0,40000.0,39300.0,38700.0,38500.0,37000.0,-100.0,2026-04-24,2,0,40000.0,0,38700.0,0,38500.0,0,37000.0,41060.0,38066.666666666664,2993.3333333333358,4000.0,2360.0,4500.0,-0.00243605479787945,0.008929310911100594,0.15,0,0.00488998529419177,-0.0024360547978811158,0.012270092591814401,0.08391197225034265,0.08923113372794261,1.6759146053369174,0.40076447365320417,1.7013274380827441,1.5863484585780918,0.534208466721589,1.3489815189531904,1.6621563146312919,0.40677113420218736,1.716885569576788,1.9930425753507088,0.6192380710068621,1.7986420252709205,0.0,2026-04-23,414.5,360.0,738.0,0.0,1.0,131.0,0.013357818532547583,0.014581060275292046,0.04062096929091208,0.06477980476764778,0.07643042198762284,0.010808100020028362,1.4842363103395486,0.55,360.0,5.8888779583328805,6.124683390894205,1.0,0.0,1.0,2026-04-29,-0.01722059775167052,-700.0,-1.0,2026-05-04,-0.009804000096620856,-400.0,-1.0,2026-05-09,-0.032220879011163106,-1300.0,-1.0,2026-05-25,-0.07073655109177825,-2800.0,-1.0,,,,,2026-06-23,-0.10536051565782628,-4100.0,-1.0,2026-07-23,-0.06291382541056932,-2500.0,-1.0
2026-04-25,Sat,41600.0,41600.0,41300.0,41000.0,39300.0,38900.0,39800.0,39000.0,38900.0,38700.0,37200.0,0.0,2026-04-25,2,0,39800.0,0,38900.0,0,38700.0,0,37200.0,40960.0,38266.666666666664,2693.3333333333358,3800.0,2060.0,4100.0,0.0,0.008677828041910625,0.1,1,0.007343974255758505,-0.01212136053234485,0.0,0.08391197225034265,0.09457874005453801,0.759320947691374,-0.1716018261493863,0.7952950746067304,1.0455478476991968,0.14928763527251426,0.8993210126354603,0.7502475026154304,-0.16661619321501592,0.7971254430177944,0.9347898804742265,-0.06998543072024109,0.8993210126354603,0.0,2026-04-24,415.0,30.0,728.0,0.0,1.0,130.0,0.02810203252069421,0.02192536062896533,0.026863642269547405,0.06341465491989506,0.07114665220322092,0.010735900906454625,1.4637220947714522,0.55,360.0,3.4339872044851463,6.410174881966167,1.0,0.0,1.0,2026-04-30,-0.022195732391784323,-900.0,-1.0,2026-05-05,-0.009804000096620856,-400.0,-1.0,2026-05-11,-0.034742948443872976,-1400.0,-1.0,2026-05-25,-0.07073655109177825,-2800.0,-1.0,,,,,2026-06-24,-0.10807422152942253,-4200.0,-1.0,2026-07-24,-0.06291382541056932,-2500.0,-1.0
2026-04-27,Mon,41600.0,41600.0,41300.0,41000.0,39300.0,38900.0,39800.0,39000.0,38900.0,38700.0,37200.0,0.0,2026-04-27,2,0,39800.0,0,38900.0,0,38700.0,0,37200.0,40960.0,38266.666666666664,2693.3333333333358,3800.0,2060.0,4100.0,0.0,0.008413466440978543,0.15,3,0.007343974255758505,0.0,0.009804000096620835,0.07598590697792205,0.10536051565782635,0.7741046415368106,-0.16999723617490442,0.7952950746067304,1.0455478476991968,0.14768688564148977,0.8993210126354603,0.7648089044306644,-0.1650107283845248,0.7971254430177944,0.9539634924600672,-0.06855877852159162,0.8993210126354603,0.0,2026-04-24,415.0,30.0,728.0,0.0,1.0,130.0,0.02810203252069421,0.02192536062896533,0.026863642269547405,0.06341465491989506,0.07114665220322092,0.010735900906454625,1.4637220947714522,0.55,360.0,3.4339872044851463,6.410174881966167,3.0,0.0,1.0,2026-05-02,-0.01227009259181436,-500.0,-1.0,2026-05-07,-0.019705071079332444,-800.0,-1.0,2026-05-12,-0.039806250400419706,-1600.0,-1.0,2026-05-27,-0.05257781607990724,-2100.0,-1.0,2026-06-15,-0.06812217051770744,-2700.0,-1.0,2026-06-26,-0.11352382629698722,-4400.0,-1.0,2026-07-27,-0.06291382541056932,-2500.0,-1.0
2026-04-28,Tue,41400.0,41400.0,41100.0,40700.0,39100.0,38900.0,39600.0,39000.0,38700.0,38500.0,37000.0,-300.0,2026-04-28,2,0,39600.0,0,38700.0,0,38500.0,0,37000.0,40740.0,38066.666666666664,2673.3333333333358,3700.0,2040.0,4100.0,-0.007343974255759278,0.008157158359395986,0.2,0,-0.007343974255758506,-0.002453988961566703,-0.002453988961566703,0.06077819626194909,0.10891583186010347,0.7119275618952997,-0.20640076476087768,0.7348929170416628,0.7607790697301613,-0.044461194290718424,0.6744907594765952,0.7029645186276458,-0.20148123757820766,0.7358081012471948,0.9539634924600672,-0.06713219696807939,0.8993210126354603,0.0,2026-04-27,420.0,0.0,718.0,1.0,1.0,127.0,0.020445691160289492,0.036367644170875124,0.020445691160289492,0.05129329438755015,0.0831228432499369,0.0102954204747497,1.7590691449618288,0.55,395.5,0.0,6.436150368369428,1.0,0.0,1.0,2026-05-04,-0.0024600258408623114,-100.0,-1.0,2026-05-08,-0.0223611801581573,-900.0,-1.0,2026-05-13,-0.04266644631890283,-1700.0,-1.0,2026-05-28,-0.0350035735733337,-1400.0,-1.0,2026-06-15,-0.060778196261949045,-2400.0,-1.0,2026-06-27,-0.10345133738802476,-4000.0,-1.0,2026-07-27,-0.055569851154810765,-2200.0,-1.0
2026-04-29,Wed,41200.0,41200.0,41000.0,40300.0,38900.0,38700.0,39300.0,38800.0,38500.0,38300.0,36800.0,-400.0,2026-04-29,2,0,39300.0,0,38500.0,0,38300.0,0,36800.0,40520.0,37866.666666666664,2653.3333333333358,3500.0,2020.0,4200.0,-0.009876623495912895,0.008110666805041574,0.2,0,-0.0196566525495516,-0.009876623495911976,-0.03414965985211848,0.05090157276603703,0.0990392083641915,0.6426960135072004,-0.24062905044406838,0.6549403026801792,0.2093314099000557,-0.42400428458363193,0.22483025315886507,0.6341550567149393,-0.2357750523319722,0.6451650742819606,1.2124842066994554,0.10715847905110175,1.1241512657943253,0.0,2026-04-28,425.0,15.0,723.0,0.0,1.0,126.0,0.020202707317519497,0.04450523993655153,0.02622319509910298,0.060624621816435464,0.11984398147640629,0.009825273822533526,2.024801840012565,0.55,431.5,2.772588722239781,6.6052979209482015,1.0,0.0,1.0,2026-05-04,0.007416597655049619,300.0,1.0,2026-05-09,-0.015000281259492598,-600.0,-1.0,2026-05-14,-0.043099192481852074,-1700.0,-1.0,2026-05-29,-0.030229001961317156,-1200.0,-1.0,2026-06-15,-0.05090157276603702,-2000.0,-1.0,2026-06-29,-0.09085362377775211,-3500.0,-1.0,2026-07-28,-0.03793122232340956,-1500.0,-1.0
2026-04-30,Thu,41000.0,41000.0,40800.0,40100.0,38700.0,38700.0,39100.0,38700.0,38700.0,38500.0,37000.0,-200.0,2026-04-30,2,0,39100.0,0,38700.0,0,38500.0,0,37000.0,40320.0,38066.666666666664,2253.3333333333358,3100.0,1620.0,3800.0,-0.004975134640112344,0.008227320497091397,0.2,0,-0.022195732391784323,-0.017305747097592566,-0.04390949261556855,0.04854081869999408,0.08859957925199895,-0.6222338187185535,-0.9997179939279309,-0.5518560759353961,-0.8914009184023718,-1.1840495225952403,-0.6744907594765952,-0.6241537307897401,-0.9962409995227075,-0.6131734177059956,0.11452183218076059,-0.5800672523057926,0.22483025315886507,0.0,2026-04-29,430.5,0.0,718.0,1.0,1.0,125.0,0.03546470957228198,0.06106025676124638,0.03306086226088745,0.07348277675980341,0.13270213641977424,0.01006314360199704,2.3015990776973476,0.6,439.0,0.0,6.591673732008658,1.0,0.0,1.0,2026-05-05,0.012391732295163457,500.0,1.0,2026-05-11,-0.01254721605208864,-500.0,-1.0,2026-05-15,-0.03295608768329572,-1300.0,-1.0,2026-05-30,-0.025253867321203417,-1000.0,-1.0,2026-06-15,-0.045926438125923175,-1800.0,-1.0,2026-06-29,-0.08587848913763824,-3300.0,-1.0,2026-07-29,-0.02781468818287703,-1100.0,-1.0
2026-05-01,Fri,41200.0,41200.0,40800.0,40300.0,38900.0,38800.0,39300.0,38900.0,38700.0,38500.0,37000.0,200.0,2026-05-01,2,0,39300.0,0,38700.0,0,38500.0,0,37000.0,40480.0,38066.666666666664,2413.3333333333358,3300.0,1780.0,3800.0,0.004975134640112344,0.00806923740445052,0.2,0,-0.01722059775167052,-0.009876623495911976,-0.03893435797545477,0.05090157276603703,0.10453372768183221,-0.117680264354607,-0.6916577524003237,-0.06131734177059957,-0.3454652563407341,-0.7974195022667753,-0.22483025315886507,-0.1222031693403113,-0.6876380277365455,-0.12263468354119914,0.11012692442649386,-0.5800672523057926,0.22483025315886507,0.0,2026-04-30,426.0,45.0,733.0,0.0,1.0,124.0,0.02736637169402112,0.0407241902265687,0.02736637169402112,0.05798725765034973,0.1064043570887252,0.010343795411391974,1.88572719150418,0.6,446.0,3.828641396489095,6.577861357721047,1.0,0.0,1.0,2026-05-06,-0.002484473327661945,-100.0,-1.0,2026-05-11,-0.01752235069220249,-700.0,-1.0,2026-05-16,-0.030229001961317156,-1200.0,-1.0,2026-06-01,-0.035357218328236684,-1400.0,-1.0,2026-06-15,-0.05090157276603702,-2000.0,-1.0,2026-06-30,-0.07735814230286749,-3000.0,-1.0,2026-07-30,-0.03278982282299084,-1300.0,-1.0
2026-05-02,Sat,41400.0,41400.0,41100.0,40500.0,39100.0,38800.0,39500.0,39000.0,38700.0,38500.0,37000.0,200.0,2026-05-02,2,0,39500.0,0,38700.0,0,38500.0,0,37000.0,40700.0,38066.666666666664,2633.3333333333358,3500.0,2000.0,4100.0,0.004950505159856178,0.007917761971242575,0.15,0,-0.01227009259181436,-0.004926118336055889,-0.014706147389695449,0.04546237407675741,0.10673319946979852,0.5542070167090771,-0.2726752407971877,0.6131734177059956,0.18134884188385236,-0.4156486720901363,0.22483025315886507,0.5461517327182936,-0.26790051631958167,0.5781349366942244,0.893349484826341,-0.06424749228215203,0.8993210126354603,0.0,2026-05-01,428.0,48.0,734.0,0.0,0.0,123.0,0.030844675351098694,0.0589467078717929,0.04052998108556238,0.07016177869193285,0.12026859874611162,0.01060620726455364,1.9278890219994762,0.65,447.5,3.8918202981106265,6.584791392385716,1.0,0.0,1.0,2026-05-07,-0.00743497848751809,-300.0,-1.0,2026-05-12,-0.02753615780860529,-1100.0,-1.0,2026-05-18,-0.03262522731607661,-1300.0,-1.0,2026-06-01,-0.04030772348809287,-1600.0,-1.0,2026-06-16,-0.055852077925893195,-2200.0,-1.0,2026-07-01,-0.08499321283339259,-3300.0,-1.0,2026-07-31,-0.050643732818754915,-2000.0,-1.0
2026-05-04,Mon,41400.0,41400.0,41100.0,40600.0,39200.0,38800.0,39600.0,39100.0,38900.0,38700.0,37200.0,100.0,2026-05-04,2,0,39600.0,0,38900.0,0,38700.0,0,37200.0,40740.0,38266.666666666664,2473.3333333333358,3400.0,1840.0,3900.0,0.0024660924951938057,0.007771740309321044,0.15,0,-0.0024600258408623114,-0.009804000096620856,-0.007361996441069082,0.030002250303798914,0.11195032533688185,0.025239388438111254,-0.5806677432425217,0.11776822784512368,-0.12004946994831694,-0.6096394863629961,0.0,0.019878068635320423,-0.5764364362501786,0.0,0.33222153205861804,-0.4117594677787315,0.40469445568595713,0.0,2026-05-01,428.0,48.0,734.0,0.0,0.0,123.0,0.030844675351098694,0.0589467078717929,0.04052998108556238,0.07016177869193285,0.12026859874611162,0.01060620726455364,1.9278890219994762,0.65,447.5,3.8918202981106265,6.584791392385716,3.0,0.0,1.0,2026-05-09,-0.02241687891454226,-900.0,-1.0,2026-05-14,-0.050515790136901835,-2000.0,-1.0,2026-05-19,-0.045347819978459145,-1800.0,-1.0,2026-06-03,-0.04792846657195084,-1900.0,-1.0,2026-06-18,-0.07410797215372185,-2900.0,-1.0,2026-07-03,-0.09555651556120552,-3700.0,-1.0,2026-08-03,-0.05310982531394841,-2100.0,-1.0
2026-05-05,Tue,41300.0,41300.0,41000.0,40600.0,39200.0,38900.0,39700.0,39100.0,38900.0,38700.0,37200.0,0.0,2026-05-05,2,0,39700.0,0,38900.0,0,38700.0,0,37200.0,40680.0,38266.666666666664,2413.3333333333358,3400.0,1780.0,3800.0,0.0,0.007559156521800901,0.15,1,0.007416597655049619,-0.01224005489450195,-0.00491401480242904,0.0024660924951934683,0.11195032533688185,-0.1987670624000869,-0.6954521529760812,-0.13489815189530432,-0.15194186117009947,-0.6119126349230181,0.0,-0.20309045552939506,-0.691425035812623,-0.21299708193997746,0.036143066644483315,-0.5851761485222396,0.0,0.0,2026-05-01,428.0,48.0,734.0,0.0,0.0,123.0,0.030844675351098694,0.0589467078717929,0.04052998108556238,0.07016177869193285,0.12026859874611162,0.01060620726455364,1.9278890219994762,0.65,447.5,3.8918202981106265,6.584791392385716,4.0,0.0,1.0,2026-05-11,-0.024938948347252066,-1000.0,-1.0,2026-05-15,-0.045347819978459145,-1800.0,-1.0,2026-05-20,-0.05310982531394841,-2100.0,-1.0,2026-06-04,-0.04792846657195084,-1900.0,-1.0,2026-06-19,-0.07942713363132178,-3100.0,-1.0,2026-07-04,-0.10099131154716243,-3900.0,-1.0,2026-08-03,-0.05310982531394841,-2100.0,-1.0
2026-05-06,Wed,41000.0,41000.0,40700.0,40200.0,39000.0,38800.0,39400.0,39000.0,38900.0,38700.0,37200.0,-400.0,2026-05-06,2,0,39400.0,0,38900.0,0,38700.0,0,37200.0,40380.0,38266.666666666664,2113.3333333333358,3000.0,1480.0,3500.0,-0.009901070982710536,0.007328874161958301,0.2,0,0.0024906613124518304,-0.019705071079332444,-0.022141125877213518,-0.00743497848751809,0.09109024056445075,-1.2085376350835382,-1.2594399711919888,-1.1466342911101997,-1.329408625411285,-1.3701252780481352,-0.8993210126354603,-1.2179257481030734,-1.256456427523281,-1.3489815189531904,-0.8027823428284835,-1.0960816502349018,-0.8093889113719143,0.0,2026-05-05,425.0,30.0,720.0,0.0,1.0,119.0,0.011834457647003305,0.0322801488072928,0.017804624633506627,0.05563708030539605,0.10928979379771597,0.010368690416882454,1.6541699720117204,0.65,449.5,3.4339872044851463,6.577861357721047,1.0,0.0,1.0,2026-05-11,-0.015037877364540559,-600.0,-1.0,2026-05-16,-0.027744528633655334,-1100.0,-1.0,2026-05-22,-0.04320875433123681,-1700.0,-1.0,2026-06-05,-0.04320875433123681,-1700.0,-1.0,2026-06-20,-0.07487366897520546,-2900.0,-1.0,2026-07-06,-0.09381875521765486,-3600.0,-1.0,2026-08-04,-0.030305349495328922,-1200.0,-1.0
2026-05-07,Thu,40900.0,40900.0,40600.0,40200.0,39000.0,38700.0,39400.0,38900.0,38700.0,38500.0,37000.0,0.0,2026-05-07,2,0,39400.0,0,38700.0,0,38500.0,0,37000.0,40320.0,38066.666666666664,2253.3333333333358,3200.0,1620.0,3600.0,0.0,0.007508097301526608,0.2,1,-0.002484473327661945,-0.019705071079332444,-0.031826431611677204,-0.019705071079332444,0.09655473503652948,-0.7543971573304392,-0.9796912829611862,-0.674490759476583,-0.7514048752324654,-0.9751408551355255,-0.44966050631773014,-0.7637586534665105,-0.9762518272601248,-0.8243775949158385,-0.5437094298904519,-0.9130935725459733,-0.5395926075812761,0.0,2026-05-06,425.0,120.0,755.0,0.0,0.0,118.0,0.0,0.020202707317519497,0.015412278994887174,0.04820210181787843,0.11191791620398561,0.010032128687309629,1.589619311540256,0.7,453.0,4.795790545596741,6.598509028614515,1.0,0.0,1.0,2026-05-12,-0.020101179321087265,-800.0,-1.0,2026-05-18,-0.02519024882855852,-1000.0,-1.0,2026-05-22,-0.04320875433123681,-1700.0,-1.0,,,,,2026-06-22,-0.07487366897520546,-2900.0,-1.0,2026-07-06,-0.09381875521765486,-3600.0,-1.0,2026-08-05,-0.02519024882855852,-1000.0,-1.0
2026-05-08,Fri,40600.0,40600.0,40300.0,39800.0,38500.0,38500.0,39000.0,38500.0,38500.0,38300.0,36800.0,-400.0,2026-05-08,2,0,39000.0,0,38500.0,0,38300.0,0,36800.0,39960.0,37866.666666666664,2093.3333333333358,3000.0,1460.0,3500.0,-0.010000083334583465,0.007279370411226487,0.25,0,-0.017435061822101423,-0.02970515441391581,-0.02970515441391581,-0.019901154317294913,0.0920491710195869,-1.3447050721860705,-1.2758869606802725,-1.2140833670578812,-1.368038246443344,-1.349160243609082,-0.8993210126354603,-1.3547921824099678,-1.2730104760403784,-1.423924936672812,-0.8689673278243063,-1.078630534785127,-1.011736139214893,0.0,2026-05-07,424.0,30.0,765.0,0.0,1.0,117.0,-0.01521386863582741,0.020250840936454573,0.03235752633947442,0.058268908123976004,0.10824727793021705,0.010027537117063522,1.4692484515971551,0.75,506.0,3.4339872044851463,6.5998704992128365,1.0,1.0,1.0,2026-05-13,-0.02030526616074557,-800.0,-1.0,2026-05-18,-0.01519016549397512,-600.0,-1.0,2026-05-23,-0.04103139667786247,-1600.0,-1.0,,,,,2026-06-22,-0.06487358564062216,-2500.0,-1.0,2026-07-07,-0.08655465170194616,-3300.0,-1.0,2026-08-06,-0.01519016549397512,-600.0,-1.0
2026-05-09,Sat,40500.0,40500.0,40200.0,39700.0,38500.0,38400.0,39000.0,38500.0,38300.0,38100.0,36600.0,-100.0,2026-05-09,2,0,39000.0,0,38300.0,0,38100.0,0,36600.0,39880.0,37666.666666666664,2213.3333333333358,3100.0,1580.0,3600.0,-0.0025157245972469156,0.007470607710937989,0.25,0,-0.02241687891454226,-0.024876904755404557,-0.027330893716971304,-0.027330893716971304,0.08953344642233968,-0.9560309727207877,-1.0402110774451332,-0.8093889113719167,-1.0869969625335723,-1.15017368692454,-0.6744907594765952,-0.9661517458318551,-1.0369337622114116,-0.9742644303550819,-0.6099334990964442,-0.9008924983205457,-0.6744907594765952,0.0,2026-05-08,421.5,0.0,725.0,1.0,1.0,116.0,-0.010619568827460846,0.016746802866560273,0.03132786314185232,0.05736777215747235,0.10102040231520881,0.008894194569449322,1.2645765416827892,0.75,581.5,0.0,6.580639137284949,1.0,1.0,1.0,2026-05-14,-0.02809891122235953,-1100.0,-1.0,2026-05-19,-0.022930941063917017,-900.0,-1.0,2026-05-25,-0.03851567208061519,-1500.0,-1.0,,,,,2026-06-23,-0.07313963664666322,-2800.0,-1.0,2026-07-08,-0.07585334251825944,-2900.0,-1.0,2026-08-07,-0.012674440896727824,-500.0,-1.0
2026-05-11,Mon,40400.0,40400.0,40100.0,39600.0,38400.0,38300.0,38900.0,38400.0,38200.0,38000.0,36500.0,-100.0,2026-05-11,2,0,38900.0,0,38200.0,0,38000.0,0,36500.0,39780.0,37566.666666666664,2213.3333333333358,3100.0,1580.0,3600.0,-0.0025220694327110493,0.007269189295336459,0.25,0,-0.024938948347252066,-0.01752235069220249,-0.027398974188114388,-0.051672010544320926,0.0842603436177398,-0.9925572468089262,-1.0371114568394184,-0.8093889113719167,-1.1125106961438151,-1.1467049558661122,-0.6744907594765952,-1.0030890412872027,-1.0338388812259844,-0.9742644303550819,-0.6447217744241246,-0.8984341422975539,-0.6744907594765952,0.0,2026-05-08,421.5,0.0,725.0,1.0,1.0,116.0,-0.010619568827460846,0.016746802866560273,0.03132786314185232,0.05736777215747235,0.10102040231520881,0.008894194569449322,1.2645765416827892,0.75,581.5,0.0,6.580639137284949,3.0,1.0,1.0,2026-05-16,-0.012706651269114801,-500.0,-1.0,2026-05-22,-0.028170876966696335,-1100.0,-1.0,2026-05-26,-0.028170876966696335,-1100.0,-1.0,,,,,2026-06-25,-0.07605236319991024,-2900.0,-1.0,2026-07-10,-0.06791120561621039,-2600.0,-1.0,2026-08-10,-0.028170876966696335,-1100.0,-1.0
2026-05-12,Tue,40200.0,40200.0,39900.0,39400.0,38400.0,38200.0,38800.0,38400.0,38200.0,38000.0,36500.0,-200.0,2026-05-12,2,0,38800.0,0,38200.0,0,38000.0,0,36500.0,39620.0,37566.666666666664,2053.3333333333358,2900.0,1420.0,3400.0,-0.005063301956546695,0.007074764751152722,0.25,0,-0.020101179321087265,-0.017610518008635393,-0.034916265106227876,-0.06152001062420393,0.0874729509650529,-1.5862277393253412,-1.3292990490319714,-1.3489815189532026,-1.730071824252102,-1.513464025074191,-1.1241512657943253,-1.5974960413012975,-1.3265911647199933,-1.5738117721120555,-1.2761171181803246,-1.232089557756458,-1.3489815189531904,0.0,2026-05-11,423.0,0.0,725.0,1.0,1.0,113.0,-0.011751016535519021,0.019093658815579673,0.041019019444545,0.04595730108512708,0.10457280391957635,0.008936689470937828,1.314886827649895,0.7,615.0,0.0,6.628041376179533,1.0,1.0,1.0,2026-05-18,-0.005089069507471293,-200.0,-1.0,2026-05-22,-0.023107575010149605,-900.0,-1.0,2026-05-27,-0.012771565679487505,-500.0,-1.0,2026-06-15,-0.028315920117287854,-1100.0,-1.0,2026-06-26,-0.07371757589656756,-2800.0,-1.0,2026-07-11,-0.06284790365966364,-2400.0,-1.0,2026-08-10,-0.023107575010149605,-900.0,-1.0
2026-05-13,Wed,39900.0,39900.0,39600.0,39000.0,38100.0,37800.0,38500.0,38000.0,37400.0,37200.0,35700.0,-400.0,2026-05-13,2,0,38500.0,0,37400.0,0,37200.0,0,35700.0,39300.0,36766.666666666664,2533.3333333333358,3300.0,1900.0,3900.0,-0.0102041701742408,0.006970464841694134,0.25,0,-0.030305349495328922,-0.03278982282299084,-0.04266644631890283,-0.07172418079844561,0.05264373348542188,0.12904230670356406,-0.4235006350503823,0.2697963037906553,-0.5103721017538598,-0.7508347311390539,-0.22483025315886507,0.11921612248517116,-0.41914957499556743,0.22483025315886507,0.23374209598059054,-0.37550306934493655,0.3372453797382976,0.0,2026-05-12,425.0,0.0,725.0,1.0,1.0,112.0,0.0,0.011834457647003305,0.04820210181787843,0.0322801488072928,0.10666856031784189,0.00875786250013482,1.3940192092931105,0.65,670.5,0.0,6.641182169740591,1.0,1.0,1.0,2026-05-18,0.005115100666770409,200.0,1.0,2026-05-23,-0.02072613051711697,-800.0,-1.0,2026-05-28,0.007662872745569097,300.0,1.0,2026-06-15,-0.01811174994304617,-700.0,-1.0,2026-06-27,-0.060784891069121855,-2300.0,-1.0,2026-07-13,-0.04456831947987652,-1700.0,-1.0,2026-08-11,-0.012903404835907841,-500.0,-1.0
2026-05-14,Thu,39400.0,39400.0,39100.0,38600.0,37600.0,37000.0,38000.0,37300.0,36400.0,36200.0,34700.0,-400.0,2026-05-14,2,0,38000.0,0,36400.0,0,36200.0,0,34700.0,38820.0,35766.666666666664,3053.3333333333358,3900.0,2420.0,4400.0,-0.0103093696588612,0.007205528616238251,0.25,0,-0.030614635819606863,-0.048049697641708314,-0.05297581597776417,-0.06275584503140379,0.03158157205029884,1.9872515232348762,0.5423266093216932,2.0234722784298347,1.298240865229229,0.3645406388799667,1.1241512657943253,1.9789876332538456,0.5485023419485134,2.173359113869029,1.752352666044938,0.469137891612365,2.023472278429786,0.0,2026-05-13,419.5,75.0,800.0,0.0,1.0,111.0,-0.013025643017156696,-0.013025643017156696,0.03147959691939484,0.013197552081946284,0.09757734860551981,0.008710028110403154,1.0109803090177123,0.6,718.0,4.330733340286331,6.587550014824796,1.0,1.0,1.0,2026-05-19,0.005167970158442598,200.0,1.0,2026-05-25,-0.010416760858255715,-400.0,-1.0,2026-05-29,0.012870190520534956,500.0,1.0,2026-06-15,-0.007802380284184899,-300.0,-1.0,2026-06-29,-0.04775443129589999,-1800.0,-1.0,2026-07-13,-0.03425894982101533,-1300.0,-1.0,,,,
2026-05-15,Fri,39600.0,39600.0,39300.0,38800.0,37800.0,37200.0,38200.0,37500.0,36400.0,36200.0,34700.0,200.0,2026-05-15,2,0,38200.0,0,36400.0,0,36200.0,0,34700.0,39020.0,35766.666666666664,3253.3333333333358,4100.0,2620.0,4600.0,0.005167970158442614,0.00742842178708543,0.2,0,-0.022930941063917017,-0.045347819978459145,-0.0551518200750801,-0.05270981641952826,0.03407931365286258,2.597264418549685,0.9072505987564263,2.6979630379063932,1.8587761852647335,0.730215361642899,1.5738117721120555,2.5902981170267325,0.9140925128911498,2.7689620652197067,2.279613277869148,0.8017575142251562,2.697963037906381,0.0,2026-05-14,418.5,290.0,870.0,0.0,1.0,110.0,-0.013056565302427714,-0.028270433938255124,0.032789822822991255,0.004790428322632323,0.09125628132295471,0.00935850773110453,0.9176550834400513,0.65,719.0,5.673323267171493,6.587550014824796,1.0,1.0,1.0,2026-05-20,-0.007762005335489189,-300.0,-1.0,2026-05-25,-0.015584731016698203,-600.0,-1.0,2026-05-30,0.007702220362092303,300.0,1.0,2026-06-15,-0.012970350442627404,-500.0,-1.0,2026-06-29,-0.05292240145434255,-2000.0,-1.0,2026-07-14,-0.03141619623337893,-1200.0,-1.0,,,,
2026-05-16,Sat,40000.0,40000.0,39700.0,39100.0,38100.0,37200.0,38500.0,37800.0,36700.0,36500.0,35000.0,300.0,2026-05-16,2,0,38500.0,0,36700.0,0,36500.0,0,35000.0,39380.0,36066.666666666664,3313.3333333333358,4100.0,2680.0,4700.0,0.007702220362091339,0.007312526113836993,0.2,0,-0.012706651269114801,-0.03764559961636688,-0.04988565451086889,-0.04255961441879589,0.028536307264934297,2.642823030799777,1.0117628374791898,2.9003102657493716,1.794364780528195,0.7259169908095343,1.5738117721120555,2.6368158028406503,1.018758843560816,2.9819591471596842,2.447647269242382,0.9651453741651692,3.0352084176446783,0.0,2026-05-15,419.0,15.0,875.0,0.0,0.0,109.0,-0.005948857519772588,-0.016568426347233434,0.024155763879335268,0.010797945346787685,0.10562573247412654,0.00932419191560752,0.9188729101532869,0.7,721.5,2.772588722239781,6.587550014824796,1.0,1.0,1.0,2026-05-22,-0.01546422569758159,-600.0,-1.0,2026-05-26,-0.01546422569758159,-600.0,-1.0,2026-06-01,-0.0051282163669194554,-200.0,-1.0,2026-06-15,-0.0206725708047198,-800.0,-1.0,2026-06-30,-0.047129140341550246,-1800.0,-1.0,2026-07-15,-0.031171354902939395,-1200.0,-1.0,,,,
2026-05-18,Mon,40000.0,40000.0,39700.0,39200.0,38200.0,37200.0,38500.0,37900.0,37000.0,36800.0,35300.0,100.0,2026-05-18,2,0,38500.0,0,37000.0,0,36800.0,0,35300.0,39420.0,36366.666666666664,3053.3333333333358,3900.0,2420.0,4400.0,0.002554279805096371,0.007336491517475363,0.2,0,-0.005089069507471293,-0.02519024882855852,-0.04489531990789099,-0.047331374705772124,0.018018505502678212,1.6645922186581994,0.5265494866807786,2.023472278429798,1.1705085813903788,0.35392629892812977,1.1241512657943253,1.6581216767329403,0.5326116031705155,2.0589717920864485,1.4867124997401533,0.4567583868757104,1.6187778227438285,0.0,2026-05-15,419.0,15.0,875.0,0.0,0.0,109.0,-0.005948857519772588,-0.016568426347233434,0.024155763879335268,0.010797945346787685,0.10562573247412654,0.00932419191560752,0.9188729101532869,0.7,721.5,2.772588722239781,6.587550014824796,3.0,1.0,1.0,2026-05-23,-0.025841231183887328,-1000.0,-1.0,2026-05-28,0.002547772078798783,100.0,1.0,2026-06-02,-0.012837146760680719,-500.0,-1.0,2026-06-17,-0.03109058707003112,-1200.0,-1.0,2026-07-02,-0.05505977718302743,-2100.0,-1.0,2026-07-17,-0.03109058707003112,-1200.0,-1.0,,,,
2026-05-19,Tue,39800.0,39800.0,39500.0,38800.0,37800.0,37200.0,38300.0,37600.0,37000.0,36800.0,35300.0,-400.0,2026-05-19,2,0,38300.0,0,37000.0,0,36800.0,0,35300.0,39140.0,36366.666666666664,2773.3333333333358,3500.0,2140.0,4200.0,-0.01025650016718771,0.007140456710756816,0.2,0,-0.005141399500418652,-0.03544674899574757,-0.0551518200750801,-0.06727318060742486,0.007762005335489109,0.7423417701047479,0.01511606915316795,1.079185215162545,0.023240373930066647,-0.37907293177580376,0.22483025315886507,0.7349435526879796,0.020259891551767852,1.011736139214893,0.8976920582589341,0.1255507119800578,0.8993210126354603,0.0,2026-05-18,416.5,355.0,925.0,0.0,0.0,106.0,-0.015485717439379876,-0.027236733974898897,0.031709973896894006,0.013293247110663486,0.10229731821700305,0.009122812631256133,0.7335017314798766,0.7,724.0,5.87493073085203,6.68586094706836,1.0,1.0,1.0,2026-05-25,-0.015584731016698203,-600.0,-1.0,2026-05-29,0.007702220362092303,300.0,1.0,2026-06-03,-0.0025806465934916254,-100.0,-1.0,2026-06-18,-0.028760152175262687,-1100.0,-1.0,2026-07-03,-0.05020869558274631,-1900.0,-1.0,2026-07-18,-0.015584731016698203,-600.0,-1.0,,,,
2026-05-20,Wed,39300.0,39300.0,39000.0,38500.0,37500.0,36800.0,38000.0,37200.0,36500.0,36300.0,34800.0,-300.0,2026-05-20,2,0,38000.0,0,36500.0,0,36300.0,0,34800.0,38720.0,35866.666666666664,2853.3333333333358,3700.0,2220.0,4200.0,-0.007762005335489874,0.007364692964181998,0.15,0,-0.0025940351770466466,-0.03320867099665346,-0.06291382541056932,-0.06291382541056932,-0.007762005335489189,0.984197098394535,0.16769140420497633,1.3489815189531782,0.5920249516876076,-0.0015372515370536623,0.6744907594765952,0.9771927450160249,0.16980863079649075,1.2815324430055308,0.8837545751662497,0.13147382093266075,0.8993210126354603,0.0,2026-05-19,410.5,395.0,1045.0,0.0,0.0,105.0,-0.03471324003193388,-0.03471324003193388,-0.002433091224641082,-0.01690861539842725,0.09178412593520946,0.008622814356477056,0.31940059182329705,0.75,725.0,5.981414211254481,6.769641976852503,1.0,1.0,1.0,2026-05-25,-0.007822725681209045,-300.0,-1.0,2026-05-30,0.015464225697581553,600.0,1.0,2026-06-04,0.0051813587419975845,200.0,1.0,2026-06-19,-0.026317308317373417,-1000.0,-1.0,2026-07-04,-0.04788148623321397,-1800.0,-1.0,2026-07-20,-0.0026007817000573675,-100.0,-1.0,,,,
2026-05-22,Fri,39400.0,39400.0,39100.0,38500.0,37400.0,36700.0,38100.0,37200.0,36700.0,36500.0,35000.0,0.0,2026-05-22,2,0,38100.0,0,36700.0,0,36500.0,0,35000.0,38760.0,36066.666666666664,2693.3333333333358,3500.0,2060.0,4100.0,0.0,0.007389134179250091,0.1,2,-0.007762005335489189,-0.030692946399406135,-0.055569851154810765,-0.0580238401163775,0.0026007817000574403,0.49280201488180914,-0.12697073375129572,0.8093889113719118,0.03742339315813467,-0.3704776204298655,0.22483025315886507,0.4850531119763041,-0.12497669572183003,0.7419398354242547,0.6107942102674466,-0.03636509940690681,0.6744907594765952,0.0,2026-05-21,398.0,555.0,1219.0,0.0,0.0,103.0,-0.05022488464509234,-0.06328144994752005,-0.04303060901106548,-0.030923923608045634,0.04365263015773646,0.01043488045085542,-0.5942187643965727,0.75,726.5,6.320768294250582,6.8308742346461795,1.0,1.0,1.0,2026-05-27,0.010336009330662073,400.0,1.0,2026-06-01,0.010336009330662073,400.0,1.0,,,,,2026-06-22,-0.03166491464396869,-1200.0,-1.0,2026-07-06,-0.05061000088641799,-1900.0,-1.0,2026-07-21,-0.0026007817000573675,-100.0,-1.0,,,,
2026-05-23,Sat,39000.0,39000.0,38700.0,38200.0,37100.0,36700.0,37700.0,37000.0,36200.0,36000.0,34500.0,-300.0,2026-05-23,2,0,37700.0,0,36200.0,0,36000.0,0,34500.0,38400.0,35566.666666666664,2833.3333333333358,3700.0,2200.0,4200.0,-0.007822725681208453,0.00716403138489944,0.15,0,-0.02328695137879054,-0.03599360264790537,-0.05351595334010785,-0.06339257683601981,0.005249355886143745,0.9412513676961358,0.13427031534219644,1.28153244300552,0.6247580176717187,0.0030731961200660325,0.6744907594765952,0.9340480448878832,0.13637509008710322,1.2140833670578715,0.8837545751662497,0.13432149069914273,0.8993210126354603,0.0,2026-05-22,400.5,0.0,1102.0,1.0,1.0,102.0,-0.04515715341372317,-0.05110601093349576,-0.03435920806693549,-0.01977814779164344,0.05254251378798269,0.010465665387373847,-0.4509497810836384,0.75,730.5,0.0,6.952728644624869,1.0,1.0,1.0,2026-05-28,0.02838900326268611,1100.0,1.0,2026-06-02,0.01300408442320661,500.0,1.0,,,,,2026-06-22,-0.023842188962759636,-900.0,-1.0,2026-07-07,-0.0455232550240837,-1700.0,-1.0,2026-07-22,0.007822725681209078,300.0,1.0,,,,
2026-05-25,Mon,39000.0,39000.0,38700.0,38200.0,37000.0,36500.0,37700.0,37000.0,35900.0,35700.0,34200.0,0.0,2026-05-25,2,0,37700.0,0,35900.0,0,35700.0,0,34200.0,38380.0,35266.666666666664,3113.3333333333358,4000.0,2480.0,4500.0,0.0,0.007205251360487088,0.15,2,-0.025841231183887328,-0.030930300691358614,-0.048540818699994055,-0.0658465657975865,0.007884403524148835,1.7934863044139284,0.6514611909311829,2.2258195062727357,1.4767007690422442,0.5578681188496165,1.3489815189531904,1.7876331357142083,0.6537882421391191,2.1583704303251046,1.6650568819513138,0.6396239094394163,1.5738117721120555,0.0,2026-05-22,400.5,0.0,1102.0,1.0,1.0,102.0,-0.04515715341372317,-0.05110601093349576,-0.03435920806693549,-0.01977814779164344,0.05254251378798269,0.010465665387373847,-0.4509497810836384,0.75,730.5,0.0,6.952728644624869,3.0,1.0,1.0,2026-05-30,0.023286951378790693,900.0,1.0,2026-06-04,0.01300408442320661,500.0,1.0,,,,,2026-06-24,-0.03733767043764424,-1400.0,-1.0,2026-07-09,-0.031917602968305085,-1200.0,-1.0,2026-07-24,0.007822725681209078,300.0,1.0,,,,
2026-05-26,Tue,39300.0,39300.0,39000.0,38500.0,37500.0,36500.0,38000.0,37300.0,36400.0,36200.0,34700.0,300.0,2026-05-26,2,0,38000.0,0,36400.0,0,36200.0,0,34700.0,38720.0,35766.666666666664,2953.3333333333358,3800.0,2320.0,4300.0,0.007822725681208453,0.006985750377570972,0.2,0,-0.007762005335489189,-0.012903404835907841,-0.04569322765889874,-0.055569851154810765,0.020998146839773402,1.2349451889613945,0.35363320865736386,1.5523993670493141,0.8652170105298155,0.19439795189450676,0.8993210126354603,1.2287270546076146,0.35208678734121845,1.5095745569238082,1.0772309595831633,0.30908698849085825,1.1241512657943253,0.0,2026-05-22,400.5,0.0,1102.0,1.0,1.0,102.0,-0.04515715341372317,-0.05110601093349576,-0.03435920806693549,-0.01977814779164344,0.05254251378798269,0.010465665387373847,-0.4509497810836384,0.75,730.5,0.0,6.952728644624869,4.0,0.0,1.0,2026-06-01,0.010336009330662073,400.0,1.0,2026-06-05,0.0,0.0,0.0,,,,,2026-06-25,-0.04788148623321397,-1800.0,-1.0,2026-07-10,-0.03974032864951411,-1500.0,-1.0,2026-07-25,0.0,0.0,0.0,,,,
2026-05-27,Wed,39600.0,39600.0,39300.0,38900.0,37800.0,36800.0,38300.0,37600.0,36700.0,36500.0,35000.0,400.0,2026-05-27,2,0,38300.0,0,36700.0,0,36500.0,0,35000.0,39040.0,36066.666666666664,2973.3333333333358,3900.0,2340.0,4300.0,0.010336009330661255,0.007038776034402238,0.2,0,0.010336009330662073,0.007741974153615459,-0.04030772348809287,-0.04523384182414873,0.03665331764803558,1.2526592234284526,0.3915068848065607,1.605930379706179,1.1159671078270088,0.3812524118174464,1.2140833670578715,1.2468695590858963,0.38995792858801887,1.7236986075512988,1.0418282465887676,0.310665428537052,1.1241512657943253,0.0,2026-05-26,400.5,70.0,1109.0,0.0,1.0,98.0,-0.03917269509848342,-0.0546584125378633,-0.035564753722283626,-0.013639393093318297,0.05254251378798269,0.010632695565288458,-0.4900233773720176,0.7,733.5,4.2626798770413155,6.937314081223682,1.0,1.0,1.0,2026-06-01,0.0,0.0,0.0,,,,,2026-06-15,-0.015544354437800344,-600.0,-1.0,2026-06-26,-0.06094601021708007,-2300.0,-1.0,2026-07-11,-0.0500763379801762,-1900.0,-1.0,2026-07-27,-0.01033600933066206,-400.0,-1.0,,,,
2026-05-28,Thu,40000.0,40000.0,39800.0,39300.0,38300.0,37000.0,38700.0,38000.0,36700.0,36500.0,35000.0,400.0,2026-05-28,2,0,38700.0,0,36700.0,0,36500.0,0,35000.0,39480.0,36066.666666666664,3413.3333333333358,4300.0,2780.0,4800.0,0.0102302682508153,0.007278852334794117,0.2,0,0.02056627758147702,0.01280427224598775,-0.03254354773247142,-0.042347547829092294,0.033638359148829775,2.5139225506156007,1.2050305724056392,3.2304557427563245,2.190469020444261,1.1245223923160397,1.7986420252709205,2.5113847695594758,1.2034448154650252,3.123957201786336,2.3051780234414077,1.1584925206915078,2.5630648860110616,0.0,2026-05-27,399.0,20.0,1079.0,0.0,0.0,97.0,-0.028414512002619574,-0.06312775203455345,-0.05129329438755015,-0.014925650216675024,0.04747523958812305,0.010618657656155278,-0.6464730939733284,0.7,736.0,3.044522437723423,7.106606137727303,1.0,1.0,1.0,2026-06-02,-0.015384918839479456,-600.0,-1.0,,,,,2026-06-15,-0.025774622688615252,-1000.0,-1.0,2026-06-27,-0.068447763814691,-2600.0,-1.0,2026-07-13,-0.052231192225445706,-2000.0,-1.0,2026-07-27,-0.02056627758147697,-800.0,-1.0,,,,
2026-05-29,Fri,39800.0,39800.0,39600.0,39100.0,38100.0,37000.0,38500.0,37800.0,36800.0,36800.0,35300.0,-200.0,2026-05-29,2,0,38500.0,0,36800.0,0,36800.0,0,35300.0,39280.0,36300.0,2980.0,3800.0,2480.0,4300.0,-0.005102051883895342,0.007488811196849062,0.2,0,0.023286951378790693,0.0,-0.03764559961636688,-0.04988565451086889,0.036462372537355014,1.1241312318266474,0.3964409159806088,1.3081032911061166,0.7286297338203552,0.18902969316391963,0.6744907594765952,1.4967456549642193,0.6392346508017137,1.716885569576788,0.9213295925594471,0.30528339326374976,0.8993210126354603,0.0,2026-05-28,400.0,70.0,1089.0,0.0,0.0,96.0,0.006269613013595077,-0.04759897879927877,-0.060624621816435464,-0.01611938187988393,0.05392834202555541,0.010116961725465681,-0.614167998852541,0.75,744.5,4.2626798770413155,7.005789019253503,1.0,1.0,1.0,2026-06-03,-0.01028286695558392,-400.0,-1.0,,,,,2026-06-15,-0.0206725708047198,-800.0,-1.0,2026-06-29,-0.060624621816434854,-2300.0,-1.0,2026-07-13,-0.047129140341550246,-1800.0,-1.0,2026-07-28,-0.007702220362092351,-300.0,-1.0,,,,
2026-05-30,Sat,39800.0,39800.0,39600.0,39100.0,38100.0,37200.0,38500.0,37700.0,37100.0,37100.0,35600.0,0.0,2026-05-30,2,0,38500.0,0,37100.0,0,37100.0,0,35600.0,39280.0,36600.0,2680.0,3500.0,2180.0,4000.0,0.0,0.007367442674299296,0.15,1,0.023286951378790693,-0.0025542798050967423,-0.027744528633655334,-0.04744959971298776,0.036462372537355014,0.2459496230436882,-0.14387991508201128,0.23382346328521314,-0.10306441212150241,-0.35607560201281385,0.0,0.6027558453589027,0.09975543311858466,0.5935518683394038,0.14161167281097153,-0.1897706741718723,0.22483025315886507,0.0,2026-05-29,401.0,0.0,1079.0,1.0,1.0,95.0,0.007509422022131673,-0.042715462622960665,-0.07098589656121579,-0.00992563979996941,0.04462180649925873,0.009620973562629382,-0.5874727264695648,0.75,760.0,0.0,7.01211529430638,1.0,1.0,1.0,2026-06-04,-0.01028286695558392,-400.0,-1.0,,,,,2026-06-15,-0.0206725708047198,-800.0,-1.0,2026-06-29,-0.060624621816434854,-2300.0,-1.0,2026-07-14,-0.03911841659547125,-1500.0,-1.0,2026-07-29,-0.002560820861673704,-100.0,-1.0,,,,
2026-06-01,Mon,39700.0,39700.0,39500.0,38900.0,37800.0,37200.0,38300.0,37500.0,37000.0,37000.0,35500.0,-200.0,2026-06-01,2,0,38300.0,0,37000.0,0,37000.0,0,35500.0,39120.0,36500.0,2620.0,3400.0,2120.0,4000.0,-0.005128216366919958,0.007143000690574038,0.2,0,0.010336009330662073,0.0025740039951728426,-0.032872745000574785,-0.05257781607990724,0.031334156170435445,0.0625587177728743,-0.24084582115851555,0.018735854429898606,-0.38810318895008117,-0.5319353670744396,-0.22483025315886507,0.41437845074477003,0.005669695112672044,0.3934529430280139,0.12573471110917456,-0.17437775823828297,0.09635582278237075,1.0,2026-05-29,401.0,0.0,1079.0,1.0,1.0,95.0,0.007509422022131673,-0.042715462622960665,-0.07098589656121579,-0.00992563979996941,0.04462180649925873,0.009620973562629382,-0.5874727264695648,0.75,760.0,0.0,7.01211529430638,3.0,1.0,1.0,,,,,2026-06-15,-0.015544354437800344,-600.0,-1.0,2026-06-16,-0.015544354437800344,-600.0,-1.0,2026-07-01,-0.04468548934529972,-1700.0,-1.0,2026-07-16,-0.023408090898014846,-900.0,-1.0,2026-07-31,-0.01033600933066206,-400.0,-1.0,,,,
2026-06-02,Tue,39400.0,39400.0,39200.0,38700.0,37200.0,37000.0,38100.0,37100.0,36600.0,36600.0,35100.0,-200.0,2026-06-02,2,0,38100.0,0,36600.0,0,36600.0,0,35100.0,38780.0,36100.0,2680.0,3600.0,2180.0,4100.0,-0.005154650588663046,0.007038396658328191,0.15,0,-0.0051546505886645375,0.0051813587419975845,-0.02802731225465585,-0.057732466668571736,0.0182534403093503,0.2008351410817072,-0.10346171859519884,0.18572933956601542,0.1243281015050857,-0.1269624625133573,0.26979630379063807,0.562907632725588,0.15169396828162815,0.5571880186980569,0.3530861597950075,0.025445492766399673,0.22483025315886507,1.0,2026-06-01,403.5,85.0,1094.0,0.0,0.0,92.0,0.007462721201589417,-0.037694432212133755,-0.05426285855936719,-0.013538668332798487,0.04563529470661987,0.008977806374702146,-0.42012139963275147,0.75,782.5,4.454347296253507,6.984716320118266,1.0,1.0,1.0,,,,,2026-06-15,-0.010389703849135798,-400.0,-1.0,2026-06-17,-0.018253440309350347,-700.0,-1.0,2026-07-02,-0.0422226304223467,-1600.0,-1.0,2026-07-17,-0.018253440309350347,-700.0,-1.0,2026-08-01,-0.010389703849135798,-400.0,-1.0,,,,
2026-06-03,Wed,39400.0,39400.0,39200.0,38700.0,37200.0,37000.0,38100.0,37100.0,36700.0,36700.0,35200.0,0.0,2026-06-03,2,0,38100.0,0,36700.0,0,36700.0,0,35200.0,38780.0,36200.0,2580.0,3500.0,2080.0,4000.0,0.0,0.006939806281895755,0.15,1,-0.015384918839479456,0.0051813587419975845,-0.02551158765740862,-0.050388492412813145,0.010389703849135868,-0.12343860971976453,-0.2875519073201151,-0.1368531975749649,-0.19560674171909184,-0.3117690611579043,0.0,0.2402686476960844,-0.028291705407639294,0.23460548155707658,0.058469106248127775,-0.13903767829019337,0.0,1.0,2026-06-02,401.0,0.0,1059.0,1.0,1.0,91.0,0.0012476607981550814,-0.03792503430032834,-0.06516176827522724,-0.006215060403434336,0.035536734276787385,0.009073836030672432,-0.678672619213146,0.75,835.0,0.0,6.993932975223189,1.0,1.0,1.0,,,,,2026-06-15,-0.010389703849135798,-400.0,-1.0,2026-06-18,-0.026179505581771054,-1000.0,-1.0,2026-07-03,-0.04762804898925459,-1800.0,-1.0,2026-07-18,-0.013004084423206573,-500.0,-1.0,2026-08-03,-0.005181358741997629,-200.0,-1.0,,,,
2026-06-04,Thu,39500.0,39500.0,39200.0,38700.0,37200.0,37000.0,38200.0,37000.0,36800.0,36800.0,35300.0,0.0,2026-06-04,2,0,38200.0,0,36800.0,0,36800.0,0,35300.0,38820.0,36300.0,2520.0,3400.0,2020.0,3900.0,0.0,0.00672839182542347,0.2,2,-0.01028286695558392,0.01300408442320661,-0.02298951822469872,-0.04051186891690122,0.010389703849135868,-0.3146757907788853,-0.39635989560769536,-0.317407416224282,-0.5012657130308982,-0.5032194706280965,-0.3372453797382976,0.04585217462495855,-0.13377588840189367,0.06131734177059957,-0.231464236610684,-0.3096547149113197,-0.22483025315886507,1.0,2026-06-03,401.0,300.0,1159.0,0.0,1.0,90.0,0.005000010416705614,-0.02341450158591396,-0.05812774161784784,-0.025847592810555042,0.03424557851316745,0.008932389690481714,-0.7187668753988563,0.7,872.5,5.707110264748875,6.984716320118266,1.0,1.0,1.0,,,,,2026-06-15,-0.010389703849135798,-400.0,-1.0,2026-06-19,-0.03149866705937105,-1200.0,-1.0,2026-07-04,-0.053062844975211555,-2000.0,-1.0,2026-07-20,-0.007782140442054963,-300.0,-1.0,2026-08-03,-0.005181358741997629,-200.0,-1.0,,,,
2026-06-05,Fri,39300.0,39300.0,39000.0,38500.0,37200.0,37000.0,38000.0,37000.0,,,,-200.0,2026-06-05,2,0,38000.0,1,36800.0,1,36800.0,1,35300.0,38660.0,36300.0,2360.0,3200.0,1860.0,3700.0,-0.00518135874199821,0.006523417904982009,0.25,0,-0.01546422569758159,0.007822725681209078,-0.023107575010149605,-0.040718093018784915,0.007822725681209078,-0.8073290270838622,-0.7198533693847392,-0.8175645569413312,-1.0994883005677374,-0.9089619580860757,-1.011736139214893,-0.4476291714829694,-0.45384148018329107,-0.4398852779195186,-0.7968696755143502,-0.6755972605025036,-0.6744907594765952,1.0,2026-06-04,400.5,600.0,1332.0,0.0,1.0,89.0,0.001249219400432544,0.007518832414027621,-0.05937540241600292,-0.03917269509848342,0.03299791771501237,0.008914351763814079,-0.8064589779855944,0.7,900.0,6.398594934535208,6.9985096422506015,1.0,1.0,1.0,,,,,2026-06-15,-0.005208345107138235,-200.0,-1.0,2026-06-20,-0.03166491464396869,-1200.0,-1.0,2026-07-06,-0.05061000088641799,-1900.0,-1.0,2026-07-20,-0.0026007817000573675,-100.0,-1.0,2026-08-04,0.012903404835907782,500.0,1.0,,,,
2026-06-15,Mon,39000.0,39000.0,38800.0,38300.0,37500.0,,37600.0,37100.0,36800.0,36600.0,35300.0,-200.0,2026-06-15,2,0,37600.0,0,36800.0,0,36600.0,0,35300.0,38520.0,36233.333333333336,2286.6666666666642,3000.0,1720.0,3500.0,-0.0052083451071389675,0.006450772899277601,0.25,0,-0.015544354437800344,-0.005208345107138235,-0.01811174994304617,-0.05090157276603702,0.0,-1.0429472777815354,-0.865788224370746,-1.0423948101002039,-1.691141197734233,-1.321902161548265,-1.6862268986914881,-0.8912617729461351,-0.7408548076227818,-0.8891014556736937,-1.3693916962424273,-1.049825226909386,-1.1241512657943253,1.0,2026-06-12,397.5,630.0,1636.0,0.0,0.0,81.0,-0.013741627852295935,-0.008766493212182702,-0.05148195583514337,-0.07975238977339849,-0.006269613013595077,0.008829340324054394,-1.3114675218751366,0.75,1084.0,6.447305862541213,7.267525427828172,3.0,1.0,1.0,2026-06-20,-0.026456569536830468,-1000.0,-1.0,2026-06-25,-0.0426731411260757,-1600.0,-1.0,2026-06-30,-0.026456569536830468,-1000.0,-1.0,2026-07-15,-0.010498784098219695,-400.0,-1.0,2026-07-30,0.018111749943046103,700.0,1.0,,,,,,,,
2026-06-16,Tue,39000.0,39000.0,38800.0,38300.0,37500.0,,37600.0,37100.0,36800.0,36600.0,35300.0,0.0,2026-06-16,2,0,37600.0,0,36800.0,0,36600.0,0,35300.0,38520.0,36233.333333333336,2286.6666666666642,3000.0,1720.0,3500.0,0.0,0.006383050545270231,0.25,1,-0.010389703849135798,-0.015544354437800344,-0.007802380284184899,-0.055852077925893195,-0.010389703849135798,-1.0701547001756564,-0.8537803502040009,-1.0423948101002039,-1.6733331471075874,-1.3053196825311009,-1.6862268986914881,-0.9232346089907315,-0.728697755991887,-0.8891014556736937,-1.3838877819840176,-1.0361068363230137,-1.1241512657943253,1.0,2026-06-15,393.0,190.0,1685.0,0.0,0.0,78.0,-0.015151805020602538,-0.026366875840742487,-0.06406130805287624,-0.08062973440010968,-0.022642476749759943,0.0089487826535506,-1.7678543575965022,0.75,1091.5,5.25227342804663,7.267525427828172,1.0,1.0,1.0,2026-06-22,-0.026456569536830468,-1000.0,-1.0,2026-06-26,-0.04540165577927974,-1700.0,-1.0,2026-07-01,-0.029141134907499467,-1100.0,-1.0,2026-07-16,-0.007863736460214576,-300.0,-1.0,2026-07-31,0.00520834510713826,200.0,1.0,,,,,,,,
2026-06-17,Wed,38700.0,38700.0,38500.0,38000.0,37200.0,,37300.0,36800.0,36300.0,36100.0,34800.0,-300.0,2026-06-17,2,0,37300.0,0,36300.0,0,36100.0,0,34800.0,38220.0,35733.333333333336,2486.6666666666642,3200.0,1920.0,3700.0,-0.007863736460214099,0.006188597111435362,0.3,0,-0.018253440309350347,-0.0336383591488298,-0.020834086902842025,-0.06618190688130123,-0.036179656577502356,-0.4466733091317897,-0.4003781524696177,-0.42922139239420815,-1.0524385964153848,-0.8578701087672294,-0.8093889113719143,-0.3049526853642023,-0.2747576592490687,-0.27592803796769805,-0.8152983254025241,-0.6281759296567823,-0.6744907594765952,1.0,2026-06-16,390.0,297.0,1759.0,0.0,0.0,77.0,-0.02531780798428951,-0.027814688182877134,-0.06573972248320548,-0.09297645645810437,-0.02281467776617152,0.009110608023311909,-2.022918289766875,0.75,1098.0,5.697093486505405,7.267525427828172,1.0,1.0,1.0,2026-06-22,-0.018592833076615856,-700.0,-1.0,2026-06-27,-0.034809404665861174,-1300.0,-1.0,2026-07-02,-0.023969190112996277,-900.0,-1.0,2026-07-17,0.0,0.0,0.0,2026-08-01,0.007863736460214451,300.0,1.0,,,,,,,,
2026-06-18,Thu,38500.0,38500.0,38200.0,37700.0,36700.0,,37000.0,36200.0,36000.0,35800.0,34500.0,-300.0,2026-06-18,2,0,37000.0,0,36000.0,0,35800.0,0,34500.0,37920.0,35433.333333333336,2486.6666666666642,3200.0,1920.0,3700.0,-0.007926065272419791,0.006301675271080554,0.3,0,-0.026179505581771054,-0.03646237253735496,-0.03646237253735496,-0.07410797215372185,-0.07164187965852832,-0.45279992520218926,-0.38634439065005893,-0.44263456090652964,-1.0351730477729861,-0.848966601006925,-0.6744907594765952,-0.3147007362220905,-0.2584752962617735,-0.2890674683471122,-0.8152983254025241,-0.6169154968486084,-0.6744907594765952,1.0,2026-06-17,390.5,145.0,1734.0,0.0,0.0,76.0,-0.025285797228673523,-0.026533458026828605,-0.049947959612742565,-0.08466119964467644,-0.029024119339280396,0.009145241137467256,-1.9110584243421518,0.75,1105.5,4.983606621708336,7.400620577371135,1.0,1.0,1.0,2026-06-23,-0.021448543407483627,-800.0,-1.0,2026-06-29,-0.024162249279079822,-900.0,-1.0,2026-07-03,-0.021448543407483627,-800.0,-1.0,2026-07-18,0.013175421158564328,500.0,1.0,2026-08-03,0.020998146839773402,800.0,1.0,,,,,,,,
2026-06-19,Fri,38200.0,38200.0,38000.0,37500.0,36300.0,,37000.0,36000.0,36000.0,35800.0,34500.0,-200.0,2026-06-19,2,0,37000.0,0,36000.0,0,35800.0,0,34500.0,37640.0,35433.333333333336,2206.6666666666642,3000.0,1640.0,3500.0,-0.005319161477601142,0.006410756210540129,0.3,0,-0.026317308317373417,-0.041781534014955,-0.044335813820051743,-0.06952606264861022,-0.07696104113612832,-1.3174250943441426,-1.0321048198951825,-1.3600387445184008,-1.59268770376796,-1.3021754571143027,-1.1241512657943253,-1.1821695758209967,-0.9007116281129665,-1.1562698733884489,-1.3502503344437333,-1.0218453307829765,-1.1241512657943253,1.0,2026-06-18,390.5,34.0,1729.0,0.0,1.0,75.0,-0.026533458026828605,-0.025285797228673523,-0.017766964814645902,-0.08466119964467644,-0.036459097826798015,0.008800433263788056,-1.8450395143772065,0.75,1134.0,3.5553480614894135,7.430114138561801,1.0,1.0,1.0,2026-06-24,-0.018843087801479943,-700.0,-1.0,2026-06-29,-0.018843087801479943,-700.0,-1.0,2026-07-04,-0.021564177915840525,-800.0,-1.0,2026-07-20,0.023716526617316065,900.0,1.0,2026-08-03,0.026317308317373358,1000.0,1.0,,,,,,,,
2026-06-20,Sat,38000.0,38000.0,37800.0,37300.0,36100.0,,36800.0,35800.0,35900.0,35700.0,34400.0,-200.0,2026-06-20,2,0,36800.0,0,35900.0,0,35700.0,0,34400.0,37440.0,35333.333333333336,2106.6666666666642,2900.0,1540.0,3400.0,-0.0053476063265947005,0.006350554008038027,0.3,0,-0.026456569536830468,-0.04200092397463071,-0.039426919979457874,-0.07487366897520546,-0.09457874005453791,-1.605601509777962,-1.25380378108881,-1.6380489873003141,-1.8392266742405503,-1.5101920148399497,-1.3489815189531904,-1.475262898714352,-1.1237537554512085,-1.41029886072379,-1.6175799861072961,-1.214524355799341,-1.3489815189531904,1.0,2026-06-19,388.0,605.0,1964.0,0.0,0.0,74.0,-0.02418959447111302,-0.03793122232340895,-0.025446665661164047,-0.0887281156086841,-0.030459207484708095,0.005355003279372914,-2.0106017321735687,0.75,1189.0,6.406879986069314,7.473069088032197,1.0,1.0,1.0,2026-06-25,-0.01621657158924528,-600.0,-1.0,2026-06-30,0.0,0.0,0.0,2026-07-06,-0.018945086242449304,-700.0,-1.0,2026-07-20,0.029064132943911334,1100.0,1.0,2026-08-04,0.0445683194798766,1700.0,1.0,,,,,,,,
2026-06-22,Mon,38000.0,38000.0,37800.0,37300.0,36100.0,,36800.0,35800.0,35800.0,35600.0,34400.0,0.0,2026-06-22,2,0,36800.0,0,35800.0,0,35600.0,0,34400.0,37440.0,35266.666666666664,2173.3333333333358,2900.0,1640.0,3400.0,0.0,0.006294885038022658,0.3,2,-0.026456569536830468,-0.03684627338596626,-0.03166491464396869,-0.06487358564062216,-0.08477473995791705,-1.3506400946059332,-1.0804534458846096,-1.3192245736821533,-1.7771366602967789,-1.4876492174073543,-1.3489815189531904,-1.1209427843591435,-0.870828075548372,-1.1037121518707922,-1.5883049382239323,-1.199941343717586,-1.3489815189531904,1.0,2026-06-19,388.0,605.0,1964.0,0.0,0.0,74.0,-0.02418959447111302,-0.03793122232340895,-0.025446665661164047,-0.0887281156086841,-0.030459207484708095,0.005355003279372914,-2.0106017321735687,0.75,1189.0,6.406879986069314,7.473069088032197,3.0,1.0,1.0,2026-06-27,-0.01621657158924528,-600.0,-1.0,2026-07-02,-0.005376357036380406,-200.0,-1.0,2026-07-07,-0.021681066061324052,-800.0,-1.0,2026-07-22,0.0316649146439687,1200.0,1.0,2026-08-06,0.04968342014664703,1900.0,1.0,,,,,,,,
2026-06-23,Tue,37600.0,37600.0,37400.0,36900.0,36000.0,,36300.0,35700.0,35400.0,35200.0,33800.0,-400.0,2026-06-23,2,0,36300.0,0,35400.0,0,35200.0,0,33800.0,37100.0,34800.0,2300.0,3100.0,1700.0,3600.0,-0.010781775603287969,0.006103117480714773,0.35,0,-0.029374608679904244,-0.04762804898925459,-0.04244669024725705,-0.07313963664666322,-0.1004705303636345,-0.9412751920103102,-0.7688494722046683,-0.94230326691583,-1.1706594131064032,-1.0160168898380981,-0.8993210126354603,-0.9264454966817038,-0.7199147730163875,-0.9197601265589935,-1.0056875573757726,-0.7669255054265677,-0.8993210126354603,1.0,2026-06-22,390.5,10.0,1969.0,0.0,1.0,71.0,-0.006381642589520453,-0.02153344761012299,-0.025285797228673523,-0.07639180816216928,-0.01902403600469693,0.005467231081730511,-1.70906805695771,0.75,1275.5,2.3978952727983707,7.45876269238096,1.0,1.0,1.0,2026-06-29,-0.002713705871596273,-100.0,-1.0,2026-07-03,0.0,0.0,0.0,2026-07-08,-0.002713705871596273,-100.0,-1.0,2026-07-23,0.04244669024725705,1600.0,1.0,2026-08-07,0.060465195749935356,2300.0,1.0,,,,,,,,
2026-06-24,Wed,37500.0,37500.0,37300.0,36800.0,36000.0,,36300.0,35700.0,35500.0,35300.0,34000.0,-100.0,2026-06-24,2,0,36300.0,0,35500.0,0,35300.0,0,34000.0,37020.0,34933.333333333336,2086.6666666666642,2800.0,1520.0,3300.0,-0.0027137058715958062,0.006479811842482867,0.3,0,-0.024162249279079822,-0.05034175486085093,-0.03733767043764424,-0.07333127308554963,-0.12500328362987057,-1.6253840482617112,-1.2906245871525284,-1.577118099364394,-1.993779312946843,-1.7070492097258259,-1.5738117721120555,-1.5211126689105343,-1.1594805665888837,-1.4716162024943895,-1.8521794879140303,-1.4090003230709613,-1.5738117721120555,1.0,2026-06-23,387.5,0.0,1964.0,1.0,1.0,70.0,-0.0064308903302903175,-0.031748698314579826,-0.03299791771501237,-0.08765633025287567,-0.04169902916774859,0.005479004322660281,-1.9428614975712137,0.8,1333.5,0.0,7.455876687491824,1.0,1.0,1.0,2026-06-29,0.0,0.0,0.0,2026-07-04,-0.0027210901143606132,-100.0,-1.0,2026-07-09,0.005420067469339113,200.0,1.0,2026-07-24,0.045160396118853335,1700.0,1.0,2026-08-10,0.045160396118853335,1700.0,1.0,,,,,,,,
2026-06-25,Thu,37400.0,37400.0,37200.0,36700.0,36000.0,,36300.0,35500.0,35500.0,35300.0,34000.0,-100.0,2026-06-25,2,0,36300.0,0,35500.0,0,35300.0,0,34000.0,36940.0,34933.333333333336,2006.6666666666642,2700.0,1440.0,3200.0,-0.002721090114361502,0.006317478594866336,0.3,0,-0.021564177915840525,-0.04788148623321397,-0.040058760552004864,-0.07098906124336359,-0.1325090718675675,-1.816020534595078,-1.4741394404276604,-1.7384761828762962,-2.1717060340083334,-1.9126450164524493,-1.7986420252709205,-1.7266078833563496,-1.3454637551928517,-1.716885569576788,-2.059837600571714,-1.6074635255868777,-1.7986420252709205,1.0,2026-06-24,388.5,0.0,1964.0,1.0,1.0,69.0,-0.005134799472038765,-0.030420596700712288,-0.026668247082161756,-0.08979599911671521,-0.05751585030942241,0.005653934493043069,-1.7750058867543195,0.75,1383.5,0.0,7.583247524303362,1.0,1.0,1.0,2026-06-30,0.01621657158924529,600.0,1.0,2026-07-06,-0.0027285146532040625,-100.0,-1.0,2026-07-10,0.008141157583699866,300.0,1.0,2026-07-25,0.047881486233214005,1800.0,1.0,2026-08-10,0.047881486233214005,1800.0,1.0,,,,,,,,
2026-06-26,Fri,37400.0,37400.0,37200.0,36600.0,36000.0,,36200.0,35400.0,35500.0,35300.0,34000.0,-100.0,2026-06-26,2,0,36200.0,0,35500.0,0,35300.0,0,34000.0,36920.0,34933.333333333336,1986.6666666666642,2600.0,1420.0,3200.0,-0.0027285146532047833,0.0061611819915846685,0.25,0,-0.018945086242449304,-0.04540165577927974,-0.05061000088641799,-0.06351340572232586,-0.13523758652077145,-1.8229833350947575,-1.5073381981867962,-1.795475401986994,-2.3186274527673536,-2.115403120475294,-2.023472278429786,-1.7467031335695733,-1.3806357940646998,-1.7782029113473874,-1.9764253074039806,-1.585767449958503,-1.7986420252709205,1.0,2026-06-25,385.0,313.0,1968.0,0.0,0.0,68.0,-0.014184634991956102,-0.04071809301878471,-0.03822121282019708,-0.08582019161947585,-0.07262263953752957,0.005706959483068448,-1.9985688411154128,0.7,1432.0,5.749392985908253,7.585788821732034,1.0,1.0,1.0,2026-07-01,0.016260520871780326,600.0,1.0,2026-07-06,0.0,0.0,0.0,2026-07-11,0.010869672236903891,400.0,1.0,2026-07-27,0.05061000088641792,1900.0,1.0,2026-08-10,0.05061000088641792,1900.0,1.0,,,,,,,,
2026-06-27,Sat,37400.0,37400.0,37200.0,36700.0,36000.0,,36300.0,35400.0,35500.0,35300.0,34000.0,100.0,2026-06-27,2,0,36300.0,0,35500.0,0,35300.0,0,34000.0,36940.0,34933.333333333336,2006.6666666666642,2700.0,1440.0,3200.0,0.0027285146532047833,0.006010760455565234,0.25,0,-0.01621657158924528,-0.0426731411260757,-0.05821749556387602,-0.05047552141026054,-0.11323136644166432,-1.6890997765089673,-1.4378296682421285,-1.704962753121407,-1.952483550146681,-1.8408357293824014,-1.7986420252709205,-1.6163434792129836,-1.3126785815185709,-1.716885569576788,-1.8860371064144068,-1.5652742170502552,-1.7986420252709205,1.0,2026-06-26,384.0,300.0,2083.0,0.0,0.0,67.0,-0.010362787035546717,-0.034552381506659735,-0.04331887471884244,-0.0860343373418031,-0.08124390901917078,0.005880247582437309,-1.982450410569272,0.7,1432.0,5.707110264748875,7.583247524303362,1.0,1.0,1.0,2026-07-02,0.010840214552864807,400.0,1.0,2026-07-07,-0.0054644944720787375,-200.0,-1.0,2026-07-13,0.01621657158924529,600.0,1.0,2026-07-27,0.047881486233214005,1800.0,1.0,2026-08-11,0.047881486233214005,1800.0,1.0,,,,,,,,
2026-06-29,Mon,37500.0,37500.0,37300.0,36800.0,35800.0,,36500.0,35600.0,35500.0,35300.0,34000.0,100.0,2026-06-29,2,0,36500.0,0,35500.0,0,35300.0,0,34000.0,36980.0,34933.333333333336,2046.6666666666642,2800.0,1480.0,3300.0,0.002721090114361502,0.005865848132342055,0.25,0,-0.002713705871596273,-0.03208831455150051,-0.06572667370033027,-0.05292240145434255,-0.10563221787387078,-1.5087256978021013,-1.3182614509985402,-1.549505798797589,-1.6155621357145946,-1.577776406728595,-1.5738117721120555,-1.440196782298747,-1.1938586702288316,-1.5942508860355888,-1.555393568552069,-1.3229960164376862,-1.5738117721120555,1.0,2026-06-26,384.0,300.0,2083.0,0.0,0.0,67.0,-0.010362787035546717,-0.034552381506659735,-0.04331887471884244,-0.0860343373418031,-0.08124390901917078,0.005880247582437309,-1.982450410569272,0.7,1432.0,5.707110264748875,7.583247524303362,3.0,1.0,1.0,2026-07-04,-0.0027210901143606132,-100.0,-1.0,2026-07-09,0.005420067469339113,200.0,1.0,2026-07-14,0.021506205220963682,800.0,1.0,2026-07-29,0.058063800954761116,2200.0,1.0,,,,,,,,,,,,
2026-06-30,Tue,38000.0,38000.0,37800.0,37300.0,36300.0,,37000.0,36000.0,35700.0,35500.0,34200.0,500.0,2026-06-30,2,0,37000.0,0,35700.0,0,35500.0,0,34200.0,37480.0,35133.333333333336,2346.6666666666642,3100.0,1780.0,3600.0,0.013495481474883775,0.005726075771209046,0.25,0,0.013495481474884509,-0.010666767804195192,-0.047129140341550246,-0.047129140341550246,-0.08968875476034618,-0.6199338868994368,-0.5217376385975794,-0.6501115753991369,-0.8443906897617555,-0.8495599759591518,-0.8993210126354603,-0.5316590554855454,-0.39215703434078464,-0.5935518683394038,-0.7805625757433642,-0.6326864406079095,-0.8993210126354603,1.0,2026-06-29,384.0,50.0,2013.0,0.0,1.0,64.0,-0.016785416692013833,-0.023167059281534286,-0.04953393512227677,-0.08722836733441053,-0.07643042198762284,0.005788897658161536,-1.8855705829611504,0.75,1437.0,3.9318256327243257,7.583247524303362,1.0,1.0,1.0,2026-07-06,-0.018945086242449304,-700.0,-1.0,2026-07-10,-0.008075414005545418,-300.0,-1.0,2026-07-15,0.015957785438610816,600.0,1.0,2026-07-30,0.0445683194798766,1700.0,1.0,,,,,,,,,,,,
2026-07-01,Wed,37900.0,37900.0,37700.0,37200.0,36000.0,,36900.0,35700.0,35700.0,35500.0,34200.0,-100.0,2026-07-01,2,0,36900.0,0,35700.0,0,35500.0,0,34200.0,37340.0,35133.333333333336,2206.6666666666642,3000.0,1640.0,3500.0,-0.0026845653706697448,0.006461296180156542,0.25,0,0.013532006218576373,-0.008032171697264267,-0.04981370571221916,-0.052367985517315925,-0.09969936022308805,-1.0077127508983557,-0.8790416561649644,-0.9680926194840576,-1.060240124836607,-1.074736566060168,-1.1241512657943253,-0.935490603784522,-0.7519444564434237,-0.9712666936462971,-1.0119111789797812,-0.8482896851434606,-1.1241512657943253,1.0,2026-06-30,383.5,70.0,1993.0,0.0,0.0,63.0,-0.01037622798609128,-0.016807118316381597,-0.04462180649925873,-0.08254684079958707,-0.06925359368892359,0.0054735445983326745,-1.8370836270392532,0.75,1539.0,4.2626798770413155,7.585281078639126,1.0,1.0,1.0,2026-07-06,-0.01626052087178029,-600.0,-1.0,2026-07-11,-0.005390848634876423,-200.0,-1.0,2026-07-16,0.02127739844728488,800.0,1.0,2026-07-31,0.03434948001463764,1300.0,1.0,,,,,,,,,,,,
2026-07-02,Thu,37800.0,37800.0,37600.0,37100.0,36000.0,,36500.0,35500.0,35700.0,35500.0,34200.0,-100.0,2026-07-02,2,0,36500.0,0,35700.0,0,35500.0,0,34200.0,37260.0,35133.333333333336,2126.6666666666642,2900.0,1560.0,3400.0,-0.0026917916657112073,0.006298877749393707,0.2,0,0.013568729206068796,-0.005376357036380406,-0.047377281011011164,-0.04480327701583826,-0.11207645762326322,-1.214188784616096,-1.0796324980429683,-1.0703875096041684,-1.2654260361105785,-1.3008303629094036,-1.1562698733884489,-1.1544332126397325,-0.9545849725388496,-1.0599140506060782,-1.232897855247207,-1.0668630469539377,-1.3489815189531904,1.0,2026-07-01,384.5,0.0,1974.0,1.0,1.0,62.0,-0.010349380862002988,-0.015484180334041753,-0.04201763836087036,-0.06543213994678432,-0.08234075534521157,0.005406769781861256,-1.6772658989391096,0.8,1660.5,0.0,7.642044402873258,1.0,1.0,1.0,2026-07-07,-0.016304709024943582,-600.0,-1.0,2026-07-13,0.005376357036380496,200.0,1.0,2026-07-17,0.023969190112996402,900.0,1.0,2026-08-01,0.031832926573210754,1200.0,1.0,,,,,,,,,,,,
2026-07-03,Fri,37600.0,37600.0,37400.0,36900.0,35900.0,,36400.0,35400.0,35100.0,34900.0,33400.0,-200.0,2026-07-03,2,0,36400.0,0,35100.0,0,34900.0,0,33400.0,37080.0,34466.666666666664,2613.3333333333358,3500.0,1980.0,4000.0,-0.0054054185669070165,0.006142479449700605,0.2,0,0.005434795985956995,-0.010781775603288362,-0.04762804898925459,-0.04244669024725705,-0.10536051565782628,0.16348446407238676,0.2557243892339645,0.036262944057883675,0.17016686393145927,0.17514835078783675,0.09635582278237075,0.07403649426195721,0.2097738573912678,-0.04817791139118537,0.2341018678917419,0.35568435954030925,0.09635582278237075,1.0,2026-07-02,384.5,176.0,2002.0,0.0,0.0,61.0,-0.0012995453420856506,-0.015484180334041753,-0.040769977562715276,-0.033251145148687655,-0.08473310098383102,0.0054939819026752,-1.6084013731133942,0.75,1707.0,5.176149732573829,7.607878073278507,1.0,1.0,1.0,2026-07-08,-0.002713705871596273,-100.0,-1.0,2026-07-13,0.010781775603288413,400.0,1.0,2026-07-18,0.03462396456604808,1300.0,1.0,2026-08-03,0.04244669024725705,1600.0,1.0,,,,,,,,,,,,
2026-07-04,Sat,37400.0,37400.0,37200.0,36700.0,35500.0,,36200.0,35200.0,35000.0,34800.0,33300.0,-200.0,2026-07-04,2,0,36200.0,0,35000.0,0,34800.0,0,33300.0,36840.0,34366.666666666664,2473.3333333333358,3400.0,1840.0,3900.0,-0.005434795985957308,0.0061007674562797735,0.2,0,-0.0027210901143606132,-0.005434795985956945,-0.053062844975211555,-0.04788148623321397,-0.1059053263495914,-0.22138654412842942,-0.11385259022601682,-0.26834578602831705,-0.05431778243617657,-0.05582754074861671,-0.09635582278237075,-0.3237045471117599,-0.16380454033934985,-0.36133433543389026,-0.003967828269351191,0.13588512855924004,-0.09635582278237075,1.0,2026-07-03,379.0,358.0,2107.0,0.0,0.0,60.0,-0.013106347505300597,-0.023469134540847314,-0.06140035686425627,-0.04891580020201136,-0.079839723810057,0.005511236328353508,-1.9561715918471378,0.75,1731.5,5.883322388488279,7.597897950521784,1.0,1.0,1.0,2026-07-09,0.008141157583699866,300.0,1.0,2026-07-14,0.02422729533532427,900.0,1.0,2026-07-20,0.045280704533156496,1700.0,1.0,2026-08-03,0.047881486233214005,1800.0,1.0,,,,,,,,,,,,
2026-07-06,Mon,37300.0,37300.0,37100.0,36600.0,35200.0,,36000.0,35000.0,34700.0,34500.0,33000.0,-100.0,2026-07-06,2,0,36000.0,0,34700.0,0,34500.0,0,33000.0,36700.0,34066.666666666664,2633.3333333333358,3600.0,2000.0,4100.0,-0.0027285146532047833,0.00606287243695634,0.15,0,-0.018945086242449304,-0.005449604767564703,-0.05579135962841554,-0.04278727520520898,-0.10617985204122873,0.22690291561954556,0.3443839508851881,0.17430660076361654,0.42963328013998964,0.45345671165862245,0.3372453797382976,0.13944506041617327,0.2977799691146331,0.049962278479747796,0.4565062148965457,0.6341074655875762,0.2890674683471122,1.0,2026-07-03,379.0,358.0,2107.0,0.0,0.0,60.0,-0.013106347505300597,-0.023469134540847314,-0.06140035686425627,-0.04891580020201136,-0.079839723810057,0.005511236328353508,-1.9561715918471378,0.75,1731.5,5.883322388488279,7.597897950521784,3.0,1.0,1.0,2026-07-11,0.010869672236903891,400.0,1.0,2026-07-16,0.03753791931906524,1400.0,1.0,2026-07-21,0.04800921918636066,1800.0,1.0,2026-08-05,0.06862850638909636,2600.0,1.0,,,,,,,,,,,,
2026-07-07,Tue,37200.0,37200.0,37000.0,36500.0,35200.0,,35800.0,34700.0,34500.0,34300.0,32800.0,-100.0,2026-07-07,2,0,35800.0,0,34500.0,0,34300.0,0,32800.0,36620.0,33866.666666666664,2753.3333333333358,3700.0,2120.0,4200.0,-0.0027359798188744122,0.005916046347719209,0.1,0,-0.018996500690655036,-0.0054644944720787375,-0.053345980705292735,-0.0455232550240837,-0.11136982082167016,0.5586633146997525,0.6933158879747248,0.4471343236979685,0.6693449915487144,0.7130445568966263,0.5058680696074465,0.4819700667001939,0.6488996248070427,0.34973594935823454,0.6988988953725874,0.8879447207682769,0.48177911391185374,1.0,2026-07-06,379.0,66.0,2045.0,0.0,0.0,57.0,-0.013106347505300597,-0.02989176419731443,-0.05142521180743742,-0.05517756142598795,-0.0749557092176314,0.0058063732840158274,-1.8613639831530866,0.75,1746.5,4.204692619390966,7.5883236773352225,1.0,1.0,1.0,2026-07-13,0.021681066061323948,800.0,1.0,2026-07-17,0.0402738991379399,1500.0,1.0,2026-07-22,0.053345980705292714,2000.0,1.0,2026-08-06,0.07136448620797106,2700.0,1.0,,,,,,,,,,,,
2026-07-08,Wed,37500.0,37500.0,37300.0,36800.0,35300.0,,36100.0,35100.0,35000.0,34800.0,33300.0,300.0,2026-07-08,2,0,36100.0,0,35000.0,0,34800.0,0,33300.0,36880.0,34366.666666666664,2513.3333333333358,3500.0,1880.0,4000.0,0.008185584586440697,0.005774838808072254,0.1,0,-0.008119124438504242,0.005449604767564685,-0.039952051011715034,-0.04516039611885331,-0.10073024727366402,-0.10729632409960901,0.02509774725120229,-0.09852112217073547,0.20418558831119119,0.21898690881574892,0.1927116455647415,-0.20554673525009798,-0.024804235557012104,-0.24981139239873898,0.20957856567531752,0.4095582182611176,0.09635582278237075,1.0,2026-07-07,378.0,0.0,2042.0,1.0,1.0,56.0,-0.014445425187722627,-0.024821653173813907,-0.05657035148839373,-0.05781957088882628,-0.07145896398214457,0.005607018606080173,-1.8471058216112182,0.75,1861.5,0.0,7.602401335665818,1.0,1.0,1.0,2026-07-13,0.013495481474884509,500.0,1.0,2026-07-18,0.03733767043764431,1400.0,1.0,2026-07-23,0.045160396118853335,1700.0,1.0,2026-08-07,0.06317890162153167,2400.0,1.0,,,,,,,,,,,,
2026-07-09,Thu,37700.0,37700.0,37500.0,37000.0,36000.0,,36500.0,35500.0,35200.0,35200.0,33700.0,200.0,2026-07-09,2,0,36500.0,0,35200.0,0,35200.0,0,33700.0,37180.0,34700.0,2480.0,3300.0,1980.0,3800.0,0.005420067469337653,0.005947105612394222,0.1,0,0.0027063615977428457,0.008141157583699866,-0.034531983542375806,-0.0500763379801762,-0.0953101798043249,-0.194446791898865,-0.0578543722578223,-0.10853874290428252,-0.2600819101015902,-0.27838060495162575,-0.1927116455647415,0.083330840779684,0.2763193030795545,0.0749434177196217,-0.2704026842633339,-0.0724465349650922,-0.2890674683471122,1.0,2026-07-08,381.0,50.0,2067.0,0.0,1.0,55.0,-0.009144413818997776,-0.019493794681000765,-0.04991439138171305,-0.04616204176316252,-0.061087691979837544,0.005478505537377761,-1.5590759939895082,0.7,1964.0,3.9318256327243257,7.653494909661253,1.0,1.0,1.0,2026-07-14,0.016086137751624444,600.0,1.0,2026-07-20,0.037139546949456786,1400.0,1.0,2026-07-24,0.03974032864951412,1500.0,1.0,2026-08-10,0.03974032864951412,1500.0,1.0,,,,,,,,,,,,
2026-07-10,Fri,37700.0,37700.0,37500.0,37000.0,36000.0,,36500.0,35500.0,35100.0,34900.0,33400.0,0.0,2026-07-10,2,0,36500.0,0,35100.0,0,34900.0,0,33400.0,37180.0,34466.666666666664,2713.3333333333358,3600.0,2080.0,4100.0,0.0,0.005916807343272463,0.05,1,0.008141157583699866,0.005420067469339113,-0.026668247082161294,-0.060306606230991135,-0.10265415406008334,0.4714056013397086,0.6282474589701811,0.5037336051787284,0.48478681481748664,0.5062525139588873,0.44966050631773014,0.38449711744207643,0.5778764536889399,0.3372453797382976,0.4859019474235019,0.695426681191522,0.44966050631773014,1.0,2026-07-09,379.5,33.0,2078.0,0.0,0.0,54.0,-0.013089192110014025,-0.014388737452099676,-0.05510683047088438,-0.05260995027229676,-0.06872933215218069,0.005923351023007171,-1.6026255652012735,0.75,1964.0,3.5263605246161616,7.6236419465115715,1.0,1.0,1.0,2026-07-15,0.024033199444156193,900.0,1.0,2026-07-20,0.037139546949456786,1400.0,1.0,2026-07-25,0.03974032864951412,1500.0,1.0,2026-08-10,0.03974032864951412,1500.0,1.0,,,,,,,,,,,,
2026-07-11,Sat,37700.0,37700.0,37500.0,37000.0,36000.0,,36500.0,35400.0,35100.0,35100.0,33600.0,0.0,2026-07-11,2,0,36500.0,0,35100.0,0,35100.0,0,33600.0,37180.0,34600.0,2580.0,3400.0,2080.0,3900.0,0.0,0.005736557555638989,0.1,2,0.010869672236903891,-0.008075414005545418,-0.01874218180974064,-0.05520455434709568,-0.10509020885796447,0.1083868082273635,0.24928980098253806,0.16429903115455208,0.020358140983307724,-0.004304560960842568,0.0,0.39274786435192416,0.5860541020598445,0.3507351949278295,0.0041083635526922594,0.19769197174455952,0.0,1.0,2026-07-10,377.5,0.0,2067.0,1.0,1.0,53.0,-0.003965636393346905,-0.017071983898647503,-0.05162436540530724,-0.06039085861748994,-0.07031649841745935,0.005864139291241048,-1.6723534698743754,0.8,1966.0,0.0,7.622174594817622,1.0,1.0,1.0,2026-07-16,0.026668247082161273,1000.0,1.0,2026-07-21,0.037139546949456786,1400.0,1.0,2026-07-27,0.03974032864951412,1500.0,1.0,2026-08-10,0.03974032864951412,1500.0,1.0,,,,,,,,,,,,
2026-07-13,Mon,38000.0,38000.0,37800.0,37300.0,36300.0,,36600.0,35600.0,35000.0,35000.0,33500.0,300.0,2026-07-13,2,0,36600.0,0,35000.0,0,35000.0,0,33500.0,37480.0,34500.0,2980.0,3800.0,2480.0,4300.0,0.008075414005546122,0.005561798902676116,0.15,0,0.021681066061323948,0.002684565370668983,-0.005347606326595242,-0.047129140341550246,-0.09457874005453791,1.2702669964098474,1.439014647436908,1.266948859016838,1.0535775231417357,1.0524063170273543,0.8993210126354603,1.5852410195452433,1.7797529571175488,1.4895004271774812,1.0461942769543733,1.2349989905686098,0.8993210126354603,1.0,2026-07-10,377.5,0.0,2067.0,1.0,1.0,53.0,-0.003965636393346905,-0.017071983898647503,-0.05162436540530724,-0.06039085861748994,-0.07031649841745935,0.005864139291241048,-1.6723534698743754,0.8,1966.0,0.0,7.622174594817622,3.0,1.0,1.0,2026-07-18,0.023842188962759657,900.0,1.0,2026-07-23,0.0316649146439687,1200.0,1.0,2026-07-28,0.03942691997945792,1500.0,1.0,,,,,,,,,,,,,,,,
2026-07-14,Tue,38300.0,38300.0,38100.0,37600.0,36600.0,,37000.0,36000.0,34800.0,34800.0,33300.0,300.0,2026-07-14,2,0,37000.0,0,34800.0,0,34800.0,0,33300.0,37780.0,34300.0,3480.0,4300.0,2980.0,4800.0,0.008010723746078696,0.005743720857896814,0.15,0,0.021506205220963682,0.013387080782459279,0.008010723746078979,-0.03399020022855177,-0.08656801630845894,2.6936566417160317,2.915369909989849,2.6341598579558756,2.342410513611351,2.3751327785390712,2.023472278429786,3.0149017709226,3.2420596070100314,2.894689509420388,2.346582244254703,2.5331325833264,2.023472278429786,1.0,2026-07-13,377.0,0.0,2067.0,1.0,1.0,50.0,-0.005291017634415418,-0.018397365139716015,-0.0415644244212503,-0.06793130026199279,-0.08146996859479128,0.005726339862432766,-1.637748090694736,0.75,1968.5,0.0,7.63433723562832,1.0,1.0,1.0,2026-07-20,0.021053409197832263,800.0,1.0,2026-07-24,0.02365419089788981,900.0,1.0,2026-07-29,0.036557595733797514,1400.0,1.0,,,,,,,,,,,,,,,,
2026-07-15,Wed,38600.0,38600.0,38400.0,37900.0,36700.0,,37300.0,36000.0,35300.0,35300.0,33800.0,300.0,2026-07-15,2,0,37300.0,0,35300.0,0,35300.0,0,33800.0,38040.0,34800.0,3240.0,4100.0,2740.0,4600.0,0.007947061692531676,0.005904338339898208,0.15,0,0.024033199444156193,0.026739561041899087,0.015957785438610816,-0.02088848794735542,-0.0786209546159271,1.866858719198774,2.1288111111268275,1.8764678821336014,1.7511032314861725,1.8055066606211059,1.5738117721120555,2.1216304997712743,2.4233648872150075,2.131390799946041,1.7308405060353829,1.9683860673701528,1.5738117721120555,1.0,2026-07-14,382.5,450.0,2217.0,0.0,1.0,49.0,0.011834457647002417,-0.0026109675407202104,-0.019418085857101808,-0.04723277403997894,-0.05344783444341328,0.005341166616836809,-1.2237801991647408,0.7,1971.5,6.111467339502679,7.639642287858013,1.0,1.0,1.0,2026-07-20,0.013106347505300583,500.0,1.0,2026-07-25,0.015707129205357877,600.0,1.0,2026-07-30,0.028610534041265838,1100.0,1.0,,,,,,,,,,,,,,,,
2026-07-16,Thu,38700.0,38700.0,38500.0,38000.0,36800.0,,37300.0,36200.0,35500.0,35500.0,34000.0,100.0,2026-07-16,2,0,37300.0,0,35500.0,0,35500.0,0,34000.0,38140.0,35000.0,3140.0,4000.0,2640.0,4500.0,0.002635047638005261,0.006046394457093143,0.1,0,0.026668247082161273,0.03480940466586115,0.029374608679904317,-0.018253440309350347,-0.06864193272216358,1.5313068180939662,1.7986306662812177,1.5965793926851093,1.4689600139910775,1.518267362967235,1.3489815189531904,1.7570333847069237,2.0761085450869405,1.7899947078417333,1.4322602580521928,1.682210198531564,1.3489815189531904,1.0,2026-07-15,382.5,142.0,2271.0,0.0,0.0,48.0,0.003929278139889192,-0.0052151356791085846,-0.020699316013150337,-0.04723277403997894,-0.07308036685053398,0.006327098300195533,-1.1870892145256073,0.7,1983.5,4.962844630259907,7.63433723562832,1.0,1.0,1.0,2026-07-21,0.010471299867295437,400.0,1.0,2026-07-27,0.0130720815673527,500.0,1.0,2026-07-31,0.0130720815673527,500.0,1.0,,,,,,,,,,,,,,,,
2026-07-17,Fri,38700.0,38700.0,38500.0,38000.0,36800.0,,37200.0,36000.0,35900.0,35900.0,34400.0,0.0,2026-07-17,2,0,37200.0,0,35900.0,0,35900.0,0,34400.0,38140.0,35400.0,2740.0,3600.0,2240.0,4100.0,0.0,0.005897623363541801,0.1,1,0.026668247082161273,0.03753791931906524,0.03208831455150045,-0.018253440309350347,-0.05876530922625151,0.455595662165295,0.6532593321637666,0.5316574221756686,0.4871389922398077,0.4830942409864393,0.44966050631773014,0.6713083717248847,0.9370779008932445,0.6744907594765952,0.44923239017551686,0.67009397925157,0.44966050631773014,1.0,2026-07-16,384.5,590.0,2527.0,0.0,0.0,47.0,0.013089192110014025,0.0,-0.015484180334041753,-0.040769977562715276,-0.0799426726611987,0.006309557300096061,-1.0237223111644322,0.7,1997.5,6.3818160174060985,7.63433723562832,1.0,1.0,1.0,2026-07-22,0.0130720815673527,500.0,1.0,2026-07-27,0.0130720815673527,500.0,1.0,2026-08-01,0.007863736460214451,300.0,1.0,,,,,,,,,,,,,,,,
2026-07-18,Sat,38900.0,38900.0,38700.0,38200.0,37100.0,,37500.0,36300.0,35900.0,35700.0,34200.0,200.0,2026-07-18,2,0,37500.0,0,35900.0,0,35700.0,0,34200.0,38360.0,35266.666666666664,3093.3333333333358,4000.0,2460.0,4500.0,0.005249355886144613,0.005717957997213905,0.15,0,0.023842188962759657,0.0455232550240836,0.040058760552004954,-0.007822725681209045,-0.048540818699994055,1.3578968946293266,1.622347564949055,1.3727870751700202,1.431582887949429,1.4839661286972672,1.3489815189531904,1.2169516704790193,1.5193963542654658,1.1466342911102119,1.4021286230975403,1.6429262882403404,1.3489815189531904,1.0,2026-07-17,386.5,327.0,2368.0,0.0,0.0,46.0,0.023561299338397568,0.019595662945050663,-0.0038734715957966515,-0.041804693919205604,-0.07235074626802618,0.006460538047627395,-0.8663813495605894,0.7,2007.5,5.793013608384144,7.704361167910313,1.0,1.0,1.0,2026-07-23,0.007822725681209078,300.0,1.0,2026-07-28,0.01558473101669833,600.0,1.0,2026-08-03,0.007822725681209078,300.0,1.0,,,,,,,,,,,,,,,,
2026-07-20,Mon,39100.0,39100.0,38900.0,38400.0,37300.0,,37700.0,36500.0,35800.0,35800.0,34300.0,200.0,2026-07-20,2,0,37700.0,0,35800.0,0,35800.0,0,34300.0,38560.0,35300.0,3260.0,4100.0,2760.0,4600.0,0.005221943981151611,0.005690930088447088,0.15,0,0.021053409197832263,0.0425596144187959,0.04800921918636066,0.0026075634070807695,-0.04829400935895613,1.7330877207950703,2.0474267401277206,1.5955695385467816,1.613190301003454,1.7066459126057416,1.5738117721120555,1.9321543305235112,2.298225306350099,1.6971057819088524,1.5867204547124576,1.8528211946924635,1.5738117721120555,1.0,2026-07-17,386.5,327.0,2368.0,0.0,0.0,46.0,0.023561299338397568,0.019595662945050663,-0.0038734715957966515,-0.041804693919205604,-0.07235074626802618,0.006460538047627395,-0.8663813495605894,0.7,2007.5,5.793013608384144,7.704361167910313,3.0,1.0,1.0,2026-07-25,0.0026007817000574403,100.0,1.0,2026-07-30,0.015504186535965254,600.0,1.0,2026-08-04,0.015504186535965254,600.0,1.0,,,,,,,,,,,,,,,,
2026-07-21,Tue,39100.0,39100.0,38900.0,38400.0,37300.0,,37700.0,36500.0,35800.0,35800.0,34300.0,0.0,2026-07-21,2,0,37700.0,0,35800.0,0,35800.0,0,34300.0,38560.0,35300.0,3260.0,4100.0,2760.0,4600.0,0.0,0.005663886129843533,0.15,1,0.013106347505300583,0.037139546949456786,0.045280704533156496,0.0026075634070807695,-0.05324451451881224,1.6589863756891465,1.9960177721979881,1.467191239686205,1.5497663509976483,1.6714779766620045,1.3489815189531904,1.8396008857943449,2.2322258146816734,1.527523190579348,1.525136000049798,1.8101460686155675,1.2526256961708198,1.0,2026-07-20,384.5,192.0,2252.0,0.0,0.0,43.0,0.019698601497688095,0.014407583863272677,-0.015484180334041753,-0.037017627944164744,-0.07512918562965076,0.0064479139066642,-0.9615827342161842,0.7,2027.5,5.262690188904886,7.7284157798410416,1.0,1.0,1.0,2026-07-27,0.0026007817000574403,100.0,1.0,2026-07-31,0.0026007817000574403,100.0,1.0,2026-08-05,0.02061928720273561,800.0,1.0,,,,,,,,,,,,,,,,
2026-07-22,Wed,39200.0,39200.0,39000.0,38500.0,37000.0,,37600.0,36600.0,35600.0,35600.0,33600.0,100.0,2026-07-22,2,0,37600.0,0,35600.0,0,35600.0,0,33600.0,38580.0,34933.333333333336,3646.6666666666642,4900.0,2980.0,5400.0,0.0026007817000568423,0.005491341341268445,0.2,0,0.0130720815673527,0.03974032864951412,0.045160396118853335,0.0130720815673527,-0.05310982531394841,2.536236942889706,2.9889764618874426,2.141344449988803,3.2987730935909703,3.6249673519488796,2.529340348037232,2.2846425035095193,2.7491053980847666,1.9078452910909407,3.2768228580406524,3.6811659645017474,2.7943188606887515,1.0,2026-07-21,385.0,435.0,2353.0,0.0,0.0,42.0,0.006514681021194235,0.018349138668196652,-0.006472514505617255,-0.03822121282019708,-0.07503518594291325,0.0063426894143916645,-0.8991436826832899,0.7,2043.5,6.077642243349034,7.8351837552667485,1.0,1.0,1.0,2026-07-27,0.0,0.0,0.0,2026-08-01,-0.005208345107138235,-200.0,-1.0,2026-08-06,0.018018505502678212,700.0,1.0,,,,,,,,,,,,,,,,
2026-07-23,Thu,39200.0,39200.0,39000.0,38500.0,37200.0,,37600.0,36600.0,35200.0,35200.0,33200.0,0.0,2026-07-23,2,0,37600.0,0,35200.0,0,35200.0,0,33200.0,38620.0,34533.333333333336,4086.6666666666642,5300.0,3420.0,5800.0,0.0,0.0053620316923555685,0.2,1,0.0130720815673527,0.03974032864951412,0.0316649146439687,0.020998146839773402,-0.05310982531394841,3.3843080448610032,4.032192013159767,2.74657498453532,3.812301637046366,4.386479504183479,3.5651654429477175,3.160558539894381,3.7907065002583016,2.5703566780054032,3.7944419365108555,4.396448847094128,3.0352084176446783,1.0,2026-07-22,394.0,1384.0,2573.0,0.0,0.0,41.0,0.029622256031343497,0.03355153417123269,0.014057739490231924,-0.016362857210480364,-0.06390380197947998,0.0061407603106798615,-0.31117134487280335,0.75,2056.0,7.233455418621439,7.7702232041587855,1.0,1.0,1.0,2026-07-28,0.007762005335489109,300.0,1.0,2026-08-03,0.0,0.0,0.0,2026-08-07,0.018018505502678212,700.0,1.0,,,,,,,,,,,,,,,,
2026-07-24,Fri,39200.0,39200.0,39000.0,38500.0,37200.0,,37700.0,36500.0,35000.0,35000.0,33000.0,0.0,2026-07-24,2,0,37700.0,0,35000.0,0,35000.0,0,33000.0,38620.0,34333.333333333336,4286.666666666664,5500.0,3620.0,6000.0,0.0,0.005198682605972015,0.25,2,0.007822725681209078,0.0316649146439687,0.03434948001463764,0.026317308317373358,-0.04320875433123681,3.4729126982525775,4.261953310315938,2.9736244787359487,3.7342041079293016,4.4923339521354375,3.3724537973829762,3.3032406821123734,4.0614193107262055,2.7325523076231293,3.7215272749526584,4.482723899743666,3.3724537973829762,1.0,2026-07-23,395.0,988.0,2352.0,0.0,0.0,40.0,0.026941975955423025,0.04003116806543705,0.025642430613337375,-0.015075662405447332,-0.07320340402329517,0.008065524148897843,-0.22542133982610432,0.8,2067.0,6.8966943316227125,7.720017940432244,1.0,1.0,1.0,2026-07-29,0.012903404835907782,500.0,1.0,2026-08-03,0.0,0.0,0.0,2026-08-10,0.0,0.0,0.0,,,,,,,,,,,,,,,,
2026-07-25,Sat,39200.0,39200.0,39000.0,38500.0,37200.0,,38700.0,36500.0,34800.0,34600.0,32600.0,0.0,2026-07-25,2,0,38700.0,0,34800.0,0,34600.0,0,32600.0,38620.0,34000.0,4620.0,5900.0,3820.0,6400.0,0.0,0.005040309790814234,0.3,3,0.0026007817000574403,0.02365419089788981,0.037041271680349076,0.0316649146439687,-0.04320875433123681,3.783228353893024,4.727745289741734,3.718981160049861,3.9904251501966983,4.956487138818558,4.046944556859572,3.40310431548804,4.253831127043975,3.1062074449580046,3.9828567326426305,4.924079537127694,4.046944556859572,1.0,2026-07-24,395.0,153.0,2084.0,0.0,0.0,39.0,0.02175389687364504,0.04531519621204261,0.028243212313395105,-0.00630916919326463,-0.08606155896666312,0.007737574676843472,-0.19868775125734878,0.8,2067.0,5.0369526024136295,7.763871287820222,1.0,1.0,1.0,2026-07-30,0.012903404835907782,500.0,1.0,2026-08-04,0.012903404835907782,500.0,1.0,2026-08-10,0.0,0.0,0.0,,,,,,,,,,,,,,,,
2026-07-27,Mon,39200.0,39200.0,39000.0,38500.0,37200.0,,37800.0,36600.0,35000.0,34800.0,32800.0,0.0,2026-07-27,2,0,37800.0,0,35000.0,0,34800.0,0,32800.0,38620.0,34200.0,4420.0,5700.0,3620.0,6200.0,0.0,0.004886761649613694,0.35,5,0.0026007817000574403,0.015707129205357877,0.04244669024725705,0.0316649146439687,-0.03320867099665346,2.9956779367917443,3.9055332870921777,3.155443726942688,3.188609473008208,4.116436563480638,3.7096991771212737,2.706039249033388,3.5280433124806514,2.733462551563044,3.1858000397005823,4.119856183999579,3.7096991771212737,1.0,2026-07-24,395.0,153.0,2084.0,0.0,0.0,39.0,0.02175389687364504,0.04531519621204261,0.028243212313395105,-0.00630916919326463,-0.08606155896666312,0.007737574676843472,-0.19868775125734878,0.8,2067.0,5.0369526024136295,7.763871287820222,3.0,1.0,1.0,2026-08-01,-0.005208345107138235,-200.0,-1.0,2026-08-06,0.018018505502678212,700.0,1.0,2026-08-11,0.0,0.0,0.0,,,,,,,,,,,,,,,,
2026-07-28,Tue,39500.0,39500.0,39300.0,38800.0,37500.0,,38000.0,36800.0,35300.0,35300.0,33300.0,300.0,2026-07-28,2,0,38000.0,0,35300.0,0,35300.0,0,33300.0,38920.0,34633.333333333336,4286.666666666664,5500.0,3620.0,6000.0,0.007762005335489874,0.00473789120336538,0.4,0,0.007762005335489109,0.020834086902842053,0.055643491568703234,0.0502086955827462,-0.022930941063917017,2.5361647463512114,3.393033555240718,2.868052012035237,2.6244885653554637,3.477187933552916,3.3724537973829762,2.524937505704077,3.3478008699221675,2.733462551563044,2.621563446456391,3.4965994890516066,2.922793291065246,1.0,2026-07-27,393.0,342.0,2079.0,0.0,1.0,36.0,0.021865822923562206,0.0415644244212503,0.023167059281534286,0.0,-0.08062973440010968,0.007690595318009893,-0.3009072490639369,0.8,2072.5,5.8377304471659395,7.853216388156072,1.0,1.0,1.0,2026-08-03,-0.007762005335489189,-300.0,-1.0,2026-08-07,0.010256500167189061,400.0,1.0,,,,,,,,,,,,,,,,,,,,
2026-07-29,Wed,39700.0,39700.0,39500.0,39000.0,37500.0,,38100.0,37100.0,35300.0,35300.0,,200.0,2026-07-29,2,0,38100.0,0,35300.0,0,35300.0,1,33300.0,39080.0,34633.333333333336,4446.666666666664,5700.0,3780.0,6200.0,0.005141399500418586,0.00497148668723168,0.4,0,0.012903404835907782,0.025975486403260736,0.06351340572232593,0.058063800954761116,-0.01526747213078842,2.627780550584978,3.542854498947061,3.081725021746499,2.710177963491661,3.63594148990819,3.7096991771212737,2.6345977223546893,3.513426378228835,2.9819591471596842,2.7091767087196788,3.647139896236253,3.5410764872521248,1.0,2026-07-28,392.0,31.0,2089.0,0.0,1.0,35.0,0.018018505502677584,0.02453318652387182,0.02192221898315161,0.005115100666770012,-0.08786135579133436,0.007822287727239315,-0.34175924178517375,0.8,2080.5,3.4657359027997265,7.763446388727362,1.0,1.0,1.0,2026-08-03,-0.012903404835907841,-500.0,-1.0,2026-08-10,-0.012903404835907841,-500.0,-1.0,,,,,,,,,,,,,,,,,,,,
2026-07-30,Thu,39700.0,39700.0,39500.0,39000.0,37800.0,,38000.0,37000.0,35000.0,35000.0,33000.0,0.0,2026-07-30,2,0,38000.0,0,35000.0,0,35000.0,0,33000.0,39140.0,34333.333333333336,4806.666666666664,6000.0,4140.0,6500.0,0.0,0.004981844880946895,0.4,1,0.012903404835907782,0.020726130517116952,0.06624938554120066,0.06078489106912177,-0.010204170174241736,2.998177522854215,4.030052326408911,3.6353908731111115,2.8944985360206257,3.9145291803457916,3.672227468261463,3.037040884150389,4.024236551929379,3.784642594840895,2.8957490764771148,3.9140849233087853,4.046944556859572,1.0,2026-07-29,391.5,227.0,2144.0,0.0,0.0,34.0,-0.006365393867076463,0.023256862164267034,0.01804172648515845,0.0025575461511166964,-0.08210365349355975,0.007847813907265043,-0.34871379856150664,0.8,2081.0,5.429345628954441,7.642524134232902,1.0,1.0,1.0,2026-08-04,0.0,0.0,0.0,2026-08-10,-0.012903404835907841,-500.0,-1.0,,,,,,,,,,,,,,,,,,,,
2026-07-31,Fri,39200.0,39200.0,39000.0,38500.0,37500.0,,37800.0,36800.0,34500.0,34500.0,32500.0,-500.0,2026-07-31,2,0,37800.0,0,34500.0,0,34500.0,0,32500.0,38680.0,33833.333333333336,4846.666666666664,6000.0,4180.0,6500.0,-0.01290340483590846,0.0048300778164277825,0.45,0,0.0,0.0026007817000574403,0.045160396118853335,0.05061000088641792,-0.012903404835907841,2.820344558691861,3.8326093916436585,3.6445172970037683,2.6732965052501694,3.6614784462022643,4.046944556859572,2.8603597298584202,3.831783121117582,3.9505887340772006,2.6748156912417786,3.665034790519925,4.046944556859572,1.0,2026-07-30,387.5,0.0,2094.0,1.0,1.0,33.0,-0.01916991610772012,0.007772059847702906,0.007772059847702906,-0.007712120486338847,-0.09237332013101529,0.007856531915496585,-0.6192373058136813,0.85,2081.5,0.0,7.640123172695364,1.0,1.0,1.0,2026-08-05,0.018018505502678212,700.0,1.0,2026-08-10,0.0,0.0,0.0,,,,,,,,,,,,,,,,,,,,
2026-08-01,Sat,39000.0,39000.0,38800.0,38300.0,37300.0,,37500.0,36500.0,34500.0,34500.0,32500.0,-200.0,2026-08-01,2,0,37500.0,0,34500.0,0,34500.0,0,32500.0,38480.0,33833.333333333336,4646.666666666664,5800.0,3980.0,6300.0,-0.0052083451071389675,0.005649756100181995,0.45,0,-0.005208345107138235,-0.0026075634070808302,0.034531983542375945,0.042673141126075696,-0.007802380284184899,2.333600136253649,3.250984476423941,3.237555645487651,2.2568762380844682,3.1517002022512695,3.2975103796633545,2.3521202732860496,3.241278942860528,2.9940809323107396,2.256699683889091,3.1624466312931503,3.2975103796633545,1.0,2026-07-31,382.0,30.0,2104.0,0.0,1.0,32.0,-0.033465156294546716,-0.011711259420901676,0.007884403524148986,-0.015584731016698328,-0.10431284662538243,0.008244608391019231,-1.023652416318771,0.8,2086.5,3.4339872044851463,7.644919344958857,1.0,1.0,1.0,2026-08-06,0.023226850609816555,900.0,1.0,2026-08-11,0.00520834510713826,200.0,1.0,,,,,,,,,,,,,,,,,,,,
2026-08-03,Mon,39200.0,39200.0,39000.0,38500.0,37500.0,,37700.0,36500.0,34500.0,34500.0,32500.0,200.0,2026-08-03,2,0,37700.0,0,34500.0,0,34500.0,0,32500.0,38680.0,33833.333333333336,4846.666666666664,6000.0,4180.0,6500.0,0.0052083451071389675,0.005624248472227605,0.45,0,-0.007762005335489189,0.0,0.03974032864951412,0.045160396118853335,-0.007762005335489189,2.4593088060744086,3.411640711470338,3.4045724049770936,2.349525776884291,3.2830527256810917,3.237555645487657,2.4882996442490737,3.4117938065563536,3.096525759415278,2.3500991593688028,3.284325365349513,3.237555645487657,1.0,2026-07-31,382.0,30.0,2104.0,0.0,1.0,32.0,-0.033465156294546716,-0.011711259420901676,0.007884403524148986,-0.015584731016698328,-0.10431284662538243,0.008244608391019231,-1.023652416318771,0.8,2086.5,3.4339872044851463,7.644919344958857,3.0,1.0,1.0,2026-08-10,0.0,0.0,0.0,,,,,,,,,,,,,,,,,,,,,,,,
2026-08-04,Tue,39700.0,39700.0,39500.0,39000.0,37500.0,,38000.0,37000.0,35000.0,35000.0,33000.0,500.0,2026-08-04,2,0,38000.0,0,35000.0,0,35000.0,0,33000.0,39080.0,34333.333333333336,4746.666666666664,6000.0,4080.0,6500.0,0.01290340483590846,0.005600165368095552,0.4,0,0.0,0.012903404835907782,0.05264373348542188,0.0445683194798766,-0.002560820861673704,2.18996287670355,3.076688275640945,3.243979367006476,2.2165442084522025,3.1191762291596925,3.237555645487657,2.207004417022765,3.0723498632075006,2.943232404988779,2.2168444587729854,3.119049964850225,3.237555645487657,1.0,2026-08-03,380.0,899.0,2338.0,0.0,0.0,29.0,-0.03363835914882962,-0.011772536225267416,0.002635047638005261,-0.02725671655930917,-0.10364852472147845,0.008234028421556771,-1.1667146776913275,0.8,2098.0,6.802394763324311,7.6708948313621175,1.0,1.0,1.0,2026-08-10,-0.012903404835907841,-500.0,-1.0,,,,,,,,,,,,,,,,,,,,,,,,
2026-08-05,Wed,39900.0,39900.0,39700.0,39200.0,37700.0,,38200.0,37000.0,35200.0,35200.0,33200.0,200.0,2026-08-05,2,0,38200.0,0,35200.0,0,35200.0,0,33200.0,39280.0,34533.333333333336,4746.666666666664,6000.0,4080.0,6500.0,0.0051151006667691234,0.00628251640686887,0.35,0,0.005115100666770409,0.018018505502678212,0.04968342014664703,0.05236798551731594,0.0,2.0813825700796493,2.937280205645282,3.243979367006476,2.1000684938214333,2.975222677939418,3.237555645487657,2.0953619647279766,2.933198108671687,2.943232404988779,2.1027032327738193,2.97400277045863,3.237555645487657,1.0,2026-08-04,377.0,1018.0,2424.0,0.0,0.0,28.0,-0.03901665234245133,-0.020998146839773746,-0.002649008171577094,-0.027470661345391,-0.11512699159826667,0.008330356696906908,-1.3960943216282218,0.8,2100.5,6.926577033222725,7.647308832356238,1.0,1.0,1.0,2026-08-10,-0.018018505502678365,-700.0,-1.0,,,,,,,,,,,,,,,,,,,,,,,,
2026-08-06,Thu,39900.0,39900.0,39700.0,39200.0,37700.0,,38300.0,37000.0,35200.0,35000.0,33200.0,0.0,2026-08-06,2,0,38300.0,0,35200.0,0,35000.0,0,33200.0,39280.0,34466.666666666664,4813.333333333336,6000.0,4080.0,6500.0,0.0,0.006218654753907219,0.35,1,0.018018505502678212,0.018018505502678212,0.04167269640056808,0.05505977718302739,0.010256500167189061,2.054264401438099,2.9074122642492024,3.247932426402665,1.9931393978620249,2.8461160987652887,3.237555645487657,1.989207209755738,2.8085204039493057,2.877827240433473,1.9953686596804983,2.845017697942805,3.237555645487657,1.0,2026-08-05,377.0,624.0,2348.0,0.0,1.0,27.0,-0.037740327982846544,-0.04410572184992301,-0.010554187678690319,-0.030047982359691083,-0.11984398147640629,0.008504923093019506,-1.382626758134635,0.85,2099.0,6.437751649736401,7.652070746116482,1.0,1.0,1.0,2026-08-11,-0.018018505502678365,-700.0,-1.0,,,,,,,,,,,,,,,,,,,,,,,,
2026-08-07,Fri,39900.0,39900.0,39700.0,39200.0,37700.0,,38300.0,37000.0,35000.0,35000.0,33000.0,0.0,2026-08-07,2,0,38300.0,0,35000.0,0,35000.0,0,33000.0,39280.0,34333.333333333336,4946.666666666664,6200.0,4280.0,6700.0,0.0,0.006029209478148464,0.4,2,0.023226850609816555,0.018018505502678212,0.03372563470803612,0.060465195749935356,0.018018505502678212,2.097731659036544,2.97041254959309,3.403112468268242,2.0815450016557353,2.972435329673461,3.507351949278295,2.125562988485169,2.981730685250979,3.013682116810319,2.0850976063295863,2.9643345187794816,3.507351949278295,1.0,2026-08-06,380.0,442.0,2262.0,0.0,0.0,26.0,-0.01954459607297032,-0.03871451218069044,0.0013166558847466092,-0.013072081567353067,-0.09889227318682892,0.008292768171067944,-1.112555997424447,0.85,2124.0,6.093569770045136,7.757478766584179,1.0,1.0,1.0,,,,,,,,,,,,,,,,,,,,,,,,,,,,
2026-08-10,Mon,39200.0,39200.0,39000.0,38500.0,37000.0,,37500.0,36500.0,34800.0,34800.0,32800.0,-700.0,2026-08-10,2,0,37500.0,0,34800.0,0,34800.0,0,32800.0,38580.0,34133.333333333336,4446.666666666664,5700.0,3780.0,6200.0,-0.018018505502677584,0.005845535468672785,0.45,0,0.0,-0.007762005335489189,0.0130720815673527,0.047881486233214005,0.0,1.4515447864932431,2.1769163169457464,2.4338267964330176,1.5218703731827687,2.2643815564317173,2.8328611898017,1.4469826647358615,2.1669372884487688,2.1160494414952007,1.5235850732433203,2.270741488770638,2.8328611898017,1.0,2026-08-07,381.0,172.0,2172.0,0.0,1.0,25.0,-0.0026212334798740855,-0.0360863897744208,0.009228806437621806,-0.007843177461025697,-0.0938775148028288,0.008458487405284527,-1.0064938790001956,0.85,2180.5,5.153291594497779,7.793586803371584,3.0,1.0,1.0,,,,,,,,,,,,,,,,,,,,,,,,,,,,
2026-08-11,Tue,39200.0,39200.0,39000.0,38500.0,37000.0,,37500.0,36500.0,34800.0,34800.0,32800.0,0.0,2026-08-11,2,0,37500.0,0,34800.0,0,34800.0,0,32800.0,38580.0,34133.333333333336,4446.666666666664,5700.0,3780.0,6200.0,0.0,0.007183318192422094,0.45,1,-0.012903404835907841,-0.012903404835907841,0.0130720815673527,0.05061000088641792,0.007822725681209078,1.3982732150103383,2.118569740569272,2.2780813730666467,1.4637286149697364,2.200637553586216,2.304510094878367,1.393663984593633,2.108981193377198,1.949891468305066,1.4657930587674743,2.204989448666788,2.304510094878367,1.0,2026-08-10,379.5,580.0,2303.0,0.0,0.0,22.0,-0.0013166558847466092,-0.03495501503357623,0.00660940938767407,-0.011787955752041945,-0.09901632308645247,0.008379763795731472,-1.1481965469664774,0.9,2234.5,6.364750756851911,7.761744984658913,1.0,1.0,1.0,,,,,,,,,,,,,,,,,,,,,,,,,,,,
