Date,Day,14ANI,12ANI,10ANI,8ANI,6ANI,4ANI,5kg,2kg,1kgr,Att,Melt,8ANI d/d,date,gap_days,segment,1kgr_known,Att_known,Melt_known,plate_avg,melt_avg,plate_melt,eight_melt,ten_melt,plate_melt_z60,eight_melt_z60,ten_melt_z60,bhav_date,tmt,tmt_mom10,tmt_mom20,ingot,ingot_mom10,ingot_mom20,billet,billet_mom10,billet_mom20,bhav_age,log_scrap_ingot,scrap_ingot_z60,turkey_date,Symbol,Latest,Volume,Open Int,roll,clean_return,clean_log_index,turkey_mom5,turkey_mom10,turkey_mom20,turkey_mom30,turkey_mom60,turkey_rolls5,turkey_rolls10,turkey_rolls20,turkey_rolls30,turkey_rolls60,turkey_rv20,turkey_volume_share20,turkey_oi_median20,turkey_zero_volume,turkey_age,rule_plate_melt,rule_eight_melt,rule_ten_melt,rule_scrap_ingot,rule_local_momentum,rule_value_momentum,rule_turkey_momentum,end_5,ret_5,change_5,direction_5,end_10,ret_10,change_10,direction_10,end_15,ret_15,change_15,direction_15,end_30,ret_30,change_30,direction_30,end_45,ret_45,change_45,direction_45,end_60,ret_60,change_60,direction_60,end_90,ret_90,change_90,direction_90
2023-12-11,Mon,42200.0,42200.0,42000.0,41500.0,40100.0,39100.0,40800.0,39800.0,38000.0,37800.0,36300.0,,2023-12-11,,0,38000.0,37800.0,36300.0,41600.0,37366.666666666664,4233.333333333336,5200.0,5700.0,,,,2023-12-09,49300.0,-0.018090945649039073,-0.039766671128079426,43900.0,0.002280502698725303,0.009153381986487201,44100.0,0.006825965070399891,0.004545462371674638,2,-0.05622089284447299,,2023-12-08,IS7Z23,426.0,0.0,83.0,False,0.007067167223092353,0.047179377720568016,0.050552279162831185,0.0604779189628011,0.06842498065533273,0.1202783422655879,,0.0,1.0,1.0,1.0,3.0,0.01039506749210144,0.2,84.0,1.0,3,0,0,0,0,0,0,1,,,,,2023-12-23,-0.034317092924129156,-1400.0,-1.0,2023-12-26,-0.04686430897621772,-1900.0,-1.0,2024-01-10,-0.05446890836143703,-2200.0,-1.0,2024-01-25,-0.06727318060742486,-2700.0,-1.0,2024-02-09,-0.05192761093276449,-2100.0,-1.0,2024-03-12,-0.05957096024533254,-2400.0,-1.0
2023-12-13,Wed,42300.0,42300.0,42100.0,41600.0,40200.0,39200.0,40900.0,39900.0,37700.0,37500.0,36000.0,100.0,2023-12-13,2.0,0,37700.0,37500.0,36000.0,41700.0,37066.666666666664,4633.333333333336,5600.0,6100.0,,,,2023-12-11,49900.0,-0.005994023940210525,-0.027669749419250867,43900.0,0.01376168507268153,-0.0022753138371355394,44300.0,0.004524894598289724,0.002259887967437504,2,-0.053814152813908014,,2023-12-12,IS7Z23,423.0,0.0,83.0,False,-0.00236127618567982,0.04011221049747558,0.009501259124140179,0.05341075173970866,0.05870176937412409,0.06402093085172389,,0.0,0.0,1.0,1.0,3.0,0.010383356154756978,0.2,84.0,1.0,1,0,0,0,0,0,0,1,,,,,2023-12-23,-0.03672383295469408,-1500.0,-1.0,2023-12-28,-0.05179949536014146,-2100.0,-1.0,2024-01-12,-0.05687564839200208,-2300.0,-1.0,2024-01-27,-0.07226056723148144,-2900.0,-1.0,2024-02-12,-0.0543343509633295,-2200.0,-1.0,2024-03-12,-0.061977700275897524,-2500.0,-1.0
2023-12-23,Sat,40800.0,40800.0,40600.0,40100.0,38500.0,37500.0,39000.0,37900.0,36700.0,36500.0,35000.0,-1500.0,2023-12-23,10.0,0,36700.0,36500.0,35000.0,40160.0,36066.666666666664,4093.3333333333358,5100.0,5600.0,,,,2023-12-22,49000.0,0.012320484388040657,-0.028170876966696335,42400.0,-0.009389740349839032,-0.011723463696059259,42800.0,-0.009302392662313561,-0.004662013105811301,1,-0.05577202792538853,,2023-12-22,IS7Z23,422.0,0.0,80.0,False,0.0,0.03774534548720945,0.0023724803536303955,-0.009434032233358558,0.05104388672944254,0.05899094842197416,,0.0,0.0,1.0,1.0,2.0,0.008774854034990988,0.1,83.0,1.0,1,0,0,0,0,0,0,1,2023-12-28,-0.015075662405447273,-600.0,-1.0,2024-01-02,-0.0050000104167057515,-200.0,-1.0,2024-01-08,-0.015075662405447273,-600.0,-1.0,2024-01-24,-0.03295608768329572,-1300.0,-1.0,2024-02-06,-0.017610518008635393,-700.0,-1.0,2024-02-21,-0.010025146619378818,-400.0,-1.0,,,,
2023-12-25,Mon,40700.0,40700.0,40500.0,40000.0,38400.0,37400.0,38900.0,37800.0,36600.0,36400.0,34900.0,-100.0,2023-12-25,2.0,0,36600.0,36400.0,34900.0,40060.0,35966.666666666664,4093.3333333333358,5100.0,5600.0,,,,2023-12-22,49000.0,0.012320484388040657,-0.028170876966696335,42400.0,-0.009389740349839032,-0.011723463696059259,42800.0,-0.009302392662313561,-0.004662013105811301,3,-0.05826890812397576,,2023-12-22,IS7Z23,422.0,0.0,80.0,False,0.0,0.03774534548720945,0.0023724803536303955,-0.009434032233358558,0.05104388672944254,0.05899094842197416,,0.0,0.0,1.0,1.0,2.0,0.008774854034990988,0.1,83.0,1.0,3,0,0,0,0,0,0,1,2023-12-30,-0.01005033585350145,-400.0,-1.0,2024-01-04,0.0,0.0,0.0,2024-01-09,-0.015113637810048184,-600.0,-1.0,2024-01-24,-0.030459207484708574,-1200.0,-1.0,2024-02-08,-0.015113637810048184,-600.0,-1.0,2024-02-23,-0.012578782206860073,-500.0,-1.0,,,,
2023-12-26,Tue,40400.0,40400.0,40100.0,39600.0,38000.0,37000.0,38500.0,37400.0,36400.0,36200.0,34700.0,-400.0,2023-12-26,1.0,0,36400.0,36200.0,34700.0,39700.0,35766.666666666664,3933.3333333333358,4900.0,5400.0,,,,2023-12-22,49000.0,0.012320484388040657,-0.028170876966696335,42400.0,-0.009389740349839032,-0.011723463696059259,42800.0,-0.009302392662313561,-0.004662013105811301,4,-0.0683192439774772,,2023-12-22,IS7Z23,422.0,0.0,80.0,False,0.0,0.03774534548720945,0.0023724803536303955,-0.009434032233358558,0.05104388672944254,0.05899094842197416,,0.0,0.0,1.0,1.0,2.0,0.008774854034990988,0.1,83.0,1.0,4,0,0,0,0,0,0,1,2024-01-01,0.010050335853501506,400.0,1.0,2024-01-05,0.007547205635382904,300.0,1.0,2024-01-10,-0.007604599385219304,-300.0,-1.0,2024-01-25,-0.020408871631207123,-800.0,-1.0,2024-02-09,-0.005063301956546762,-200.0,-1.0,2024-02-24,-0.005063301956546762,-200.0,-1.0,,,,
2023-12-27,Wed,40200.0,40200.0,40000.0,39500.0,37800.0,36800.0,38400.0,37200.0,36400.0,36200.0,34700.0,-100.0,2023-12-27,1.0,0,36400.0,36200.0,34700.0,39540.0,35766.666666666664,3773.3333333333358,4800.0,5300.0,,,,2023-12-26,48800.0,0.008230499136515444,-0.02828471383858199,42300.0,-0.023365548956211884,-0.02797385204240618,42900.0,-0.01388911216066715,-0.01388911216066715,1,-0.06848641414515609,,2023-12-26,IS7F24,419.0,0.0,80.0,True,,0.03774534548720945,0.0023724803536303955,-0.004728141195945942,0.05104388672944254,,,1.0,1.0,1.0,2.0,3.0,0.008774854034990988,0.1,83.0,1.0,1,0,0,0,0,0,0,1,2024-01-01,0.012578782206860185,500.0,1.0,2024-01-06,0.0025284463533586906,100.0,1.0,2024-01-11,-0.005076153031860661,-200.0,-1.0,2024-01-27,-0.02046107187134006,-800.0,-1.0,2024-02-10,-0.0025348556031880663,-100.0,-1.0,2024-02-26,-0.0025348556031880663,-100.0,-1.0,,,,
2023-12-28,Thu,40200.0,40200.0,40000.0,39500.0,37800.0,36800.0,38400.0,37200.0,36400.0,36200.0,34700.0,0.0,2023-12-28,1.0,0,36400.0,36200.0,34700.0,39540.0,35766.666666666664,3773.3333333333358,4800.0,5300.0,,,,2023-12-26,48800.0,0.008230499136515444,-0.02828471383858199,42300.0,-0.023365548956211884,-0.02797385204240618,42900.0,-0.01388911216066715,-0.01388911216066715,2,-0.06848641414515609,,2023-12-27,IS7F24,419.0,0.0,80.0,False,0.0,0.03774534548720945,0.0023724803536303955,-0.002366865010266122,0.05104388672944254,,,1.0,1.0,1.0,2.0,3.0,0.008774854034990988,0.1,83.0,1.0,1,0,0,0,0,0,0,1,2024-01-02,0.01007565198874164,400.0,1.0,2024-01-08,0.0,0.0,0.0,2024-01-12,-0.005076153031860661,-200.0,-1.0,2024-01-27,-0.02046107187134006,-800.0,-1.0,2024-02-12,-0.0025348556031880663,-100.0,-1.0,2024-02-26,-0.0025348556031880663,-100.0,-1.0,,,,
2023-12-29,Fri,40200.0,40200.0,40000.0,39500.0,37800.0,36800.0,38500.0,37200.0,36200.0,36000.0,34500.0,0.0,2023-12-29,1.0,0,36200.0,36000.0,34500.0,39540.0,35566.666666666664,3973.3333333333358,5000.0,5500.0,,,,2023-12-28,48500.0,-0.01636028310520691,-0.034451228754245965,42100.0,-0.04186657939278989,-0.03958607669406468,42500.0,-0.036955706522429126,-0.03012974145202927,1,-0.06374706878125953,,2023-12-28,IS7F24,414.0,0.0,69.0,False,-0.012004946096823375,0.025740399390386078,-0.012004946096823375,-0.01200494609682333,0.03903894063261916,,,1.0,1.0,1.0,2.0,3.0,0.008774854034990988,0.1,83.0,1.0,1,0,0,0,0,-1,0,1,2024-01-03,0.0050505157860685716,200.0,1.0,2024-01-08,0.0,0.0,0.0,2024-01-13,-0.005076153031860661,-200.0,-1.0,2024-01-29,-0.012739025777429714,-500.0,-1.0,2024-02-12,-0.0025348556031880663,-100.0,-1.0,2024-02-27,-0.007623925110659371,-300.0,-1.0,,,,
2023-12-30,Sat,40300.0,40300.0,40100.0,39600.0,37900.0,36900.0,38600.0,37400.0,36200.0,36000.0,34500.0,100.0,2023-12-30,1.0,0,36200.0,36000.0,34500.0,39640.0,35566.666666666664,4073.3333333333358,5100.0,5600.0,,,,2023-12-28,48500.0,-0.01636028310520691,-0.034451228754245965,42100.0,-0.04186657939278989,-0.03958607669406468,42500.0,-0.036955706522429126,-0.03012974145202927,2,-0.06121862242790085,,2023-12-29,IS7F24,414.0,0.0,69.0,False,0.0,0.025740399390386078,-0.012004946096823375,-0.009632465743192972,0.034063805992505455,,,1.0,1.0,1.0,2.0,3.0,0.009389715823848852,0.1,83.0,1.0,1,0,0,0,0,-1,0,1,2024-01-04,0.010050335853501506,400.0,1.0,2024-01-09,-0.005063301956546762,-200.0,-1.0,2024-01-15,-0.007604599385219304,-300.0,-1.0,2024-01-29,-0.01526747213078842,-600.0,-1.0,2024-02-13,-0.010152371464017962,-400.0,-1.0,2024-02-28,-0.01526747213078842,-600.0,-1.0,,,,
2024-01-01,Mon,40700.0,40700.0,40500.0,40000.0,38300.0,37300.0,39000.0,37700.0,36500.0,36300.0,34800.0,400.0,2024-01-01,2.0,0,36500.0,36300.0,34800.0,40040.0,35866.666666666664,4173.333333333336,5200.0,5700.0,,,,2023-12-30,48500.0,-0.0284572048140355,-0.034451228754245965,42400.0,-0.034765957843213555,-0.021004272770532125,42800.0,-0.034446574463338896,-0.029921679865049157,2,-0.05826890812397576,,2023-12-29,IS7F24,414.0,0.0,69.0,False,0.0,0.025740399390386078,-0.012004946096823375,-0.009632465743192972,0.034063805992505455,,,1.0,1.0,1.0,2.0,3.0,0.009389715823848852,0.1,83.0,1.0,3,0,0,0,0,-1,0,1,2024-01-06,-0.01005033585350145,-400.0,-1.0,2024-01-11,-0.01765493523872071,-700.0,-1.0,2024-01-16,-0.02275698712261618,-900.0,-1.0,2024-01-31,-0.012578782206860073,-500.0,-1.0,2024-02-15,-0.012578782206860073,-500.0,-1.0,2024-03-01,-0.020202707317519466,-800.0,-1.0,,,,
2024-01-02,Tue,40600.0,40600.0,40400.0,39900.0,38200.0,37200.0,38900.0,37700.0,36400.0,36200.0,34700.0,-100.0,2024-01-02,1.0,0,36400.0,36200.0,34700.0,39940.0,35766.666666666664,4173.333333333336,5200.0,5700.0,,,,2023-12-30,48500.0,-0.0284572048140355,-0.034451228754245965,42400.0,-0.034765957843213555,-0.021004272770532125,42800.0,-0.034446574463338896,-0.029921679865049157,3,-0.06077203834209432,,2023-12-29,IS7F24,414.0,0.0,69.0,False,0.0,0.025740399390386078,-0.012004946096823375,-0.009632465743192972,0.034063805992505455,,,1.0,1.0,1.0,2.0,3.0,0.009389715823848852,0.1,83.0,1.0,4,0,0,0,0,-1,0,1,2024-01-08,-0.010075651988741587,-400.0,-1.0,2024-01-12,-0.01515180502060222,-600.0,-1.0,2024-01-17,-0.02538207327141716,-1000.0,-1.0,2024-02-01,-0.010075651988741587,-400.0,-1.0,2024-02-16,-0.012610507591929696,-500.0,-1.0,2024-03-02,-0.017699577099400975,-700.0,-1.0,,,,
2024-01-03,Wed,40400.0,40400.0,40200.0,39700.0,38100.0,37100.0,38800.0,37600.0,36200.0,36000.0,34500.0,-200.0,2024-01-03,1.0,0,36200.0,36000.0,34500.0,39760.0,35566.666666666664,4193.333333333336,5200.0,5700.0,,,,2023-12-30,48500.0,-0.0284572048140355,-0.034451228754245965,42400.0,-0.034765957843213555,-0.021004272770532125,42800.0,-0.034446574463338896,-0.029921679865049157,4,-0.0657971745447673,,2024-01-02,IS7F24,414.0,0.0,69.0,False,0.0,0.025740399390386078,-0.012004946096823375,-0.009632465743192972,0.02911330083264925,,,1.0,1.0,1.0,2.0,3.0,0.00937310475351519,0.1,83.0,1.0,1,0,0,0,0,-1,0,1,2024-01-08,-0.0050505157860685915,-200.0,-1.0,2024-01-13,-0.01012666881792916,-400.0,-1.0,2024-01-19,-0.020356937068744085,-800.0,-1.0,2024-02-02,-0.0050505157860685915,-200.0,-1.0,2024-02-17,-0.0050505157860685915,-200.0,-1.0,2024-03-04,-0.012674440896727824,-500.0,-1.0,,,,
2024-01-04,Thu,40700.0,40700.0,40500.0,40000.0,38400.0,37400.0,39100.0,37900.0,36500.0,36300.0,34800.0,300.0,2024-01-04,1.0,0,36500.0,36300.0,34800.0,40060.0,35866.666666666664,4193.333333333336,5200.0,5700.0,,,,2024-01-03,49100.0,-0.014155949230132298,-0.012145898302108115,43300.0,-0.01376168507268149,0.0,43100.0,-0.022936785343098155,-0.022936785343098155,1,-0.0792731808945079,,2024-01-03,IS7F24,414.0,0.0,69.0,False,0.0,0.025740399390386078,-0.012004946096823375,-0.009632465743192972,-0.004870551982949318,,,0.0,1.0,1.0,2.0,3.0,0.009349227972359871,0.1,81.5,1.0,1,0,0,0,0,-1,0,-1,2024-01-09,-0.015113637810048184,-600.0,-1.0,2024-01-15,-0.01765493523872071,-700.0,-1.0,2024-01-19,-0.027885203489535663,-1100.0,-1.0,2024-02-03,-0.012578782206860073,-500.0,-1.0,2024-02-19,-0.012578782206860073,-500.0,-1.0,2024-03-04,-0.020202707317519466,-800.0,-1.0,,,,
2024-01-05,Fri,40600.0,40600.0,40400.0,39900.0,38200.0,37200.0,39000.0,37800.0,36500.0,36300.0,34800.0,-100.0,2024-01-05,1.0,0,36500.0,36300.0,34800.0,39940.0,35866.666666666664,4073.3333333333358,5100.0,5600.0,,,,2024-01-04,49100.0,-0.014155949230132298,-0.010131798930406952,43700.0,-0.002285715280855951,0.009195467093100394,44100.0,-0.002265006630852125,0.0022701485345390775,1,-0.09097177820572676,,2024-01-04,IS7F24,414.0,0.0,69.0,False,0.0,0.025740399390386078,-0.012004946096823375,-0.009632465743192972,-0.004870551982949318,,,0.0,1.0,1.0,2.0,3.0,0.00506515357005318,0.1,80.0,1.0,1,0,0,0,0,-1,0,-1,2024-01-10,-0.01515180502060222,-600.0,-1.0,2024-01-15,-0.01515180502060222,-600.0,-1.0,2024-01-20,-0.02538207327141716,-1000.0,-1.0,2024-02-05,-0.010075651988741587,-400.0,-1.0,2024-02-19,-0.010075651988741587,-400.0,-1.0,2024-03-05,-0.017699577099400975,-700.0,-1.0,,,,
2024-01-06,Sat,40300.0,40300.0,40100.0,39600.0,37900.0,36900.0,38700.0,37500.0,36200.0,36000.0,34500.0,-300.0,2024-01-06,1.0,0,36200.0,36000.0,34500.0,39640.0,35566.666666666664,4073.3333333333358,5100.0,5600.0,,,,2024-01-05,49500.0,-0.006042314455962586,0.004048588526000111,43500.0,-0.002296212260350268,0.004608303086194181,43900.0,-0.006810469002526752,0.0,1,-0.0939318198342035,,2024-01-05,IS7F24,414.0,0.0,69.0,False,0.0,0.025740399390386078,0.0,-0.012004946096823368,-0.019088800985228492,,,0.0,1.0,1.0,2.0,3.0,0.00506515357005318,0.1,80.0,1.0,1,0,0,0,0,-1,0,-1,2024-01-11,-0.007604599385219304,-300.0,-1.0,2024-01-16,-0.012706651269114801,-500.0,-1.0,2024-01-24,-0.020408871631207123,-800.0,-1.0,2024-02-05,-0.0025284463533586377,-100.0,-1.0,2024-02-20,0.002522069432709939,100.0,1.0,2024-03-06,-0.010152371464017962,-400.0,-1.0,,,,
2024-01-08,Mon,40200.0,40200.0,40000.0,39500.0,37800.0,36800.0,39600.0,37400.0,35700.0,35500.0,34000.0,-100.0,2024-01-08,2.0,0,35700.0,35500.0,34000.0,39540.0,35066.666666666664,4473.333333333336,5500.0,6000.0,,,,2024-01-05,49500.0,-0.006042314455962586,0.004048588526000111,43500.0,-0.002296212260350268,0.004608303086194181,43900.0,-0.006810469002526752,0.0,3,-0.09646026618756222,,2024-01-05,IS7F24,414.0,0.0,69.0,False,0.0,0.025740399390386078,0.0,-0.012004946096823368,-0.019088800985228492,,,0.0,1.0,1.0,2.0,3.0,0.00506515357005318,0.1,80.0,1.0,3,0,0,0,0,-1,0,-1,2024-01-13,-0.005076153031860661,-200.0,-1.0,2024-01-19,-0.015306421282675545,-600.0,-1.0,2024-01-24,-0.01788042527784841,-700.0,-1.0,2024-02-07,-0.0025348556031880663,-100.0,-1.0,2024-02-22,0.0,0.0,0.0,2024-03-08,-0.007623925110659371,-300.0,-1.0,,,,
2024-01-09,Tue,40100.0,40100.0,39900.0,39400.0,37700.0,36700.0,38500.0,37300.0,35700.0,35500.0,34000.0,-100.0,2024-01-09,1.0,0,35700.0,35500.0,34000.0,39440.0,35066.666666666664,4373.333333333336,5400.0,5900.0,,,,2024-01-05,49500.0,-0.006042314455962586,0.004048588526000111,43500.0,-0.002296212260350268,0.004608303086194181,43900.0,-0.006810469002526752,0.0,4,-0.09899512179075032,,2024-01-08,IS7F24,419.0,0.0,69.0,False,0.0120049460968234,0.03774534548720948,0.0120049460968234,3.2959746043559335e-17,-0.0023668650102661795,,,0.0,1.0,1.0,2.0,3.0,0.0036645143044022103,0.1,80.0,1.0,1,0,0,0,0,-1,0,-1,2024-01-15,-0.0025412974286725325,-100.0,-1.0,2024-01-19,-0.012771565679487505,-500.0,-1.0,2024-01-24,-0.015345569674660421,-600.0,-1.0,2024-02-08,0.0,0.0,0.0,2024-02-23,0.0025348556031881157,100.0,1.0,2024-03-09,-0.005089069507471293,-200.0,-1.0,,,,
2024-01-10,Wed,40000.0,40000.0,39800.0,39300.0,37600.0,36600.0,38400.0,37200.0,35700.0,35500.0,34000.0,-100.0,2024-01-10,1.0,0,35700.0,35500.0,34000.0,39340.0,35066.666666666664,4273.333333333336,5300.0,5800.0,,,,2024-01-09,49100.0,-0.012145898302108115,0.01023550389402671,43000.0,0.002328289759591168,-0.0023228814161396385,43500.0,-0.004587164006906043,-0.002296212260350268,1,-0.0899755968183469,,2024-01-09,IS7F24,419.0,0.0,69.0,False,0.0,0.03774534548720948,0.0120049460968234,3.209238430557093e-17,-0.009434032233358532,,,0.0,1.0,1.0,2.0,3.0,0.0046095786811173245,0.1,80.0,1.0,1,0,0,0,0,0,0,-1,2024-01-15,0.0,0.0,0.0,2024-01-20,-0.010230268250814922,-400.0,-1.0,2024-01-25,-0.01280427224598774,-500.0,-1.0,2024-02-09,0.002541297428672548,100.0,1.0,2024-02-24,0.002541297428672548,100.0,1.0,2024-03-12,-0.00510205188389551,-200.0,-1.0,,,,
2024-01-11,Thu,40000.0,40000.0,39800.0,39300.0,37600.0,36600.0,38500.0,37200.0,35700.0,35500.0,34000.0,0.0,2024-01-11,1.0,0,35700.0,35500.0,34000.0,39340.0,35066.666666666664,4273.333333333336,5300.0,5800.0,,,,2024-01-10,48800.0,-0.01626052087178029,0.008230499136515444,43400.0,0.018605187831034486,0.018605187831034486,43500.0,0.004608303086194181,0.011560822401076006,1,-0.09923492223114361,,2024-01-10,IS7F24,416.0,0.0,69.0,False,-0.007185659660874486,0.030559685826334997,0.004819286435948915,-0.007185659660874454,-0.011913800856820402,0.04385822706856806,,0.0,0.0,1.0,1.0,3.0,0.004269618848570555,0.1,80.0,1.0,1,0,0,0,0,0,0,-1,2024-01-16,-0.00510205188389551,-200.0,-1.0,2024-01-24,-0.01280427224598774,-500.0,-1.0,2024-01-27,-0.015384918839479456,-600.0,-1.0,2024-02-10,0.002541297428672548,100.0,1.0,2024-02-26,0.002541297428672548,100.0,1.0,2024-03-12,-0.00510205188389551,-200.0,-1.0,,,,
2024-01-12,Fri,40000.0,40000.0,39800.0,39300.0,37500.0,36500.0,38300.0,37100.0,35700.0,35500.0,34000.0,0.0,2024-01-12,1.0,0,35700.0,35500.0,34000.0,39320.0,35066.666666666664,4253.333333333336,5300.0,5800.0,,,,2024-01-10,48800.0,-0.01626052087178029,0.008230499136515444,43400.0,0.018605187831034486,0.018605187831034486,43500.0,0.004608303086194181,0.011560822401076006,2,-0.09923492223114361,,2024-01-11,IS7F24,417.0,0.0,21.0,False,0.002400961537538268,0.03296064736387327,0.007220247973487182,-0.0047846981233361854,-0.007151563133602315,0.04625918860610633,,0.0,0.0,1.0,1.0,3.0,0.004439943144578321,0.1,80.0,1.0,1,0,0,0,0,0,0,-1,2024-01-17,-0.010230268250814922,-400.0,-1.0,2024-01-24,-0.01280427224598774,-500.0,-1.0,2024-01-27,-0.015384918839479456,-600.0,-1.0,2024-02-12,0.002541297428672548,100.0,1.0,2024-02-26,0.002541297428672548,100.0,1.0,2024-03-12,-0.00510205188389551,-200.0,-1.0,,,,
2024-01-13,Sat,40000.0,40000.0,39800.0,39300.0,37400.0,36400.0,38300.0,37100.0,35700.0,35500.0,34000.0,0.0,2024-01-13,1.0,0,35700.0,35500.0,34000.0,39300.0,35066.666666666664,4233.333333333336,5300.0,5800.0,,,,2024-01-12,48500.0,-0.01636028310520691,0.0020639842208514275,43300.0,0.021004272770531997,0.018648559078072995,43600.0,0.01618532442101735,0.01618532442101735,1,-0.09692811613322865,,2024-01-12,IS7F24,419.0,0.0,69.0,False,0.004784698123336253,0.03774534548720952,0.012004946096823435,0.012004946096823442,1.0668549377257364e-16,0.051043886729442586,,0.0,0.0,1.0,1.0,3.0,0.004470914175649501,0.1,80.0,1.0,1,0,0,0,0,0,0,1,2024-01-19,-0.010230268250814922,-400.0,-1.0,2024-01-24,-0.01280427224598774,-500.0,-1.0,2024-01-29,-0.007662872745569137,-300.0,-1.0,2024-02-12,0.002541297428672548,100.0,1.0,2024-02-27,-0.0025477720787986644,-100.0,-1.0,2024-03-13,-0.010230268250814922,-400.0,-1.0,,,,
2024-01-15,Mon,40000.0,40000.0,39800.0,39300.0,37400.0,36400.0,38300.0,37100.0,35700.0,35500.0,34000.0,0.0,2024-01-15,2.0,0,35700.0,35500.0,34000.0,39300.0,35066.666666666664,4233.333333333336,5300.0,5800.0,,,,2024-01-12,48500.0,-0.01636028310520691,0.0020639842208514275,43300.0,0.021004272770531997,0.018648559078072995,43600.0,0.01618532442101735,0.01618532442101735,3,-0.09692811613322865,,2024-01-12,IS7F24,419.0,0.0,69.0,False,0.004784698123336253,0.03774534548720952,0.012004946096823435,0.012004946096823442,1.0668549377257364e-16,0.051043886729442586,,0.0,0.0,1.0,1.0,3.0,0.004470914175649501,0.1,80.0,1.0,3,0,0,0,0,0,0,1,2024-01-20,-0.010230268250814922,-400.0,-1.0,2024-01-25,-0.01280427224598774,-500.0,-1.0,2024-01-30,0.0,0.0,0.0,2024-02-14,-0.0025477720787986644,-100.0,-1.0,2024-02-29,-0.0025477720787986644,-100.0,-1.0,2024-03-15,-0.017972242404430367,-700.0,-1.0,,,,
2024-01-16,Tue,39800.0,39800.0,39600.0,39100.0,37300.0,36300.0,38100.0,37000.0,35700.0,35500.0,34000.0,-200.0,2024-01-16,1.0,0,35700.0,35500.0,34000.0,39120.0,35066.666666666664,4053.3333333333358,5100.0,5600.0,,,,2024-01-12,48500.0,-0.01636028310520691,0.0020639842208514275,43300.0,0.021004272770531997,0.018648559078072995,43600.0,0.01618532442101735,0.01618532442101735,4,-0.10203016801712404,,2024-01-12,IS7F24,419.0,0.0,69.0,False,0.004784698123336253,0.03774534548720952,0.012004946096823435,0.012004946096823442,1.0668549377257364e-16,0.051043886729442586,,0.0,0.0,1.0,1.0,3.0,0.004470914175649501,0.1,80.0,1.0,4,0,0,0,0,0,0,1,2024-01-24,-0.007702220362092351,-300.0,-1.0,2024-01-27,-0.01028286695558392,-400.0,-1.0,2024-01-31,0.010178204915756052,400.0,1.0,2024-02-15,0.010178204915756052,400.0,1.0,2024-03-01,0.0025542798050967007,100.0,1.0,2024-03-16,-0.012870190520534907,-500.0,-1.0,,,,
2024-01-17,Wed,39600.0,39600.0,39400.0,38900.0,37100.0,36100.0,38000.0,37000.0,35500.0,35300.0,33800.0,-200.0,2024-01-17,1.0,0,35500.0,35300.0,33800.0,38920.0,34866.666666666664,4053.3333333333358,5100.0,5600.0,,,,2024-01-16,48400.0,-0.012320484388040624,0.0,43100.0,0.016374634871790104,0.006984894521950969,43600.0,0.01851904776723753,0.009216655104924048,1,-0.10252874648530153,,2024-01-16,IS7F24,420.0,15.0,78.0,False,0.0023837913552761975,0.04012913684248572,0.002383791355276232,0.01438873745209964,0.00475627170890666,0.048452543444605076,,0.0,0.0,1.0,1.0,3.0,0.0045933916592215416,0.05,80.0,0.0,1,0,0,0,0,0,0,1,2024-01-24,-0.0025740039951728773,-100.0,-1.0,2024-01-27,-0.0051546505886645375,-200.0,-1.0,2024-02-01,0.015306421282675507,600.0,1.0,2024-02-16,0.01277156567948754,500.0,1.0,2024-03-02,0.007682496172016211,300.0,1.0,2024-03-18,-0.007741974153615397,-300.0,-1.0,,,,
2024-01-19,Fri,39600.0,39600.0,39400.0,38900.0,37000.0,36000.0,38100.0,37000.0,35500.0,35300.0,33800.0,0.0,2024-01-19,2.0,0,35500.0,35300.0,33800.0,38900.0,34866.666666666664,4033.3333333333358,5100.0,5600.0,,,,2024-01-18,48300.0,-0.010298752200574473,-0.0020682530640590683,43200.0,0.021053409197832263,-0.0023121397583795024,43300.0,0.009280809074472783,-0.004608303086194219,1,-0.10484624462566408,,2024-01-18,IS7F24,420.0,0.0,78.0,False,-0.0023781224049674358,0.0401291368424857,0.0095694510161507,0.014388737452099624,0.004756271708906645,0.009518185469150285,,0.0,0.0,1.0,1.0,3.0,0.00461168072501251,0.05,69.0,1.0,1,0,0,0,0,0,0,1,2024-01-24,-0.0025740039951728773,-100.0,-1.0,2024-01-29,0.0025673955052457334,100.0,1.0,2024-02-03,0.015306421282675507,600.0,1.0,2024-02-19,0.015306421282675507,600.0,1.0,2024-03-04,0.007682496172016211,300.0,1.0,2024-03-19,-0.007741974153615397,-300.0,-1.0,,,,
2024-01-20,Sat,39600.0,39600.0,39400.0,38900.0,37000.0,36000.0,38100.0,37000.0,35500.0,35300.0,33800.0,0.0,2024-01-20,1.0,0,35500.0,35300.0,33800.0,38900.0,34866.666666666664,4033.3333333333358,5100.0,5600.0,,,,2024-01-18,48300.0,-0.010298752200574473,-0.0020682530640590683,43200.0,0.021053409197832263,-0.0023121397583795024,43300.0,0.009280809074472783,-0.004608303086194219,2,-0.10484624462566408,,2024-01-19,IS7F24,421.0,0.0,78.0,False,0.0023781224049674193,0.04250725924745312,0.009546611883579852,0.016766859857067044,0.0071343941138740635,0.011896307874117704,,0.0,0.0,1.0,1.0,3.0,0.004654511177631693,0.05,69.0,1.0,1,0,0,0,0,0,0,1,2024-01-25,-0.0025740039951728773,-100.0,-1.0,2024-01-30,0.010230268250815043,400.0,1.0,2024-02-05,0.015306421282675507,600.0,1.0,2024-02-19,0.015306421282675507,600.0,1.0,2024-03-05,0.007682496172016211,300.0,1.0,,,,,,,,
2024-01-24,Wed,39500.0,39500.0,39300.0,38800.0,37000.0,36000.0,38000.0,37000.0,35500.0,35300.0,33800.0,-100.0,2024-01-24,4.0,0,35500.0,35300.0,33800.0,38820.0,34866.666666666664,3953.3333333333358,5000.0,5500.0,,,,2024-01-23,48000.0,-0.010362787035546547,-0.026723070140753508,42200.0,0.0023724803536303955,-0.03949409903915951,43500.0,0.023256862164267183,-0.013698844358161915,1,-0.08399997441273842,,2024-01-23,IS7F24,421.0,0.0,78.0,False,0.0,0.04250725924745312,0.002378122404967402,0.004761913760243642,0.004761913760243668,0.0023950487499774416,,0.0,0.0,1.0,1.0,3.0,0.0046546542667132386,0.05,69.0,1.0,1,0,0,0,0,0,0,1,2024-01-29,0.005141399500418652,200.0,1.0,2024-02-03,0.017880425277848364,700.0,1.0,2024-02-08,0.01534556967466032,600.0,1.0,2024-02-23,0.017880425277848364,700.0,1.0,2024-03-09,0.010256500167189061,400.0,1.0,,,,,,,,
2024-01-25,Thu,39500.0,39500.0,39300.0,38800.0,37000.0,36000.0,38000.0,37000.0,35300.0,35100.0,33600.0,0.0,2024-01-25,1.0,0,35300.0,35100.0,33600.0,38820.0,34666.666666666664,4153.333333333336,5200.0,5700.0,,,,2024-01-23,48000.0,-0.010362787035546547,-0.026723070140753508,42200.0,0.0023724803536303955,-0.03949409903915951,43500.0,0.023256862164267183,-0.013698844358161915,2,-0.08399997441273842,,2024-01-24,IS7F24,422.0,0.0,78.0,False,0.0023724803536303955,0.04487973960108352,0.002372480353630378,0.0071343941138740374,0.0071343941138740635,-0.0022996381194845157,,0.0,0.0,1.0,1.0,2.0,0.0046546542667132386,0.05,69.0,1.0,1,0,0,0,0,0,0,1,2024-01-30,0.01280427224598775,500.0,1.0,2024-02-05,0.017880425277848364,700.0,1.0,2024-02-09,0.01534556967466032,600.0,1.0,2024-02-24,0.01534556967466032,600.0,1.0,2024-03-12,0.007702220362092303,300.0,1.0,,,,,,,,
2024-01-27,Sat,39500.0,39500.0,39200.0,38700.0,37000.0,36000.0,38000.0,37000.0,35200.0,35000.0,33500.0,-100.0,2024-01-27,2.0,0,35200.0,35000.0,33500.0,38780.0,34566.666666666664,4213.333333333336,5200.0,5700.0,,,,2024-01-23,48000.0,-0.010362787035546547,-0.026723070140753508,42200.0,0.0023724803536303955,-0.03949409903915951,43500.0,0.023256862164267183,-0.013698844358161915,4,-0.08658062100623003,,2024-01-26,IS7G24,413.0,0.0,78.0,True,,0.04487973960108352,0.0023724803536303947,0.011919092237210256,0.0071343941138740635,,,1.0,1.0,1.0,2.0,3.0,0.004555284164558413,0.05,69.0,1.0,1,0,0,0,0,0,0,1,2024-02-01,0.020461071871340025,800.0,1.0,2024-02-06,0.017926216268152113,700.0,1.0,2024-02-12,0.017926216268152113,700.0,1.0,2024-02-26,0.017926216268152113,700.0,1.0,2024-03-12,0.010282866955584056,400.0,1.0,,,,,,,,
2024-01-29,Mon,39800.0,39800.0,39500.0,39000.0,37300.0,36300.0,38300.0,37300.0,35500.0,35300.0,33800.0,300.0,2024-01-29,2.0,0,35500.0,35300.0,33800.0,39080.0,34866.666666666664,4213.333333333336,5200.0,5700.0,,,,2024-01-23,48000.0,-0.010362787035546547,-0.026723070140753508,42200.0,0.0023724803536303955,-0.03949409903915951,43500.0,0.023256862164267183,-0.013698844358161915,6,-0.0788585749123197,,2024-01-26,IS7G24,413.0,0.0,78.0,True,,0.04487973960108352,0.0023724803536303947,0.011919092237210256,0.0071343941138740635,,,1.0,1.0,1.0,2.0,3.0,0.004555284164558413,0.05,69.0,1.0,3,0,0,0,0,0,0,1,2024-02-03,0.012739025777429712,500.0,1.0,2024-02-08,0.010204170174241668,400.0,1.0,2024-02-13,0.005115100666770409,200.0,1.0,2024-02-28,0.0,0.0,0.0,2024-03-14,-0.0025673955052458097,-100.0,-1.0,,,,,,,,
2024-01-30,Tue,40100.0,40100.0,39800.0,39300.0,37600.0,36600.0,38600.0,37600.0,35700.0,35500.0,34000.0,300.0,2024-01-30,1.0,0,35700.0,35500.0,34000.0,39380.0,35066.666666666664,4313.333333333336,5300.0,5800.0,,,,2024-01-23,48000.0,-0.010362787035546547,-0.026723070140753508,42200.0,0.0023724803536303955,-0.03949409903915951,43500.0,0.023256862164267183,-0.013698844358161915,7,-0.07119570216675056,,2024-01-29,IS7G24,420.0,0.0,78.0,False,0.01680711831638119,0.06168685791746471,0.019179598670011587,0.023941512430255194,0.03594645852707863,,,1.0,1.0,1.0,2.0,3.0,0.004679314505329401,0.05,69.0,1.0,1,0,0,0,0,0,0,1,2024-02-05,0.005076153031860568,200.0,1.0,2024-02-09,0.002541297428672548,100.0,1.0,2024-02-14,-0.0025477720787986644,-100.0,-1.0,2024-02-29,-0.0025477720787986644,-100.0,-1.0,2024-03-15,-0.017972242404430367,-700.0,-1.0,,,,,,,,
2024-01-31,Wed,40300.0,40300.0,40000.0,39500.0,37900.0,36900.0,38800.0,37800.0,36000.0,35800.0,34300.0,200.0,2024-01-31,1.0,0,36000.0,35800.0,34300.0,39600.0,35366.666666666664,4233.333333333336,5200.0,5700.0,,,,2024-01-23,,,,,,,,,,8,,,2024-01-30,IS7G24,420.0,0.0,78.0,False,0.0,0.06168685791746471,0.019179598670011587,0.021557721074978997,0.03594645852707863,,,1.0,1.0,1.0,2.0,3.0,0.0050944378910726205,0.05,69.0,1.0,1,0,0,0,0,0,0,1,2024-02-05,0.0,0.0,0.0,2024-02-10,-0.0025348556031880663,-100.0,-1.0,2024-02-15,0.0,0.0,0.0,2024-03-01,-0.007623925110659371,-300.0,-1.0,2024-03-16,-0.023048395436291017,-900.0,-1.0,,,,,,,,
2024-02-01,Thu,40300.0,40300.0,40000.0,39500.0,37900.0,36900.0,38800.0,37800.0,35700.0,35500.0,34000.0,0.0,2024-02-01,1.0,0,35700.0,35500.0,34000.0,39600.0,35066.666666666664,4533.333333333336,5500.0,6000.0,,,,2024-01-31,47900.0,-0.012448293526567917,-0.040905498340603474,42900.0,0.011723463696059234,-0.023042494147154355,43400.0,0.013921338518608014,-0.02052523594473081,1,-0.08257115402689508,,2024-01-31,IS7G24,420.0,0.0,78.0,False,0.0,0.06168685791746471,0.01680711831638119,0.019179598670011577,0.03594645852707863,,,1.0,1.0,1.0,2.0,3.0,0.0050944378910726205,0.05,69.0,1.0,1,0,0,0,0,0,0,1,2024-02-06,-0.0025348556031880663,-100.0,-1.0,2024-02-12,-0.0025348556031880663,-100.0,-1.0,2024-02-16,-0.0025348556031880663,-100.0,-1.0,2024-03-02,-0.007623925110659371,-300.0,-1.0,2024-03-18,-0.023048395436291017,-900.0,-1.0,,,,,,,,
2024-02-02,Fri,40300.0,40300.0,40000.0,39500.0,37900.0,36900.0,38800.0,37800.0,35500.0,35300.0,33800.0,0.0,2024-02-02,1.0,0,35500.0,35300.0,33800.0,39600.0,34866.666666666664,4733.333333333336,5700.0,6200.0,,,,2024-02-01,47900.0,-0.0247435303836054,-0.03889947961373772,42800.0,-0.011614532420693002,-0.02537621749337453,43300.0,0.004629637898741976,-0.018307147444356128,1,-0.08023743068067496,,2024-02-01,IS7G24,420.0,0.0,57.0,False,0.0,0.06168685791746471,0.01680711831638119,0.021557721074979014,0.03594645852707863,,,1.0,1.0,1.0,2.0,3.0,0.0050944378910726205,0.05,69.0,1.0,1,0,0,0,0,-1,0,1,2024-02-07,-0.0025348556031880663,-100.0,-1.0,2024-02-12,-0.0025348556031880663,-100.0,-1.0,2024-02-17,0.0,0.0,0.0,2024-03-04,-0.007623925110659371,-300.0,-1.0,2024-03-18,-0.023048395436291017,-900.0,-1.0,,,,,,,,
2024-02-03,Sat,40300.0,40300.0,40000.0,39500.0,37900.0,36900.0,38800.0,37800.0,35500.0,35300.0,33800.0,0.0,2024-02-03,1.0,0,35500.0,35300.0,33800.0,39600.0,34866.666666666664,4733.333333333336,5700.0,6200.0,,,,2024-02-02,47900.0,-0.0247435303836054,-0.03889947961373772,42500.0,-0.027844026171173344,-0.03012974145202927,43000.0,-0.025259666759237877,-0.027524673390090033,1,-0.07320340402329494,,2024-02-02,IS7G24,420.0,0.0,57.0,False,0.0,0.06168685791746471,0.01680711831638119,0.019179598670011594,0.03594645852707863,,,0.0,1.0,1.0,2.0,3.0,0.0050944378910726205,0.05,73.5,1.0,1,0,0,0,0,-1,0,1,2024-02-08,-0.0025348556031880663,-100.0,-1.0,2024-02-13,-0.007623925110659371,-300.0,-1.0,2024-02-19,0.0,0.0,0.0,2024-03-04,-0.007623925110659371,-300.0,-1.0,2024-03-19,-0.023048395436291017,-900.0,-1.0,,,,,,,,
2024-02-05,Mon,40300.0,40300.0,40000.0,39500.0,37900.0,36900.0,38800.0,37800.0,35500.0,35300.0,33800.0,0.0,2024-02-05,2.0,0,35500.0,35300.0,33800.0,39600.0,34866.666666666664,4733.333333333336,5700.0,6200.0,,,,2024-02-02,47900.0,-0.0247435303836054,-0.03889947961373772,42500.0,-0.027844026171173344,-0.03012974145202927,43000.0,-0.025259666759237877,-0.027524673390090033,3,-0.07320340402329494,,2024-02-02,IS7G24,420.0,0.0,57.0,False,0.0,0.06168685791746471,0.01680711831638119,0.019179598670011594,0.03594645852707863,,,0.0,1.0,1.0,2.0,3.0,0.0050944378910726205,0.05,73.5,1.0,3,0,0,0,0,-1,0,1,2024-02-10,-0.0025348556031880663,-100.0,-1.0,2024-02-15,0.0,0.0,0.0,2024-02-20,0.0050505157860685716,200.0,1.0,2024-03-06,-0.007623925110659371,-300.0,-1.0,,,,,,,,,,,,
2024-02-06,Tue,40200.0,40200.0,39900.0,39400.0,37800.0,36800.0,38700.0,37700.0,35500.0,35300.0,33800.0,-100.0,2024-02-06,1.0,0,35500.0,35300.0,33800.0,39500.0,34866.666666666664,4633.333333333336,5600.0,6100.0,,,,2024-02-05,47900.0,-0.03285716515777505,-0.03889947961373772,42700.0,-0.018562017860059538,-0.02085823012040981,43000.0,-0.02071420438756322,-0.027524673390090033,1,-0.08043310393069071,,2024-02-05,IS7G24,420.0,0.0,57.0,False,0.0,0.06168685791746471,0.0,0.019179598670011594,0.03594645852707863,,,0.0,1.0,1.0,2.0,3.0,0.0050944378910726205,0.05,78.0,1.0,1,0,0,0,0,-1,0,1,2024-02-12,0.0,0.0,0.0,2024-02-16,0.0,0.0,0.0,2024-02-21,0.007585371389256564,300.0,1.0,2024-03-07,-0.005089069507471293,-200.0,-1.0,,,,,,,,,,,,
2024-02-07,Wed,40200.0,40200.0,39900.0,39400.0,37800.0,36800.0,38700.0,37700.0,35300.0,35100.0,33600.0,0.0,2024-02-07,1.0,0,35300.0,35100.0,33600.0,39500.0,34666.666666666664,4833.333333333336,5800.0,6300.0,,,,2024-02-06,47800.0,-0.026833395303064576,-0.03897929360517278,42400.0,-0.014051753455650302,-0.011723463696059259,42900.0,-0.01388911216066715,-0.018476276167573233,1,-0.07338254593402399,,2024-02-06,IS7G24,420.0,0.0,57.0,False,0.0,0.06168685791746471,0.0,0.019179598670011594,0.02394151243025523,,,0.0,1.0,1.0,2.0,3.0,0.0050944378910726205,0.05,78.0,1.0,1,0,0,0,0,-1,0,1,2024-02-12,0.0,0.0,0.0,2024-02-17,0.0025348556031881157,100.0,1.0,2024-02-22,0.0025348556031881157,100.0,1.0,2024-03-08,-0.005089069507471293,-200.0,-1.0,,,,,,,,,,,,
2024-02-08,Thu,40200.0,40200.0,39900.0,39400.0,37800.0,36800.0,38700.0,37500.0,35300.0,35100.0,33600.0,0.0,2024-02-08,1.0,0,35300.0,35100.0,33600.0,39500.0,34666.666666666664,4833.333333333336,5800.0,6300.0,,,,2024-02-06,47800.0,-0.026833395303064576,-0.03897929360517278,42400.0,-0.014051753455650302,-0.011723463696059259,42900.0,-0.01388911216066715,-0.018476276167573233,2,-0.07338254593402399,,2024-02-07,IS7G24,420.0,0.0,57.0,False,0.0,0.06168685791746471,0.0,0.0168071183163812,0.02394151243025523,,,0.0,1.0,1.0,2.0,3.0,0.004477599770134733,0.05,78.0,1.0,1,0,0,0,0,-1,0,1,2024-02-13,-0.005089069507471293,-200.0,-1.0,2024-02-19,0.0025348556031881157,100.0,1.0,2024-02-23,0.0025348556031881157,100.0,1.0,2024-03-09,-0.005089069507471293,-200.0,-1.0,,,,,,,,,,,,
2024-02-09,Fri,40200.0,40200.0,39900.0,39400.0,37800.0,36800.0,38900.0,37700.0,35300.0,35100.0,33600.0,0.0,2024-02-09,1.0,0,35300.0,35100.0,33600.0,39500.0,34666.666666666664,4833.333333333336,5800.0,6300.0,,,,2024-02-06,47800.0,-0.026833395303064576,-0.03897929360517278,42400.0,-0.014051753455650302,-0.011723463696059259,42900.0,-0.01388911216066715,-0.018476276167573233,3,-0.07338254593402399,,2024-02-08,IS7G24,420.0,0.0,57.0,False,0.0,0.06168685791746471,0.0,0.0168071183163812,0.031127172091129716,0.023941512430255243,,0.0,1.0,1.0,1.0,3.0,0.004477599770134733,0.05,78.0,1.0,1,0,0,0,0,-1,0,1,2024-02-14,-0.005089069507471293,-200.0,-1.0,2024-02-19,0.0025348556031881157,100.0,1.0,2024-02-24,0.0,0.0,0.0,2024-03-12,-0.007643349312568012,-300.0,-1.0,,,,,,,,,,,,
2024-02-10,Sat,40200.0,40200.0,39900.0,39400.0,37800.0,36800.0,38900.0,37700.0,35300.0,35100.0,33600.0,0.0,2024-02-10,1.0,0,35300.0,35100.0,33600.0,39500.0,34666.666666666664,4833.333333333336,5800.0,6300.0,,,,2024-02-06,47800.0,-0.026833395303064576,-0.03897929360517278,42400.0,-0.014051753455650302,-0.011723463696059259,42900.0,-0.01388911216066715,-0.018476276167573233,4,-0.07338254593402399,,2024-02-09,IS7G24,420.0,0.0,57.0,False,0.0,0.06168685791746471,0.0,0.0168071183163812,0.028726210553591446,0.023941512430255243,,0.0,0.0,1.0,1.0,3.0,0.0040029150498344735,0.05,78.0,1.0,1,0,0,0,0,-1,0,1,2024-02-15,0.0025348556031881157,100.0,1.0,2024-02-20,0.007585371389256564,300.0,1.0,2024-02-26,0.0,0.0,0.0,2024-03-12,-0.007643349312568012,-300.0,-1.0,,,,,,,,,,,,
2024-02-12,Mon,40200.0,40200.0,39900.0,39400.0,37800.0,36800.0,38700.0,37500.0,35200.0,35000.0,33700.0,0.0,2024-02-12,2.0,0,35200.0,35000.0,33700.0,39500.0,34633.333333333336,4866.666666666664,5700.0,6200.0,,,,2024-02-10,47700.0,-0.022798914964806013,-0.03905943583658629,42400.0,-0.02331107886844711,-0.004705891037412617,42800.0,-0.01622283550688726,-0.011614532420693002,2,-0.07338254593402399,,2024-02-09,IS7G24,420.0,0.0,57.0,False,0.0,0.06168685791746471,0.0,0.0168071183163812,0.028726210553591446,0.023941512430255243,,0.0,0.0,1.0,1.0,3.0,0.0040029150498344735,0.05,78.0,1.0,3,0,0,0,0,-1,0,1,2024-02-17,0.0025348556031881157,100.0,1.0,2024-02-22,0.0025348556031881157,100.0,1.0,2024-02-27,-0.005089069507471293,-200.0,-1.0,2024-03-13,-0.012771565679487505,-500.0,-1.0,,,,,,,,,,,,
2024-02-13,Tue,40000.0,40000.0,39700.0,39200.0,37600.0,36600.0,38500.0,37300.0,35000.0,34800.0,33500.0,-200.0,2024-02-13,1.0,0,35000.0,34800.0,33500.0,39300.0,34433.333333333336,4866.666666666664,5700.0,6200.0,,,,2024-02-10,47700.0,-0.022798914964806013,-0.03905943583658629,42400.0,-0.02331107886844711,-0.004705891037412617,42800.0,-0.01622283550688726,-0.011614532420693002,3,-0.07847161544149521,,2024-02-12,IS7G24,420.0,0.0,57.0,False,0.0,0.06168685791746471,0.0,0.0,0.023941512430255194,0.03594645852707862,,0.0,0.0,1.0,1.0,3.0,0.0040153784941465015,0.05,78.0,1.0,1,0,0,0,0,-1,0,1,2024-02-19,0.007623925110659366,300.0,1.0,2024-02-23,0.007623925110659366,300.0,1.0,2024-02-28,-0.005115100666770377,-200.0,-1.0,2024-03-14,-0.007682496172016282,-300.0,-1.0,,,,,,,,,,,,
2024-02-14,Wed,40000.0,40000.0,39700.0,39200.0,37600.0,36600.0,38500.0,37300.0,35200.0,35000.0,33700.0,0.0,2024-02-14,1.0,0,35200.0,35000.0,33700.0,39300.0,34633.333333333336,4666.666666666664,5500.0,6000.0,,,,2024-02-13,47700.0,-0.016632400049142033,-0.03299268315434889,42300.0,-0.023365548956211884,-0.00236127618567982,42700.0,-0.02085823012040981,-0.00467290569939237,1,-0.07611033925581542,,2024-02-13,IS7G24,420.0,0.0,57.0,False,0.0,0.06168685791746471,0.0,0.0,0.021557721074978997,0.03594645852707862,,0.0,0.0,1.0,1.0,3.0,0.003948196053819156,0.05,78.0,1.0,1,0,0,0,0,-1,0,1,2024-02-19,0.007623925110659366,300.0,1.0,2024-02-24,0.005089069507471228,200.0,1.0,2024-02-29,0.0,0.0,0.0,2024-03-15,-0.015424470325631639,-600.0,-1.0,,,,,,,,,,,,
2024-02-15,Thu,40300.0,40300.0,40000.0,39500.0,38000.0,37000.0,38900.0,37600.0,35400.0,35200.0,33900.0,300.0,2024-02-15,1.0,0,35400.0,35200.0,33900.0,39620.0,34833.333333333336,4786.666666666664,5600.0,6100.0,,,,2024-02-13,47700.0,-0.016632400049142033,-0.03299268315434889,42300.0,-0.023365548956211884,-0.00236127618567982,42700.0,-0.02085823012040981,-0.00467290569939237,2,-0.06848641414515609,,2024-02-14,IS7G24,420.0,0.0,57.0,False,0.0,0.06168685791746471,0.0,0.0,0.019179598670011577,0.03594645852707862,,0.0,0.0,1.0,1.0,3.0,0.003948378943168773,0.0,78.0,1.0,1,0,0,0,0,-1,0,1,2024-02-20,0.0050505157860685716,200.0,1.0,2024-02-26,-0.0025348556031880663,-100.0,-1.0,2024-03-01,-0.007623925110659371,-300.0,-1.0,2024-03-16,-0.023048395436291017,-900.0,-1.0,,,,,,,,,,,,
2024-02-16,Fri,40300.0,40300.0,40000.0,39400.0,37900.0,38900.0,38800.0,37500.0,35400.0,35200.0,33900.0,-100.0,2024-02-16,1.0,0,35400.0,35200.0,33900.0,39580.0,34833.333333333336,4746.666666666664,5500.0,6100.0,1.3085448125729218,0.6407800545749023,0.9967689737831813,2024-02-13,47700.0,-0.016632400049142033,-0.03299268315434889,42300.0,-0.023365548956211884,-0.00236127618567982,42700.0,-0.02085823012040981,-0.00467290569939237,3,-0.07102126974834413,,2024-02-15,IS7G24,420.0,0.0,57.0,False,0.0,0.06168685791746471,0.0,0.0,0.021557721074979014,0.03594645852707862,,0.0,0.0,1.0,1.0,3.0,0.003944461140973526,0.0,78.0,1.0,1,-1,0,0,0,-1,0,1,2024-02-21,0.007585371389256564,300.0,1.0,2024-02-26,0.0,0.0,0.0,2024-03-02,-0.005089069507471293,-200.0,-1.0,2024-03-18,-0.020513539833102903,-800.0,-1.0,,,,,,,,,,,,
2024-02-17,Sat,40300.0,40300.0,40000.0,39500.0,38000.0,37000.0,38900.0,37600.0,35500.0,35300.0,34000.0,100.0,2024-02-17,1.0,0,35500.0,35300.0,34000.0,39620.0,34933.333333333336,4686.666666666664,5500.0,6000.0,1.084923813705829,0.6310594243788086,0.6193042137871297,2024-02-16,47500.0,-0.018770102681990492,-0.03109058707003112,42400.0,-0.016374634871790066,0.0,42900.0,-0.016185324421017305,0.0023337233462200966,1,-0.0708476903308359,0.5451246778138142,2024-02-16,IS7G24,420.0,0.0,57.0,False,0.0,0.06168685791746471,0.0,0.0,0.019179598670011594,0.03594645852707862,,0.0,0.0,1.0,1.0,3.0,0.0038679854121395447,0.0,67.5,1.0,1,-1,0,0,0,-1,0,1,2024-02-22,0.0,0.0,0.0,2024-02-27,-0.007623925110659371,-300.0,-1.0,2024-03-04,-0.007623925110659371,-300.0,-1.0,2024-03-18,-0.023048395436291017,-900.0,-1.0,,,,,,,,,,,,
2024-02-19,Mon,40300.0,40300.0,40000.0,39500.0,38000.0,37000.0,38900.0,37500.0,35500.0,35300.0,34000.0,0.0,2024-02-19,2.0,0,35500.0,35300.0,34000.0,39620.0,34933.333333333336,4686.666666666664,5500.0,6000.0,1.0600901370728033,0.6217706095242042,0.6102851462713386,2024-02-17,47300.0,-0.020921265160639684,-0.03122001736121416,42600.0,-0.01398624197473984,0.007067167223092353,43000.0,-0.0069525193148817525,0.002328289759591168,2,-0.0755535813682486,0.21653389268232437,2024-02-16,IS7G24,420.0,0.0,57.0,False,0.0,0.06168685791746471,0.0,0.0,0.019179598670011594,0.03594645852707862,,0.0,0.0,1.0,1.0,3.0,0.0038679854121395447,0.0,67.5,1.0,3,-1,0,0,0,-1,0,1,2024-02-24,-0.0025348556031880663,-100.0,-1.0,2024-02-29,-0.007623925110659371,-300.0,-1.0,2024-03-05,-0.007623925110659371,-300.0,-1.0,,,,,,,,,,,,,,,,
2024-02-20,Tue,40500.0,40500.0,40200.0,39700.0,38200.0,37200.0,39100.0,37700.0,35700.0,35500.0,,200.0,2024-02-20,1.0,0,35700.0,35500.0,34000.0,39820.0,35066.666666666664,4753.333333333336,5700.0,6200.0,1.242649045453117,1.3392616372573722,1.3236322996103516,2024-02-17,47300.0,-0.020921265160639684,-0.03122001736121416,42600.0,-0.01398624197473984,0.007067167223092353,43000.0,-0.0069525193148817525,0.002328289759591168,3,-0.07050306558217999,0.562289285355452,2024-02-16,IS7G24,420.0,0.0,57.0,False,0.0,0.06168685791746471,0.0,0.0,0.019179598670011594,0.03594645852707862,,0.0,0.0,1.0,1.0,3.0,0.0038679854121395447,0.0,67.5,1.0,4,-1,-1,-1,0,-1,0,1,2024-02-26,-0.007585371389256612,-300.0,-1.0,2024-03-01,-0.012674440896727824,-500.0,-1.0,2024-03-06,-0.012674440896727824,-500.0,-1.0,,,,,,,,,,,,,,,,
2024-02-21,Wed,40500.0,40500.0,40200.0,39700.0,38200.0,37200.0,39100.0,37700.0,35500.0,35300.0,34000.0,0.0,2024-02-21,1.0,0,35500.0,35300.0,34000.0,39820.0,34933.333333333336,4886.666666666664,5700.0,6200.0,1.6201613741855834,1.301705201578508,1.2870523714653295,2024-02-20,47300.0,-0.014690715410003594,-0.02505350244555025,43000.0,0.018779894651596275,0.02115237500522676,43300.0,-0.004608303086194219,0.018648559078072995,1,-0.07984892800041775,-0.09432669566720277,2024-02-20,IS7G24,419.0,0.0,57.0,False,-0.0023837913552762504,0.059303066562188464,-0.0023837913552762504,-0.0023837913552762434,0.016795807314735345,0.03356266717180237,,0.0,0.0,1.0,1.0,3.0,0.0038639860975831597,0.0,57.0,1.0,1,-1,-1,-1,0,0,0,1,2024-02-26,-0.007585371389256612,-300.0,-1.0,2024-03-02,-0.012674440896727824,-500.0,-1.0,2024-03-07,-0.012674440896727824,-500.0,-1.0,,,,,,,,,,,,,,,,
2024-02-22,Thu,40300.0,40300.0,40000.0,39500.0,38000.0,37000.0,38900.0,37500.0,35300.0,35100.0,33800.0,-200.0,2024-02-22,1.0,0,35300.0,35100.0,33800.0,39620.0,34733.333333333336,4886.666666666664,5700.0,6200.0,1.5628795291741657,1.267158681831588,1.2533639273334458,2024-02-21,,,,,,,43300.0,-0.0023068060979150595,0.011614532420693083,1,,,2024-02-21,IS7G24,419.0,0.0,57.0,False,0.0,0.059303066562188464,-0.0023837913552762504,-0.0023837913552762434,0.016795807314735345,0.02155772107497897,,0.0,0.0,1.0,1.0,3.0,0.0039366019400569425,0.0,57.0,1.0,1,-1,-1,-1,0,0,0,1,2024-02-27,-0.007623925110659371,-300.0,-1.0,2024-03-04,-0.007623925110659371,-300.0,-1.0,2024-03-08,-0.007623925110659371,-300.0,-1.0,,,,,,,,,,,,,,,,
2024-02-23,Fri,40300.0,40300.0,40000.0,39500.0,38000.0,37000.0,38900.0,37600.0,35200.0,35000.0,33700.0,0.0,2024-02-23,1.0,0,35200.0,35000.0,33700.0,39620.0,34633.333333333336,4986.666666666664,5800.0,6300.0,1.809354244259428,1.5911564135424683,1.5763660828316,2024-02-22,47600.0,-0.00628274317949518,-0.01873103670606324,42800.0,-0.0023337233462202116,0.009389740349839137,,,,1,-0.08023743068067496,-0.12063199604360415,2024-02-22,IS7G24,418.0,0.0,57.0,False,-0.002389487397381467,0.05691357916480699,-0.004773278752657718,-0.004773278752657711,0.01203383956372348,0.019168233677597502,,0.0,0.0,1.0,1.0,3.0,0.0039366019400569425,0.0,57.0,1.0,1,-1,-1,-1,0,-1,0,1,2024-02-28,-0.012739025777429714,-500.0,-1.0,2024-03-04,-0.007623925110659371,-300.0,-1.0,2024-03-09,-0.007623925110659371,-300.0,-1.0,,,,,,,,,,,,,,,,
2024-02-24,Sat,40300.0,40300.0,40000.0,39400.0,37900.0,36900.0,38900.0,37600.0,35200.0,35000.0,33700.0,-100.0,2024-02-24,1.0,0,35200.0,35000.0,33700.0,39580.0,34633.333333333336,4946.666666666664,5700.0,6300.0,1.6205851052643099,1.1874980738020162,1.5247178763409894,2024-02-23,48000.0,0.002085506491021361,-0.02265802389258399,43100.0,0.006984894521950969,-0.004629637898742105,43400.0,0.002306806097915092,0.006936443996657169,1,-0.08975718080581398,-0.7942482495864183,2024-02-23,IS7H24,395.0,6.0,57.0,True,,0.05691357916480699,-0.004773278752657718,-0.004773278752657711,,,,1.0,1.0,2.0,2.0,3.0,0.003987825813918674,0.0,57.0,0.0,1,-1,-1,-1,0,1,0,0,2024-02-29,-0.005089069507471293,-200.0,-1.0,2024-03-05,-0.005089069507471293,-200.0,-1.0,2024-03-12,-0.007643349312568012,-300.0,-1.0,,,,,,,,,,,,,,,,
2024-02-26,Mon,40300.0,40300.0,40000.0,39400.0,37900.0,36800.0,38900.0,37400.0,35200.0,35000.0,33700.0,0.0,2024-02-26,2.0,0,35200.0,35000.0,33700.0,39580.0,34633.333333333336,4946.666666666664,5700.0,6300.0,1.5664366405097696,1.1608192909950112,1.4778585121027632,2024-02-23,48000.0,0.002085506491021361,-0.02265802389258399,43100.0,0.006984894521950969,-0.004629637898742105,43400.0,0.002306806097915092,0.006936443996657169,3,-0.08975718080581398,-0.7816628137253147,2024-02-23,IS7H24,395.0,6.0,57.0,True,,0.05691357916480699,-0.004773278752657718,-0.004773278752657711,,,,1.0,1.0,2.0,2.0,3.0,0.003987825813918674,0.0,57.0,0.0,3,-1,-1,-1,0,1,0,0,2024-03-02,-0.005089069507471293,-200.0,-1.0,2024-03-07,-0.005089069507471293,-200.0,-1.0,2024-03-12,-0.007643349312568012,-300.0,-1.0,,,,,,,,,,,,,,,,
2024-02-27,Tue,40100.0,40100.0,39800.0,39200.0,37700.0,36700.0,38600.0,37100.0,35000.0,34800.0,33500.0,-200.0,2024-02-27,1.0,0,35000.0,34800.0,33500.0,39380.0,34433.333333333336,4946.666666666664,5700.0,6300.0,1.5174009851012937,1.1358715335168779,1.435090392466834,2024-02-23,48000.0,0.002085506491021361,-0.02265802389258399,43100.0,0.006984894521950969,-0.004629637898742105,43400.0,0.002306806097915092,0.006936443996657169,4,-0.0948462503132853,-1.1332225087662993,2024-02-26,IS7H24,395.0,0.0,57.0,False,0.0,0.05691357916480699,-0.004773278752657718,-0.004773278752657711,0.01203383956372348,,,1.0,1.0,1.0,2.0,3.0,0.0041004028088549365,0.05,57.0,1.0,1,-1,-1,-1,1,1,1,1,2024-03-04,0.0,0.0,0.0,2024-03-08,0.0,0.0,0.0,2024-03-13,-0.007682496172016282,-300.0,-1.0,,,,,,,,,,,,,,,,
2024-02-28,Wed,39900.0,39900.0,39600.0,39000.0,37500.0,36300.0,38400.0,36700.0,35000.0,34800.0,33500.0,-200.0,2024-02-28,1.0,0,35000.0,34800.0,33500.0,39180.0,34433.333333333336,4746.666666666664,5500.0,6100.0,0.9117812863784763,0.4171781402664868,0.719447106936405,2024-02-27,48300.0,0.008316056241657386,-0.01642747414194793,42600.0,0.002350177344953673,-0.02549384882621976,43300.0,0.006952519314881663,-0.018307147444356128,1,-0.08829260714567831,-0.6420475679789581,2024-02-27,IS7H24,395.0,0.0,57.0,False,0.0,0.05691357916480699,-0.002389487397381467,-0.004773278752657711,-0.004773278752657711,,,1.0,1.0,1.0,2.0,3.0,0.003987825813918674,0.05,57.0,1.0,1,0,0,0,0,1,0,-1,2024-03-04,0.005115100666770409,200.0,1.0,2024-03-09,0.005115100666770409,200.0,1.0,2024-03-14,-0.0025673955052458097,-100.0,-1.0,,,,,,,,,,,,,,,,
2024-02-29,Thu,40100.0,40100.0,39800.0,39200.0,37700.0,36600.0,38700.0,37000.0,35100.0,34900.0,33600.0,200.0,2024-02-29,1.0,0,35100.0,34900.0,33600.0,39380.0,34533.333333333336,4846.666666666664,5600.0,6200.0,1.1779357691211652,0.7631506899207183,1.0495026911855607,2024-02-27,48300.0,0.008316056241657386,-0.01642747414194793,42600.0,0.002350177344953673,-0.02549384882621976,43300.0,0.006952519314881663,-0.018307147444356128,2,-0.08317750647890793,-0.2671512491181043,2024-02-28,IS7H24,395.0,0.0,57.0,False,0.0,0.05691357916480699,-0.002389487397381467,-0.004773278752657711,-0.004773278752657711,,,1.0,1.0,1.0,2.0,3.0,0.000752512212907001,0.05,57.0,1.0,1,-1,0,-1,0,1,0,-1,2024-03-05,0.0,0.0,0.0,2024-03-12,-0.0025542798050967423,-100.0,-1.0,2024-03-15,-0.015424470325631639,-600.0,-1.0,,,,,,,,,,,,,,,,
2024-03-01,Fri,40100.0,40100.0,39800.0,39200.0,37700.0,36700.0,38700.0,37000.0,35200.0,35000.0,33700.0,0.0,2024-03-01,1.0,0,35200.0,35000.0,33700.0,39380.0,34633.333333333336,4746.666666666664,5500.0,6100.0,0.873503553644966,0.4009980765375141,0.6908605109031486,2024-02-29,48300.0,0.008316056241657386,-0.02454110891611766,43300.0,0.013953714773865308,-0.004608303086194219,43500.0,0.011560822401076006,-0.009153381986487248,1,-0.09947588821202731,-1.4428028922481795,2024-02-29,IS7H24,395.0,0.0,57.0,False,0.0,0.05691357916480699,0.0,-0.004773278752657711,-0.004773278752657711,,,1.0,1.0,1.0,2.0,3.0,0.000752512212907001,0.05,57.0,1.0,1,0,0,0,1,1,1,-1,2024-03-06,0.0,0.0,0.0,2024-03-12,-0.0025542798050967423,-100.0,-1.0,2024-03-16,-0.015424470325631639,-600.0,-1.0,,,,,,,,,,,,,,,,
2024-03-02,Sat,40100.0,40100.0,39800.0,39200.0,37600.0,36600.0,38600.0,36700.0,35100.0,34900.0,33600.0,0.0,2024-03-02,1.0,0,35100.0,34900.0,33600.0,39360.0,34533.333333333336,4826.666666666664,5600.0,6200.0,1.084851881982711,0.7512983124311811,1.023200261684,2024-02-29,48300.0,0.008316056241657386,-0.02454110891611766,43300.0,0.013953714773865308,-0.004608303086194219,43500.0,0.011560822401076006,-0.009153381986487248,2,-0.09947588821202731,-1.4037717026019647,2024-03-01,IS7H24,390.0,0.0,33.0,False,-0.012739025777429714,0.04417455338737728,-0.012739025777429714,-0.017512304530087425,-0.017512304530087425,,,0.0,1.0,1.0,2.0,3.0,0.000752512212907001,0.05,57.0,1.0,1,-1,0,-1,1,1,1,-1,2024-03-07,0.0,0.0,0.0,2024-03-12,-0.0025542798050967423,-100.0,-1.0,2024-03-18,-0.015424470325631639,-600.0,-1.0,,,,,,,,,,,,,,,,
2024-03-04,Mon,40100.0,40100.0,39800.0,39200.0,37500.0,36500.0,38500.0,36600.0,35100.0,34900.0,33600.0,0.0,2024-03-04,2.0,0,35100.0,34900.0,33600.0,39340.0,34533.333333333336,4806.666666666664,5600.0,6200.0,1.0089705630116694,0.7414148959055127,1.0056048327730407,2024-02-29,48300.0,0.008316056241657386,-0.02454110891611766,43300.0,0.013953714773865308,-0.004608303086194219,43500.0,0.011560822401076006,-0.009153381986487248,4,-0.09947588821202731,-1.367760881797186,2024-03-01,IS7H24,390.0,0.0,33.0,False,-0.012739025777429714,0.04417455338737728,-0.012739025777429714,-0.017512304530087425,-0.017512304530087425,,,0.0,1.0,1.0,2.0,3.0,0.000752512212907001,0.05,57.0,1.0,3,-1,0,-1,1,1,1,-1,2024-03-09,0.0,0.0,0.0,2024-03-14,-0.007682496172016282,-300.0,-1.0,2024-03-19,-0.015424470325631639,-600.0,-1.0,,,,,,,,,,,,,,,,
2024-03-05,Tue,40100.0,40100.0,39800.0,39200.0,37500.0,36500.0,38500.0,36600.0,35200.0,35000.0,33700.0,0.0,2024-03-05,1.0,0,35200.0,35000.0,33700.0,39340.0,34633.333333333336,4706.666666666664,5500.0,6100.0,0.7118784240692613,0.3748825029277903,0.6478946224969503,2024-02-29,48300.0,0.008316056241657386,-0.02454110891611766,43300.0,0.013953714773865308,-0.004608303086194219,43500.0,0.011560822401076006,-0.009153381986487248,5,-0.09947588821202731,-1.3343995934603772,2024-03-04,IS7H24,382.0,0.0,33.0,False,-0.02072613051711697,0.023448422870260312,-0.03346515629454668,-0.038238435047204394,-0.038238435047204394,,,0.0,1.0,1.0,2.0,3.0,0.002958357218166382,0.05,57.0,1.0,1,0,0,0,1,1,1,-1,2024-03-12,-0.0025542798050967423,-100.0,-1.0,2024-03-15,-0.015424470325631639,-600.0,-1.0,,,,,,,,,,,,,,,,,,,,
2024-03-06,Wed,40100.0,40100.0,39800.0,39200.0,37500.0,36500.0,38500.0,36500.0,35200.0,35000.0,33700.0,0.0,2024-03-06,1.0,0,35200.0,35000.0,33700.0,39340.0,34633.333333333336,4706.666666666664,5500.0,6100.0,0.6891872209649025,0.35813526713410637,0.6258196293425801,2024-02-29,48300.0,0.008316056241657386,-0.02454110891611766,43300.0,0.013953714773865308,-0.004608303086194219,43500.0,0.011560822401076006,-0.009153381986487248,6,-0.09947588821202731,-1.2969476321276427,2024-03-05,IS7H24,376.0,0.0,33.0,False,-0.015831465216680628,0.007616957653579684,-0.04929662151122731,-0.05168610890860877,-0.05406990026388502,,,0.0,1.0,1.0,2.0,3.0,0.0054072515243539475,0.05,57.0,1.0,1,0,0,0,1,1,1,-1,2024-03-12,-0.0025542798050967423,-100.0,-1.0,2024-03-16,-0.015424470325631639,-600.0,-1.0,,,,,,,,,,,,,,,,,,,,
2024-03-07,Thu,40100.0,40100.0,39800.0,39200.0,37500.0,36500.0,38500.0,36500.0,35200.0,35000.0,33700.0,0.0,2024-03-07,1.0,0,35200.0,35000.0,33700.0,39340.0,34633.333333333336,4706.666666666664,5500.0,6100.0,0.6843730259971921,0.36530398501932687,0.6258196293425801,2024-03-06,48700.0,0.018653390591133835,-0.008180004711930807,42900.0,0.011723463696059234,-0.0023282897595911845,43300.0,0.009280809074472783,-0.004608303086194219,1,-0.0901950791375544,-0.5909892814074956,2024-03-06,IS7H24,378.0,0.0,33.0,False,0.005305052229693098,0.012922009883272783,-0.043991569281534214,-0.04638105667891568,-0.04876484803419193,,,0.0,1.0,1.0,2.0,3.0,0.006236146410416149,0.05,57.0,1.0,1,0,0,0,0,1,0,-1,2024-03-12,-0.0025542798050967423,-100.0,-1.0,2024-03-18,-0.015424470325631639,-600.0,-1.0,,,,,,,,,,,,,,,,,,,,
2024-03-08,Fri,40100.0,40100.0,39800.0,39200.0,37500.0,36500.0,38500.0,36500.0,35200.0,35000.0,33700.0,0.0,2024-03-08,1.0,0,35200.0,35000.0,33700.0,39340.0,34633.333333333336,4706.666666666664,5500.0,6100.0,0.6593964116354362,0.34442843342304214,0.601596107712827,2024-03-06,48700.0,0.018653390591133835,-0.008180004711930807,42900.0,0.011723463696059234,-0.0023282897595911845,43300.0,0.009280809074472783,-0.004608303086194219,2,-0.0901950791375544,-0.5650326381337434,2024-03-07,IS7H24,379.0,0.0,33.0,False,0.002642009462838576,0.015564019346111358,-0.04134955981869563,-0.041349559818695626,-0.046122838571353346,,,0.0,1.0,1.0,2.0,3.0,0.006484459212352385,0.05,57.0,1.0,1,0,0,0,0,1,0,-1,2024-03-13,-0.007682496172016282,-300.0,-1.0,2024-03-18,-0.015424470325631639,-600.0,-1.0,,,,,,,,,,,,,,,,,,,,
2024-03-09,Sat,40100.0,40100.0,39800.0,39200.0,37500.0,36500.0,38500.0,36500.0,35200.0,35000.0,33700.0,0.0,2024-03-09,1.0,0,35200.0,35000.0,33700.0,39340.0,34633.333333333336,4706.666666666664,5500.0,6100.0,0.6347026867404506,0.3233953921401254,0.5775460807160947,2024-03-06,48700.0,0.018653390591133835,-0.008180004711930807,42900.0,0.011723463696059234,-0.0023282897595911845,43300.0,0.009280809074472783,-0.004608303086194219,3,-0.0901950791375544,-0.5387364497103833,2024-03-08,IS7H24,380.0,0.0,33.0,False,0.002635047638005032,0.01819906698411639,-0.025975486403260892,-0.038714512180690594,-0.043487790933348314,,,0.0,0.0,1.0,2.0,3.0,0.006570313905771909,0.05,57.0,1.0,1,0,0,0,0,1,0,-1,2024-03-14,-0.007682496172016282,-300.0,-1.0,2024-03-19,-0.015424470325631639,-600.0,-1.0,,,,,,,,,,,,,,,,,,,,
2024-03-12,Tue,40000.0,40000.0,39700.0,39100.0,37400.0,36400.0,38400.0,36400.0,35000.0,34800.0,33500.0,-100.0,2024-03-12,3.0,0,35000.0,34800.0,33500.0,39240.0,34433.333333333336,4806.666666666664,5600.0,6200.0,0.8970446541395821,0.6730730840683324,0.9084682810195347,2024-03-11,49000.0,0.026888900216331,0.010256500167189061,42800.0,0.01175101653551873,-0.011614532420693002,43300.0,0.013953714773865308,-0.006904515346544487,1,-0.09041563559643107,-0.5317248306803591,2024-03-11,IS7H24,380.0,0.0,33.0,False,0.0,0.01819906698411639,-0.005249355886143922,-0.038714512180690594,-0.043487790933348314,-0.02668067261696714,,0.0,0.0,1.0,1.0,3.0,0.0066517070779131176,0.05,57.0,1.0,1,0,0,0,0,1,0,-1,2024-03-18,-0.012870190520534907,-500.0,-1.0,,,,,,,,,,,,,,,,,,,,,2024-06-14,0.1203373154614802,5000.0,1.0
2024-03-13,Wed,39700.0,39700.0,39400.0,38900.0,37100.0,36100.0,38100.0,36100.0,34500.0,34300.0,33000.0,-200.0,2024-03-13,1.0,0,34500.0,34300.0,33000.0,38960.0,33933.333333333336,5026.666666666664,5900.0,6400.0,1.529100922816486,1.837952207546473,1.6328788025877028,2024-03-12,48800.0,0.027000601818505877,0.008230499136515444,42600.0,0.004705891037412714,-0.011668743834377378,43200.0,0.0069686693160934355,-0.009216655104923952,1,-0.09086000265092417,-0.5424486623159639,2024-03-12,IS7H24,380.0,0.0,33.0,False,0.0,0.01819906698411639,0.010582109330536705,-0.038714512180690594,-0.043487790933348314,-0.04348779093334833,,0.0,0.0,1.0,1.0,3.0,0.0066517070779131176,0.05,57.0,1.0,1,-1,-1,-1,0,1,0,-1,2024-03-18,-0.007741974153615397,-300.0,-1.0,,,,,,,,,,,,,,,,,,,,,2024-06-14,0.1254655318283997,5200.0,1.0
2024-03-14,Thu,39700.0,39700.0,39400.0,38900.0,37100.0,36100.0,38100.0,36100.0,34700.0,34500.0,33200.0,0.0,2024-03-14,1.0,0,34700.0,34500.0,33200.0,38960.0,34133.333333333336,4826.666666666664,5700.0,6200.0,0.8932377462615037,1.002866021214222,0.8490130422344964,2024-03-12,48800.0,0.027000601818505877,0.008230499136515444,42600.0,0.004705891037412714,-0.011668743834377378,43200.0,0.0069686693160934355,-0.009216655104923952,2,-0.09086000265092417,-0.5177473970550283,2024-03-13,IS7H24,380.0,6.0,33.0,False,0.0,0.01819906698411639,0.005277057100843607,-0.038714512180690594,-0.043487790933348314,-0.04348779093334833,,0.0,0.0,1.0,1.0,3.0,0.0066517070779131176,0.05,57.0,0.0,1,0,-1,0,0,1,0,-1,2024-03-19,-0.007741974153615397,-300.0,-1.0,,,,,,,,,,,,,,,,,,,,,2024-06-14,0.1254655318283997,5200.0,1.0
2024-03-15,Fri,39500.0,39500.0,39200.0,38600.0,36800.0,35800.0,37800.0,35800.0,34700.0,34500.0,33200.0,-300.0,2024-03-15,1.0,0,34700.0,34500.0,33200.0,38720.0,34133.333333333336,4586.666666666664,5400.0,6000.0,0.12170222962629412,-0.27011496758229847,0.039228341877632876,2024-03-14,48800.0,0.031220017361214127,0.010298752200574473,42400.0,-0.004705891037412617,-0.01869213301215252,42900.0,-0.0023282897595911845,-0.009280809074472856,1,-0.09389608576712694,-0.7390971253655975,2024-03-14,IS7H24,380.0,0.0,33.0,False,0.0,0.01819906698411639,0.002635047638005031,-0.038714512180690594,-0.043487790933348314,-0.04348779093334833,,0.0,0.0,1.0,1.0,3.0,0.0066517070779131176,0.1,57.0,1.0,1,0,0,0,0,0,0,-1,,,,,,,,,,,,,,,,,,,,,,,,,2024-06-14,0.1332075059820152,5500.0,1.0
2024-03-16,Sat,39500.0,39500.0,39200.0,38600.0,36600.0,35600.0,37700.0,35600.0,34700.0,34500.0,33200.0,0.0,2024-03-16,1.0,0,34700.0,34500.0,33200.0,38680.0,34133.333333333336,4546.666666666664,5400.0,6000.0,-0.02951365774424394,-0.29661305795141896,0.013348122498027635,2024-03-14,48800.0,0.031220017361214127,0.010298752200574473,42400.0,-0.004705891037412617,-0.01869213301215252,42900.0,-0.0023282897595911845,-0.009280809074472856,2,-0.09389608576712694,-0.7140359970267856,2024-03-15,IS7H24,380.0,0.0,33.0,False,0.0,0.01819906698411639,0.0,-0.025975486403260886,-0.043487790933348314,-0.04348779093334833,,0.0,0.0,1.0,1.0,3.0,0.0066517070779131176,0.1,57.0,1.0,1,0,0,0,0,0,0,-1,,,,,,,,,,,,,,,,,,,,,,,,,2024-06-14,0.1332075059820152,5500.0,1.0
2024-03-18,Mon,39700.0,39700.0,39400.0,38600.0,36800.0,35800.0,37900.0,35800.0,35000.0,34800.0,33500.0,0.0,2024-03-18,2.0,0,35000.0,34800.0,33500.0,38840.0,34433.333333333336,4406.666666666664,5100.0,5900.0,-0.49821096240514556,-1.5987286010878954,-0.41216152430760405,2024-03-14,48800.0,0.031220017361214127,0.010298752200574473,42400.0,-0.004705891037412617,-0.01869213301215252,42900.0,-0.0023282897595911845,-0.009280809074472856,4,-0.09389608576712694,-0.6924833925889747,2024-03-15,IS7H24,380.0,0.0,33.0,False,0.0,0.01819906698411639,0.0,-0.025975486403260886,-0.043487790933348314,-0.04348779093334833,,0.0,0.0,1.0,1.0,3.0,0.0066517070779131176,0.1,57.0,1.0,3,0,1,0,0,0,0,-1,,,,,,,,,,,,,,,,,,,,,,,,,,,,
2024-03-19,Tue,39700.0,39700.0,39400.0,38600.0,36800.0,35800.0,37900.0,35700.0,34800.0,34600.0,33600.0,0.0,2024-03-19,1.0,0,34800.0,34600.0,33600.0,38840.0,34333.333333333336,4506.666666666664,5000.0,5800.0,-0.19254130799580726,-1.999875362188845,-0.8406575668182098,2024-03-18,48700.0,0.029168734590656716,0.014478019180653235,42200.0,-0.01877989465159636,0.0,42700.0,-0.01395371477386532,-0.018562017860059538,1,-0.08916794457118093,-0.23668944977591727,2024-03-18,IS7H24,380.0,0.0,33.0,False,0.0,0.01819906698411639,0.0,-0.005249355886143915,-0.043487790933348314,-0.04348779093334833,,0.0,0.0,1.0,1.0,3.0,0.0066517070779131176,0.1,57.0,1.0,1,0,1,0,0,0,0,-1,,,,,,,,,,,,,,,,,,,,,,,,,,,,
2024-06-14,Fri,44800.0,44700.0,44600.0,44100.0,42600.0,41600.0,43100.0,42100.0,39200.0,39000.0,38000.0,5500.0,2024-06-14,87.0,1,39200.0,39000.0,38000.0,44160.0,38733.333333333336,5426.666666666664,6100.0,6600.0,,,,2024-06-13,51000.0,-0.03846628082779605,-0.03846628082779605,45500.0,-0.030305349495328922,0.013274531208696108,45900.0,-0.027928775525010264,0.0065574005461590396,1,-0.031252543504104426,,2024-06-13,IS7M24,385.0,0.0,6.0,False,-0.0025940351770466466,0.015605031807069032,0.007822725681208906,-2.0122792321330962e-16,-2.979387569990166e-16,-0.0025940351770471085,,0.0,0.0,1.0,1.0,3.0,0.0066640988244894865,0.05,9.0,1.0,1,0,0,0,0,-1,0,-1,,,,,,,,,,,,,,,,,,,,,,,,,,,,
2024-09-18,Wed,40000.0,40000.0,40000.0,39500.0,38000.0,37000.0,38900.0,37900.0,34300.0,34100.0,32800.0,-4600.0,2024-09-18,96.0,2,34300.0,34100.0,32800.0,39500.0,33733.333333333336,5766.666666666664,6700.0,7200.0,,,,2024-09-17,46300.0,-0.004310351501122212,-0.019251931499321254,39400.0,-0.032462276144661156,-0.05913052322682246,39800.0,-0.03457134406508867,-0.05618082839794367,1,0.0025348556031881157,,2024-08-19,,,,,False,,,,,,,,,,,,,,,,,30,0,0,0,0,-1,0,0,2024-09-24,0.02005079704556122,800.0,1.0,2024-09-28,0.03238140950303978,1300.0,1.0,2024-10-03,0.0372713947972316,1500.0,1.0,2024-10-18,0.025001302205417186,1000.0,1.0,2024-11-04,0.0,0.0,0.0,2024-11-18,0.0,0.0,0.0,2024-12-17,0.0,0.0,0.0
2024-09-20,Fri,40100.0,40100.0,40100.0,39600.0,38100.0,37100.0,39000.0,38000.0,34700.0,34500.0,33200.0,100.0,2024-09-20,2.0,2,34700.0,34500.0,33200.0,39600.0,34133.333333333336,5466.666666666664,6400.0,6900.0,,,,2024-09-17,46300.0,-0.004310351501122212,-0.019251931499321254,39400.0,-0.032462276144661156,-0.05913052322682246,39800.0,-0.03457134406508867,-0.05618082839794367,3,0.0050633019565466345,,2024-08-19,,,,,False,,,,,,,,,,,,,,,,,32,0,0,0,0,-1,0,0,2024-09-26,0.02985296314968113,1200.0,1.0,2024-09-30,0.02985296314968113,1200.0,1.0,2024-10-05,0.03474294844387284,1400.0,1.0,2024-10-21,0.022472855852058576,900.0,1.0,2024-11-04,-0.0025284463533586377,-100.0,-1.0,2024-11-19,-0.0025284463533586377,-100.0,-1.0,2024-12-19,-0.0025284463533586377,-100.0,-1.0
2024-09-21,Sat,40400.0,40400.0,40400.0,39900.0,38400.0,37400.0,39400.0,38400.0,35200.0,35000.0,33700.0,300.0,2024-09-21,1.0,2,35200.0,35000.0,33700.0,39900.0,34633.333333333336,5266.666666666664,6200.0,6700.0,,,,2024-09-17,46300.0,-0.004310351501122212,-0.019251931499321254,39400.0,-0.032462276144661156,-0.05913052322682246,39800.0,-0.03457134406508867,-0.05618082839794367,4,0.012610507591929733,,2024-08-19,,,,,False,,,,,,,,,,,,,,,,,33,0,0,0,0,-1,0,0,2024-09-26,0.022305757514298186,900.0,1.0,2024-10-01,0.027195742808490082,1100.0,1.0,2024-10-07,0.034486176071169404,1400.0,1.0,2024-10-21,0.014925650216675792,600.0,1.0,2024-11-05,-0.010075651988741587,-400.0,-1.0,2024-11-20,-0.010075651988741587,-400.0,-1.0,2024-12-20,-0.010075651988741587,-400.0,-1.0
2024-09-24,Tue,40800.0,40800.0,40800.0,40300.0,38800.0,37800.0,39800.0,38800.0,35700.0,35500.0,34200.0,400.0,2024-09-24,3.0,2,35700.0,35500.0,34200.0,40300.0,35133.333333333336,5166.666666666664,6100.0,6600.0,,,,2024-09-21,46500.0,0.0,-0.014941579998199027,40400.0,-0.009852296443011594,-0.029270382300113224,40800.0,-0.009756174945364685,-0.028987536873252298,3,-0.00247831601446709,,2024-08-19,,,,,False,,,,,,,,,,,,,,,,,36,0,0,0,0,0,0,0,2024-09-30,0.012330612457478725,500.0,1.0,2024-10-04,0.024511031014349784,1000.0,1.0,2024-10-09,0.019656652549551592,800.0,1.0,2024-10-24,-0.022585652648749153,-900.0,-1.0,2024-11-08,-0.009975145056819509,-400.0,-1.0,2024-11-23,-0.020050797045561078,-800.0,-1.0,2024-12-23,-0.020050797045561078,-800.0,-1.0
2024-09-26,Thu,41300.0,41300.0,41300.0,40800.0,39300.0,38300.0,40300.0,39300.0,36700.0,36500.0,35200.0,500.0,2024-09-26,2.0,2,36700.0,36500.0,35200.0,40800.0,36133.333333333336,4666.666666666664,5600.0,6100.0,,,,2024-09-24,47100.0,0.006389798098770988,0.0,41900.0,0.0192777054259031,0.004784698123336253,41900.0,0.0120049460968234,-0.004761913760243703,2,-0.02660374551797602,,2024-09-25,IS7V24,370.0,120.0,120.0,True,,0.0010559568441662276,-0.01904819497069461,-0.03774032798284721,,,,1.0,1.0,2.0,2.0,4.0,0.0055949706611841355,0.1,6.0,0.0,1,0,0,0,0,1,0,0,2024-10-01,0.00488998529419177,200.0,1.0,2024-10-07,0.012180418556871013,500.0,1.0,2024-10-11,-0.007380107297622534,-300.0,-1.0,2024-10-26,-0.03238140950303983,-1300.0,-1.0,2024-11-11,-0.007380107297622534,-300.0,-1.0,2024-11-25,-0.03238140950303983,-1300.0,-1.0,2024-12-25,-0.03238140950303983,-1300.0,-1.0
2024-09-27,Fri,41300.0,41300.0,41300.0,40800.0,39300.0,38300.0,40300.0,39300.0,36700.0,36500.0,35200.0,0.0,2024-09-27,1.0,2,36700.0,36500.0,35200.0,40800.0,36133.333333333336,4666.666666666664,5600.0,6100.0,,,,2024-09-26,47800.0,0.02757332690409977,0.034045841409717066,42500.0,0.04327598348182187,0.011834457647002798,42900.0,0.04529975922966352,0.011723463696059234,1,-0.040821994520255166,,2024-09-26,IS7V24,373.0,0.0,60.0,False,0.008075414005545331,0.009131370849711558,-0.010972780965149278,-0.024359861747608652,,,,1.0,1.0,2.0,2.0,4.0,0.005729468383465415,0.15,6.0,1.0,1,0,0,0,0,1,0,0,2024-10-03,0.00488998529419177,200.0,1.0,2024-10-07,0.012180418556871013,500.0,1.0,2024-10-14,-0.007380107297622534,-300.0,-1.0,2024-10-28,-0.03238140950303983,-1300.0,-1.0,2024-11-11,-0.007380107297622534,-300.0,-1.0,2024-11-26,-0.03238140950303983,-1300.0,-1.0,2024-12-26,-0.03238140950303983,-1300.0,-1.0
2024-09-28,Sat,41300.0,41300.0,41300.0,40800.0,39300.0,38300.0,40300.0,39300.0,36700.0,36500.0,35200.0,0.0,2024-09-28,1.0,2,36700.0,36500.0,35200.0,40800.0,36133.333333333336,4666.666666666664,5600.0,6100.0,,,,2024-09-26,47800.0,0.02757332690409977,0.034045841409717066,42500.0,0.04327598348182187,0.011834457647002798,42900.0,0.04529975922966352,0.011723463696059234,2,-0.040821994520255166,,2024-09-27,IS7V24,375.0,0.0,120.0,False,0.005347606326595277,0.014478977176306834,0.0161740537040304,-0.016349138001529713,,,,1.0,1.0,2.0,2.0,3.0,0.006222555145269514,0.15,6.0,1.0,1,0,0,0,0,1,0,0,2024-10-03,0.00488998529419177,200.0,1.0,2024-10-08,0.012180418556871013,500.0,1.0,2024-10-14,-0.007380107297622534,-300.0,-1.0,2024-10-28,-0.03238140950303983,-1300.0,-1.0,2024-11-12,-0.007380107297622534,-300.0,-1.0,2024-11-27,-0.03238140950303983,-1300.0,-1.0,2024-12-30,-0.03238140950303983,-1300.0,-1.0
2024-09-30,Mon,41300.0,41300.0,41300.0,40800.0,39300.0,38300.0,40300.0,39300.0,36700.0,36500.0,35000.0,0.0,2024-09-30,2.0,2,36700.0,36500.0,35000.0,40800.0,36066.666666666664,4733.333333333336,5800.0,6300.0,,,,2024-09-28,48000.0,0.03174869831458027,0.004175371410480592,42200.0,0.04111824692947276,0.0,42600.0,0.03584613177313588,-0.004683849312426314,2,-0.033738139631850114,,2024-09-27,IS7V24,375.0,0.0,120.0,False,0.005347606326595277,0.014478977176306834,0.0161740537040304,-0.016349138001529713,,,,1.0,1.0,2.0,2.0,3.0,0.006222555145269514,0.15,6.0,1.0,3,0,0,0,0,1,0,0,2024-10-05,0.00488998529419177,200.0,1.0,2024-10-10,0.0,0.0,0.0,2024-10-15,0.0,0.0,0.0,2024-10-30,-0.03238140950303983,-1300.0,-1.0,2024-11-14,-0.027330893716971304,-1100.0,-1.0,2024-11-29,-0.03238140950303983,-1300.0,-1.0,2024-12-30,-0.03238140950303983,-1300.0,-1.0
2024-10-01,Tue,41500.0,41500.0,41500.0,41000.0,39500.0,38500.0,40500.0,39500.0,37000.0,36800.0,35300.0,200.0,2024-10-01,1.0,2,37000.0,36800.0,35300.0,41000.0,36366.666666666664,4633.333333333336,5700.0,6200.0,,,,2024-09-28,48000.0,0.03174869831458027,0.004175371410480592,42200.0,0.04111824692947276,0.0,42600.0,0.03584613177313588,-0.004683849312426314,3,-0.028848154337658277,,2024-09-30,IS7V24,387.0,0.0,120.0,False,0.031498667059371016,0.04597764423567785,0.04767272076340141,0.015149529057841303,0.0019043023078206336,,,1.0,1.0,1.0,2.0,3.0,0.0064443920788568474,0.15,6.0,1.0,1,0,0,0,0,1,0,1,2024-10-07,0.007290433262679274,300.0,1.0,2024-10-11,-0.01227009259181436,-500.0,-1.0,2024-10-16,-0.004889985294191792,-200.0,-1.0,2024-11-04,-0.037271394797231655,-1500.0,-1.0,2024-11-15,-0.032220879011163106,-1300.0,-1.0,2024-11-30,-0.037271394797231655,-1500.0,-1.0,2024-12-30,-0.037271394797231655,-1500.0,-1.0
2024-10-03,Thu,41500.0,41500.0,41500.0,41000.0,39500.0,38500.0,40500.0,39500.0,36700.0,36500.0,35000.0,0.0,2024-10-03,2.0,2,36700.0,36500.0,35000.0,41000.0,36066.666666666664,4933.333333333336,6000.0,6500.0,,,,2024-09-28,48000.0,0.03174869831458027,0.004175371410480592,42200.0,0.04111824692947276,0.0,42600.0,0.03584613177313588,-0.004683849312426314,5,-0.028848154337658277,,2024-10-02,IS7V24,386.0,0.0,120.0,False,-0.0025873235649509123,0.043390320670726935,0.0423343638265607,0.023286168855866114,-0.0006830212571302821,,,0.0,1.0,1.0,2.0,3.0,0.009850677941186655,0.1,6.0,1.0,1,0,0,0,0,1,0,-1,2024-10-08,0.007290433262679274,300.0,1.0,2024-10-14,-0.01227009259181436,-500.0,-1.0,2024-10-18,-0.01227009259181436,-500.0,-1.0,2024-11-04,-0.037271394797231655,-1500.0,-1.0,2024-11-18,-0.037271394797231655,-1500.0,-1.0,2024-12-02,-0.042347547829092294,-1700.0,-1.0,2025-01-01,-0.037271394797231655,-1500.0,-1.0
2024-10-04,Fri,41800.0,41800.0,41800.0,41300.0,39800.0,38800.0,40800.0,39800.0,37000.0,36800.0,35300.0,300.0,2024-10-04,1.0,2,37000.0,36800.0,35300.0,41300.0,36366.666666666664,4933.333333333336,6000.0,6500.0,,,,2024-10-03,49700.0,0.06655262050927244,0.03897929360517277,43400.0,0.07162965613925486,0.04235927383914164,43700.0,0.06621803905278849,0.032561016049312226,1,-0.04959694113937206,,2024-10-03,IS7V24,385.0,0.0,50.0,False,-0.0025940351770466466,0.040796285493680286,0.03166491464396873,0.020692133678819467,-0.0032770564341769288,,,0.0,1.0,1.0,2.0,3.0,0.00987000494568786,0.1,6.0,1.0,1,0,0,0,0,1,0,-1,2024-10-09,-0.004854378464798199,-200.0,-1.0,2024-10-14,-0.019560525854493596,-800.0,-1.0,2024-10-19,-0.019560525854493596,-800.0,-1.0,2024-11-04,-0.0445618280599109,-1800.0,-1.0,2024-11-18,-0.0445618280599109,-1800.0,-1.0,2024-12-04,-0.0445618280599109,-1800.0,-1.0,2025-01-02,-0.0445618280599109,-1800.0,-1.0
2024-10-05,Sat,41600.0,41600.0,41600.0,41000.0,39600.0,38600.0,40600.0,39600.0,36800.0,36600.0,35100.0,-300.0,2024-10-05,1.0,2,36800.0,36600.0,35100.0,41080.0,36166.666666666664,4913.333333333336,5900.0,6500.0,,,,2024-10-04,49700.0,0.06655262050927244,0.05585733139252448,43500.0,0.06653284564608901,0.059188871390330654,43800.0,0.0709517359722844,0.05394039014574777,1,-0.05918887139033065,,2024-10-04,IS7V24,395.0,0.0,120.0,False,0.025642430613337652,0.06643871610701793,0.051959738930711104,0.06813379263474152,0.027642431280004504,,,0.0,1.0,1.0,2.0,3.0,0.00988740588844884,0.1,6.0,1.0,1,0,0,0,0,1,0,1,2024-10-10,-0.004889985294191792,-200.0,-1.0,2024-10-15,-0.004889985294191792,-200.0,-1.0,2024-10-21,-0.01227009259181436,-500.0,-1.0,2024-11-04,-0.037271394797231655,-1500.0,-1.0,2024-11-19,-0.037271394797231655,-1500.0,-1.0,2024-12-04,-0.037271394797231655,-1500.0,-1.0,2025-01-03,-0.037271394797231655,-1500.0,-1.0
2024-10-07,Mon,41800.0,41800.0,41800.0,41300.0,39800.0,38800.0,40800.0,39800.0,37000.0,36800.0,35300.0,300.0,2024-10-07,2.0,2,37000.0,36800.0,35300.0,41300.0,36366.666666666664,4933.333333333336,6000.0,6500.0,,,,2024-10-04,49700.0,0.06655262050927244,0.05585733139252448,43500.0,0.06653284564608901,0.059188871390330654,43800.0,0.0709517359722844,0.05394039014574777,3,-0.05189843812765137,,2024-10-04,IS7V24,395.0,0.0,120.0,False,0.025642430613337652,0.06643871610701793,0.051959738930711104,0.06813379263474152,0.027642431280004504,,,0.0,1.0,1.0,2.0,3.0,0.00988740588844884,0.1,6.0,1.0,3,0,0,0,0,1,0,1,2024-10-14,-0.019560525854493596,-800.0,-1.0,2024-10-17,-0.012180418556871072,-500.0,-1.0,2024-10-22,-0.031983045853050764,-1300.0,-1.0,2024-11-06,-0.036995587676595096,-1500.0,-1.0,2024-11-21,-0.0445618280599109,-1800.0,-1.0,2024-12-06,-0.0445618280599109,-1800.0,-1.0,2025-01-06,-0.0445618280599109,-1800.0,-1.0
2024-10-08,Tue,41800.0,41800.0,41800.0,41300.0,39800.0,38800.0,40800.0,39800.0,37000.0,36800.0,35300.0,0.0,2024-10-08,1.0,2,37000.0,36800.0,35300.0,41300.0,36366.666666666664,4933.333333333336,6000.0,6500.0,,,,2024-10-07,50100.0,0.07456869549750847,0.06387340638076057,43400.0,0.07908310679383576,0.06423134865780991,43900.0,0.07568622763257635,0.06347606372564504,1,-0.04959694113937206,,2024-10-07,IS7V24,398.0,0.0,120.0,False,0.0075662403833158766,0.07400495649033381,0.028027312254655965,0.0757000330180574,0.03520867166332038,,,0.0,1.0,1.0,2.0,3.0,0.01142543567155006,0.1,6.0,1.0,1,0,0,0,0,1,0,1,2024-10-14,-0.019560525854493596,-800.0,-1.0,2024-10-18,-0.019560525854493596,-800.0,-1.0,2024-10-23,-0.0395113122738423,-1600.0,-1.0,2024-11-07,-0.036995587676595096,-1500.0,-1.0,2024-11-22,-0.0395113122738423,-1600.0,-1.0,2024-12-07,-0.0445618280599109,-1800.0,-1.0,2025-01-06,-0.0445618280599109,-1800.0,-1.0
2024-10-09,Wed,41600.0,41600.0,41600.0,41100.0,39600.0,38600.0,40600.0,39600.0,36700.0,36500.0,35000.0,-200.0,2024-10-09,1.0,2,36700.0,36500.0,35000.0,41100.0,36066.666666666664,5033.333333333336,6100.0,6600.0,,,,2024-10-07,50100.0,0.07456869549750847,0.06387340638076057,43400.0,0.07908310679383576,0.06423134865780991,43900.0,0.07568622763257635,0.06347606372564504,2,-0.0544513196041703,,2024-10-08,IS7V24,393.0,0.0,120.0,False,-0.012642393415176468,0.06136256307515735,0.015384918839479497,0.060306606230991135,0.022566278248143914,,,0.0,1.0,1.0,2.0,3.0,0.011503501091947775,0.1,6.0,1.0,1,0,0,0,0,1,0,1,2024-10-14,-0.014706147389695449,-600.0,-1.0,2024-10-19,-0.014706147389695449,-600.0,-1.0,2024-10-24,-0.04224230519830074,-1700.0,-1.0,2024-11-08,-0.029631797606371114,-1200.0,-1.0,2024-11-23,-0.03970744959511269,-1600.0,-1.0,2024-12-09,-0.03970744959511269,-1600.0,-1.0,2025-01-07,-0.03970744959511269,-1600.0,-1.0
2024-10-10,Thu,41300.0,41300.0,41300.0,40800.0,39300.0,38300.0,40300.0,39300.0,36200.0,36000.0,34500.0,-300.0,2024-10-10,1.0,2,36200.0,36000.0,34500.0,40800.0,35566.666666666664,5233.333333333336,6300.0,6800.0,,,,2024-10-07,50100.0,0.07456869549750847,0.06387340638076057,43400.0,0.07908310679383576,0.06423134865780991,43900.0,0.07568622763257635,0.06347606372564504,3,-0.06177735969624312,,2024-10-09,IS7V24,394.0,0.0,120.0,False,0.002541297428672548,0.0639038605038299,0.020513539833102955,0.06284790365966368,0.02510757567681646,,,0.0,0.0,1.0,2.0,3.0,0.01197270647825192,0.1,6.0,1.0,1,0,0,0,0,1,0,1,2024-10-15,0.0,0.0,0.0,2024-10-21,-0.007380107297622534,-300.0,-1.0,2024-10-25,-0.03238140950303983,-1300.0,-1.0,2024-11-09,-0.014815085785140587,-600.0,-1.0,2024-11-25,-0.03238140950303983,-1300.0,-1.0,2024-12-09,-0.03238140950303983,-1300.0,-1.0,2025-01-08,-0.03238140950303983,-1300.0,-1.0
2024-10-11,Fri,41000.0,41000.0,41000.0,40500.0,39000.0,38000.0,40000.0,39000.0,35700.0,35500.0,34000.0,-300.0,2024-10-11,1.0,2,35700.0,35500.0,34000.0,40500.0,35066.666666666664,5433.333333333336,6500.0,7000.0,,,,2024-10-07,50100.0,0.07456869549750847,0.06387340638076057,43400.0,0.07908310679383576,0.06423134865780991,43900.0,0.07568622763257635,0.06347606372564504,4,-0.06915746699386571,,2024-10-10,IS7V24,390.0,0.0,50.0,False,-0.010204170174241736,0.053699690329588164,0.012903404835907867,0.04456831947987662,0.020208457732267957,,,0.0,0.0,1.0,2.0,3.0,0.011972896018163528,0.1,6.0,1.0,1,0,0,0,0,1,0,1,2024-10-16,0.00738010729762246,300.0,1.0,2024-10-21,0.0,0.0,0.0,2024-10-26,-0.02500130220541727,-1000.0,-1.0,2024-11-11,0.0,0.0,0.0,2024-11-25,-0.02500130220541727,-1000.0,-1.0,2024-12-10,-0.02500130220541727,-1000.0,-1.0,2025-01-09,-0.02500130220541727,-1000.0,-1.0
2024-10-14,Mon,41000.0,41000.0,41000.0,40500.0,39000.0,38000.0,40000.0,39000.0,35900.0,35700.0,34200.0,0.0,2024-10-14,3.0,2,35900.0,35700.0,34200.0,40500.0,35266.666666666664,5233.333333333336,6300.0,6800.0,,,,2024-10-07,50100.0,0.07456869549750847,0.06387340638076057,43400.0,0.07908310679383576,0.06423134865780991,43900.0,0.07568622763257635,0.06347606372564504,7,-0.06915746699386571,,2024-10-11,IS7V24,387.0,0.0,120.0,False,-0.007722046093910278,0.045977644235677885,-0.020461071871340063,0.031498667059371065,0.015149529057841338,,,0.0,0.0,1.0,2.0,3.0,0.012174587548699906,0.1,28.0,1.0,3,0,0,0,0,1,0,1,2024-10-19,0.0,0.0,0.0,2024-10-24,-0.02753615780860529,-1100.0,-1.0,2024-10-30,-0.02500130220541727,-1000.0,-1.0,2024-11-13,-0.00743497848751809,-300.0,-1.0,2024-11-28,-0.02500130220541727,-1000.0,-1.0,2024-12-13,-0.02500130220541727,-1000.0,-1.0,2025-01-13,-0.03007745523727795,-1200.0,-1.0
2024-10-15,Tue,41300.0,41300.0,41300.0,40800.0,39300.0,38300.0,40300.0,39300.0,36200.0,36000.0,34500.0,300.0,2024-10-15,1.0,2,36200.0,36000.0,34500.0,40800.0,35566.666666666664,5233.333333333336,6300.0,6800.0,,,,2024-10-14,50100.0,0.07887904699863076,0.06813780516721804,43200.0,0.08953982334298849,0.0620724286423777,43400.0,0.07659244548138387,0.059329378057603015,1,-0.05715841383994864,,2024-10-14,IS7V24,389.0,6.0,117.0,False,0.005154650588664422,0.051132294824342304,-0.022872661665991518,0.005154650588664468,0.02030417964650576,0.007058952896485077,,0.0,0.0,1.0,1.0,3.0,0.012315127719891279,0.1,55.0,0.0,1,0,0,0,0,1,0,1,2024-10-21,-0.007380107297622534,-300.0,-1.0,2024-10-25,-0.03238140950303983,-1300.0,-1.0,2024-10-30,-0.03238140950303983,-1300.0,-1.0,2024-11-14,-0.027330893716971304,-1100.0,-1.0,2024-11-29,-0.03238140950303983,-1300.0,-1.0,2024-12-14,-0.03238140950303983,-1300.0,-1.0,2025-01-13,-0.03745756253490044,-1500.0,-1.0
2024-10-16,Wed,41300.0,41300.0,41300.0,40800.0,39300.0,38300.0,40300.0,39300.0,36200.0,36000.0,34500.0,0.0,2024-10-16,1.0,2,36200.0,36000.0,34500.0,40800.0,35566.666666666664,5233.333333333336,6300.0,6800.0,,,,2024-10-14,50100.0,0.07887904699863076,0.06813780516721804,43200.0,0.08953982334298849,0.0620724286423777,43400.0,0.07659244548138387,0.059329378057603015,2,-0.05715841383994864,,2024-10-15,IS7V24,384.0,0.0,117.0,False,-0.01293679103071945,0.038195503793622854,-0.0231670592815345,-0.007782140442054983,0.018091351978762035,-0.005877838134234373,,0.0,0.0,1.0,1.0,3.0,0.01235330499490981,0.15,55.0,1.0,1,0,0,0,0,1,0,1,2024-10-21,-0.007380107297622534,-300.0,-1.0,2024-10-26,-0.03238140950303983,-1300.0,-1.0,2024-11-04,-0.03238140950303983,-1300.0,-1.0,2024-11-15,-0.027330893716971304,-1100.0,-1.0,2024-11-30,-0.03238140950303983,-1300.0,-1.0,2024-12-16,-0.03238140950303983,-1300.0,-1.0,2025-01-15,-0.03238140950303983,-1300.0,-1.0
2024-10-17,Thu,41300.0,41300.0,41300.0,40800.0,39300.0,,40300.0,39300.0,36200.0,36000.0,34500.0,0.0,2024-10-17,1.0,2,36200.0,36000.0,34500.0,40800.0,35566.666666666664,5233.333333333336,6300.0,6800.0,,,,2024-10-14,50100.0,0.07887904699863076,0.06813780516721804,43200.0,0.08953982334298849,0.0620724286423777,43400.0,0.07659244548138387,0.059329378057603015,3,-0.05715841383994864,,2024-10-16,IS7V24,382.0,0.0,117.0,False,-0.0052219439811517126,0.03297355981247114,-0.03093030069135876,-0.010416760858255783,0.012869407997610324,-0.011099782115386085,,0.0,0.0,1.0,1.0,3.0,0.012480436891583539,0.15,90.0,1.0,1,0,0,0,0,1,0,1,2024-10-22,-0.019802627296179754,-800.0,-1.0,2024-10-28,-0.03238140950303983,-1300.0,-1.0,2024-11-04,-0.03238140950303983,-1300.0,-1.0,2024-11-16,-0.03238140950303983,-1300.0,-1.0,2024-12-02,-0.03745756253490044,-1500.0,-1.0,2024-12-16,-0.03238140950303983,-1300.0,-1.0,2025-01-15,-0.03238140950303983,-1300.0,-1.0
2024-10-18,Fri,41000.0,41000.0,41000.0,40500.0,39000.0,38000.0,40000.0,39000.0,36200.0,36000.0,34500.0,-300.0,2024-10-18,1.0,2,36200.0,36000.0,34500.0,40500.0,35566.666666666664,4933.333333333336,6000.0,6500.0,,,,2024-10-17,49900.0,0.0748790416652846,0.07056869016416226,42700.0,0.07284773254143406,0.04797082778602953,43100.0,0.0721466627971786,0.04751487560751312,1,-0.052896946122085356,,2024-10-17,IS7V24,379.0,0.0,60.0,False,-0.00788440352414887,0.02508915628832227,-0.028610534041265897,-0.01570712920535801,0.004985004473461452,-0.018984185639534957,,0.0,0.0,1.0,1.0,3.0,0.012559815590909254,0.15,118.5,1.0,1,0,0,0,0,1,0,1,2024-10-23,-0.019950786419348682,-800.0,-1.0,2024-10-28,-0.02500130220541727,-1000.0,-1.0,2024-11-04,-0.02500130220541727,-1000.0,-1.0,2024-11-18,-0.02500130220541727,-1000.0,-1.0,2024-12-02,-0.03007745523727795,-1200.0,-1.0,2024-12-17,-0.02500130220541727,-1000.0,-1.0,2025-01-16,-0.02500130220541727,-1000.0,-1.0
2024-10-19,Sat,41000.0,41000.0,41000.0,40500.0,39000.0,38000.0,40000.0,39000.0,36200.0,36000.0,34500.0,0.0,2024-10-19,1.0,2,36200.0,36000.0,34500.0,40500.0,35566.666666666664,4933.333333333336,6000.0,6500.0,,,,2024-10-17,49900.0,0.0748790416652846,0.07056869016416226,42700.0,0.07284773254143406,0.04797082778602953,43100.0,0.0721466627971786,0.04751487560751312,2,-0.052896946122085356,,2024-10-18,IS7V24,380.0,0.0,117.0,False,0.002635047638005032,0.027724203926327302,-0.018253440309350586,-0.03871451218069063,0.029419280454050886,-0.011072080900686143,,0.0,0.0,1.0,1.0,3.0,0.012712754439260482,0.15,118.5,1.0,1,0,0,0,0,1,0,1,2024-10-24,-0.02753615780860529,-1100.0,-1.0,2024-10-30,-0.02500130220541727,-1000.0,-1.0,2024-11-04,-0.02500130220541727,-1000.0,-1.0,2024-11-18,-0.02500130220541727,-1000.0,-1.0,2024-12-04,-0.02500130220541727,-1000.0,-1.0,2024-12-18,-0.02500130220541727,-1000.0,-1.0,2025-01-17,-0.02500130220541727,-1000.0,-1.0
2024-10-21,Mon,41000.0,41000.0,41000.0,40500.0,39000.0,38000.0,40000.0,39000.0,35900.0,35700.0,34200.0,0.0,2024-10-21,2.0,2,35900.0,35700.0,34200.0,40500.0,35266.666666666664,5233.333333333336,6300.0,6800.0,,,,2024-10-17,49900.0,0.0748790416652846,0.07056869016416226,42700.0,0.07284773254143406,0.04797082778602953,43100.0,0.0721466627971786,0.04751487560751312,4,-0.052896946122085356,,2024-10-18,IS7V24,380.0,0.0,117.0,False,0.002635047638005032,0.027724203926327302,-0.018253440309350586,-0.03871451218069063,0.029419280454050886,-0.011072080900686143,,0.0,0.0,1.0,1.0,3.0,0.012712754439260482,0.15,118.5,1.0,3,0,0,0,0,1,0,1,2024-10-26,-0.02500130220541727,-1000.0,-1.0,2024-11-04,-0.02500130220541727,-1000.0,-1.0,2024-11-05,-0.02500130220541727,-1000.0,-1.0,2024-11-20,-0.02500130220541727,-1000.0,-1.0,2024-12-05,-0.02500130220541727,-1000.0,-1.0,2024-12-20,-0.02500130220541727,-1000.0,-1.0,2025-01-20,-0.02500130220541727,-1000.0,-1.0
2024-10-22,Tue,40500.0,40500.0,40500.0,40000.0,38600.0,37500.0,49500.0,38500.0,35300.0,35100.0,33600.0,-500.0,2024-10-22,1.0,2,35300.0,35100.0,33600.0,40020.0,34666.666666666664,5353.333333333336,6400.0,6900.0,,,,2024-10-21,47800.0,0.03188367840522198,0.02757332690409977,41800.0,0.05913052322682246,0.026668247082161273,42700.0,0.07033200794418688,0.03576066387909826,1,-0.04401688541677433,,2024-10-21,IS7V24,380.0,0.0,117.0,False,0.0,0.027724203926327302,-0.02340809089801501,-0.0462807525640065,0.029419280454050886,-0.011072080900686143,,0.0,0.0,1.0,1.0,3.0,0.011538695688291991,0.15,118.5,1.0,1,0,0,0,0,1,0,1,2024-10-28,-0.012578782206860073,-500.0,-1.0,2024-11-04,-0.012578782206860073,-500.0,-1.0,2024-11-06,-0.005012541823544286,-200.0,-1.0,2024-11-21,-0.012578782206860073,-500.0,-1.0,2024-12-06,-0.012578782206860073,-500.0,-1.0,2024-12-21,-0.012578782206860073,-500.0,-1.0,2025-01-20,-0.012578782206860073,-500.0,-1.0
2024-10-23,Wed,40200.0,40200.0,40200.0,39700.0,38200.0,37200.0,39200.0,38200.0,35000.0,34800.0,33300.0,-300.0,2024-10-23,1.0,2,35000.0,34800.0,33300.0,39700.0,34366.666666666664,5333.333333333336,6400.0,6900.0,,,,2024-10-22,49100.0,0.05440672220716426,0.05440672220716426,41800.0,0.03406655456360627,0.02421425812059453,41800.0,0.02421425812059453,0.014458083175229917,1,-0.05154515183756588,,2024-10-22,IS7V24,379.0,0.0,117.0,False,-0.0026350476380051138,0.025089156288322187,-0.013106347505300672,-0.036273406786835154,0.024033199444155974,-0.013707128538691257,,0.0,0.0,1.0,1.0,2.0,0.011538695688291991,0.15,118.5,1.0,1,0,0,0,0,1,0,1,2024-10-28,-0.0050505157860685915,-200.0,-1.0,2024-11-04,-0.0050505157860685915,-200.0,-1.0,2024-11-07,0.0025157245972473705,100.0,1.0,2024-11-22,0.0,0.0,0.0,2024-12-07,-0.0050505157860685915,-200.0,-1.0,2024-12-23,-0.0050505157860685915,-200.0,-1.0,2025-01-21,-0.0050505157860685915,-200.0,-1.0
2024-10-24,Thu,39900.0,39900.0,39900.0,39400.0,37900.0,36900.0,38900.0,37900.0,34700.0,34500.0,33000.0,-300.0,2024-10-24,1.0,2,34700.0,34500.0,33000.0,39400.0,34066.666666666664,5333.333333333336,6400.0,6900.0,,,,2024-10-22,49100.0,0.05440672220716426,0.05440672220716426,41800.0,0.03406655456360627,0.02421425812059453,41800.0,0.02421425812059453,0.014458083175229917,2,-0.05913052322682246,,2024-10-23,IS7V24,379.0,0.0,117.0,False,0.0,0.025089156288322187,-0.007884403524148959,-0.0388147042155077,0.024033199444155974,-0.013707128538691257,,0.0,0.0,0.0,1.0,2.0,0.011573616687484094,0.1,118.5,1.0,1,0,0,0,0,1,0,1,2024-10-30,0.0025348556031881157,100.0,1.0,2024-11-04,0.0025348556031881157,100.0,1.0,2024-11-08,0.012610507591929733,500.0,1.0,2024-11-23,0.0025348556031881157,100.0,1.0,2024-12-09,0.0025348556031881157,100.0,1.0,2024-12-23,0.0025348556031881157,100.0,1.0,2025-01-22,0.0025348556031881157,100.0,1.0
2024-10-25,Fri,40000.0,40000.0,40000.0,39500.0,38000.0,37000.0,39000.0,38000.0,34900.0,34700.0,33200.0,100.0,2024-10-25,1.0,2,34900.0,34700.0,33200.0,39500.0,34266.666666666664,5233.333333333336,6300.0,6800.0,,,,2024-10-24,48800.0,0.03545731183672942,0.041847109935500504,40800.0,-0.02660374551797602,-0.007326040092072898,41500.0,-0.009592399691439409,0.002412546405383926,1,-0.03238140950303983,,2024-10-24,IS7V24,379.0,0.0,50.0,False,0.0,0.025089156288322187,-9.063930161978817e-17,-0.028610534041265963,0.015957785438610643,-0.008402076308998028,,0.0,0.0,0.0,1.0,2.0,0.01126848153060656,0.05,118.5,1.0,1,0,0,0,0,0,0,1,2024-10-30,0.0,0.0,0.0,2024-11-04,0.0,0.0,0.0,2024-11-09,0.017566323717899283,700.0,1.0,2024-11-25,0.0,0.0,0.0,2024-12-09,0.0,0.0,0.0,2024-12-25,0.0,0.0,0.0,2025-01-23,0.0,0.0,0.0
2024-10-26,Sat,40000.0,40000.0,40000.0,39500.0,38000.0,37000.0,39000.0,38000.0,34900.0,34700.0,33200.0,0.0,2024-10-26,1.0,2,34900.0,34700.0,33200.0,39500.0,34266.666666666664,5233.333333333336,6300.0,6800.0,,,,2024-10-24,48800.0,0.03545731183672942,0.041847109935500504,40800.0,-0.02660374551797602,-0.007326040092072898,41500.0,-0.009592399691439409,0.002412546405383926,2,-0.03238140950303983,,2024-10-25,IS7V24,379.0,0.0,117.0,False,0.0,0.025089156288322187,-0.0026350476380051224,-0.020888487947355684,0.010610179112015368,-0.005738958889514367,,0.0,0.0,0.0,1.0,2.0,0.011153308974934505,0.05,118.5,1.0,1,0,0,0,0,0,0,1,2024-11-04,0.0,0.0,0.0,2024-11-05,0.0,0.0,0.0,2024-11-11,0.025001302205417186,1000.0,1.0,2024-11-25,0.0,0.0,0.0,2024-12-10,0.0,0.0,0.0,2024-12-25,0.0,0.0,0.0,2025-01-24,0.0,0.0,0.0
2024-10-28,Mon,40000.0,40000.0,40000.0,39500.0,38000.0,37000.0,39000.0,38000.0,34900.0,34700.0,33200.0,0.0,2024-10-28,2.0,2,34900.0,34700.0,33200.0,39500.0,34266.666666666664,5233.333333333336,6300.0,6800.0,,,,2024-10-24,48800.0,0.03545731183672942,0.041847109935500504,40800.0,-0.02660374551797602,-0.007326040092072898,41500.0,-0.009592399691439409,0.002412546405383926,4,-0.03238140950303983,,2024-10-25,IS7V24,379.0,0.0,117.0,False,0.0,0.025089156288322187,-0.0026350476380051224,-0.020888487947355684,0.010610179112015368,-0.005738958889514367,,0.0,0.0,0.0,1.0,2.0,0.011153308974934505,0.05,118.5,1.0,3,0,0,0,0,0,0,1,2024-11-04,0.0,0.0,0.0,2024-11-07,0.0075662403833158766,300.0,1.0,2024-11-12,0.025001302205417186,1000.0,1.0,2024-11-27,0.0,0.0,0.0,2024-12-12,0.0,0.0,0.0,2024-12-30,0.0,0.0,0.0,2025-01-27,0.0,0.0,0.0
2024-10-30,Wed,40000.0,40000.0,40000.0,39500.0,38000.0,37000.0,39000.0,38000.0,35200.0,35000.0,33500.0,0.0,2024-10-30,2.0,2,35200.0,35000.0,33500.0,39500.0,34566.666666666664,4933.333333333336,6000.0,6500.0,,,,2024-10-24,48800.0,0.03545731183672942,0.041847109935500504,40800.0,-0.02660374551797602,-0.007326040092072898,41500.0,-0.009592399691439409,0.002412546405383926,6,-0.03238140950303983,,2024-10-29,IS7X24,372.0,0.0,117.0,False,0.0,0.025089156288322187,0.0,-0.013106347505300656,-0.02088848794735565,,,1.0,1.0,1.0,2.0,3.0,0.008604051584771368,0.05,117.0,1.0,1,0,0,0,0,0,0,-1,2024-11-04,0.0,0.0,0.0,2024-11-09,0.017566323717899283,700.0,1.0,2024-11-14,0.0050505157860685716,200.0,1.0,2024-11-29,0.0,0.0,0.0,2024-12-14,0.0,0.0,0.0,2024-12-30,0.0,0.0,0.0,2025-01-28,0.0,0.0,0.0
2024-11-04,Mon,40000.0,40000.0,40000.0,39500.0,38000.0,37000.0,39000.0,38000.0,35200.0,35000.0,33500.0,0.0,2024-11-04,5.0,2,35200.0,35000.0,33500.0,39500.0,34566.666666666664,4933.333333333336,6000.0,6500.0,,,,2024-10-30,48100.0,0.0062565376143051375,0.03382986451840488,40800.0,-0.040821994520255166,0.002453988961566787,41100.0,-0.04286370443178239,0.002436054797881121,5,-0.03238140950303983,,2024-11-01,IS7X24,379.0,0.0,107.0,False,0.0,0.04373150709760196,0.018642350809279767,0.01600730317127467,-0.02270720900941597,,,1.0,1.0,1.0,2.0,3.0,0.00968721918537136,0.05,117.0,1.0,3,0,0,0,0,0,0,-1,2024-11-09,0.017566323717899283,700.0,1.0,2024-11-14,0.0050505157860685716,200.0,1.0,2024-11-19,0.0,0.0,0.0,2024-12-04,0.0,0.0,0.0,2024-12-19,0.0,0.0,0.0,2025-01-03,0.0,0.0,0.0,2025-02-03,0.0,0.0,0.0
2024-11-05,Tue,40000.0,40000.0,40000.0,39500.0,38000.0,37000.0,39000.0,38000.0,35200.0,35000.0,33500.0,0.0,2024-11-05,1.0,2,35200.0,35000.0,33500.0,39500.0,34566.666666666664,4933.333333333336,6000.0,6500.0,,,,2024-11-04,,,,40800.0,-0.033738139631850114,0.00738010729762246,41200.0,-0.033415996919844065,0.0024301348532918907,1,-0.03238140950303983,,2024-11-04,IS7X24,382.0,0.0,107.0,False,0.007884403524148835,0.05161591062175079,0.026526754333428604,0.023891706695423502,-0.022389045868583014,,,0.0,1.0,1.0,2.0,3.0,0.007471952466830013,0.05,117.0,1.0,1,0,0,0,0,0,0,-1,2024-11-11,0.025001302205417186,1000.0,1.0,2024-11-15,0.0050505157860685716,200.0,1.0,2024-11-20,0.0,0.0,0.0,2024-12-05,0.0,0.0,0.0,2024-12-20,0.0,0.0,0.0,2025-01-04,0.0,0.0,0.0,2025-02-03,0.0,0.0,0.0
2024-11-06,Wed,40300.0,40300.0,40300.0,39800.0,38300.0,37300.0,39300.0,38300.0,35700.0,35500.0,34000.0,300.0,2024-11-06,1.0,2,35700.0,35500.0,34000.0,39800.0,35066.666666666664,4733.333333333336,5800.0,6300.0,,,,2024-11-04,,,,40800.0,-0.033738139631850114,0.00738010729762246,41200.0,-0.033415996919844065,0.0024301348532918907,2,-0.02481516911972402,,2024-11-05,IS7X24,381.0,0.0,107.0,False,-0.0026212334798741926,0.0489946771418766,0.02390552085355441,0.023905520853554428,-0.012367885933280738,,,0.0,1.0,1.0,2.0,3.0,0.007493005284566669,0.05,117.0,1.0,1,0,0,0,0,0,0,-1,2024-11-11,0.017435061822101347,700.0,1.0,2024-11-16,-0.007566240383315813,-300.0,-1.0,2024-11-21,-0.007566240383315813,-300.0,-1.0,2024-12-06,-0.007566240383315813,-300.0,-1.0,2024-12-21,-0.007566240383315813,-300.0,-1.0,2025-01-06,-0.007566240383315813,-300.0,-1.0,2025-02-04,-0.007566240383315813,-300.0,-1.0
2024-11-07,Thu,40300.0,40300.0,40300.0,39800.0,38300.0,37300.0,39300.0,38300.0,35700.0,35500.0,34000.0,0.0,2024-11-07,1.0,2,35700.0,35500.0,34000.0,39800.0,35066.666666666664,4733.333333333336,5800.0,6300.0,,,,2024-11-06,48000.0,0.0,0.03174869831458027,41500.0,-0.044766013869706536,0.026863642269548252,41600.0,-0.04924793483432682,0.01697010421846156,1,-0.04182651494626064,,2024-11-06,IS7X24,379.0,0.0,107.0,False,-0.005263170044274644,0.04373150709760196,-8.673617379884035e-18,0.018642350809279784,-0.02017235340622793,0.04267555025343573,,0.0,1.0,1.0,1.0,3.0,0.006976089685181374,0.05,117.0,1.0,1,0,0,0,0,0,0,-1,2024-11-12,0.017435061822101347,700.0,1.0,2024-11-18,-0.007566240383315813,-300.0,-1.0,2024-11-22,-0.002515724597247247,-100.0,-1.0,2024-12-07,-0.007566240383315813,-300.0,-1.0,2024-12-23,-0.007566240383315813,-300.0,-1.0,2025-01-06,-0.007566240383315813,-300.0,-1.0,2025-02-05,-0.007566240383315813,-300.0,-1.0
2024-11-08,Fri,40400.0,40400.0,40400.0,39900.0,38400.0,37400.0,39400.0,38400.0,36200.0,36000.0,34500.0,100.0,2024-11-08,1.0,2,36200.0,36000.0,34500.0,39900.0,35566.666666666664,4333.333333333336,5400.0,5900.0,,,,2024-11-06,48000.0,0.0,0.03174869831458027,41500.0,-0.044766013869706536,0.026863642269548252,41600.0,-0.04924793483432682,0.01697010421846156,2,-0.03931710334083481,,2024-11-07,IS7X24,379.0,0.0,40.0,False,0.0,0.04373150709760196,-8.673617379884035e-18,0.018642350809279784,-0.009968183231986194,0.034600136247890406,,0.0,1.0,1.0,1.0,3.0,0.007007382542932782,0.05,117.0,1.0,1,0,0,0,0,0,0,-1,2024-11-13,0.007490671729157659,300.0,1.0,2024-11-18,-0.010075651988741587,-400.0,-1.0,2024-11-23,-0.010075651988741587,-400.0,-1.0,2024-12-09,-0.010075651988741587,-400.0,-1.0,2024-12-23,-0.010075651988741587,-400.0,-1.0,2025-01-07,-0.010075651988741587,-400.0,-1.0,2025-02-06,-0.010075651988741587,-400.0,-1.0
2024-11-09,Sat,40700.0,40700.0,40700.0,40200.0,38700.0,37700.0,39700.0,38700.0,36700.0,36500.0,35000.0,300.0,2024-11-09,1.0,2,36700.0,36500.0,35000.0,40200.0,36066.666666666664,4133.333333333336,5200.0,5700.0,,,,2024-11-06,48000.0,0.0,0.03174869831458027,41500.0,-0.044766013869706536,0.026863642269548252,41600.0,-0.04924793483432682,0.01697010421846156,3,-0.031826431611677204,,2024-11-08,IS7X24,375.0,0.0,107.0,False,-0.010610179112015571,0.03312132798558638,-0.01061017911201558,0.008032171697264211,-0.012856316250091489,0.018642350809279555,,0.0,1.0,1.0,1.0,3.0,0.006649660047211883,0.05,117.0,1.0,1,0,0,0,0,0,0,-1,2024-11-14,-0.012515807931830646,-500.0,-1.0,2024-11-19,-0.01756632371789917,-700.0,-1.0,2024-11-25,-0.01756632371789917,-700.0,-1.0,2024-12-09,-0.01756632371789917,-700.0,-1.0,2024-12-25,-0.01756632371789917,-700.0,-1.0,2025-01-08,-0.01756632371789917,-700.0,-1.0,2025-02-10,-0.030305349495328922,-1200.0,-1.0
2024-11-11,Mon,41000.0,41000.0,41000.0,40500.0,39000.0,38000.0,40000.0,39000.0,37200.0,37000.0,35500.0,300.0,2024-11-11,2.0,2,37200.0,37000.0,35500.0,40500.0,36566.666666666664,3933.3333333333358,5000.0,5500.0,,,,2024-11-09,48500.0,-0.024441135159145578,0.04211148535012685,42300.0,-0.02797385204240618,0.03855899360368308,42700.0,-0.025434897147821604,0.045516838824462905,2,-0.04348511193973878,,2024-11-08,IS7X24,375.0,0.0,107.0,False,-0.010610179112015571,0.03312132798558638,-0.01061017911201558,0.008032171697264211,-0.012856316250091489,0.018642350809279555,,0.0,1.0,1.0,1.0,3.0,0.006649660047211883,0.05,117.0,1.0,3,0,0,0,0,-1,0,-1,2024-11-16,-0.02500130220541727,-1000.0,-1.0,2024-11-21,-0.02500130220541727,-1000.0,-1.0,2024-11-26,-0.02500130220541727,-1000.0,-1.0,2024-12-11,-0.02500130220541727,-1000.0,-1.0,2024-12-26,-0.02500130220541727,-1000.0,-1.0,2025-01-10,-0.03007745523727795,-1200.0,-1.0,2025-02-10,-0.037740327982847086,-1500.0,-1.0
2024-11-12,Tue,41000.0,41000.0,41000.0,40500.0,39000.0,38000.0,40000.0,39000.0,37000.0,36800.0,35300.0,0.0,2024-11-12,1.0,2,37000.0,36800.0,35300.0,40500.0,36366.666666666664,4133.333333333336,5200.0,5700.0,,,,2024-11-09,48500.0,-0.024441135159145578,0.04211148535012685,42300.0,-0.02797385204240618,0.03855899360368308,42700.0,-0.025434897147821604,0.045516838824462905,3,-0.04348511193973878,,2024-11-11,IS7X24,373.0,0.0,107.0,False,-0.005347606326595242,0.02777372165899114,-0.023842188962759657,0.0026845653706689693,-0.023358573165351153,-0.018203922576686703,,0.0,0.0,1.0,1.0,3.0,0.006853223242390732,0.05,117.0,1.0,1,0,0,0,0,-1,0,-1,2024-11-18,-0.02500130220541727,-1000.0,-1.0,2024-11-22,-0.019950786419348682,-800.0,-1.0,2024-11-27,-0.02500130220541727,-1000.0,-1.0,2024-12-12,-0.02500130220541727,-1000.0,-1.0,2024-12-30,-0.02500130220541727,-1000.0,-1.0,2025-01-11,-0.03262522731607661,-1300.0,-1.0,2025-02-10,-0.037740327982847086,-1500.0,-1.0
2024-11-13,Wed,40700.0,40700.0,40700.0,40200.0,38700.0,37700.0,39700.0,38700.0,36700.0,36500.0,35000.0,-300.0,2024-11-13,1.0,2,36700.0,36500.0,35000.0,40200.0,36066.666666666664,4133.333333333336,5200.0,5700.0,,,,2024-11-09,48500.0,-0.024441135159145578,0.04211148535012685,42300.0,-0.02797385204240618,0.03855899360368308,42700.0,-0.025434897147821604,0.045516838824462905,4,-0.05092009042725687,,2024-11-12,IS7X24,370.0,0.0,107.0,False,-0.008075414005545418,0.019698307653445723,-0.02929636948843088,-0.00539084863487645,-0.01849719614017712,-0.026279336582232124,,0.0,0.0,1.0,1.0,3.0,0.00677990788207099,0.0,117.0,1.0,1,0,0,0,0,-1,0,-1,2024-11-18,-0.01756632371789917,-700.0,-1.0,2024-11-23,-0.01756632371789917,-700.0,-1.0,2024-11-28,-0.01756632371789917,-700.0,-1.0,2024-12-13,-0.01756632371789917,-700.0,-1.0,2024-12-30,-0.01756632371789917,-700.0,-1.0,2025-01-13,-0.022642476749759777,-900.0,-1.0,2025-02-12,-0.030305349495328922,-1200.0,-1.0
2024-11-14,Thu,40200.0,40200.0,40200.0,39700.0,38200.0,37200.0,39200.0,38200.0,36200.0,36000.0,34500.0,-500.0,2024-11-14,1.0,2,36200.0,36000.0,34500.0,39700.0,35566.666666666664,4133.333333333336,5200.0,5700.0,,,,2024-11-13,48300.0,-0.028573372444056,0.03797924806521647,41900.0,-0.03517361417826715,0.04390949261556863,42700.0,-0.02771539984654677,0.04797082778602953,1,-0.0539346392349473,,2024-11-13,IS7X24,365.0,0.0,107.0,False,-0.013605652055778598,0.006092655597667125,-0.03763885149993484,-0.037638851499934824,-0.026880904214804005,-0.03729766507305981,,0.0,0.0,1.0,1.0,3.0,0.006394310682576689,0.0,117.0,1.0,1,0,0,0,0,-1,0,-1,2024-11-19,-0.0050505157860685915,-200.0,-1.0,2024-11-25,-0.0050505157860685915,-200.0,-1.0,2024-11-29,-0.0050505157860685915,-200.0,-1.0,2024-12-14,-0.0050505157860685915,-200.0,-1.0,2024-12-30,-0.0050505157860685915,-200.0,-1.0,2025-01-13,-0.01012666881792916,-400.0,-1.0,2025-02-12,-0.0177895415634983,-700.0,-1.0
2024-11-15,Fri,40200.0,40200.0,40200.0,39700.0,38200.0,37200.0,39200.0,38200.0,36000.0,35800.0,34300.0,0.0,2024-11-15,1.0,2,36000.0,35800.0,34300.0,39700.0,35366.666666666664,4333.333333333336,5400.0,5900.0,,,,2024-11-13,48300.0,-0.028573372444056,0.03797924806521647,41900.0,-0.03517361417826715,0.04390949261556863,42700.0,-0.02771539984654677,0.04797082778602953,2,-0.0539346392349473,,2024-11-14,IS7X24,364.0,0.0,40.0,False,-0.0027434859457508326,0.003349169651916292,-0.040382337445685666,-0.04038233744568565,-0.02173998663640597,-0.037447115841763995,,0.0,0.0,1.0,1.0,3.0,0.006967351825023706,0.0,112.0,1.0,1,0,0,0,0,-1,0,-1,2024-11-20,-0.0050505157860685915,-200.0,-1.0,2024-11-25,-0.0050505157860685915,-200.0,-1.0,2024-11-30,-0.0050505157860685915,-200.0,-1.0,2024-12-16,-0.0050505157860685915,-200.0,-1.0,2024-12-30,-0.0050505157860685915,-200.0,-1.0,2025-01-15,-0.0050505157860685915,-200.0,-1.0,2025-02-13,-0.0177895415634983,-700.0,-1.0
2024-11-16,Sat,40000.0,40000.0,40000.0,39500.0,38000.0,37000.0,39000.0,38000.0,36000.0,35800.0,34300.0,-200.0,2024-11-16,1.0,2,36000.0,35800.0,34300.0,39500.0,35366.666666666664,4133.333333333336,5200.0,5700.0,,,,2024-11-15,48000.0,-0.042819997182928185,0.03174869831458027,41500.0,-0.04014706801341202,0.049392755329576474,43000.0,-0.009259325412796712,0.06733312006858695,1,-0.049392755329576474,,2024-11-15,IS7X24,367.0,0.0,107.0,False,0.008207980417829582,0.011557150069745874,-0.021564177915840515,-0.03217435702785607,-0.016167053856581418,-0.05488156603727206,,0.0,0.0,1.0,1.0,3.0,0.0067999604611556855,0.0,107.0,1.0,1,0,0,0,0,-1,0,-1,2024-11-21,0.0,0.0,0.0,2024-11-26,0.0,0.0,0.0,2024-12-02,-0.005076153031860661,-200.0,-1.0,2024-12-16,0.0,0.0,0.0,2024-12-31,0.0,0.0,0.0,2025-01-15,0.0,0.0,0.0,2025-02-14,-0.01788042527784841,-700.0,-1.0
2024-11-18,Mon,40000.0,40000.0,40000.0,39500.0,38000.0,37000.0,39000.0,38000.0,36000.0,35800.0,34300.0,0.0,2024-11-18,2.0,2,36000.0,35800.0,34300.0,39500.0,35366.666666666664,4133.333333333336,5200.0,5700.0,,,,2024-11-15,48000.0,-0.042819997182928185,0.03174869831458027,41500.0,-0.04014706801341202,0.049392755329576474,43000.0,-0.009259325412796712,0.06733312006858695,3,-0.049392755329576474,,2024-11-15,IS7X24,367.0,0.0,107.0,False,0.008207980417829582,0.011557150069745874,-0.021564177915840515,-0.03217435702785607,-0.016167053856581418,-0.05488156603727206,,0.0,0.0,1.0,1.0,3.0,0.0067999604611556855,0.0,107.0,1.0,3,0,0,0,0,-1,0,-1,2024-11-23,0.0,0.0,0.0,2024-11-28,0.0,0.0,0.0,2024-12-04,0.0,0.0,0.0,2024-12-18,0.0,0.0,0.0,2025-01-02,0.0,0.0,0.0,2025-01-17,0.0,0.0,0.0,2025-02-17,-0.02564243061333767,-1000.0,-1.0
2024-11-19,Tue,40000.0,40000.0,40000.0,39500.0,38000.0,37000.0,39000.0,38000.0,36200.0,36000.0,34500.0,0.0,2024-11-19,1.0,2,36200.0,36000.0,34500.0,39500.0,35566.666666666664,3933.3333333333358,5000.0,5500.0,,,,2024-11-15,48000.0,-0.042819997182928185,0.03174869831458027,41500.0,-0.04014706801341202,0.049392755329576474,43000.0,-0.009259325412796712,0.06733312006858695,4,-0.049392755329576474,,2024-11-18,IS7X24,367.0,3.0,107.0,False,0.0,0.011557150069745874,-0.016216571589245273,-0.040058760552004906,-0.016167053856581418,-0.06244780642058794,,0.0,0.0,1.0,1.0,3.0,0.007086200936410426,0.0,107.0,0.0,1,0,0,0,0,-1,0,-1,2024-11-25,0.0,0.0,0.0,2024-11-29,0.0,0.0,0.0,2024-12-04,0.0,0.0,0.0,2024-12-19,0.0,0.0,0.0,2025-01-03,0.0,0.0,0.0,2025-01-18,0.0,0.0,0.0,2025-02-17,-0.02564243061333767,-1000.0,-1.0
2024-11-20,Wed,40000.0,40000.0,40000.0,39500.0,38000.0,37000.0,39000.0,38000.0,36200.0,36000.0,34500.0,0.0,2024-11-20,1.0,2,36200.0,36000.0,34500.0,39500.0,35566.666666666664,3933.3333333333358,5000.0,5500.0,-2.000368725042333,-1.9888807738406298,-1.9927943195961557,2024-11-19,47500.0,-0.05329129705022363,0.025587749948407068,41800.0,-0.021302580703868264,0.051545151837566,41700.0,-0.03302186830494631,0.039124794492232225,1,-0.05659566762363445,-0.834139845115391,2024-11-19,IS7X24,364.0,0.0,107.0,False,-0.008207980417829622,0.0033491696519162527,-0.016349138001529477,-0.04564550748996034,-0.021739986636405924,-0.05801339342324109,,0.0,0.0,1.0,1.0,3.0,0.007086200936410426,0.05,107.0,1.0,1,1,1,1,0,-1,0,-1,2024-11-25,0.0,0.0,0.0,2024-11-30,0.0,0.0,0.0,2024-12-05,0.0,0.0,0.0,2024-12-20,0.0,0.0,0.0,2025-01-04,0.0,0.0,0.0,2025-01-20,0.0,0.0,0.0,2025-02-18,-0.030850775720475933,-1200.0,-1.0
2024-11-21,Thu,40000.0,40000.0,40000.0,39500.0,38000.0,37000.0,39000.0,38000.0,36200.0,36000.0,34500.0,0.0,2024-11-21,1.0,2,36200.0,36000.0,34500.0,39500.0,35566.666666666664,3933.3333333333358,5000.0,5500.0,-1.8964333149690824,-1.8864249961630064,-1.889836060562838,2024-11-19,47500.0,-0.05329129705022363,0.025587749948407068,41800.0,-0.021302580703868264,0.051545151837566,41700.0,-0.03302186830494631,0.039124794492232225,2,-0.05659566762363445,-0.8189172125850308,2024-11-20,IS7X24,360.0,0.0,107.0,False,-0.011049836186584935,-0.007700666534668683,-0.013793322132335814,-0.05143217363227063,-0.03278982282299086,-0.07160452703849858,,0.0,0.0,1.0,1.0,3.0,0.0072769241590145296,0.05,107.0,1.0,1,1,1,1,0,-1,0,-1,2024-11-26,0.0,0.0,0.0,2024-12-02,-0.005076153031860661,-200.0,-1.0,2024-12-06,0.0,0.0,0.0,2024-12-21,0.0,0.0,0.0,2025-01-06,0.0,0.0,0.0,2025-01-20,0.0,0.0,0.0,2025-02-19,-0.030850775720475933,-1200.0,-1.0
2024-11-22,Fri,40200.0,40200.0,40200.0,39700.0,38200.0,37200.0,39200.0,38200.0,36400.0,36200.0,34700.0,200.0,2024-11-22,1.0,2,36400.0,36200.0,34700.0,39700.0,35766.666666666664,3933.3333333333358,5000.0,5500.0,-1.8072421331001658,-1.7983913596419308,-1.8014090452145064,2024-11-19,47500.0,-0.05329129705022363,0.025587749948407068,41800.0,-0.021302580703868264,0.051545151837566,41700.0,-0.03302186830494631,0.039124794492232225,3,-0.05154515183756588,-0.5274000298227637,2024-11-21,IS7X24,360.0,0.0,40.0,False,0.0,-0.007700666534668683,-0.011049836186584982,-0.05143217363227063,-0.03278982282299086,-0.06140035686425684,,0.0,0.0,1.0,1.0,3.0,0.007614136029621744,0.05,107.0,1.0,1,1,1,1,0,-1,0,-1,2024-11-27,-0.0050505157860685915,-200.0,-1.0,2024-12-02,-0.01012666881792916,-400.0,-1.0,2024-12-07,-0.0050505157860685915,-200.0,-1.0,2024-12-23,-0.0050505157860685915,-200.0,-1.0,2025-01-06,-0.0050505157860685915,-200.0,-1.0,2025-01-21,-0.0050505157860685915,-200.0,-1.0,2025-02-20,-0.03590129150654442,-1400.0,-1.0
2024-11-23,Sat,40000.0,40000.0,40000.0,39500.0,38000.0,37000.0,39000.0,38000.0,36400.0,36200.0,34700.0,-200.0,2024-11-23,1.0,2,36400.0,36200.0,34700.0,39500.0,35766.666666666664,3733.3333333333358,4800.0,5300.0,-2.12747373821333,-2.1277824345789447,-2.130125424885657,2024-11-19,47500.0,-0.05329129705022363,0.025587749948407068,41800.0,-0.021302580703868264,0.051545151837566,41700.0,-0.03302186830494631,0.039124794492232225,4,-0.05659566762363445,-0.7997313842442882,2024-11-22,IS7Z24,353.0,3.0,107.0,True,,-0.007700666534668683,-0.019257816604414564,-0.040821994520255055,,,,1.0,1.0,2.0,2.0,4.0,0.007614136029621744,0.05,107.0,0.0,1,1,1,1,0,-1,0,0,2024-11-28,0.0,0.0,0.0,2024-12-04,0.0,0.0,0.0,2024-12-09,0.0,0.0,0.0,2024-12-23,0.0,0.0,0.0,2025-01-07,0.0,0.0,0.0,2025-01-22,0.0,0.0,0.0,2025-02-21,-0.030850775720475933,-1200.0,-1.0
2024-11-25,Mon,40000.0,40000.0,40000.0,39500.0,38000.0,37000.0,39000.0,38000.0,36100.0,35900.0,34400.0,0.0,2024-11-25,2.0,2,36100.0,35900.0,34400.0,39500.0,35466.666666666664,4033.3333333333358,5100.0,5600.0,-1.4367551364217463,-1.425100126894114,-1.4277025929364793,2024-11-23,47300.0,-0.05351070725958575,0.0213683344056988,42000.0,0.0047732787526575905,0.06390380197948026,42400.0,-0.007050557996666799,0.06328144994752001,2,-0.06136894637629213,-1.0514531207055113,2024-11-22,IS7Z24,353.0,3.0,107.0,True,,-0.007700666534668683,-0.019257816604414564,-0.040821994520255055,,,,1.0,1.0,2.0,2.0,4.0,0.007614136029621744,0.05,107.0,0.0,3,1,1,1,1,0,0,0,2024-11-30,0.0,0.0,0.0,2024-12-05,0.0,0.0,0.0,2024-12-10,0.0,0.0,0.0,2024-12-25,0.0,0.0,0.0,2025-01-09,0.0,0.0,0.0,2025-01-24,0.0,0.0,0.0,2025-02-24,-0.02824321231339505,-1100.0,-1.0
2024-11-26,Tue,40000.0,40000.0,40000.0,39500.0,38000.0,37000.0,39000.0,38000.0,36100.0,35900.0,34400.0,0.0,2024-11-26,1.0,2,36100.0,35900.0,34400.0,39500.0,35466.666666666664,4033.3333333333358,5100.0,5600.0,-1.393548518539488,-1.3826958424120643,-1.3851200763265679,2024-11-23,47300.0,-0.05351070725958575,0.0213683344056988,42000.0,0.0047732787526575905,0.06390380197948026,42400.0,-0.007050557996666799,0.06328144994752001,3,-0.06136894637629213,-1.0295478175172754,2024-11-25,IS7Z24,353.0,0.0,107.0,False,0.0,-0.007700666534668683,-0.019257816604414564,-0.03547438819365981,-0.03278982282299086,,,1.0,1.0,1.0,2.0,3.0,0.007823070840612074,0.1,107.0,1.0,1,1,1,1,1,0,0,-1,2024-12-02,-0.005076153031860661,-200.0,-1.0,2024-12-06,0.0,0.0,0.0,2024-12-11,0.0,0.0,0.0,2024-12-26,0.0,0.0,0.0,2025-01-10,-0.005076153031860661,-200.0,-1.0,2025-01-27,0.0,0.0,0.0,2025-02-24,-0.02824321231339505,-1100.0,-1.0
2024-11-27,Wed,40000.0,40000.0,40000.0,39500.0,38000.0,37000.0,39000.0,38000.0,36100.0,35900.0,34400.0,0.0,2024-11-27,1.0,2,36100.0,35900.0,34400.0,39500.0,35466.666666666664,4033.3333333333358,5100.0,5600.0,-1.3540397003517837,-1.3438846873779524,-1.346153846153845,2024-11-26,47600.0,-0.004192878260035927,0.027690800145185983,41500.0,-0.007202912294057997,0.026863642269548252,42200.0,0.009523881511255541,0.033738139631850204,1,-0.049392755329576474,-0.3449614098240387,2024-11-26,IS7Z24,352.0,0.0,107.0,False,-0.0028368813351997263,-0.01053754786986841,-0.013886717521784669,-0.030235855523314124,-0.03562670415819059,,,1.0,1.0,1.0,2.0,3.0,0.007614136029621744,0.1,107.0,1.0,1,1,1,1,0,-1,0,-1,2024-12-02,-0.005076153031860661,-200.0,-1.0,2024-12-07,0.0,0.0,0.0,2024-12-12,0.0,0.0,0.0,2024-12-30,0.0,0.0,0.0,2025-01-11,-0.007623925110659371,-300.0,-1.0,2025-01-27,0.0,0.0,0.0,2025-02-25,-0.02564243061333767,-1000.0,-1.0
2024-11-28,Thu,40000.0,40000.0,40000.0,39500.0,38000.0,37000.0,39000.0,38000.0,36200.0,36000.0,34500.0,0.0,2024-11-28,1.0,2,36200.0,36000.0,34500.0,39500.0,35566.666666666664,3933.3333333333358,5000.0,5500.0,-1.5047770640441884,-1.4992690569129516,-1.5011776379491693,2024-11-26,47600.0,-0.004192878260035927,0.027690800145185983,41500.0,-0.007202912294057997,0.026863642269548252,42200.0,0.009523881511255541,0.033738139631850204,2,-0.049392755329576474,-0.34129596846401816,2024-11-27,IS7Z24,350.0,0.0,40.0,False,-0.005698021114637779,-0.016235568984506187,-0.008534902449837511,-0.022328224582173303,-0.05996707608210814,,,1.0,1.0,1.0,2.0,3.0,0.007606225045111163,0.1,107.0,1.0,1,1,1,1,0,-1,0,-1,2024-12-04,0.0,0.0,0.0,2024-12-09,0.0,0.0,0.0,2024-12-13,0.0,0.0,0.0,2024-12-30,0.0,0.0,0.0,2025-01-13,-0.005076153031860661,-200.0,-1.0,2025-01-27,0.0,0.0,0.0,2025-02-26,-0.02564243061333767,-1000.0,-1.0
2024-11-29,Fri,40000.0,40000.0,40000.0,39500.0,38000.0,37000.0,39000.0,38000.0,36200.0,36000.0,34500.0,0.0,2024-11-29,1.0,2,36200.0,36000.0,34500.0,39500.0,35566.666666666664,3933.3333333333358,5000.0,5500.0,-1.459342470649325,-1.4542225764896861,-1.4559969376233755,2024-11-26,47600.0,-0.004192878260035927,0.027690800145185983,41500.0,-0.007202912294057997,0.026863642269548252,42200.0,0.009523881511255541,0.033738139631850204,3,-0.049392755329576474,-0.33774517884565497,2024-11-27,IS7Z24,350.0,0.0,40.0,False,-0.005698021114637779,-0.016235568984506187,-0.008534902449837511,-0.022328224582173303,-0.05996707608210814,,,1.0,1.0,1.0,2.0,3.0,0.007606225045111163,0.1,107.0,1.0,2,1,1,1,0,-1,0,-1,2024-12-04,0.0,0.0,0.0,2024-12-09,0.0,0.0,0.0,2024-12-14,0.0,0.0,0.0,2024-12-30,0.0,0.0,0.0,2025-01-13,-0.005076153031860661,-200.0,-1.0,2025-01-28,0.0,0.0,0.0,2025-02-27,-0.02564243061333767,-1000.0,-1.0
2024-11-30,Sat,40000.0,40000.0,40000.0,39500.0,38000.0,37000.0,39000.0,38000.0,36200.0,36000.0,34500.0,0.0,2024-11-30,1.0,2,36200.0,36000.0,34500.0,39500.0,35566.666666666664,3933.3333333333358,5000.0,5500.0,-1.417809246673025,-1.4130263146024826,-1.4146841173359177,2024-11-26,47600.0,-0.004192878260035927,0.027690800145185983,41500.0,-0.007202912294057997,0.026863642269548252,42200.0,0.009523881511255541,0.033738139631850204,4,-0.049392755329576474,-0.3343031753177867,2024-11-29,IS7Z24,350.0,0.0,97.0,False,0.0,-0.016235568984506187,-0.008534902449837511,-0.01958473863642247,-0.059967076082108134,,,1.0,1.0,1.0,2.0,3.0,0.005792003759054186,0.1,107.0,1.0,1,1,1,1,0,-1,0,-1,2024-12-05,0.0,0.0,0.0,2024-12-10,0.0,0.0,0.0,2024-12-16,0.0,0.0,0.0,2024-12-30,0.0,0.0,0.0,2025-01-15,0.0,0.0,0.0,2025-01-29,0.0,0.0,0.0,2025-02-28,-0.02564243061333767,-1000.0,-1.0
2024-12-02,Mon,39800.0,39800.0,39800.0,39300.0,38000.0,37000.0,39000.0,38000.0,36200.0,36000.0,34500.0,-200.0,2024-12-02,2.0,2,36200.0,36000.0,34500.0,39340.0,35566.666666666664,3773.3333333333358,4800.0,5300.0,-1.6698696761505998,-1.745914968000633,-1.7469826249116889,2024-11-26,47600.0,-0.004192878260035927,0.027690800145185983,41500.0,-0.007202912294057997,0.026863642269548252,42200.0,0.009523881511255541,0.033738139631850204,6,-0.05446890836143703,-0.622163616317201,2024-11-29,IS7Z24,350.0,0.0,97.0,False,0.0,-0.016235568984506187,-0.008534902449837511,-0.01958473863642247,-0.059967076082108134,,,1.0,1.0,1.0,2.0,3.0,0.005792003759054186,0.1,107.0,1.0,3,1,1,1,0,-1,0,-1,2024-12-07,0.005076153031860568,200.0,1.0,2024-12-12,0.005076153031860568,200.0,1.0,2024-12-17,0.005076153031860568,200.0,1.0,2025-01-01,0.005076153031860568,200.0,1.0,2025-01-16,0.005076153031860568,200.0,1.0,2025-01-31,0.005076153031860568,200.0,1.0,2025-03-03,-0.02056627758147697,-800.0,-1.0
2024-12-04,Wed,39800.0,39800.0,39800.0,39500.0,38000.0,37000.0,39000.0,38000.0,36200.0,36000.0,34500.0,200.0,2024-12-04,2.0,2,36200.0,36000.0,34500.0,39380.0,35566.666666666664,3813.3333333333358,5000.0,5300.0,-1.5432917168284797,-1.3202665292167468,-1.6854539169394849,2024-12-03,46900.0,-0.04584135934824126,0.008565362858923,41400.0,0.014598799421152631,-0.012004946096823375,41800.0,0.007202912294058016,-0.002389487397381467,1,-0.046980208924192496,-0.18248724440587452,2024-12-03,IS7Z24,344.0,0.0,97.0,False,-0.0314761321020174,-0.0335270660945672,-0.02582639955989853,-0.04508421616431307,-0.08514297671631799,,,0.0,1.0,1.0,2.0,3.0,0.0070079468277477975,0.1,107.0,1.0,1,1,1,1,0,0,0,-1,2024-12-09,0.0,0.0,0.0,2024-12-14,0.0,0.0,0.0,2024-12-19,0.0,0.0,0.0,2025-01-03,0.0,0.0,0.0,2025-01-18,0.0,0.0,0.0,2025-02-03,0.0,0.0,0.0,2025-03-04,-0.02564243061333767,-1000.0,-1.0
2024-12-05,Thu,40000.0,40000.0,40000.0,39500.0,38200.0,37200.0,39200.0,38200.0,36500.0,36300.0,34800.0,0.0,2024-12-05,1.0,2,36500.0,36300.0,34800.0,39540.0,35866.666666666664,3673.3333333333358,4700.0,5200.0,-1.7454792046405916,-1.8318043829931896,-1.8090451241623404,2024-12-03,46900.0,-0.04584135934824126,0.008565362858923,41400.0,0.014598799421152631,-0.012004946096823375,41800.0,0.007202912294058016,-0.002389487397381467,2,-0.046980208924192496,-0.18085445838527878,2024-12-04,IS7Z24,345.0,0.0,97.0,False,0.00290275965796141,-0.030624306436605794,-0.020086758566737396,-0.03397347608852204,-0.07961898357848239,,,0.0,1.0,1.0,2.0,3.0,0.00925371030812189,0.1,107.0,1.0,1,1,1,1,0,0,0,-1,2024-12-10,0.0,0.0,0.0,2024-12-16,0.0,0.0,0.0,2024-12-20,0.0,0.0,0.0,2025-01-04,0.0,0.0,0.0,2025-01-20,0.0,0.0,0.0,2025-02-03,0.0,0.0,0.0,2025-03-05,-0.02564243061333767,-1000.0,-1.0
2024-12-06,Fri,40000.0,40000.0,40000.0,39500.0,38200.0,37200.0,39200.0,38200.0,36500.0,36300.0,34800.0,0.0,2024-12-06,1.0,2,36500.0,36300.0,34800.0,39540.0,35866.666666666664,3673.3333333333358,4700.0,5200.0,-1.686143090796422,-1.7649996717555045,-1.7442685549169994,2024-12-03,46900.0,-0.04584135934824126,0.008565362858923,41400.0,0.014598799421152631,-0.012004946096823375,41800.0,0.007202912294058016,-0.002389487397381467,3,-0.046980208924192496,-0.17926474492784555,2024-12-05,IS7Z24,345.0,0.0,30.0,False,0.0,-0.030624306436605794,-0.014388737452099615,-0.022923639901937107,-0.07435581353420775,,,0.0,1.0,1.0,2.0,3.0,0.009400999478790932,0.1,107.0,1.0,1,1,1,1,0,0,0,-1,2024-12-11,0.0,0.0,0.0,2024-12-16,0.0,0.0,0.0,2024-12-21,0.0,0.0,0.0,2025-01-06,0.0,0.0,0.0,2025-01-20,0.0,0.0,0.0,2025-02-04,0.0,0.0,0.0,2025-03-06,-0.023048395436291017,-900.0,-1.0
2024-12-07,Sat,40000.0,40000.0,40000.0,39500.0,38200.0,37200.0,39200.0,38200.0,36300.0,36100.0,34600.0,0.0,2024-12-07,1.0,2,36300.0,36100.0,34600.0,39540.0,35666.666666666664,3873.3333333333358,4900.0,5400.0,-1.290784571072111,-1.3563446364119915,-1.3406135862878954,2024-12-03,46900.0,-0.04584135934824126,0.008565362858923,41400.0,0.014598799421152631,-0.012004946096823375,41800.0,0.007202912294058016,-0.002389487397381467,4,-0.046980208924192496,-0.17771624237177233,2024-12-06,IS7Z24,343.0,0.0,97.0,False,-0.005813969865419845,-0.03643827630202564,-0.020202707317519462,-0.028737609767356953,-0.08016978339962759,,,0.0,1.0,1.0,2.0,3.0,0.009445074199806757,0.1,107.0,1.0,1,1,1,1,0,0,0,-1,2024-12-12,0.0,0.0,0.0,2024-12-17,0.0,0.0,0.0,2024-12-23,0.0,0.0,0.0,2025-01-06,0.0,0.0,0.0,2025-01-21,0.0,0.0,0.0,2025-02-05,0.0,0.0,0.0,2025-03-07,-0.023048395436291017,-900.0,-1.0
2024-12-09,Mon,40000.0,40000.0,40000.0,39500.0,38200.0,37200.0,39200.0,38200.0,35900.0,35700.0,34200.0,0.0,2024-12-09,2.0,2,35900.0,35700.0,34200.0,39540.0,35266.666666666664,4273.333333333336,5300.0,5800.0,-0.5827029950609842,-0.6320405543703791,-0.6234327522658722,2024-12-03,46900.0,-0.04584135934824126,0.008565362858923,41400.0,0.014598799421152631,-0.012004946096823375,41800.0,0.007202912294058016,-0.002389487397381467,6,-0.046980208924192496,-0.17620719982750913,2024-12-06,IS7Z24,343.0,0.0,97.0,False,-0.005813969865419845,-0.03643827630202564,-0.020202707317519462,-0.028737609767356953,-0.08016978339962759,,,0.0,1.0,1.0,2.0,3.0,0.009445074199806757,0.1,107.0,1.0,3,0,0,0,0,0,0,-1,2024-12-14,0.0,0.0,0.0,2024-12-19,0.0,0.0,0.0,2024-12-25,0.0,0.0,0.0,2025-01-08,0.0,0.0,0.0,2025-01-23,0.0,0.0,0.0,2025-02-10,-0.012739025777429714,-500.0,-1.0,2025-03-10,-0.023048395436291017,-900.0,-1.0
2024-12-10,Tue,40000.0,40000.0,40000.0,39500.0,38200.0,37200.0,39200.0,38200.0,35900.0,35700.0,34200.0,0.0,2024-12-10,1.0,2,35900.0,35700.0,34200.0,39540.0,35266.666666666664,4273.333333333336,5300.0,5800.0,-0.5576388960111113,-0.6067923351299109,-0.5981331988292851,2024-12-09,47100.0,-0.03545731183672944,0.0,41600.0,0.019418085857101516,-0.021403908663153493,42300.0,0.028778964550043327,-0.014084739881738972,1,-0.05179949536014146,-0.44522140401053195,2024-12-09,IS7Z24,345.0,3.0,97.0,False,0.005813969865419816,-0.030624306436605825,-0.028573372444056024,-0.022923639901937135,-0.06374563442219221,,,0.0,0.0,1.0,2.0,3.0,0.009405339315557726,0.1,107.0,0.0,1,0,0,0,0,0,0,-1,2024-12-16,0.0,0.0,0.0,2024-12-20,0.0,0.0,0.0,2024-12-25,0.0,0.0,0.0,2025-01-09,0.0,0.0,0.0,2025-01-24,0.0,0.0,0.0,2025-02-10,-0.012739025777429714,-500.0,-1.0,2025-03-10,-0.023048395436291017,-900.0,-1.0
2024-12-11,Wed,40000.0,40000.0,40000.0,39500.0,38200.0,37200.0,39200.0,38200.0,35700.0,35500.0,34000.0,0.0,2024-12-11,1.0,2,35700.0,35500.0,34000.0,39540.0,35066.666666666664,4473.333333333336,5500.0,6000.0,-0.17521984101893545,-0.22189366695402737,-0.21679703351099125,2024-12-09,47100.0,-0.03545731183672944,0.0,41600.0,0.019418085857101516,-0.021403908663153493,42300.0,0.028778964550043327,-0.014084739881738972,2,-0.05179949536014146,-0.42301069964400934,2024-12-10,IS7Z24,343.0,0.0,97.0,False,-0.005813969865419845,-0.03643827630202567,-0.0029112102074584706,-0.02873760976735698,-0.0642119979610168,-0.061527432590347854,,0.0,0.0,1.0,1.0,3.0,0.009539154189541694,0.15,107.0,1.0,1,0,0,0,0,0,0,-1,2024-12-16,0.0,0.0,0.0,2024-12-21,0.0,0.0,0.0,2024-12-26,0.0,0.0,0.0,2025-01-10,-0.005076153031860661,-200.0,-1.0,2025-01-27,0.0,0.0,0.0,2025-02-10,-0.012739025777429714,-500.0,-1.0,2025-03-11,-0.023048395436291017,-900.0,-1.0
2024-12-12,Thu,40000.0,40000.0,40000.0,39500.0,38200.0,37200.0,39200.0,38200.0,35900.0,35700.0,34200.0,0.0,2024-12-12,1.0,2,35900.0,35700.0,34200.0,39540.0,35266.666666666664,4273.333333333336,5300.0,5800.0,-0.5155850680344412,-0.565806076428512,-0.5573251948815747,2024-12-09,47100.0,-0.03545731183672944,0.0,41600.0,0.019418085857101516,-0.021403908663153493,42300.0,0.028778964550043327,-0.014084739881738972,3,-0.05179949536014146,-0.41228734596150735,2024-12-11,IS7Z24,341.0,3.0,97.0,False,-0.0058479698824231,-0.04228624618444877,-0.01166193974784298,-0.031748698314580354,-0.06198455383789449,-0.06737540247277095,,0.0,0.0,1.0,1.0,3.0,0.009545164285625836,0.15,107.0,0.0,1,0,0,0,0,0,0,-1,2024-12-17,0.0,0.0,0.0,2024-12-23,0.0,0.0,0.0,2024-12-30,0.0,0.0,0.0,2025-01-11,-0.007623925110659371,-300.0,-1.0,2025-01-27,0.0,0.0,0.0,2025-02-10,-0.012739025777429714,-500.0,-1.0,2025-03-12,-0.023048395436291017,-900.0,-1.0
2024-12-13,Fri,40000.0,40000.0,40000.0,39500.0,38200.0,37200.0,39200.0,38200.0,35700.0,35500.0,34000.0,0.0,2024-12-13,1.0,2,35700.0,35500.0,34000.0,39540.0,35066.666666666664,4473.333333333336,5500.0,6000.0,-0.12776103385076898,-0.17927908514167645,-0.17453055099872275,2024-12-12,46800.0,-0.027398974188114388,-0.021142436573809237,42100.0,0.031365659278219826,-0.0023724803536303565,42200.0,0.023981964686485405,-0.009434032233358642,1,-0.06374706878125953,-1.5372494745501235,2024-12-12,IS7Z24,348.0,0.0,30.0,False,0.02032000249095753,-0.02196624369349124,0.008658062743114548,-0.005730674708985046,-0.028058899291158356,-0.06569775079109319,,0.0,0.0,1.0,1.0,3.0,0.009497847290555573,0.2,102.0,1.0,1,0,0,0,1,0,0,-1,2024-12-18,0.0,0.0,0.0,2024-12-23,0.0,0.0,0.0,2024-12-30,0.0,0.0,0.0,2025-01-13,-0.005076153031860661,-200.0,-1.0,2025-01-27,0.0,0.0,0.0,2025-02-12,-0.012739025777429714,-500.0,-1.0,2025-03-13,-0.023048395436291017,-900.0,-1.0
2024-12-14,Sat,40000.0,40000.0,40000.0,39500.0,38200.0,37200.0,39200.0,38200.0,35900.0,35700.0,34200.0,0.0,2024-12-14,1.0,2,35900.0,35700.0,34200.0,39540.0,35266.666666666664,4273.333333333336,5300.0,5800.0,-0.4870618624654506,-0.5407311992695485,-0.5324842702144242,2024-12-13,46800.0,-0.025317807984289897,-0.025317807984289897,41900.0,0.009592399691439508,-0.03517361417826715,42300.0,0.016686918785014736,-0.03256101604931219,1,-0.058985155021015825,-1.0390114569275375,2024-12-13,IS7Z24,348.0,0.0,97.0,False,0.0,-0.02196624369349124,0.014472032608534392,-0.005730674708985046,-0.025315413345407527,-0.06569775079109319,,0.0,0.0,1.0,1.0,3.0,0.01057336971216532,0.2,97.0,1.0,1,0,0,0,1,0,0,-1,2024-12-19,0.0,0.0,0.0,2024-12-25,0.0,0.0,0.0,2024-12-30,0.0,0.0,0.0,2025-01-13,-0.005076153031860661,-200.0,-1.0,2025-01-28,0.0,0.0,0.0,2025-02-12,-0.012739025777429714,-500.0,-1.0,2025-03-15,-0.023048395436291017,-900.0,-1.0
2024-12-16,Mon,40000.0,40000.0,40000.0,39500.0,38200.0,37200.0,39200.0,38200.0,36200.0,36000.0,34500.0,0.0,2024-12-16,2.0,2,36200.0,36000.0,34500.0,39540.0,35566.666666666664,3973.3333333333358,5000.0,5500.0,-1.0212939735721835,-1.07580780841973,-1.062463262948874,2024-12-13,46800.0,-0.025317807984289897,-0.025317807984289897,41900.0,0.009592399691439508,-0.03517361417826715,42300.0,0.016686918785014736,-0.03256101604931219,3,-0.058985155021015825,-1.0053248984233816,2024-12-13,IS7Z24,348.0,0.0,97.0,False,0.0,-0.02196624369349124,0.014472032608534392,-0.005730674708985046,-0.025315413345407527,-0.06569775079109319,,0.0,0.0,1.0,1.0,3.0,0.01057336971216532,0.2,97.0,1.0,3,1,1,1,1,0,0,-1,2024-12-21,0.0,0.0,0.0,2024-12-26,0.0,0.0,0.0,2024-12-31,0.0,0.0,0.0,2025-01-15,0.0,0.0,0.0,2025-01-30,0.0,0.0,0.0,2025-02-14,-0.01788042527784841,-700.0,-1.0,2025-03-17,-0.023048395436291017,-900.0,-1.0
2024-12-17,Tue,40000.0,40000.0,40000.0,39500.0,38200.0,37200.0,39200.0,38200.0,36200.0,36000.0,34500.0,0.0,2024-12-17,1.0,2,36200.0,36000.0,34500.0,39540.0,35566.666666666664,3973.3333333333358,5000.0,5500.0,-0.9922089846354339,-1.0475766810140088,-1.0347751460751389,2024-12-16,46800.0,-0.03568059501983645,-0.06012173017898204,42500.0,0.004716989878138867,-0.023256862164267235,42500.0,-0.004694844304207729,-0.03012974145202927,1,-0.07320340402329494,-2.3470789987041725,2024-12-16,IS7Z24,347.0,0.0,97.0,False,-0.002877699827615169,-0.02484394352110641,0.005780362915499407,-0.022793009528556597,-0.03640109359085228,-0.06857545061870836,,0.0,0.0,1.0,1.0,3.0,0.010573843153099659,0.2,97.0,1.0,1,0,1,1,1,0,0,-1,2024-12-23,0.0,0.0,0.0,2024-12-30,0.0,0.0,0.0,2025-01-01,0.0,0.0,0.0,2025-01-16,0.0,0.0,0.0,2025-01-31,0.0,0.0,0.0,2025-02-17,-0.02564243061333767,-1000.0,-1.0,2025-03-17,-0.023048395436291017,-900.0,-1.0
2024-12-18,Wed,40000.0,40000.0,40000.0,39500.0,38200.0,37200.0,39200.0,38200.0,36500.0,36300.0,34800.0,0.0,2024-12-18,1.0,2,36500.0,36300.0,34800.0,39540.0,35866.666666666664,3673.3333333333358,4700.0,5200.0,-1.5015889943805183,-1.5519616683467496,-1.5347767936361139,2024-12-16,46800.0,-0.03568059501983645,-0.06012173017898204,42500.0,0.004716989878138867,-0.023256862164267235,42500.0,-0.004694844304207729,-0.03012974145202927,2,-0.07320340402329494,-2.225550866749094,2024-12-17,IS7Z24,351.0,0.0,97.0,False,0.011461443519006598,-0.01338250000209981,0.023055776299925848,0.020144566092467397,-0.024939650071845683,-0.0649984106238506,,0.0,0.0,1.0,1.0,3.0,0.010320993054053224,0.2,97.0,1.0,1,1,1,1,1,0,0,-1,2024-12-23,0.0,0.0,0.0,2024-12-30,0.0,0.0,0.0,2025-01-02,0.0,0.0,0.0,2025-01-17,0.0,0.0,0.0,2025-02-01,0.0,0.0,0.0,2025-02-17,-0.02564243061333767,-1000.0,-1.0,2025-03-18,-0.023048395436291017,-900.0,-1.0
2024-12-19,Thu,40000.0,40000.0,40000.0,39500.0,38200.0,37200.0,39200.0,38200.0,36700.0,36500.0,35000.0,0.0,2024-12-19,1.0,2,36700.0,36500.0,35000.0,39540.0,36066.666666666664,3473.3333333333358,4500.0,5000.0,-1.7995040464671825,-1.8440322549623205,-1.825005523632821,2024-12-16,46800.0,-0.03568059501983645,-0.06012173017898204,42500.0,0.004716989878138867,-0.023256862164267235,42500.0,-0.004694844304207729,-0.03012974145202927,3,-0.07320340402329494,-2.140577356571655,2024-12-18,IS7Z24,351.0,0.0,97.0,False,0.0,-0.01338250000209981,0.02890374618234895,0.01724180643450599,-0.01673166965401606,-0.062377177143976406,,0.0,0.0,1.0,1.0,3.0,0.01076460160506773,0.15,97.0,1.0,1,1,1,1,1,0,0,-1,2024-12-25,0.0,0.0,0.0,2024-12-30,0.0,0.0,0.0,2025-01-03,0.0,0.0,0.0,2025-01-18,0.0,0.0,0.0,2025-02-03,0.0,0.0,0.0,2025-02-17,-0.02564243061333767,-1000.0,-1.0,2025-03-19,-0.023048395436291017,-900.0,-1.0
2024-12-20,Fri,40000.0,40000.0,40000.0,39500.0,38200.0,37200.0,39200.0,38200.0,36200.0,36000.0,34500.0,0.0,2024-12-20,1.0,2,36200.0,36000.0,34500.0,39540.0,35566.666666666664,3973.3333333333358,5000.0,5500.0,-0.8563323204380353,-0.903285922690671,-0.8929971518450548,2024-12-19,47600.0,-0.014598799421152636,-0.04317217186520878,43000.0,0.025914288765470368,-0.009259325412796712,43400.0,0.016260520871780326,-0.011454878974766478,1,-0.08489944378648627,-3.158395882212356,2024-12-19,IS7Z24,351.0,0.0,30.0,False,0.0,-0.01338250000209981,0.008583743691391423,0.01724180643450599,-0.005681833467431124,-0.05711400709970177,,0.0,0.0,1.0,1.0,2.0,0.010636443337044442,0.15,97.0,1.0,1,0,0,0,1,0,0,-1,2024-12-25,0.0,0.0,0.0,2024-12-30,0.0,0.0,0.0,2025-01-04,0.0,0.0,0.0,2025-01-20,0.0,0.0,0.0,2025-02-03,0.0,0.0,0.0,2025-02-18,-0.030850775720475933,-1200.0,-1.0,2025-03-20,-0.015306421282675545,-600.0,-1.0
2024-12-21,Sat,40000.0,40000.0,40000.0,39500.0,38200.0,37200.0,39200.0,38200.0,36000.0,35800.0,34300.0,0.0,2024-12-21,1.0,2,36000.0,35800.0,34300.0,39540.0,35366.666666666664,4173.333333333336,5200.0,5700.0,-0.4829828238323353,-0.5311956387329796,-0.524030532631106,2024-12-20,47800.0,-0.0041753714104806215,-0.04699536859340881,42900.0,0.033178398697318603,-0.006968669316093316,43300.0,0.006952519314881663,-0.0023068060979150595,1,-0.08257115402689508,-2.67320875514132,2024-12-20,IS7Z24,351.0,0.0,97.0,False,0.0,-0.01338250000209981,0.008583743691391423,0.023055776299925834,-0.005681833467431124,-0.05711400709970177,,0.0,0.0,1.0,1.0,2.0,0.010347696555478908,0.15,97.0,1.0,1,0,0,0,1,0,0,-1,2024-12-26,0.0,0.0,0.0,2024-12-31,0.0,0.0,0.0,2025-01-06,0.0,0.0,0.0,2025-01-20,0.0,0.0,0.0,2025-02-04,0.0,0.0,0.0,2025-02-19,-0.030850775720475933,-1200.0,-1.0,2025-03-21,-0.010178204915756153,-400.0,-1.0
2024-12-23,Mon,40000.0,40000.0,40000.0,39500.0,38200.0,37200.0,39200.0,38200.0,36000.0,35800.0,34300.0,0.0,2024-12-23,2.0,2,36000.0,35800.0,34300.0,39540.0,35366.666666666664,4173.333333333336,5200.0,5700.0,-0.4633589091865759,-0.5120225859059325,-0.5033119213758761,2024-12-21,47800.0,0.006295928456814831,-0.04699536859340881,42700.0,0.021302580703868187,0.0,43200.0,0.03533936644530886,0.0023174981403624824,2,-0.07789824832750265,-2.1193016861975456,2024-12-20,IS7Z24,351.0,0.0,97.0,False,0.0,-0.01338250000209981,0.008583743691391423,0.023055776299925834,-0.005681833467431124,-0.05711400709970177,,0.0,0.0,1.0,1.0,2.0,0.010347696555478908,0.15,97.0,1.0,3,0,0,0,1,1,1,-1,2024-12-30,0.0,0.0,0.0,2025-01-02,0.0,0.0,0.0,2025-01-07,0.0,0.0,0.0,2025-01-22,0.0,0.0,0.0,2025-02-06,0.0,0.0,0.0,2025-02-21,-0.030850775720475933,-1200.0,-1.0,2025-03-24,-0.005076153031860661,-200.0,-1.0
2024-12-25,Wed,40000.0,40000.0,40000.0,39500.0,38200.0,37200.0,39200.0,38200.0,36200.0,36000.0,34500.0,0.0,2024-12-25,2.0,2,36200.0,36000.0,34500.0,39540.0,35566.666666666664,3973.3333333333358,5000.0,5500.0,-0.791711126383458,-0.8360194749139969,-0.8254379487341179,2024-12-24,47800.0,0.010515343999522907,-0.04299536326006273,42600.0,0.014184634991956381,0.018957913744614207,43300.0,0.021004272770531997,0.013953714773865308,1,-0.0755535813682486,-1.8246160471511752,2024-12-24,IS7Z24,346.0,0.0,97.0,False,0.0,-0.027729948410241352,-0.014347448408141547,0.008708327891784322,-0.020029281875572666,-0.0555036700692325,,0.0,0.0,0.0,1.0,2.0,0.010550222294312276,0.1,97.0,1.0,1,0,0,0,1,1,1,-1,2024-12-30,0.0,0.0,0.0,2025-01-04,0.0,0.0,0.0,2025-01-09,0.0,0.0,0.0,2025-01-24,0.0,0.0,0.0,2025-02-10,-0.012739025777429714,-500.0,-1.0,2025-02-24,-0.02824321231339505,-1100.0,-1.0,2025-03-25,0.0,0.0,0.0
2024-12-26,Thu,40000.0,40000.0,40000.0,39500.0,38200.0,37200.0,39200.0,38200.0,36200.0,36000.0,34500.0,0.0,2024-12-26,1.0,2,36200.0,36000.0,34500.0,39540.0,35566.666666666664,3973.3333333333358,5000.0,5500.0,-0.7651096162747569,-0.8082406039375483,-0.797935943087587,2024-12-24,47800.0,0.010515343999522907,-0.04299536326006273,42600.0,0.014184634991956381,0.018957913744614207,43300.0,0.021004272770531997,0.013953714773865308,2,-0.0755535813682486,-1.7436529705226513,2024-12-24,IS7Z24,346.0,0.0,97.0,False,0.0,-0.027729948410241352,-0.014347448408141547,0.008708327891784322,-0.020029281875572666,-0.0555036700692325,,0.0,0.0,0.0,1.0,2.0,0.010550222294312276,0.1,97.0,1.0,2,0,0,0,1,1,1,-1,2024-12-31,0.0,0.0,0.0,2025-01-06,0.0,0.0,0.0,2025-01-10,-0.005076153031860661,-200.0,-1.0,2025-01-27,0.0,0.0,0.0,2025-02-10,-0.012739025777429714,-500.0,-1.0,2025-02-24,-0.02824321231339505,-1100.0,-1.0,2025-03-26,0.0,0.0,0.0
2024-12-30,Mon,40000.0,40000.0,40000.0,39500.0,38200.0,37200.0,39200.0,38200.0,36200.0,36000.0,34500.0,0.0,2024-12-30,4.0,2,36200.0,36000.0,34500.0,39540.0,35566.666666666664,3973.3333333333358,5000.0,5500.0,-0.7383492491215009,-0.7805481931930864,-0.7704695735820258,2024-12-26,47800.0,0.004192878260035958,0.0,42600.0,0.026160826038672057,0.018957913744614207,43700.0,0.03492788105957843,0.044451762570833796,4,-0.0755535813682486,-1.6747772085828994,2024-12-27,IS7Z24,346.0,0.0,97.0,False,0.0,-0.027729948410241352,-0.014347448408141547,-0.005763704716750109,-0.01149437942573516,-0.03382260400790847,,0.0,0.0,0.0,1.0,2.0,0.010543315162809371,0.1,97.0,1.0,3,0,0,0,1,1,1,-1,2025-01-04,0.0,0.0,0.0,2025-01-09,0.0,0.0,0.0,2025-01-15,0.0,0.0,0.0,2025-01-29,0.0,0.0,0.0,2025-02-13,-0.012739025777429714,-500.0,-1.0,2025-02-28,-0.02564243061333767,-1000.0,-1.0,2025-03-31,0.01007565198874164,400.0,1.0
2024-12-31,Tue,40000.0,40000.0,40000.0,39500.0,38200.0,37200.0,39200.0,38200.0,36200.0,36000.0,34500.0,0.0,2024-12-31,1.0,2,36200.0,36000.0,34500.0,39540.0,35566.666666666664,3973.3333333333358,5000.0,5500.0,-0.7118583065198953,-0.7535733733804387,-0.7436111766554848,2024-12-30,47800.0,0.019007964045176542,-0.026833395303064576,43300.0,0.04487175417717545,0.05947055359832815,43700.0,0.044451762570833796,0.051654674864891933,1,-0.09185196310136796,-2.825187412896116,2024-12-30,IS7F25,354.0,0.0,30.0,True,,-0.027729948410241352,-0.014347448408141547,-0.005763704716750109,-0.01149437942573516,,,1.0,1.0,1.0,2.0,3.0,0.010482501326394104,0.1,97.0,1.0,1,0,0,0,1,1,1,-1,2025-01-06,0.0,0.0,0.0,2025-01-10,-0.005076153031860661,-200.0,-1.0,2025-01-15,0.0,0.0,0.0,2025-01-30,0.0,0.0,0.0,2025-02-14,-0.01788042527784841,-700.0,-1.0,2025-03-01,-0.02564243061333767,-1000.0,-1.0,2025-03-31,0.01007565198874164,400.0,1.0
2025-01-01,Wed,40000.0,40000.0,40000.0,39500.0,38200.0,37200.0,39200.0,38200.0,36000.0,35800.0,34300.0,0.0,2025-01-01,1.0,2,36000.0,35800.0,34300.0,39540.0,35366.666666666664,4173.333333333336,5200.0,5700.0,-0.32136104704634405,-0.3675223281924637,-0.35950556285845775,2024-12-30,47800.0,0.019007964045176542,-0.026833395303064576,43300.0,0.04487175417717545,0.05947055359832815,43700.0,0.044451762570833796,0.051654674864891933,2,-0.09185196310136796,-2.6528261229082792,2024-12-31,IS7F25,354.0,0.0,97.0,False,0.0,-0.027729948410241352,0.0,-0.0028860048891349395,-0.02567901441769154,,,1.0,1.0,1.0,2.0,3.0,0.010768849523027462,0.1,97.0,1.0,1,0,0,0,1,1,1,-1,2025-01-06,0.0,0.0,0.0,2025-01-11,-0.007623925110659371,-300.0,-1.0,2025-01-16,0.0,0.0,0.0,2025-01-31,0.0,0.0,0.0,2025-02-17,-0.02564243061333767,-1000.0,-1.0,2025-03-03,-0.02564243061333767,-1000.0,-1.0,2025-04-01,0.015075662405447396,600.0,1.0
2025-01-02,Thu,40000.0,40000.0,40000.0,39500.0,38200.0,37200.0,39200.0,38200.0,36000.0,35800.0,34300.0,0.0,2025-01-02,1.0,2,36000.0,35800.0,34300.0,39540.0,35366.666666666664,4173.333333333336,5200.0,5700.0,-0.29556799035416076,-0.341876974529642,-0.33385422178560303,2024-12-30,47800.0,0.019007964045176542,-0.026833395303064576,43300.0,0.04487175417717545,0.05947055359832815,43700.0,0.044451762570833796,0.051654674864891933,3,-0.09185196310136796,-2.5050617323446356,2024-12-31,IS7F25,354.0,0.0,97.0,False,0.0,-0.027729948410241352,0.0,-0.0028860048891349395,-0.02567901441769154,,,1.0,1.0,1.0,2.0,3.0,0.010768849523027462,0.1,97.0,1.0,2,0,0,0,1,1,1,-1,2025-01-07,0.0,0.0,0.0,2025-01-13,-0.005076153031860661,-200.0,-1.0,2025-01-17,0.0,0.0,0.0,2025-02-01,0.0,0.0,0.0,2025-02-17,-0.02564243061333767,-1000.0,-1.0,2025-03-03,-0.02564243061333767,-1000.0,-1.0,2025-04-02,0.015075662405447396,600.0,1.0
2025-01-03,Fri,40000.0,40000.0,40000.0,39500.0,38200.0,37200.0,39200.0,38200.0,36200.0,36000.0,34500.0,0.0,2025-01-03,1.0,2,36200.0,36000.0,34500.0,39540.0,35566.666666666664,3973.3333333333358,5000.0,5500.0,-0.6524700733511059,-0.6943372868881982,-0.6841688358927054,2025-01-02,47500.0,0.008456710018223458,-0.02700060181850597,43600.0,0.04695698308777108,0.06637506894487259,44000.0,0.03940254786602883,0.06818151241607226,1,-0.09875647844791251,-2.7848846687949838,2025-01-02,IS7F25,354.0,0.0,20.0,False,0.0,-0.027729948410241352,0.0,-0.014347448408141537,0.005797117684325857,,,1.0,1.0,1.0,2.0,3.0,0.010161119065471484,0.1,97.0,1.0,1,0,0,0,1,1,1,1,2025-01-08,0.0,0.0,0.0,2025-01-13,-0.005076153031860661,-200.0,-1.0,2025-01-18,0.0,0.0,0.0,2025-02-03,0.0,0.0,0.0,2025-02-17,-0.02564243061333767,-1000.0,-1.0,2025-03-04,-0.02564243061333767,-1000.0,-1.0,2025-04-03,0.022529113060028104,900.0,1.0
2025-01-04,Sat,40000.0,40000.0,40000.0,39500.0,38200.0,37200.0,39200.0,38200.0,36000.0,35800.0,34300.0,0.0,2025-01-04,1.0,2,36000.0,35800.0,34300.0,39540.0,35366.666666666664,4173.333333333336,5200.0,5700.0,-0.23436848833138121,-0.28119221775618275,-0.2731883890887554,2025-01-03,47300.0,0.010627092574286193,-0.016771881613828213,43300.0,0.02810489432010852,0.05947055359832815,43900.0,0.03949409903915957,0.06347606372564504,1,-0.09185196310136796,-2.167642992085686,2025-01-03,IS7F25,352.0,0.0,87.0,False,-0.005665737535677308,-0.03339568594591866,-0.005665737535677315,-0.020013185943818845,-0.0027713795093128606,,,1.0,1.0,1.0,2.0,3.0,0.00707366145970079,0.1,97.0,1.0,1,0,0,0,1,1,1,-1,2025-01-09,0.0,0.0,0.0,2025-01-15,0.0,0.0,0.0,2025-01-20,0.0,0.0,0.0,2025-02-03,0.0,0.0,0.0,2025-02-18,-0.030850775720475933,-1200.0,-1.0,2025-03-05,-0.02564243061333767,-1000.0,-1.0,2025-04-04,0.025001302205417186,1000.0,1.0
2025-01-06,Mon,40000.0,40000.0,40000.0,39500.0,38200.0,37200.0,39200.0,38200.0,35700.0,35500.0,34000.0,0.0,2025-01-06,2.0,2,35700.0,35500.0,34000.0,39540.0,35066.666666666664,4473.333333333336,5500.0,6000.0,0.40136589374284215,0.3463459071262121,0.35099324702782686,2025-01-03,47300.0,0.010627092574286193,-0.016771881613828213,43300.0,0.02810489432010852,0.05947055359832815,43900.0,0.03949409903915957,0.06347606372564504,3,-0.09185196310136796,-2.0542787640051805,2025-01-03,IS7F25,352.0,0.0,87.0,False,-0.005665737535677308,-0.03339568594591866,-0.005665737535677315,-0.020013185943818845,-0.0027713795093128606,,,1.0,1.0,1.0,2.0,3.0,0.00707366145970079,0.1,97.0,1.0,3,0,0,0,1,1,1,-1,2025-01-11,-0.007623925110659371,-300.0,-1.0,2025-01-16,0.0,0.0,0.0,2025-01-21,0.0,0.0,0.0,2025-02-05,0.0,0.0,0.0,2025-02-20,-0.030850775720475933,-1200.0,-1.0,2025-03-07,-0.023048395436291017,-900.0,-1.0,2025-04-07,0.022529113060028104,900.0,1.0
2025-01-07,Tue,40000.0,40000.0,40000.0,39500.0,38200.0,37200.0,39200.0,38200.0,35700.0,35500.0,34000.0,0.0,2025-01-07,1.0,2,35700.0,35500.0,34000.0,39540.0,35066.666666666664,4473.333333333336,5500.0,6000.0,0.4227552781534288,0.368364546779036,0.37296388066511527,2025-01-06,47100.0,0.006389798098770988,-0.01892800988551891,42900.0,0.02358599900587929,0.033178398697318603,43300.0,0.02336554895621191,0.04005246774122653,1,-0.08257115402689508,-1.4348325163799132,2025-01-06,IS7F25,352.0,0.0,87.0,False,0.0,-0.03339568594591866,-0.005665737535677315,-0.020013185943818845,-0.0027713795093128606,,,1.0,1.0,1.0,2.0,3.0,0.0071713141987630085,0.1,97.0,1.0,1,0,0,0,1,1,1,-1,2025-01-13,-0.005076153031860661,-200.0,-1.0,2025-01-17,0.0,0.0,0.0,2025-01-22,0.0,0.0,0.0,2025-02-06,0.0,0.0,0.0,2025-02-21,-0.030850775720475933,-1200.0,-1.0,2025-03-08,-0.023048395436291017,-900.0,-1.0,2025-04-07,0.022529113060028104,900.0,1.0
2025-01-08,Wed,40000.0,40000.0,40000.0,39500.0,38200.0,37200.0,39200.0,38200.0,35700.0,35500.0,34000.0,0.0,2025-01-08,1.0,2,35700.0,35500.0,34000.0,39540.0,35066.666666666664,4473.333333333336,5500.0,6000.0,0.44496227367304847,0.3912493303794289,0.3957970450593196,2025-01-06,47100.0,0.006389798098770988,-0.01892800988551891,42900.0,0.02358599900587929,0.033178398697318603,43300.0,0.02336554895621191,0.04005246774122653,2,-0.08257115402689508,-1.3844628394001455,2025-01-07,IS7F25,352.0,0.0,87.0,False,0.0,-0.03339568594591866,-0.005665737535677315,-0.020013185943818845,0.003042590356106984,,,0.0,1.0,1.0,2.0,3.0,0.0071713141987630085,0.1,97.0,1.0,1,0,0,0,1,1,1,1,2025-01-13,-0.005076153031860661,-200.0,-1.0,2025-01-18,0.0,0.0,0.0,2025-01-23,0.0,0.0,0.0,2025-02-10,-0.012739025777429714,-500.0,-1.0,2025-02-22,-0.030850775720475933,-1200.0,-1.0,2025-03-10,-0.023048395436291017,-900.0,-1.0,2025-04-08,0.015075662405447396,600.0,1.0
2025-01-09,Thu,40000.0,40000.0,40000.0,39500.0,38200.0,37200.0,39200.0,38200.0,35200.0,35000.0,33500.0,0.0,2025-01-09,1.0,2,35200.0,35000.0,33500.0,39540.0,34566.666666666664,4973.333333333336,6000.0,6500.0,1.5659944559518721,1.5007068885544794,1.4987107920087828,2025-01-08,47100.0,0.006389798098770988,-0.029290796921065457,42500.0,0.0,0.004716989878138867,43300.0,0.018648559078072995,0.013953714773865308,1,-0.07320340402329494,-0.8328736309705872,2025-01-08,IS7F25,349.0,0.0,87.0,False,-0.008559253395669948,-0.0419549393415886,-0.014224990931347263,-0.014224990931347253,-0.01133063290498278,-0.03425427280691992,,0.0,1.0,1.0,1.0,3.0,0.007038837563388568,0.1,97.0,1.0,1,-1,-1,-1,0,0,0,-1,2025-01-15,0.0,0.0,0.0,2025-01-20,0.0,0.0,0.0,2025-01-24,0.0,0.0,0.0,2025-02-10,-0.012739025777429714,-500.0,-1.0,2025-02-24,-0.02824321231339505,-1100.0,-1.0,2025-03-10,-0.023048395436291017,-900.0,-1.0,2025-04-09,0.017566323717899283,700.0,1.0
2025-01-10,Fri,39800.0,39800.0,39800.0,39300.0,38000.0,37000.0,39000.0,38000.0,34900.0,34700.0,33200.0,-200.0,2025-01-10,1.0,2,34900.0,34700.0,33200.0,39340.0,34266.666666666664,5073.333333333336,6100.0,6600.0,1.846812849990041,1.7787986313430955,1.7748865917420342,2025-01-09,47100.0,-0.010559760215002217,-0.025158559636154987,41800.0,-0.02830377616285182,-0.002389487397381467,43000.0,-0.009259325412796712,0.007001195458983561,1,-0.06167182065549511,-0.18593820488400817,2025-01-09,IS7F25,347.0,0.0,0.0,False,-0.005747142255567959,-0.04770208159715656,-0.019972133186915222,-0.019972133186915212,-0.011263805295130894,-0.04000141506248789,,0.0,1.0,1.0,1.0,3.0,0.00716861603725246,0.05,97.0,1.0,1,-1,-1,-1,0,-1,0,-1,2025-01-15,0.005076153031860568,200.0,1.0,2025-01-20,0.005076153031860568,200.0,1.0,2025-01-27,0.005076153031860568,200.0,1.0,2025-02-10,-0.007662872745569137,-300.0,-1.0,2025-02-24,-0.023167059281534418,-900.0,-1.0,2025-03-11,-0.017972242404430367,-700.0,-1.0,2025-04-10,0.022642476749759752,900.0,1.0
2025-01-11,Sat,39700.0,39700.0,39700.0,39200.0,37900.0,36900.0,38800.0,37800.0,34700.0,34500.0,33000.0,-100.0,2025-01-11,1.0,2,34700.0,34500.0,33000.0,39240.0,34066.666666666664,5173.333333333336,6200.0,6700.0,2.123099917440914,2.058557564391701,2.0526006871539173,2025-01-09,47100.0,-0.010559760215002217,-0.025158559636154987,41800.0,-0.02830377616285182,-0.002389487397381467,43000.0,-0.009259325412796712,0.007001195458983561,2,-0.06421959273429377,-0.31411300313901513,2025-01-10,IS7F25,349.0,0.0,87.0,False,0.005747142255568071,-0.04195493934158849,-0.008559253395669843,-0.014224990931347142,0.0003313068428602763,-0.03141739147172009,,0.0,1.0,1.0,1.0,3.0,0.00716592970878626,0.05,97.0,1.0,1,-1,-1,-1,0,-1,0,1,2025-01-16,0.007623925110659366,300.0,1.0,2025-01-21,0.007623925110659366,300.0,1.0,2025-01-27,0.007623925110659366,300.0,1.0,2025-02-10,-0.005115100666770377,-200.0,-1.0,2025-02-25,-0.018018505502678365,-700.0,-1.0,2025-03-12,-0.015424470325631639,-600.0,-1.0,2025-04-11,0.0276747221562205,1100.0,1.0
2025-01-13,Mon,39800.0,39800.0,39800.0,39300.0,38000.0,37000.0,38800.0,37800.0,34700.0,34500.0,33000.0,100.0,2025-01-13,2.0,2,34700.0,34500.0,33000.0,39340.0,34066.666666666664,5273.333333333336,6300.0,6800.0,2.3898544057502664,2.3320771917767535,2.3240629419564476,2025-01-09,47100.0,-0.010559760215002217,-0.025158559636154987,41800.0,-0.02830377616285182,-0.002389487397381467,43000.0,-0.009259325412796712,0.007001195458983561,4,-0.06167182065549511,-0.1723079272528105,2025-01-10,IS7F25,349.0,0.0,87.0,False,0.005747142255568071,-0.04195493934158849,-0.008559253395669843,-0.014224990931347142,0.0003313068428602763,-0.03141739147172009,,0.0,1.0,1.0,1.0,3.0,0.00716592970878626,0.05,97.0,1.0,3,-1,-1,-1,0,-1,0,1,2025-01-18,0.005076153031860568,200.0,1.0,2025-01-23,0.005076153031860568,200.0,1.0,2025-01-28,0.005076153031860568,200.0,1.0,2025-02-12,-0.007662872745569137,-300.0,-1.0,2025-02-27,-0.02056627758147697,-800.0,-1.0,2025-03-15,-0.017972242404430367,-700.0,-1.0,2025-04-14,0.025126950077421644,1000.0,1.0
2025-01-15,Wed,40000.0,40000.0,40000.0,39500.0,38000.0,37000.0,39000.0,38000.0,34700.0,34500.0,33000.0,200.0,2025-01-15,2.0,2,34700.0,34500.0,33000.0,39500.0,34066.666666666664,5433.333333333336,6500.0,7000.0,2.746100427494212,2.7900956255135956,2.779018167135524,2025-01-14,46700.0,-0.023281474822558643,-0.027456846233039317,41900.0,-0.023585999005879228,0.009592399691439508,42400.0,-0.021004272770532125,-0.014051753455650302,1,-0.058985155021015825,-0.0016291812367652367,2025-01-14,IS7F25,347.0,0.0,87.0,False,-0.002877699827615169,-0.04770208159715648,-0.014306395651237832,-0.01997213318691513,-0.02573583790366524,-0.0314665126126503,,0.0,0.0,1.0,1.0,3.0,0.00525806152998342,0.0,92.0,1.0,1,-1,-1,-1,0,-1,0,-1,2025-01-20,0.0,0.0,0.0,2025-01-27,0.0,0.0,0.0,2025-01-30,0.0,0.0,0.0,2025-02-14,-0.01788042527784841,-700.0,-1.0,2025-03-01,-0.02564243061333767,-1000.0,-1.0,2025-03-17,-0.023048395436291017,-900.0,-1.0,2025-04-15,0.015075662405447396,600.0,1.0
2025-01-16,Thu,40000.0,40000.0,40000.0,39500.0,38000.0,37000.0,39000.0,38000.0,34700.0,34500.0,33000.0,0.0,2025-01-16,1.0,2,34700.0,34500.0,33000.0,39500.0,34066.666666666664,5433.333333333336,6500.0,7000.0,2.6865466832825176,2.728816429464499,2.718541776843476,2025-01-15,46700.0,-0.023281474822558643,-0.016985546365743884,41900.0,-0.018913093306486845,0.0023894873973814854,42400.0,-0.01869213301215252,0.01664723343315621,1,-0.058985155021015825,0.023045038343664264,2025-01-15,IS7F25,348.0,0.0,87.0,False,0.0028776998276151956,-0.04482438176954128,-0.0028694424279526887,-0.017094433359299936,-0.019980438248434877,-0.042773447776991484,,0.0,0.0,1.0,1.0,3.0,0.005262925962679421,0.0,87.0,1.0,1,-1,-1,-1,0,-1,0,-1,2025-01-21,0.0,0.0,0.0,2025-01-27,0.0,0.0,0.0,2025-01-31,0.0,0.0,0.0,2025-02-17,-0.02564243061333767,-1000.0,-1.0,2025-03-03,-0.02564243061333767,-1000.0,-1.0,2025-03-17,-0.023048395436291017,-900.0,-1.0,2025-04-16,0.012578782206860185,500.0,1.0
2025-01-17,Fri,40000.0,40000.0,40000.0,39500.0,38000.0,37000.0,39000.0,38000.0,34700.0,34500.0,33000.0,0.0,2025-01-17,1.0,2,34700.0,34500.0,33000.0,39500.0,34066.666666666664,5433.333333333336,6500.0,7000.0,2.630264442643334,2.6709578387712467,2.6614084209433635,2025-01-16,46700.0,-0.023281474822558643,-0.012766130823035689,42000.0,-0.014184634991956413,0.0,42400.0,-0.021004272770532125,0.0,1,-0.06136894637629213,-0.08677791865914473,2025-01-16,IS7F25,345.0,0.0,20.0,False,-0.008658062743114541,-0.053482444512655825,-0.005780362915499271,-0.025752496102414476,-0.04009994451055601,-0.01995537841808863,,0.0,0.0,1.0,1.0,3.0,0.005335516196252272,0.0,87.0,1.0,1,-1,-1,-1,0,-1,0,-1,2025-01-22,0.0,0.0,0.0,2025-01-27,0.0,0.0,0.0,2025-02-01,0.0,0.0,0.0,2025-02-17,-0.02564243061333767,-1000.0,-1.0,2025-03-03,-0.02564243061333767,-1000.0,-1.0,2025-03-18,-0.023048395436291017,-900.0,-1.0,2025-04-17,0.0075662403833158766,300.0,1.0
2025-01-18,Sat,40000.0,40000.0,40000.0,39500.0,38000.0,37000.0,39000.0,38000.0,34900.0,34700.0,33200.0,0.0,2025-01-18,1.0,2,34900.0,34700.0,33200.0,39500.0,34266.666666666664,5233.333333333336,6300.0,6800.0,2.0912804364699946,2.129348028333768,2.1236532472178213,2025-01-16,46700.0,-0.023281474822558643,-0.012766130823035689,42000.0,-0.014184634991956413,0.0,42400.0,-0.021004272770532125,0.0,2,-0.06136894637629213,-0.06060261824039315,2025-01-17,IS7F25,348.0,0.0,87.0,False,0.008658062743114531,-0.044824381769541295,-0.00286944242795281,-0.011428695823622636,-0.03144188176744148,-0.014200075332935507,,0.0,0.0,1.0,1.0,3.0,0.004669024145112147,0.0,87.0,1.0,1,-1,-1,-1,0,-1,0,-1,2025-01-23,0.0,0.0,0.0,2025-01-28,0.0,0.0,0.0,2025-02-03,0.0,0.0,0.0,2025-02-17,-0.02564243061333767,-1000.0,-1.0,2025-03-04,-0.02564243061333767,-1000.0,-1.0,2025-03-19,-0.023048395436291017,-900.0,-1.0,2025-04-18,0.0025284463533586906,100.0,1.0
2025-01-20,Mon,40000.0,40000.0,40000.0,39500.0,38000.0,37000.0,39000.0,38000.0,34900.0,34700.0,33200.0,0.0,2025-01-20,2.0,2,34900.0,34700.0,33200.0,39500.0,34266.666666666664,5233.333333333336,6300.0,6800.0,2.0420228518870336,2.0786203482104835,2.0734085524501555,2025-01-16,46700.0,-0.023281474822558643,-0.012766130823035689,42000.0,-0.014184634991956413,0.0,42400.0,-0.021004272770532125,0.0,4,-0.06136894637629213,-0.03331319203671331,2025-01-17,IS7F25,348.0,0.0,87.0,False,0.008658062743114531,-0.044824381769541295,-0.00286944242795281,-0.011428695823622636,-0.03144188176744148,-0.014200075332935507,,0.0,0.0,1.0,1.0,3.0,0.004669024145112147,0.0,87.0,1.0,3,-1,-1,-1,0,-1,0,-1,2025-01-27,0.0,0.0,0.0,2025-01-30,0.0,0.0,0.0,2025-02-04,0.0,0.0,0.0,2025-02-19,-0.030850775720475933,-1200.0,-1.0,2025-03-06,-0.023048395436291017,-900.0,-1.0,2025-03-21,-0.010178204915756153,-400.0,-1.0,2025-04-21,-0.007623925110659371,-300.0,-1.0
2025-01-21,Tue,40000.0,40000.0,40000.0,39500.0,38000.0,37000.0,39000.0,38000.0,34900.0,34700.0,33200.0,0.0,2025-01-21,1.0,2,34900.0,34700.0,33200.0,39500.0,34266.666666666664,5233.333333333336,6300.0,6800.0,1.995437007359848,2.0306949114645274,2.0259185151496726,2025-01-16,46700.0,-0.023281474822558643,-0.012766130823035689,42000.0,-0.014184634991956413,0.0,42400.0,-0.021004272770532125,0.0,5,-0.06136894637629213,-0.004718096168483249,2025-01-17,IS7F25,348.0,0.0,87.0,False,0.008658062743114531,-0.044824381769541295,-0.00286944242795281,-0.011428695823622636,-0.03144188176744148,-0.014200075332935507,,0.0,0.0,1.0,1.0,3.0,0.004669024145112147,0.0,87.0,1.0,4,-1,-1,-1,0,-1,0,-1,2025-01-27,0.0,0.0,0.0,2025-01-31,0.0,0.0,0.0,2025-02-05,0.0,0.0,0.0,2025-02-20,-0.030850775720475933,-1200.0,-1.0,2025-03-07,-0.023048395436291017,-900.0,-1.0,2025-03-22,-0.010178204915756153,-400.0,-1.0,2025-04-21,-0.007623925110659371,-300.0,-1.0
2025-01-22,Wed,40000.0,40000.0,40000.0,39500.0,38000.0,37000.0,39000.0,38000.0,34900.0,34700.0,33200.0,0.0,2025-01-22,1.0,2,34900.0,34700.0,33200.0,39500.0,34266.666666666664,5233.333333333336,6300.0,6800.0,1.9295763654752698,1.962926249294392,1.9587002520339312,2025-01-16,46700.0,-0.023281474822558643,-0.012766130823035689,42000.0,-0.014184634991956413,0.0,42400.0,-0.021004272770532125,0.0,6,-0.06136894637629213,0.033889271844877514,2025-01-21,IS7F25,346.0,0.0,87.0,False,-0.0057637047167501294,-0.05058808648629143,-0.005763704716750121,-0.017192400540372767,-0.03720558648419161,-0.019963780049685638,,0.0,0.0,1.0,1.0,3.0,0.005270246271700427,0.0,87.0,1.0,1,-1,-1,-1,0,-1,0,-1,2025-01-27,0.0,0.0,0.0,2025-02-01,0.0,0.0,0.0,2025-02-06,0.0,0.0,0.0,2025-02-21,-0.030850775720475933,-1200.0,-1.0,2025-03-08,-0.023048395436291017,-900.0,-1.0,2025-03-24,-0.005076153031860661,-200.0,-1.0,2025-04-24,0.0025284463533586906,100.0,1.0
2025-01-23,Thu,40000.0,40000.0,40000.0,39500.0,38000.0,37000.0,39000.0,38000.0,35200.0,35000.0,33500.0,0.0,2025-01-23,1.0,2,35200.0,35000.0,33500.0,39500.0,34566.666666666664,4933.333333333336,6000.0,6500.0,1.282947124000074,1.3164818549027713,1.3158668086999208,2025-01-16,46700.0,-0.023281474822558643,-0.012766130823035689,42000.0,-0.014184634991956413,0.0,42400.0,-0.021004272770532125,0.0,7,-0.06136894637629213,0.05543025061533008,2025-01-22,IS7F25,345.0,0.0,87.0,False,-0.002894358026364526,-0.053482444512655956,-0.005780362915499477,-0.020086758566737292,-0.04009994451055614,-0.017044168210630317,,0.0,0.0,1.0,1.0,3.0,0.005335180974924263,0.0,87.0,1.0,1,-1,-1,-1,0,-1,0,-1,2025-01-28,0.0,0.0,0.0,2025-02-03,0.0,0.0,0.0,2025-02-10,-0.012739025777429714,-500.0,-1.0,2025-02-22,-0.030850775720475933,-1200.0,-1.0,2025-03-10,-0.023048395436291017,-900.0,-1.0,2025-03-24,-0.005076153031860661,-200.0,-1.0,2025-04-24,0.0025284463533586906,100.0,1.0
2025-01-24,Fri,40000.0,40000.0,40000.0,39500.0,38000.0,37000.0,39000.0,38000.0,35200.0,35000.0,33500.0,0.0,2025-01-24,1.0,2,35200.0,35000.0,33500.0,39500.0,34566.666666666664,4933.333333333336,6000.0,6500.0,1.2465303966144183,1.2788595057634897,1.2783886060635195,2025-01-16,,,,,,,,,,8,,,2025-01-23,IS7F25,345.0,0.0,30.0,False,0.0,-0.053482444512655956,-0.008658062743114673,-0.011527505171067346,-0.025752496102414597,-0.02285813807605013,,0.0,0.0,1.0,1.0,3.0,0.005317454525365287,0.0,87.0,1.0,1,-1,-1,-1,0,0,0,-1,2025-01-29,0.0,0.0,0.0,2025-02-03,0.0,0.0,0.0,2025-02-10,-0.012739025777429714,-500.0,-1.0,2025-02-24,-0.02824321231339505,-1100.0,-1.0,2025-03-10,-0.023048395436291017,-900.0,-1.0,2025-03-25,0.0,0.0,0.0,2025-04-24,0.0025284463533586906,100.0,1.0
2025-01-27,Mon,40000.0,40000.0,40000.0,39500.0,38000.0,37000.0,39000.0,38000.0,35200.0,35000.0,33500.0,0.0,2025-01-27,3.0,2,35200.0,35000.0,33500.0,39500.0,34566.666666666664,4933.333333333336,6000.0,6500.0,1.2063450810459515,1.2373332164063002,1.2369714489331771,2025-01-16,,,,,,,,,,11,,,2025-01-24,IS7F25,344.0,0.0,87.0,False,-0.002902759657961351,-0.056385204170617306,-0.0029027596579614835,-0.008683122573460739,-0.028655255760375947,-0.019946927868591643,,0.0,0.0,1.0,1.0,2.0,0.004427399601396839,0.0,87.0,1.0,3,-1,-1,-1,0,0,0,-1,2025-02-01,0.0,0.0,0.0,2025-02-06,0.0,0.0,0.0,2025-02-12,-0.012739025777429714,-500.0,-1.0,2025-02-26,-0.02564243061333767,-1000.0,-1.0,2025-03-13,-0.023048395436291017,-900.0,-1.0,2025-03-28,0.0050505157860685716,200.0,1.0,2025-04-28,-0.007623925110659371,-300.0,-1.0
2025-01-28,Tue,40000.0,40000.0,40000.0,39500.0,38000.0,37000.0,39000.0,38000.0,35200.0,35000.0,33500.0,0.0,2025-01-28,1.0,2,35200.0,35000.0,33500.0,39500.0,34566.666666666664,4933.333333333336,6000.0,6500.0,1.1656779360971237,1.1952783123064115,1.1949630362485948,2025-01-27,47000.0,-0.01687803778735175,-0.012685159527315687,41900.0,-0.016568426347232705,0.009592399691439508,42300.0,-0.03256101604931219,0.002366865010266244,1,-0.058985155021015825,0.30503382403361623,2025-01-27,IS7G25,349.0,0.0,87.0,True,,-0.056385204170617306,-0.011560822401076015,-0.014430264829028809,,,,1.0,1.0,2.0,2.0,3.0,0.0044281133444527805,0.0,87.0,1.0,1,-1,-1,-1,0,-1,0,0,2025-02-03,0.0,0.0,0.0,2025-02-10,-0.012739025777429714,-500.0,-1.0,2025-02-12,-0.012739025777429714,-500.0,-1.0,2025-02-27,-0.02564243061333767,-1000.0,-1.0,2025-03-15,-0.023048395436291017,-900.0,-1.0,2025-03-29,0.0050505157860685716,200.0,1.0,2025-04-28,-0.007623925110659371,-300.0,-1.0
2025-01-29,Wed,40000.0,40000.0,40000.0,39500.0,38000.0,37000.0,39000.0,38000.0,35400.0,35200.0,33700.0,0.0,2025-01-29,1.0,2,35400.0,35200.0,33700.0,39500.0,34766.666666666664,4733.333333333336,5800.0,6300.0,0.7551991078276553,0.7861715314342942,0.7879980511367295,2025-01-28,47100.0,-0.014752638475038183,0.004255325570138491,42200.0,-0.025732413966478015,0.019139340210697506,42300.0,-0.03256101604931219,0.011890746521521554,1,-0.06611954913488999,-0.1663332398002501,2025-01-28,IS7G25,354.0,0.0,87.0,False,0.01422499093134726,-0.04216021323927005,0.008427873247021374,0.0026641685302712693,,,,1.0,1.0,2.0,2.0,3.0,0.004540966687722888,0.0,87.0,1.0,1,0,0,0,0,-1,0,0,2025-02-03,0.0,0.0,0.0,2025-02-10,-0.012739025777429714,-500.0,-1.0,2025-02-13,-0.012739025777429714,-500.0,-1.0,2025-02-28,-0.02564243061333767,-1000.0,-1.0,2025-03-15,-0.023048395436291017,-900.0,-1.0,2025-03-31,0.01007565198874164,400.0,1.0,2025-04-29,-0.012739025777429714,-500.0,-1.0
2025-01-30,Thu,40000.0,40000.0,40000.0,39500.0,38000.0,37000.0,39000.0,38000.0,35400.0,35200.0,33700.0,0.0,2025-01-30,1.0,2,35400.0,35200.0,33700.0,39500.0,34766.666666666664,4733.333333333336,5800.0,6300.0,0.7339286325194843,0.7644344995447291,0.7663021147968386,2025-01-29,47100.0,-0.008456710018223509,0.0,42200.0,-0.03263692931302255,0.014320053774748471,42600.0,-0.032335380642936465,0.007067167223092353,1,-0.06611954913488999,-0.1491824735454125,2025-01-29,IS7G25,356.0,0.0,87.0,False,0.005633817718256064,-0.036526395521013985,0.016956048991641964,0.011175686076142503,-0.008796447110772623,,,1.0,1.0,1.0,2.0,3.0,0.0058759044788554374,0.0,87.0,1.0,1,0,0,0,0,-1,0,-1,2025-02-04,0.0,0.0,0.0,2025-02-10,-0.012739025777429714,-500.0,-1.0,2025-02-14,-0.01788042527784841,-700.0,-1.0,2025-03-01,-0.02564243061333767,-1000.0,-1.0,2025-03-17,-0.023048395436291017,-900.0,-1.0,2025-03-31,0.01007565198874164,400.0,1.0,2025-04-30,-0.012739025777429714,-500.0,-1.0
2025-01-31,Fri,40000.0,40000.0,40000.0,39500.0,38000.0,37000.0,39000.0,38000.0,35400.0,35200.0,33700.0,0.0,2025-01-31,1.0,2,35400.0,35200.0,33700.0,39500.0,34766.666666666664,4733.333333333336,5800.0,6300.0,0.7130650975764067,0.7431450081763754,0.745054577732968,2025-01-29,47100.0,-0.008456710018223509,0.0,42200.0,-0.03263692931302255,0.014320053774748471,42600.0,-0.032335380642936465,0.007067167223092353,2,-0.06611954913488999,-0.13508495090090766,2025-01-30,IS7G25,360.0,0.0,10.0,False,0.011173300598125255,-0.02535309492288873,0.02812934958976722,0.01947128684665256,0.002376853487352632,,,1.0,1.0,1.0,2.0,3.0,0.005898126756360611,0.0,87.0,1.0,1,0,0,0,0,-1,0,1,2025-02-05,0.0,0.0,0.0,2025-02-10,-0.012739025777429714,-500.0,-1.0,2025-02-17,-0.02564243061333767,-1000.0,-1.0,2025-03-03,-0.02564243061333767,-1000.0,-1.0,2025-03-17,-0.023048395436291017,-900.0,-1.0,2025-04-01,0.015075662405447396,600.0,1.0,2025-05-01,-0.012739025777429714,-500.0,-1.0
2025-02-01,Sat,40000.0,40000.0,40000.0,39500.0,38000.0,37000.0,39000.0,38000.0,35400.0,35200.0,33700.0,0.0,2025-02-01,1.0,2,35400.0,35200.0,33700.0,39500.0,34766.666666666664,4733.333333333336,5800.0,6300.0,0.6977447037794998,0.7275203931400527,0.7294729452851834,2025-01-29,47100.0,-0.008456710018223509,0.0,42200.0,-0.03263692931302255,0.014320053774748471,42600.0,-0.032335380642936465,0.007067167223092353,3,-0.06611954913488999,-0.12089593291258736,2025-01-31,IS7G25,360.0,0.0,77.0,False,0.0,-0.02535309492288873,0.03103210924772857,0.0281293495897671,0.002376853487352632,,,1.0,1.0,1.0,2.0,3.0,0.006475595180529852,0.0,87.0,1.0,1,0,0,0,0,-1,0,1,2025-02-06,0.0,0.0,0.0,2025-02-12,-0.012739025777429714,-500.0,-1.0,2025-02-17,-0.02564243061333767,-1000.0,-1.0,2025-03-03,-0.02564243061333767,-1000.0,-1.0,2025-03-18,-0.023048395436291017,-900.0,-1.0,2025-04-02,0.015075662405447396,600.0,1.0,2025-05-02,-0.012739025777429714,-500.0,-1.0
2025-02-03,Mon,40000.0,40000.0,40000.0,39500.0,38000.0,37000.0,39000.0,38000.0,35100.0,34900.0,33400.0,0.0,2025-02-03,2.0,2,35100.0,34900.0,33400.0,39500.0,34466.666666666664,5033.333333333336,6100.0,6600.0,1.2309051134880868,1.255474276172154,1.2543170662911673,2025-01-29,47100.0,-0.008456710018223509,0.0,42200.0,-0.03263692931302255,0.014320053774748471,42600.0,-0.032335380642936465,0.007067167223092353,5,-0.06611954913488999,-0.10158941948791507,2025-01-31,IS7G25,360.0,0.0,77.0,False,0.0,-0.02535309492288873,0.03103210924772857,0.0281293495897671,0.002376853487352632,,,1.0,1.0,1.0,2.0,3.0,0.006475595180529852,0.0,87.0,1.0,3,-1,-1,-1,0,-1,0,1,2025-02-10,-0.012739025777429714,-500.0,-1.0,2025-02-13,-0.012739025777429714,-500.0,-1.0,2025-02-18,-0.030850775720475933,-1200.0,-1.0,2025-03-05,-0.02564243061333767,-1000.0,-1.0,2025-03-20,-0.015306421282675545,-600.0,-1.0,2025-04-04,0.025001302205417186,1000.0,1.0,2025-05-05,-0.012739025777429714,-500.0,-1.0
2025-02-04,Tue,40000.0,40000.0,40000.0,39500.0,38000.0,37000.0,39000.0,38000.0,35000.0,34800.0,33300.0,0.0,2025-02-04,1.0,2,35000.0,34800.0,33300.0,39500.0,34366.666666666664,5133.333333333336,6200.0,6700.0,1.372819237646577,1.3946808289834491,1.3926074784374278,2025-02-03,47300.0,0.0,0.010627092574286193,41300.0,-0.047290135041457106,-0.019185240721348612,42300.0,-0.03712723402889334,0.002366865010266244,1,-0.0445618280599109,1.4683736490705976,2025-02-03,IS7G25,360.0,0.0,77.0,False,0.0,-0.02535309492288873,0.03103210924772857,0.019471286846652572,0.00804259102302994,,,0.0,1.0,1.0,2.0,3.0,0.006475595180529852,0.0,87.0,1.0,1,-1,-1,-1,-1,0,0,1,2025-02-10,-0.012739025777429714,-500.0,-1.0,2025-02-14,-0.01788042527784841,-700.0,-1.0,2025-02-19,-0.030850775720475933,-1200.0,-1.0,2025-03-06,-0.023048395436291017,-900.0,-1.0,2025-03-21,-0.010178204915756153,-400.0,-1.0,2025-04-05,0.022529113060028104,900.0,1.0,2025-05-05,-0.012739025777429714,-500.0,-1.0
2025-02-05,Wed,40000.0,40000.0,40000.0,39500.0,38000.0,37000.0,39000.0,38000.0,34700.0,34500.0,33000.0,0.0,2025-02-05,1.0,2,34700.0,34500.0,33000.0,39500.0,34066.666666666664,5433.333333333336,6500.0,7000.0,1.8658493821431428,1.8806496219895856,1.875528868998581,2025-02-04,47500.0,0.008456710018223458,0.014846508116994419,41300.0,-0.03800932596698417,-0.014423326961104939,41800.0,-0.035256295477733485,-0.011890746521521674,1,-0.0445618280599109,1.4510050655380038,2025-02-04,IS7G25,359.0,0.0,77.0,False,-0.0027816429618768026,-0.02813473788476553,0.014025475354504506,0.0224533486015259,0.005260948061153138,,,0.0,1.0,1.0,2.0,3.0,0.006322764721563971,0.0,87.0,1.0,1,-1,-1,-1,-1,0,0,1,2025-02-10,-0.012739025777429714,-500.0,-1.0,2025-02-17,-0.02564243061333767,-1000.0,-1.0,2025-02-20,-0.030850775720475933,-1200.0,-1.0,2025-03-07,-0.023048395436291017,-900.0,-1.0,2025-03-22,-0.010178204915756153,-400.0,-1.0,2025-04-07,0.022529113060028104,900.0,1.0,2025-05-06,-0.012739025777429714,-500.0,-1.0
2025-02-06,Thu,40000.0,40000.0,40000.0,39500.0,38000.0,37000.0,39000.0,38000.0,34700.0,34500.0,33000.0,0.0,2025-02-06,1.0,2,34700.0,34500.0,33000.0,39500.0,34066.666666666664,5433.333333333336,6500.0,7000.0,1.7811847366639415,1.7942455617948811,1.7895106332623087,2025-02-04,47500.0,0.008456710018223458,0.014846508116994419,41300.0,-0.03800932596698417,-0.014423326961104939,41800.0,-0.035256295477733485,-0.011890746521521674,2,-0.0445618280599109,1.4147466476309638,2025-02-05,IS7G25,359.0,0.0,77.0,False,0.0,-0.02813473788476553,0.008391657636248443,0.025347706627890425,0.005260948061153138,,,0.0,1.0,1.0,2.0,3.0,0.006365172480892363,0.0,87.0,1.0,1,-1,-1,-1,-1,0,0,1,2025-02-12,-0.012739025777429714,-500.0,-1.0,2025-02-17,-0.02564243061333767,-1000.0,-1.0,2025-02-21,-0.030850775720475933,-1200.0,-1.0,2025-03-08,-0.023048395436291017,-900.0,-1.0,2025-03-24,-0.005076153031860661,-200.0,-1.0,2025-04-07,0.022529113060028104,900.0,1.0,2025-05-07,-0.007623925110659371,-300.0,-1.0
2025-02-10,Mon,39500.0,39500.0,39500.0,39000.0,37500.0,36000.0,38000.0,37000.0,34900.0,34700.0,33200.0,-500.0,2025-02-10,4.0,2,34900.0,34700.0,33200.0,39000.0,34266.666666666664,4733.333333333336,5800.0,6300.0,0.48978574508070216,0.5167126508784142,0.5193494127906909,2025-02-07,47300.0,0.0042372944755152174,0.010627092574286193,41400.0,-0.026223195099102443,-0.026223195099102443,41800.0,-0.035256295477733485,-0.016607736399660525,3,-0.05971923470162231,0.32997956971968684,2025-02-07,IS7G25,358.0,0.0,77.0,False,-0.0027894020875785254,-0.030924139972344056,-0.005571045049455337,0.02546106419827325,0.01677794162481252,,,0.0,1.0,1.0,2.0,3.0,0.005997318585629275,0.0,87.0,1.0,3,0,0,0,0,0,0,1,2025-02-17,-0.012903404835907841,-500.0,-1.0,2025-02-20,-0.01811174994304617,-700.0,-1.0,2025-02-25,-0.012903404835907841,-500.0,-1.0,2025-03-12,-0.010309369658861213,-400.0,-1.0,2025-03-27,0.01778954156349824,700.0,1.0,2025-04-11,0.03278982282299097,1300.0,1.0,2025-05-12,0.010204170174241668,400.0,1.0
2025-02-12,Wed,39500.0,39500.0,39500.0,39000.0,37500.0,36000.0,38000.0,36700.0,34700.0,34500.0,33000.0,0.0,2025-02-12,2.0,2,34700.0,34500.0,33000.0,39000.0,34066.666666666664,4933.333333333336,6000.0,6500.0,0.8177706252195049,0.8399623785007185,0.8405691172344053,2025-02-10,47600.0,0.010559760215002253,0.0,42200.0,0.009523881511255541,-0.01877989465159636,42300.0,-0.016413029641330144,-0.025672355054126836,2,-0.0788585749123197,-0.9924179495876192,2025-02-11,IS7G25,357.0,0.0,77.0,False,-0.002797204621061254,-0.03372134459340531,-0.005586606708639788,0.008438868645864739,0.011103037176136013,,,0.0,0.0,1.0,2.0,3.0,0.005738712645763017,0.0,87.0,1.0,1,0,0,0,0,1,0,1,2025-02-17,-0.012903404835907841,-500.0,-1.0,2025-02-22,-0.01811174994304617,-700.0,-1.0,2025-02-27,-0.012903404835907841,-500.0,-1.0,2025-03-15,-0.010309369658861213,-400.0,-1.0,2025-03-29,0.01778954156349824,700.0,1.0,2025-04-14,0.03278982282299097,1300.0,1.0,2025-05-14,0.010204170174241668,400.0,1.0
2025-02-13,Thu,39500.0,39500.0,39500.0,39000.0,37500.0,36000.0,38000.0,36700.0,34700.0,34500.0,33000.0,0.0,2025-02-13,1.0,2,34700.0,34500.0,33000.0,39000.0,34066.666666666664,4933.333333333336,6000.0,6500.0,0.7898143384834347,0.8115245075405492,0.8121096077509536,2025-02-12,47700.0,0.021187233219443845,-0.002094241603114737,41900.0,0.0,-0.023585999005879228,42300.0,-0.00236127618567982,-0.023365548956211884,1,-0.07172418079844561,-0.46572891834538144,2025-02-12,IS7G25,358.0,0.0,77.0,False,0.002797204621061219,-0.03092413997234409,-0.002789402087578569,0.005602255548669893,0.0167779416248124,-0.003194191562102741,,0.0,0.0,1.0,1.0,3.0,0.00573632340719448,0.0,87.0,1.0,1,0,0,0,0,0,0,1,2025-02-18,-0.01811174994304617,-700.0,-1.0,2025-02-24,-0.015504186535965199,-600.0,-1.0,2025-02-28,-0.012903404835907841,-500.0,-1.0,2025-03-15,-0.010309369658861213,-400.0,-1.0,2025-03-31,0.022814677766171264,900.0,1.0,2025-04-14,0.03278982282299097,1300.0,1.0,2025-05-14,0.010204170174241668,400.0,1.0
2025-02-14,Fri,39300.0,39300.0,39300.0,38800.0,37300.0,35800.0,37900.0,36700.0,34500.0,34300.0,32800.0,-200.0,2025-02-14,1.0,2,34500.0,34300.0,32800.0,38800.0,33866.666666666664,4933.333333333336,6000.0,6500.0,0.7637350349133006,0.7851431378589339,0.7857795562376767,2025-02-13,,,,41800.0,-0.002389487397381467,-0.021302580703868264,42300.0,-0.00236127618567982,-0.02105340919783238,1,-0.07447609290148292,-0.6433294160637271,2025-02-13,IS7G25,358.0,0.0,10.0,False,0.0,-0.03092413997234409,-0.002789402087578569,-0.005571045049455362,0.013900241797197206,-0.003194191562102741,,0.0,0.0,1.0,1.0,3.0,0.0056936272447602725,0.0,82.0,1.0,1,0,0,0,0,0,0,1,2025-02-19,-0.012970350442627404,-500.0,-1.0,2025-02-24,-0.010362787035546547,-400.0,-1.0,2025-03-01,-0.007762005335489189,-300.0,-1.0,2025-03-17,-0.005167970158442561,-200.0,-1.0,2025-03-31,0.027956077266589916,1100.0,1.0,2025-04-15,0.032956087683295845,1300.0,1.0,2025-05-16,0.01534556967466032,600.0,1.0
2025-02-17,Mon,39000.0,39000.0,39000.0,38500.0,37000.0,35500.0,37500.0,36200.0,34200.0,34000.0,32500.0,-300.0,2025-02-17,3.0,2,34200.0,34000.0,32500.0,38500.0,33566.666666666664,4933.333333333336,6000.0,6500.0,0.7381585520812382,0.7593089146267816,0.759997883229242,2025-02-14,47600.0,0.019088596562522618,-0.004192878260035927,41500.0,-0.01197619104671565,-0.026160826038672164,42200.0,-0.004728141195946012,-0.025732413966478015,3,-0.07503518594291408,-0.6644751785124133,2025-02-14,IS7G25,358.0,0.0,77.0,False,0.0,-0.03092413997234409,-4.336808689942018e-17,-0.005571045049455362,0.022558304540311748,-0.003194191562102741,,0.0,0.0,1.0,1.0,3.0,0.005675866738218286,0.0,77.0,1.0,3,0,0,0,0,0,0,1,2025-02-22,-0.005208345107138235,-200.0,-1.0,2025-02-27,0.0,0.0,0.0,2025-03-04,0.0,0.0,0.0,2025-03-19,0.002594035177046528,100.0,1.0,2025-04-03,0.048171543673365756,1900.0,1.0,2025-04-18,0.028170876966696224,1100.0,1.0,2025-05-19,0.018018505502678212,700.0,1.0
2025-02-18,Tue,38800.0,38800.0,38800.0,38300.0,37000.0,35300.0,37400.0,36200.0,34200.0,34000.0,32500.0,-200.0,2025-02-18,1.0,2,34200.0,34000.0,32500.0,38340.0,33566.666666666664,4773.333333333336,5800.0,6300.0,0.43064410571570955,0.3872120862431846,0.3903158845839331,2025-02-17,47500.0,0.016985546365743807,-0.006295928456814812,41500.0,-0.009592399691439409,-0.026160826038672164,42000.0,-0.0071174677688639896,-0.039678483818176145,1,-0.08024353105005236,-1.0009196507580909,2025-02-14,IS7G25,358.0,0.0,77.0,False,0.0,-0.03092413997234409,-4.336808689942018e-17,-0.005571045049455362,0.022558304540311748,-0.003194191562102741,,0.0,0.0,1.0,1.0,3.0,0.005675866738218286,0.0,77.0,1.0,4,0,0,0,1,0,0,1,2025-02-24,0.0026075634070807695,100.0,1.0,2025-02-28,0.00520834510713826,200.0,1.0,2025-03-05,0.00520834510713826,200.0,1.0,2025-03-20,0.015544354437800379,600.0,1.0,2025-04-04,0.05585207792589321,2200.0,1.0,2025-04-21,0.023226850609816555,900.0,1.0,2025-05-19,0.023226850609816555,900.0,1.0
2025-02-19,Wed,38800.0,38800.0,38800.0,38300.0,37000.0,35300.0,37400.0,36200.0,34400.0,34200.0,32700.0,0.0,2025-02-19,1.0,2,34400.0,34200.0,32700.0,38340.0,33766.666666666664,4573.333333333336,5600.0,6100.0,0.05338306899636536,0.017468883506660607,0.0231277470041834,2025-02-17,47500.0,0.016985546365743807,-0.006295928456814812,41500.0,-0.009592399691439409,-0.026160826038672164,42000.0,-0.0071174677688639896,-0.039678483818176145,2,-0.08024353105005236,-0.9672233541682707,2025-02-18,IS7G25,358.0,0.0,77.0,False,0.0,-0.03092413997234409,-4.336808689942018e-17,-0.005571045049455362,0.013900241797197217,0.002471545973574567,,0.0,0.0,1.0,1.0,3.0,0.0052084471100950856,0.0,77.0,1.0,1,0,0,0,0,0,0,1,2025-02-24,0.0026075634070807695,100.0,1.0,2025-03-01,0.00520834510713826,200.0,1.0,2025-03-06,0.0078023802841848,300.0,1.0,2025-03-21,0.020672570804719882,800.0,1.0,2025-04-05,0.05337988878050402,2100.0,1.0,2025-04-21,0.023226850609816555,900.0,1.0,2025-05-20,0.018111749943046103,700.0,1.0
2025-02-20,Thu,38800.0,38800.0,38800.0,38300.0,37000.0,35300.0,37300.0,36100.0,34400.0,34200.0,32700.0,0.0,2025-02-20,1.0,2,34400.0,34200.0,32700.0,38340.0,33766.666666666664,4573.333333333336,5600.0,6100.0,0.03475679834632768,0.0,0.005834237792702575,2025-02-19,47400.0,0.008474626990972236,-0.008403410796379504,41300.0,-0.021557721074979105,-0.047290135041457106,41800.0,-0.011890746521521674,-0.04445176257083381,1,-0.07541260378038675,-0.5958161108853604,2025-02-19,IS7G25,358.0,0.0,77.0,False,0.0,-0.03092413997234409,0.0027972046210612105,-0.0027894020875785593,0.019663946513947345,0.002471545973574567,,0.0,0.0,1.0,1.0,3.0,0.004887366009603015,0.0,77.0,1.0,1,0,0,0,0,0,0,1,2025-02-25,0.00520834510713826,200.0,1.0,2025-03-03,0.00520834510713826,200.0,1.0,2025-03-07,0.0078023802841848,300.0,1.0,2025-03-22,0.020672570804719882,800.0,1.0,2025-04-07,0.05337988878050402,2100.0,1.0,2025-04-21,0.023226850609816555,900.0,1.0,2025-05-21,0.012970350442627405,500.0,1.0
2025-02-21,Fri,38800.0,38800.0,38800.0,38300.0,37000.0,35300.0,37300.0,36100.0,34400.0,34200.0,32700.0,0.0,2025-02-21,1.0,2,34400.0,34200.0,32700.0,38340.0,33766.666666666664,4573.333333333336,5600.0,6100.0,0.015750520234050845,-0.017803531243080085,-0.011779706908965655,2025-02-19,47400.0,0.008474626990972236,-0.008403410796379504,41300.0,-0.021557721074979105,-0.047290135041457106,41800.0,-0.011890746521521674,-0.04445176257083381,2,-0.07541260378038675,-0.570455286478589,2025-02-20,IS7G25,357.0,0.0,10.0,False,-0.002797204621061254,-0.033721344593405346,-0.0027972046210612625,-0.005586606708639813,0.019761099919250617,-0.00032565864748668703,,0.0,0.0,1.0,1.0,3.0,0.0046341255435903474,0.0,77.0,1.0,1,0,0,0,0,0,0,1,2025-02-26,0.00520834510713826,200.0,1.0,2025-03-03,0.00520834510713826,200.0,1.0,2025-03-08,0.0078023802841848,300.0,1.0,2025-03-24,0.025774622688615155,1000.0,1.0,2025-04-07,0.05337988878050402,2100.0,1.0,2025-04-24,0.03337922207383461,1300.0,1.0,2025-05-22,0.0078023802841848,300.0,1.0
2025-02-22,Sat,38800.0,38800.0,38800.0,38300.0,37000.0,35300.0,37300.0,36000.0,34400.0,34200.0,32700.0,0.0,2025-02-22,1.0,2,34400.0,34200.0,32700.0,38340.0,33766.666666666664,4573.333333333336,5600.0,6100.0,-0.008636381640623277,-0.04230608392793876,-0.03597420537706863,2025-02-21,47300.0,0.0042372944755152174,-0.010515343999523008,41400.0,-0.019139340210697395,-0.05177626952371997,42400.0,-0.004705891037412617,-0.0370412716803491,1,-0.0778309846446684,-0.7197719760035923,2025-02-21,IS7G25,357.0,0.0,77.0,False,0.0,-0.033721344593405346,-0.0027972046210612625,-0.005586606708639813,0.019761099919250617,0.00823359474818326,,0.0,0.0,1.0,1.0,2.0,0.004629600437051719,0.0,77.0,1.0,1,0,0,0,0,0,0,1,2025-02-27,0.00520834510713826,200.0,1.0,2025-03-04,0.00520834510713826,200.0,1.0,2025-03-10,0.0078023802841848,300.0,1.0,2025-03-24,0.025774622688615155,1000.0,1.0,2025-04-08,0.04592643812592321,1800.0,1.0,2025-04-24,0.03337922207383461,1300.0,1.0,2025-05-23,0.0078023802841848,300.0,1.0
2025-02-24,Mon,38900.0,38900.0,38900.0,38400.0,37100.0,35400.0,37400.0,36100.0,34700.0,34500.0,33000.0,100.0,2025-02-24,2.0,2,34700.0,34500.0,33000.0,38440.0,34066.666666666664,4373.333333333336,5400.0,5900.0,-0.409331563656523,-0.4277824772344469,-0.42778247723444485,2025-02-22,47300.0,0.0042372944755152174,-0.004219415542708211,41400.0,0.0024183808642816527,-0.04487175417717551,42400.0,0.0023612761856796854,-0.034765957843213555,2,-0.07522342123758752,-0.5039226660491608,2025-02-21,IS7G25,357.0,0.0,77.0,False,0.0,-0.033721344593405346,-0.0027972046210612625,-0.005586606708639813,0.019761099919250617,0.00823359474818326,,0.0,0.0,1.0,1.0,2.0,0.004629600437051719,0.0,77.0,1.0,3,0,0,0,0,1,0,1,2025-03-01,0.0026007817000574403,100.0,1.0,2025-03-06,0.00519481687710393,200.0,1.0,2025-03-11,0.00519481687710393,200.0,1.0,2025-03-26,0.02824321231339494,1100.0,1.0,2025-04-10,0.0458095360312942,1800.0,1.0,2025-04-28,0.02061928720273561,800.0,1.0,2025-05-26,0.00519481687710393,200.0,1.0
2025-02-25,Tue,39000.0,39000.0,39000.0,38500.0,37200.0,35500.0,37500.0,36200.0,34700.0,34500.0,33000.0,100.0,2025-02-25,1.0,2,34700.0,34500.0,33000.0,38540.0,34066.666666666664,4473.333333333336,5500.0,6000.0,-0.2490439992096011,-0.2723112023396919,-0.2723112023396905,2025-02-22,47300.0,0.0042372944755152174,-0.004219415542708211,41400.0,0.0024183808642816527,-0.04487175417717551,42400.0,0.0023612761856796854,-0.034765957843213555,3,-0.07262263953753013,-0.2860558122078754,2025-02-24,IS7H25,364.0,0.0,77.0,True,,-0.033721344593405346,-0.0027972046210612625,-0.0027972046210612872,,,,1.0,1.0,2.0,2.0,3.0,0.004629600437051719,0.0,77.0,1.0,1,0,0,0,0,1,0,0,2025-03-03,0.0,0.0,0.0,2025-03-07,0.002594035177046528,100.0,1.0,2025-03-12,0.002594035177046528,100.0,1.0,2025-03-27,0.030692946399406198,1200.0,1.0,2025-04-11,0.04569322765889877,1800.0,1.0,2025-04-28,0.018018505502678212,700.0,1.0,2025-05-26,0.002594035177046528,100.0,1.0
2025-02-26,Wed,39000.0,39000.0,39000.0,38500.0,37200.0,35500.0,37500.0,36200.0,34700.0,34500.0,33000.0,0.0,2025-02-26,1.0,2,34700.0,34500.0,33000.0,38540.0,34066.666666666664,4473.333333333336,5500.0,6000.0,-0.2825400715690542,-0.3055208255494568,-0.30552082554945514,2025-02-25,47800.0,0.010515343999522907,0.010515343999522907,42000.0,0.01680711831638119,-0.021202207650602937,42600.0,0.018957913744614207,-0.01629838173311942,1,-0.08701137698962981,-1.3456613574936114,2025-02-25,IS7H25,364.0,0.0,77.0,False,0.0,-0.033721344593405346,-0.0027972046210612625,-0.0027972046210612877,0.022663859577211967,,,1.0,1.0,1.0,2.0,3.0,0.0046614068652499315,0.0,77.0,1.0,1,0,0,0,1,1,1,1,2025-03-03,0.0,0.0,0.0,2025-03-08,0.002594035177046528,100.0,1.0,2025-03-13,0.002594035177046528,100.0,1.0,2025-03-28,0.030692946399406198,1200.0,1.0,2025-04-12,0.04569322765889877,1800.0,1.0,2025-04-28,0.018018505502678212,700.0,1.0,2025-05-27,-0.0026007817000573675,-100.0,-1.0
2025-02-27,Thu,39000.0,39000.0,39000.0,38500.0,37200.0,35500.0,37500.0,36200.0,34900.0,34700.0,33200.0,0.0,2025-02-27,1.0,2,34900.0,34700.0,33200.0,38540.0,34266.666666666664,4273.333333333336,5300.0,5800.0,-0.712287296129124,-0.7235451777703088,-0.7235451777703047,2025-02-25,47800.0,0.010515343999522907,0.010515343999522907,42000.0,0.01680711831638119,-0.021202207650602937,42600.0,0.018957913744614207,-0.01629838173311942,2,-0.08701137698962981,-1.306894353804828,2025-02-26,IS7H25,364.0,0.0,77.0,False,0.0,-0.033721344593405346,-0.0027972046210612625,-3.382710778154774e-17,0.00843886864586471,,,1.0,1.0,1.0,2.0,3.0,0.004539273311365945,0.0,77.0,1.0,1,0,0,0,1,1,1,1,2025-03-04,0.0,0.0,0.0,2025-03-10,0.002594035177046528,100.0,1.0,2025-03-15,0.002594035177046528,100.0,1.0,2025-03-29,0.030692946399406198,1200.0,1.0,2025-04-14,0.04569322765889877,1800.0,1.0,2025-04-28,0.018018505502678212,700.0,1.0,2025-05-28,-0.010443959161083262,-400.0,-1.0
2025-02-28,Fri,39000.0,39000.0,39000.0,38500.0,37200.0,35500.0,37500.0,36200.0,34900.0,34700.0,33200.0,0.0,2025-02-28,1.0,2,34900.0,34700.0,33200.0,38540.0,34266.666666666664,4273.333333333336,5300.0,5800.0,-0.7122872961291258,-0.7235451777703088,-0.7235451777703047,2025-02-27,48000.0,0.010471299867295437,0.01892800988551886,42400.0,0.023867481406643486,-0.0023557136924590365,42800.0,0.023641763057040494,-0.011614532420693002,1,-0.09649012094417349,-2.0038700846884616,2025-02-27,IS7H25,364.0,0.0,10.0,False,0.0,-0.033721344593405346,0.0,-0.002797204621061253,0.002805050927608645,,,1.0,1.0,1.0,2.0,3.0,0.0032645042094029022,0.0,77.0,1.0,1,0,0,0,1,1,1,1,2025-03-05,0.0,0.0,0.0,2025-03-10,0.002594035177046528,100.0,1.0,2025-03-15,0.002594035177046528,100.0,1.0,2025-03-31,0.035718082602079246,1400.0,1.0,2025-04-14,0.04569322765889877,1800.0,1.0,2025-04-29,0.012903404835907782,500.0,1.0,2025-05-29,-0.01570712920535788,-600.0,-1.0
2025-03-01,Sat,39000.0,39000.0,39000.0,38500.0,37200.0,35500.0,37500.0,36200.0,34900.0,34700.0,33200.0,0.0,2025-03-01,1.0,2,34900.0,34700.0,33200.0,38540.0,34266.666666666664,4273.333333333336,5300.0,5800.0,-0.7122872961291258,-0.7235451777703088,-0.7235451777703047,2025-02-27,48000.0,0.010471299867295437,0.01892800988551886,42400.0,0.023867481406643486,-0.0023557136924590365,42800.0,0.023641763057040494,-0.011614532420693002,2,-0.09649012094417349,-1.9158689540282778,2025-02-28,IS7H25,364.0,0.0,70.0,False,0.0,-0.033721344593405346,0.0,-0.002797204621061253,-0.008368249670516609,,,1.0,1.0,1.0,2.0,3.0,0.0030131184223670653,0.0,77.0,1.0,1,0,0,0,1,1,1,-1,2025-03-06,0.002594035177046528,100.0,1.0,2025-03-11,0.002594035177046528,100.0,1.0,2025-03-17,0.002594035177046528,100.0,1.0,2025-03-31,0.035718082602079246,1400.0,1.0,2025-04-15,0.04071809301878498,1600.0,1.0,2025-04-30,0.012903404835907782,500.0,1.0,2025-05-30,-0.02099814683977347,-800.0,-1.0
2025-03-03,Mon,39000.0,39000.0,39000.0,38500.0,37200.0,35500.0,37500.0,36200.0,34900.0,34700.0,33200.0,0.0,2025-03-03,2.0,2,34900.0,34700.0,33200.0,38540.0,34266.666666666664,4273.333333333336,5300.0,5800.0,-0.7031110067216423,-0.7145092690788933,-0.7145092690788892,2025-02-27,48000.0,0.010471299867295437,0.01892800988551886,42400.0,0.023867481406643486,-0.0023557136924590365,42800.0,0.023641763057040494,-0.011614532420693002,4,-0.09649012094417349,-1.837053861942408,2025-02-28,IS7H25,364.0,0.0,70.0,False,0.0,-0.033721344593405346,0.0,-0.002797204621061253,-0.008368249670516609,,,1.0,1.0,1.0,2.0,3.0,0.0030131184223670653,0.0,77.0,1.0,3,0,0,0,1,1,1,-1,2025-03-08,0.002594035177046528,100.0,1.0,2025-03-13,0.002594035177046528,100.0,1.0,2025-03-18,0.002594035177046528,100.0,1.0,2025-04-02,0.04071809301878498,1600.0,1.0,2025-04-17,0.03320867099665339,1300.0,1.0,2025-05-02,0.012903404835907782,500.0,1.0,2025-06-02,-0.026317308317373417,-1000.0,-1.0
2025-03-04,Tue,39000.0,39000.0,39000.0,38500.0,37200.0,35500.0,37500.0,36200.0,34900.0,34700.0,33200.0,0.0,2025-03-04,1.0,2,34900.0,34700.0,33200.0,38540.0,34266.666666666664,4273.333333333336,5300.0,5800.0,-0.703111006721646,-0.7145092690788933,-0.7145092690788892,2025-03-03,48500.0,0.025053502445550293,0.02929079692106544,42100.0,-0.0023724803536303565,0.0071514011576250865,42600.0,0.007067167223092353,-0.009345862418237658,1,-0.08938949939459714,-1.2349373370822299,2025-03-03,IS7H25,364.0,0.0,70.0,False,0.0,-0.033721344593405346,0.0,-0.002797204621061253,-0.008368249670516609,,,0.0,1.0,1.0,2.0,3.0,0.0014005098150673386,0.0,77.0,1.0,1,0,0,0,1,0,0,-1,2025-03-10,0.002594035177046528,100.0,1.0,2025-03-15,0.002594035177046528,100.0,1.0,2025-03-19,0.002594035177046528,100.0,1.0,2025-04-03,0.048171543673365756,1900.0,1.0,2025-04-18,0.028170876966696224,1100.0,1.0,2025-05-05,0.012903404835907782,500.0,1.0,2025-06-02,-0.026317308317373417,-1000.0,-1.0
2025-03-05,Wed,39000.0,39000.0,39000.0,38500.0,37200.0,35500.0,37500.0,36200.0,35000.0,34800.0,33300.0,0.0,2025-03-05,1.0,2,35000.0,34800.0,33300.0,38540.0,34366.666666666664,4173.333333333336,5200.0,5700.0,-0.894820117515105,-0.9006643914088764,-0.9006643914088712,2025-03-04,48500.0,0.018731036706063128,0.02929079692106544,42100.0,0.004761913760243785,0.004761913760243785,42700.0,0.009411834182346597,0.007050557996666762,1,-0.08938949939459714,-1.1915128543141578,2025-03-04,IS7H25,364.0,0.0,70.0,False,0.0,-0.033721344593405346,0.0,-0.002797204621061253,-0.008368249670516609,,,0.0,1.0,1.0,2.0,3.0,0.0014005098150673386,0.0,77.0,1.0,1,0,0,0,1,1,1,-1,2025-03-10,0.002594035177046528,100.0,1.0,2025-03-15,0.002594035177046528,100.0,1.0,2025-03-20,0.010336009330662073,400.0,1.0,2025-04-04,0.050643732818754936,2000.0,1.0,2025-04-21,0.018018505502678212,700.0,1.0,2025-05-05,0.012903404835907782,500.0,1.0,2025-06-03,-0.026317308317373417,-1000.0,-1.0
2025-03-06,Thu,39100.0,39100.0,39100.0,38600.0,37300.0,35600.0,37600.0,36300.0,35200.0,35000.0,33500.0,100.0,2025-03-06,1.0,2,35200.0,35000.0,33500.0,38640.0,34566.666666666664,4073.3333333333358,5100.0,5600.0,-1.0893212802647292,-1.0896187378344075,-1.0896187378344016,2025-03-05,48500.0,0.01663240004914205,0.03781963326858595,42300.0,0.011890746521521554,0.009501259124140215,42900.0,0.014084739881739023,0.011723463696059234,1,-0.09153480958144712,-1.3094126200373248,2025-03-05,IS7H25,365.0,0.0,70.0,False,0.002743485945750834,-0.03097785864765451,0.0027434859457508252,-5.371867531041904e-05,-0.002843120762888972,,,0.0,1.0,1.0,2.0,3.0,0.0014005098150673386,0.0,77.0,1.0,1,1,1,1,1,1,1,-1,2025-03-11,0.0,0.0,0.0,2025-03-17,0.0,0.0,0.0,2025-03-21,0.012870190520534956,500.0,1.0,2025-04-05,0.045577508496319155,1800.0,1.0,2025-04-21,0.01542447032563173,600.0,1.0,2025-05-05,0.010309369658861287,400.0,1.0,2025-06-04,-0.028911343494420035,-1100.0,-1.0
2025-03-07,Fri,39100.0,39100.0,39100.0,38600.0,37300.0,35600.0,37600.0,36300.0,35200.0,35000.0,33500.0,0.0,2025-03-07,1.0,2,35200.0,35000.0,33500.0,38640.0,34566.666666666664,4073.3333333333358,5100.0,5600.0,-1.0971027765767334,-1.0971706021759933,-1.097170602175987,2025-03-06,48900.0,0.026944635243451927,0.04603323180597463,42300.0,0.019093658815579603,0.007117467768863955,42800.0,0.014117881545785022,0.009389740349839137,1,-0.09153480958144712,-1.2633971835751994,2025-03-06,IS7H25,368.0,3.0,73.0,False,0.008185584586439502,-0.022792274061215007,0.010929070532190327,0.010929070532190336,0.00534246382355053,,,0.0,1.0,1.0,2.0,3.0,0.0014597393507323995,0.0,77.0,0.0,1,1,1,1,1,1,1,1,2025-03-12,0.0,0.0,0.0,2025-03-17,0.0,0.0,0.0,2025-03-22,0.012870190520534956,500.0,1.0,2025-04-07,0.045577508496319155,1800.0,1.0,2025-04-21,0.01542447032563173,600.0,1.0,2025-05-06,0.010309369658861287,400.0,1.0,2025-06-06,-0.028911343494420035,-1100.0,-1.0
2025-03-08,Sat,39100.0,39100.0,39100.0,38600.0,37300.0,35600.0,37600.0,36300.0,35200.0,35000.0,33500.0,0.0,2025-03-08,1.0,2,35200.0,35000.0,33500.0,38640.0,34566.666666666664,4073.3333333333358,5100.0,5600.0,-1.1049789804038541,-1.1048115687441655,-1.1048115687441593,2025-03-07,48900.0,0.029047685440230817,0.04603323180597463,42400.0,0.021454935001259466,0.011862535309819948,42900.0,0.021202207650602906,0.014084739881739023,1,-0.09389608576712694,-1.3953355110066346,2025-03-07,IS7H25,368.0,0.0,73.0,False,0.0,-0.022792274061215007,0.010929070532190327,0.010929070532190338,0.00534246382355053,,,0.0,1.0,1.0,2.0,3.0,0.0024069589958472626,0.05,77.0,1.0,1,1,1,1,1,1,1,1,2025-03-13,0.0,0.0,0.0,2025-03-18,0.0,0.0,0.0,2025-03-24,0.017972242404430436,700.0,1.0,2025-04-07,0.045577508496319155,1800.0,1.0,2025-04-24,0.025576841789649776,1000.0,1.0,2025-05-07,0.01542447032563173,600.0,1.0,2025-06-06,-0.028911343494420035,-1100.0,-1.0
2025-03-10,Mon,39100.0,39100.0,39100.0,38600.0,37300.0,35600.0,37600.0,36300.0,35200.0,35000.0,33500.0,0.0,2025-03-10,2.0,2,35200.0,35000.0,33500.0,38640.0,34566.666666666664,4073.3333333333358,5100.0,5600.0,-1.1423847281494435,-1.1409285909766715,-1.1409285909766649,2025-03-07,48900.0,0.029047685440230817,0.04603323180597463,42400.0,0.021454935001259466,0.011862535309819948,42900.0,0.021202207650602906,0.014084739881739023,3,-0.09389608576712694,-1.3471531086739645,2025-03-07,IS7H25,368.0,0.0,73.0,False,0.0,-0.022792274061215007,0.010929070532190327,0.010929070532190338,0.00534246382355053,,,0.0,1.0,1.0,2.0,3.0,0.0024069589958472626,0.05,77.0,1.0,3,1,1,1,1,1,1,1,2025-03-15,0.0,0.0,0.0,2025-03-20,0.007741974153615459,300.0,1.0,2025-03-25,0.02304839543629109,900.0,1.0,2025-04-09,0.040614719154190126,1600.0,1.0,2025-04-24,0.025576841789649776,1000.0,1.0,2025-05-09,0.02051353983310303,800.0,1.0,2025-06-09,-0.03963530685739575,-1500.0,-1.0
2025-03-11,Tue,39100.0,39100.0,39100.0,38600.0,37300.0,35600.0,37600.0,36300.0,35200.0,35000.0,33500.0,0.0,2025-03-11,1.0,2,35200.0,35000.0,33500.0,38640.0,34566.666666666664,4073.3333333333358,5100.0,5600.0,-1.2087713042053383,-1.2046876366272963,-1.2046876366272887,2025-03-10,48900.0,0.03115516777979548,0.03962979477076776,42100.0,0.019185240721348643,-0.0023724803536303565,42800.0,0.023641763057040494,0.01175101653551873,1,-0.08679546421755062,-0.8009653091529,2025-03-10,IS7H25,367.0,0.0,73.0,False,-0.0027210901143606132,-0.02551336417557562,0.008207980417829714,0.008207980417829724,0.0054107757967684425,,,0.0,0.0,1.0,2.0,3.0,0.0024069589958472626,0.05,77.0,1.0,1,1,1,1,0,1,0,1,2025-03-17,0.0,0.0,0.0,2025-03-21,0.012870190520534956,500.0,1.0,2025-03-26,0.02304839543629109,900.0,1.0,2025-04-10,0.040614719154190126,1600.0,1.0,2025-04-28,0.01542447032563173,600.0,1.0,2025-05-10,0.02051353983310303,800.0,1.0,2025-06-09,-0.03963530685739575,-1500.0,-1.0
2025-03-12,Wed,39100.0,39100.0,39100.0,38600.0,37300.0,35600.0,37600.0,36300.0,35200.0,35000.0,33500.0,0.0,2025-03-12,1.0,2,35200.0,35000.0,33500.0,38640.0,34566.666666666664,4073.3333333333358,5100.0,5600.0,-1.2181884390996978,-1.2137610752185344,-1.2137610752185266,2025-03-11,48900.0,0.033267100982939,0.03750439545845427,41900.0,0.0120049460968234,-0.007134394113874092,43100.0,0.016374634871790104,0.011668743834377424,1,-0.08203355045730684,-0.4620714722199895,2025-03-11,IS7H25,367.0,0.0,73.0,False,0.0,-0.02551336417557562,0.008207980417829714,0.008207980417829724,0.0054107757967684425,0.03087183999504168,,0.0,0.0,1.0,1.0,3.0,0.0024021637757528735,0.05,77.0,1.0,1,1,1,1,0,1,0,1,2025-03-17,0.0,0.0,0.0,2025-03-22,0.012870190520534956,500.0,1.0,2025-03-27,0.02809891122235965,1100.0,1.0,2025-04-11,0.04309919248185206,1700.0,1.0,2025-04-28,0.01542447032563173,600.0,1.0,2025-05-12,0.02051353983310303,800.0,1.0,2025-06-10,-0.03963530685739575,-1500.0,-1.0
2025-03-13,Thu,39100.0,39100.0,39100.0,38600.0,37300.0,35600.0,37600.0,36300.0,35200.0,35000.0,33500.0,0.0,2025-03-13,1.0,2,35200.0,35000.0,33500.0,38640.0,34566.666666666664,4073.3333333333358,5100.0,5600.0,-1.2097134752153795,-1.2055694811466933,-1.2055694811466857,2025-03-11,48900.0,0.033267100982939,0.03750439545845427,41900.0,0.0120049460968234,-0.007134394113874092,43100.0,0.016374634871790104,0.011668743834377424,2,-0.08203355045730684,-0.46287191796562965,2025-03-12,IS7H25,367.0,0.0,73.0,False,0.0,-0.02551336417557562,0.00546449447207888,0.008207980417829724,0.008207980417829696,0.016646849063694423,,0.0,0.0,1.0,1.0,3.0,0.0024021637757528735,0.05,77.0,1.0,1,1,1,1,0,1,0,1,2025-03-18,0.0,0.0,0.0,2025-03-24,0.017972242404430436,700.0,1.0,2025-03-28,0.02809891122235965,1100.0,1.0,2025-04-12,0.04309919248185206,1700.0,1.0,2025-04-28,0.01542447032563173,600.0,1.0,2025-05-12,0.02051353983310303,800.0,1.0,2025-06-11,-0.04233436382656077,-1600.0,-1.0
2025-03-15,Sat,39100.0,39100.0,39100.0,38600.0,37300.0,35600.0,37600.0,36300.0,35200.0,35000.0,33500.0,0.0,2025-03-15,2.0,2,35200.0,35000.0,33500.0,38640.0,34566.666666666664,4073.3333333333358,5100.0,5600.0,-1.201341190131943,-1.197473974235248,-1.1974739742352403,2025-03-13,48900.0,0.033267100982939,0.03750439545845427,41900.0,0.0120049460968234,0.014423326961104906,42200.0,-0.004728141195946012,-0.002366865010266168,2,-0.08203355045730684,-0.4571167304667055,2025-03-14,IS7H25,372.0,0.0,73.0,False,0.013532006218576373,-0.011981357956999247,0.010810916104215751,0.021739986636406097,0.01894278201534485,0.013371736965889476,,0.0,0.0,1.0,1.0,3.0,0.002213824332029365,0.05,73.0,1.0,1,1,1,1,0,1,0,1,2025-03-20,0.007741974153615459,300.0,1.0,2025-03-25,0.02304839543629109,900.0,1.0,2025-03-31,0.0331240474250325,1300.0,1.0,2025-04-14,0.04309919248185206,1700.0,1.0,2025-04-29,0.010309369658861287,400.0,1.0,2025-05-14,0.02051353983310303,800.0,1.0,2025-06-13,-0.03963530685739575,-1500.0,-1.0
2025-03-17,Mon,39100.0,39100.0,39100.0,38600.0,37300.0,35600.0,37600.0,36300.0,35300.0,35100.0,33600.0,0.0,2025-03-17,2.0,2,35300.0,35100.0,33600.0,38640.0,34666.666666666664,3973.3333333333358,5000.0,5500.0,-1.4253135004330526,-1.4144624486969801,-1.414462448696971,2025-03-13,48900.0,0.033267100982939,0.03750439545845427,41900.0,0.0120049460968234,0.014423326961104906,42200.0,-0.004728141195946012,-0.002366865010266168,4,-0.08203355045730684,-0.4484547759865015,2025-03-14,IS7H25,372.0,0.0,73.0,False,0.013532006218576373,-0.011981357956999247,0.010810916104215751,0.021739986636406097,0.01894278201534485,0.013371736965889476,,0.0,0.0,1.0,1.0,3.0,0.002213824332029365,0.05,73.0,1.0,3,1,1,1,0,1,0,1,2025-03-22,0.012870190520534956,500.0,1.0,2025-03-27,0.02809891122235965,1100.0,1.0,2025-04-01,0.038124057841738244,1500.0,1.0,2025-04-16,0.035627177643151035,1400.0,1.0,2025-05-01,0.010309369658861287,400.0,1.0,2025-05-16,0.02051353983310303,800.0,1.0,2025-06-17,-0.03963530685739575,-1500.0,-1.0
2025-03-18,Tue,39100.0,39100.0,39100.0,38600.0,37300.0,35600.0,37600.0,36300.0,35300.0,35100.0,33600.0,0.0,2025-03-18,1.0,2,35300.0,35100.0,33600.0,38640.0,34666.666666666664,3973.3333333333358,5000.0,5500.0,-1.4253135004330566,-1.4144624486969801,-1.414462448696971,2025-03-17,48900.0,0.022751756983416027,0.033267100982939,41900.0,-0.0023837913552762504,0.014423326961104906,42300.0,-0.007067167223092443,0.011890746521521554,1,-0.08203355045730684,-0.43985272310223616,2025-03-17,IS7H25,371.0,0.0,73.0,False,-0.0026917916657114146,-0.01467314962271066,0.010840214552864949,0.019048194970694682,0.016250990349633437,0.010679945300178063,,0.0,0.0,1.0,1.0,3.0,0.003756391968789379,0.05,73.0,1.0,1,1,1,1,0,0,0,1,2025-03-24,0.017972242404430436,700.0,1.0,2025-03-28,0.02809891122235965,1100.0,1.0,2025-04-02,0.038124057841738244,1500.0,1.0,2025-04-17,0.03061463581960695,1200.0,1.0,2025-05-02,0.010309369658861287,400.0,1.0,2025-05-17,0.02051353983310303,800.0,1.0,2025-06-17,-0.03963530685739575,-1500.0,-1.0
2025-03-19,Wed,39100.0,39100.0,39100.0,38600.0,37300.0,35600.0,37600.0,36300.0,35500.0,35300.0,33800.0,0.0,2025-03-19,1.0,2,35500.0,35300.0,33800.0,38640.0,34866.666666666664,3773.3333333333358,4800.0,5300.0,-1.8546247957442137,-1.8304808159607977,-1.8304808159607862,2025-03-18,49100.0,0.022658023892583996,0.03312932375987934,41900.0,-0.011862535309820057,0.0120049460968234,42300.0,-0.011751016535518853,0.011890746521521554,1,-0.08203355045730684,-0.431308426838691,2025-03-18,IS7H25,371.0,0.0,73.0,False,0.0,-0.01467314962271066,0.010840214552864949,0.019048194970694682,0.016250990349633437,0.010679945300178063,,0.0,0.0,1.0,1.0,3.0,0.0038457798627088793,0.05,73.0,1.0,1,1,1,1,0,0,0,1,2025-03-24,0.017972242404430436,700.0,1.0,2025-03-29,0.02809891122235965,1100.0,1.0,2025-04-03,0.045577508496319155,1800.0,1.0,2025-04-18,0.025576841789649776,1000.0,1.0,2025-05-05,0.010309369658861287,400.0,1.0,2025-05-19,0.01542447032563173,600.0,1.0,2025-06-17,-0.03963530685739575,-1500.0,-1.0
2025-03-20,Thu,39400.0,39400.0,39400.0,38900.0,37600.0,35900.0,37600.0,36600.0,35800.0,35600.0,34100.0,300.0,2025-03-20,1.0,2,35800.0,35600.0,34100.0,38940.0,35166.666666666664,3773.3333333333358,4800.0,5300.0,-1.825856787832775,-1.8030796397397748,-1.8030796397397635,2025-03-18,49100.0,0.022658023892583996,0.03312932375987934,41900.0,-0.011862535309820057,0.0120049460968234,42300.0,-0.011751016535518853,0.011890746521521554,2,-0.07429157630369149,0.09927519977752286,2025-03-19,IS7H25,371.0,0.0,73.0,False,0.0,-0.01467314962271066,0.010840214552864949,0.016304709024943846,0.016250990349633437,0.013461588262054864,,0.0,0.0,1.0,1.0,3.0,0.0038457798627088793,0.05,73.0,1.0,1,1,1,1,0,0,0,1,2025-03-25,0.015306421282675507,600.0,1.0,2025-03-31,0.025382073271417196,1000.0,1.0,2025-04-04,0.04030772348809281,1600.0,1.0,2025-04-21,0.007682496172016211,300.0,1.0,2025-05-05,0.0025673955052457334,100.0,1.0,2025-05-19,0.007682496172016211,300.0,1.0,2025-06-18,-0.047377281011011164,-1800.0,-1.0
2025-03-21,Fri,39600.0,39600.0,39600.0,39100.0,37800.0,36100.0,38000.0,36800.0,36000.0,35800.0,34300.0,200.0,2025-03-21,1.0,2,36000.0,35800.0,34300.0,39140.0,35366.666666666664,3773.3333333333358,4800.0,5300.0,-1.7764349056937914,-1.7557837206890947,-1.7557837206890843,2025-03-20,49800.0,0.026451186087169634,0.051504688532719896,42500.0,0.009456335242035444,0.007083854888405042,42900.0,0.00701757265864654,0.014084739881739023,1,-0.08338160893905101,-0.5705717742046779,2025-03-20,IS7H25,371.0,0.0,10.0,False,0.0,-0.01467314962271066,0.010840214552864949,0.008119124438504346,0.01904819497069469,0.013461588262054864,,0.0,0.0,1.0,1.0,3.0,0.0038457798627088793,0.05,73.0,1.0,1,1,1,1,0,1,0,1,2025-03-26,0.010178204915756052,400.0,1.0,2025-03-31,0.020253856904497596,800.0,1.0,2025-04-05,0.032707317975784314,1300.0,1.0,2025-04-21,0.0025542798050967007,100.0,1.0,2025-05-05,-0.002560820861673704,-100.0,-1.0,2025-05-20,-0.002560820861673704,-100.0,-1.0,2025-06-19,-0.05250549737793062,-2000.0,-1.0
2025-03-22,Sat,39600.0,39600.0,39600.0,39100.0,37800.0,36100.0,38000.0,36800.0,36000.0,35800.0,34300.0,0.0,2025-03-22,1.0,2,36000.0,35800.0,34300.0,39140.0,35366.666666666664,3773.3333333333358,4800.0,5300.0,-1.7298579005001882,-1.711114955758654,-1.711114955758644,2025-03-20,49800.0,0.026451186087169634,0.051504688532719896,42500.0,0.009456335242035444,0.007083854888405042,42900.0,0.00701757265864654,0.014084739881739023,2,-0.08338160893905101,-0.586499412256701,2025-03-21,IS7H25,373.0,0.0,73.0,False,0.005376357036380496,-0.009296792586330165,0.0026845653706690726,0.013495481474884843,0.024424552007075183,0.01883794529843536,,0.0,0.0,1.0,1.0,3.0,0.003750550063703832,0.05,73.0,1.0,1,1,1,1,0,1,0,1,2025-03-27,0.015228720701824683,600.0,1.0,2025-04-01,0.02525386732120341,1000.0,1.0,2025-04-07,0.032707317975784314,1300.0,1.0,2025-04-21,0.0025542798050967007,100.0,1.0,2025-05-06,-0.002560820861673704,-100.0,-1.0,2025-05-21,-0.007702220362092351,-300.0,-1.0,2025-06-20,-0.05250549737793062,-2000.0,-1.0
2025-03-24,Mon,39800.0,39800.0,39800.0,39300.0,38000.0,36300.0,38200.0,37000.0,36200.0,36000.0,34500.0,200.0,2025-03-24,2.0,2,36200.0,36000.0,34500.0,39340.0,35566.666666666664,3773.3333333333358,4800.0,5300.0,-1.705182322447286,-1.6874790330010303,-1.6874790330010205,2025-03-20,49800.0,0.026451186087169634,0.051504688532719896,42500.0,0.009456335242035444,0.007083854888405042,42900.0,0.00701757265864654,0.014084739881739023,4,-0.07827955705515562,-0.2431863470074652,2025-03-21,IS7H25,373.0,0.0,73.0,False,0.005376357036380496,-0.009296792586330165,0.0026845653706690726,0.013495481474884843,0.024424552007075183,0.01883794529843536,,0.0,0.0,1.0,1.0,3.0,0.003750550063703832,0.05,73.0,1.0,3,1,1,1,0,1,0,1,2025-03-29,0.010126668817929268,400.0,1.0,2025-04-03,0.027605266091888916,1100.0,1.0,2025-04-08,0.020151815437307912,800.0,1.0,2025-04-24,0.0076045993852192125,300.0,1.0,2025-05-08,0.002541297428672548,100.0,1.0,2025-05-23,-0.017972242404430367,-700.0,-1.0,2025-06-23,-0.060306606230991135,-2300.0,-1.0
2025-03-25,Tue,40000.0,40000.0,40000.0,39500.0,38200.0,36500.0,38400.0,37200.0,36200.0,36000.0,34500.0,200.0,2025-03-25,1.0,2,36200.0,36000.0,34500.0,39540.0,35566.666666666664,3973.3333333333358,5000.0,5500.0,-1.265402092570391,-1.260536201646498,-1.2605362016464912,2025-03-20,49800.0,0.026451186087169634,0.051504688532719896,42500.0,0.009456335242035444,0.007083854888405042,42900.0,0.00701757265864654,0.014084739881739023,5,-0.07320340402329494,0.11563025868919102,2025-03-24,IS7H25,372.0,3.0,73.0,False,-0.002684565370668987,-0.011981357956999152,0.0026917916657115,0.013532006218576469,0.021739986636406198,0.018942782015344897,,0.0,0.0,0.0,1.0,3.0,0.0038715713344573046,0.05,73.0,0.0,1,1,1,1,0,1,0,1,2025-03-31,0.01007565198874164,400.0,1.0,2025-04-04,0.025001302205417186,1000.0,1.0,2025-04-09,0.017566323717899283,700.0,1.0,2025-04-24,0.0025284463533586906,100.0,1.0,2025-05-09,-0.0025348556031880663,-100.0,-1.0,2025-05-26,-0.023048395436291017,-900.0,-1.0,2025-06-23,-0.06538275926285174,-2500.0,-1.0
2025-03-26,Wed,40000.0,40000.0,40000.0,39500.0,38200.0,36500.0,38400.0,37200.0,36200.0,36000.0,34500.0,0.0,2025-03-26,1.0,2,36200.0,36000.0,34500.0,39540.0,35566.666666666664,3973.3333333333358,5000.0,5500.0,-1.2331710201724693,-1.2290769756282904,-1.2290769756282838,2025-03-20,49800.0,0.026451186087169634,0.051504688532719896,42500.0,0.009456335242035444,0.007083854888405042,42900.0,0.00701757265864654,0.014084739881739023,6,-0.07320340402329494,0.09294632405712927,2025-03-25,IS7H25,373.0,0.0,73.0,False,0.002684565370668983,-0.009296792586330168,0.005376357036380483,0.01621657158924545,0.02442455200707518,0.02162734738601388,,0.0,0.0,0.0,1.0,3.0,0.0038714646453412585,0.1,73.0,1.0,1,1,1,1,0,1,0,1,2025-03-31,0.01007565198874164,400.0,1.0,2025-04-05,0.022529113060028104,900.0,1.0,2025-04-10,0.017566323717899283,700.0,1.0,2025-04-28,-0.007623925110659371,-300.0,-1.0,2025-05-10,-0.0025348556031880663,-100.0,-1.0,2025-05-26,-0.023048395436291017,-900.0,-1.0,2025-06-24,-0.07080282673219097,-2700.0,-1.0
2025-03-27,Thu,40200.0,40200.0,40200.0,39700.0,38400.0,36900.0,38600.0,37500.0,36200.0,36000.0,34500.0,200.0,2025-03-27,1.0,2,36200.0,36000.0,34500.0,39740.0,35566.666666666664,4173.333333333336,5200.0,5700.0,-0.814839191192214,-0.8222579587334435,-0.8222579587334391,2025-03-20,49800.0,0.026451186087169634,0.051504688532719896,42500.0,0.009456335242035444,0.007083854888405042,42900.0,0.00701757265864654,0.014084739881739023,7,-0.06815288823722646,0.4655385492268999,2025-03-26,IS7H25,374.0,0.0,73.0,False,0.0026773777707163942,-0.006619414815613774,0.008053734807096877,0.018893949359961845,0.027101929777791574,0.02710192977779153,,0.0,0.0,0.0,1.0,3.0,0.0038783259861498174,0.1,73.0,1.0,1,0,0,0,0,1,0,1,2025-04-01,0.010025146619378865,400.0,1.0,2025-04-07,0.017478597273959763,700.0,1.0,2025-04-11,0.015000281259492598,600.0,1.0,2025-04-28,-0.012674440896727824,-500.0,-1.0,2025-05-12,-0.007585371389256612,-300.0,-1.0,2025-05-26,-0.02809891122235953,-1100.0,-1.0,2025-06-25,-0.08130294728582417,-3100.0,-1.0
2025-03-28,Fri,40400.0,40400.0,40400.0,39700.0,38500.0,37000.0,38600.0,37500.0,36000.0,35800.0,34300.0,0.0,2025-03-28,1.0,2,36000.0,35800.0,34300.0,39880.0,35366.666666666664,4513.333333333336,5400.0,6100.0,-0.1458235928999996,-0.434018110516524,-0.05932621654542433,2025-03-27,50300.0,0.0364412791622561,0.05517231586831922,42700.0,0.014151179546243182,0.018913093306486776,43200.0,0.01164157501548577,0.021053409197832263,1,-0.0728477325414341,0.08927436163892222,2025-03-27,IS7J25,378.0,1.0,73.0,True,,-0.006619414815613774,0.008053734807096877,0.018893949359961845,0.027101929777791574,,,1.0,1.0,1.0,2.0,3.0,0.003880161387870349,0.1,73.0,0.0,1,0,0,0,0,1,0,1,2025-04-02,0.010025146619378865,400.0,1.0,2025-04-07,0.017478597273959763,700.0,1.0,2025-04-12,0.015000281259492598,600.0,1.0,2025-04-28,-0.012674440896727824,-500.0,-1.0,2025-05-12,-0.007585371389256612,-300.0,-1.0,2025-05-27,-0.033293728099463585,-1300.0,-1.0,2025-06-26,-0.08403892710469887,-3200.0,-1.0
2025-03-29,Sat,40400.0,40400.0,40400.0,39700.0,38500.0,37000.0,38600.0,37500.0,36000.0,35800.0,34300.0,0.0,2025-03-29,1.0,2,36000.0,35800.0,34300.0,39880.0,35366.666666666664,4513.333333333336,5400.0,6100.0,-0.1316528748889935,-0.41637481348177846,-0.047028989952330666,2025-03-28,50100.0,0.032457210147381704,0.049089610196523574,42500.0,0.004716989878138867,0.016607736399660546,43100.0,0.00465117117573088,0.018735911057469846,1,-0.06815288823722646,0.4469265352226444,2025-03-28,IS7J25,376.0,9.0,76.0,False,-0.005305052229693229,-0.011924467045307002,-0.002627674458976848,5.689091169224381e-05,0.021796877548098344,,,1.0,1.0,1.0,2.0,3.0,0.003972995388107964,0.15,73.0,0.0,1,0,0,0,0,1,0,1,2025-04-03,0.017478597273959763,700.0,1.0,2025-04-08,0.010025146619378865,400.0,1.0,2025-04-14,0.015000281259492598,600.0,1.0,2025-04-28,-0.012674440896727824,-500.0,-1.0,2025-05-14,-0.007585371389256612,-300.0,-1.0,2025-05-28,-0.04113690556048949,-1600.0,-1.0,2025-06-27,-0.08403892710469887,-3200.0,-1.0
2025-03-31,Mon,40700.0,40700.0,40600.0,39900.0,38700.0,37200.0,38800.0,37800.0,36200.0,36000.0,34500.0,200.0,2025-03-31,2.0,2,36200.0,36000.0,34500.0,40120.0,35566.666666666664,4553.333333333336,5400.0,6100.0,-0.036421853989514315,-0.3966946413073911,-0.03157038114230923,2025-03-29,50100.0,0.024243611609992853,0.05118824685344483,42700.0,0.009411834182346597,0.02850549299792626,43100.0,0.006984894521950969,0.021102776067736036,2,-0.06782259633876106,0.4835830519444109,2025-03-28,IS7J25,376.0,9.0,76.0,False,-0.005305052229693229,-0.011924467045307002,-0.002627674458976848,5.689091169224381e-05,0.021796877548098344,,,1.0,1.0,1.0,2.0,3.0,0.003972995388107964,0.15,73.0,0.0,3,0,0,0,0,1,0,1,2025-04-05,0.012453461071286557,500.0,1.0,2025-04-10,0.007490671729157659,300.0,1.0,2025-04-15,0.005000010416705839,200.0,1.0,2025-04-30,-0.0228146777661714,-900.0,-1.0,2025-05-16,-0.012610507591929696,-500.0,-1.0,2025-05-30,-0.05671622944185269,-2200.0,-1.0,2025-07-01,-0.08906406330737195,-3400.0,-1.0
2025-04-01,Tue,40900.0,40900.0,40800.0,40100.0,38900.0,37400.0,39000.0,38000.0,36500.0,36300.0,34800.0,200.0,2025-04-01,1.0,2,36500.0,36300.0,34800.0,40320.0,35866.666666666664,4453.333333333336,5300.0,6000.0,-0.2139296792886793,-0.5658199527131388,-0.20421035523372025,2025-03-29,50100.0,0.024243611609992853,0.05118824685344483,42700.0,0.009411834182346597,0.02850549299792626,43100.0,0.006984894521950969,0.021102776067736036,3,-0.06282258592205532,0.8747362033980673,2025-03-31,IS7J25,376.0,0.0,76.0,False,0.0,-0.011924467045307002,5.6890911692139296e-05,0.0027486825774036584,0.021796877548098344,,,1.0,1.0,1.0,2.0,3.0,0.004255200985458176,0.2,73.0,1.0,1,0,0,0,0,1,0,1,2025-04-07,0.007453450654580972,300.0,1.0,2025-04-11,0.004975134640113708,200.0,1.0,2025-04-16,-0.0024968801985871545,-100.0,-1.0,2025-05-01,-0.02781468818287703,-1100.0,-1.0,2025-05-16,-0.017610518008635393,-700.0,-1.0,2025-05-31,-0.06703540133615833,-2600.0,-1.0,2025-07-01,-0.09406407372407764,-3600.0,-1.0
2025-04-02,Wed,40900.0,40900.0,40800.0,40100.0,38900.0,37400.0,39000.0,38000.0,36500.0,36300.0,34800.0,0.0,2025-04-02,1.0,2,36500.0,36300.0,34800.0,40320.0,35866.666666666664,4453.333333333336,5300.0,6000.0,-0.1901479229462495,-0.5411410433212204,-0.1814092143568978,2025-03-29,50100.0,0.024243611609992853,0.05118824685344483,42700.0,0.009411834182346597,0.02850549299792626,43100.0,0.006984894521950969,0.021102776067736036,4,-0.06282258592205532,0.8775188393767896,2025-04-01,IS7J25,376.0,0.0,76.0,False,0.0,-0.011924467045307002,-0.0026276744589768435,0.0027486825774036584,0.021796877548098344,,,1.0,1.0,1.0,2.0,3.0,0.004255200985458176,0.2,73.0,1.0,1,0,0,0,0,1,0,1,2025-04-07,0.007453450654580972,300.0,1.0,2025-04-12,0.004975134640113708,200.0,1.0,2025-04-17,-0.007509422022131459,-300.0,-1.0,2025-05-02,-0.02781468818287703,-1100.0,-1.0,2025-05-17,-0.017610518008635393,-700.0,-1.0,2025-06-02,-0.06703540133615833,-2600.0,-1.0,2025-07-01,-0.09406407372407764,-3600.0,-1.0
2025-04-03,Thu,41200.0,41200.0,41100.0,40400.0,39200.0,37700.0,39300.0,38300.0,36900.0,36700.0,35200.0,300.0,2025-04-03,1.0,2,36900.0,36700.0,35200.0,40620.0,36266.666666666664,4353.333333333336,5200.0,5900.0,-0.368298390877442,-0.7138796118673935,-0.35288702407713807,2025-04-02,50800.0,0.038118958103609935,0.06716664354384072,43300.0,0.021004272770531997,0.04245920777179155,44000.0,0.025317807984289786,0.04652001563489291,1,-0.06932285004133984,0.3835650573852409,2025-04-02,IS7J25,376.0,0.0,66.0,False,0.0,-0.011924467045307002,-0.005305052229693238,0.0027486825774036584,0.01905339160234751,,,1.0,1.0,1.0,2.0,3.0,0.004255200985458176,0.2,73.0,1.0,1,0,0,0,0,1,0,1,2025-04-08,-0.007453450654580891,-300.0,-1.0,2025-04-14,-0.00247831601446709,-100.0,-1.0,2025-04-18,-0.020000666706669543,-800.0,-1.0,2025-05-05,-0.03526813883745799,-1400.0,-1.0,2025-05-19,-0.030153038170687558,-1200.0,-1.0,2025-06-02,-0.07448885199073921,-2900.0,-1.0,2025-07-02,-0.10151752437865853,-3900.0,-1.0
2025-04-04,Fri,41300.0,41300.0,41200.0,40500.0,39300.0,38000.0,39400.0,38400.0,36700.0,36500.0,35000.0,100.0,2025-04-04,1.0,2,36700.0,36500.0,35000.0,40720.0,36066.666666666664,4653.333333333336,5500.0,6200.0,0.29717117712383107,-0.07807730225091519,0.29138785455931904,2025-04-03,50800.0,0.038118958103609935,0.06927412588340541,43400.0,0.030411700418023543,0.049596941139372186,44100.0,0.02992167986504923,0.053563442922089685,1,-0.06915746699386571,0.414836018250255,2025-04-03,IS7J25,371.0,0.0,66.0,False,-0.013387080782459409,-0.02531154782776641,-0.018692133012152647,-0.01063839820505575,-0.0025192737665513994,,,0.0,1.0,1.0,2.0,3.0,0.004244558975861115,0.2,73.0,1.0,1,0,0,0,0,1,0,-1,2025-04-09,-0.00743497848751809,-300.0,-1.0,2025-04-14,-0.004950505159856203,-200.0,-1.0,2025-04-21,-0.03262522731607661,-1300.0,-1.0,2025-05-05,-0.037740327982847086,-1500.0,-1.0,2025-05-19,-0.03262522731607661,-1300.0,-1.0,2025-06-03,-0.07696104113612832,-3000.0,-1.0,2025-07-03,-0.10398971352404764,-4000.0,-1.0
2025-04-05,Sat,41200.0,41200.0,41100.0,40400.0,39200.0,37900.0,39300.0,38300.0,36500.0,36300.0,34800.0,-100.0,2025-04-05,1.0,2,36500.0,36300.0,34800.0,40620.0,35866.666666666664,4753.333333333336,5600.0,6300.0,0.5557324078874954,0.16509867972343392,0.5418178581609514,2025-04-03,50800.0,0.038118958103609935,0.06927412588340541,43400.0,0.030411700418023543,0.049596941139372186,44100.0,0.02992167986504923,0.053563442922089685,2,-0.07162965613925483,0.23340853186741434,2025-04-04,IS7J25,371.0,0.0,66.0,False,0.0,-0.02531154782776641,-0.013387080782459418,-0.016014755241436245,-0.0025192737665513994,,,0.0,1.0,1.0,2.0,3.0,0.005029226179279732,0.15,73.0,1.0,1,0,0,0,0,1,0,-1,2025-04-10,-0.004962789342129014,-200.0,-1.0,2025-04-15,-0.007453450654580891,-300.0,-1.0,2025-04-21,-0.030153038170687558,-1200.0,-1.0,2025-05-05,-0.03526813883745799,-1400.0,-1.0,2025-05-20,-0.03526813883745799,-1400.0,-1.0,2025-06-04,-0.07448885199073921,-2900.0,-1.0,2025-07-04,-0.10151752437865853,-3900.0,-1.0
2025-04-07,Mon,41200.0,41200.0,41100.0,40400.0,39200.0,37900.0,39300.0,38300.0,36300.0,36100.0,34600.0,0.0,2025-04-07,2.0,2,36300.0,36100.0,34600.0,40620.0,35666.666666666664,4953.333333333336,5800.0,6500.0,1.033628094769573,0.6257014369081871,1.0042370910844634,2025-04-05,51100.0,0.044007100728832446,0.07727420171177149,43400.0,0.035173614178267094,0.04717856027509047,44100.0,0.02293678534309823,0.03931142021488814,2,-0.07162965613925483,0.2496870734728621,2025-04-04,IS7J25,371.0,0.0,66.0,False,0.0,-0.02531154782776641,-0.013387080782459418,-0.016014755241436245,-0.0025192737665513994,,,0.0,1.0,1.0,2.0,3.0,0.005029226179279732,0.15,73.0,1.0,3,-1,0,-1,0,1,0,-1,2025-04-12,-0.00247831601446709,-100.0,-1.0,2025-04-17,-0.014962872676712377,-600.0,-1.0,2025-04-24,-0.020000666706669543,-800.0,-1.0,2025-05-07,-0.030153038170687558,-1200.0,-1.0,2025-05-22,-0.04557750849631925,-1800.0,-1.0,2025-06-06,-0.07448885199073921,-2900.0,-1.0,2025-07-07,-0.09878154455978379,-3800.0,-1.0
2025-04-08,Tue,40900.0,40900.0,40800.0,40100.0,38900.0,37600.0,39000.0,38000.0,36200.0,36000.0,34500.0,-300.0,2025-04-08,1.0,2,36200.0,36000.0,34500.0,40320.0,35566.666666666664,4753.333333333336,5600.0,6300.0,0.6041130183471493,0.21686993548827851,0.5903393701679267,2025-04-07,51100.0,0.044007100728832446,0.07727420171177149,43000.0,0.025914288765470368,0.03791923486229368,43900.0,0.03949409903915957,0.03476595784321366,1,-0.06982378138103888,0.4117335050848051,2025-04-07,IS7J25,370.0,0.0,66.0,False,-0.002699056969165058,-0.02801060479693147,-0.016086137751624475,-0.01602924683993232,-0.0024972406213558443,0.00571073979647387,,0.0,1.0,1.0,1.0,3.0,0.005029226179279732,0.15,73.0,1.0,1,0,0,0,0,1,0,-1,2025-04-14,0.004975134640113708,200.0,1.0,2025-04-18,-0.01254721605208864,-500.0,-1.0,2025-04-24,-0.01254721605208864,-500.0,-1.0,2025-05-08,-0.017610518008635393,-700.0,-1.0,2025-05-23,-0.03812405784173833,-1500.0,-1.0,2025-06-07,-0.07238300766275363,-2800.0,-1.0,2025-07-07,-0.09132809390520294,-3500.0,-1.0
2025-04-09,Wed,41000.0,41000.0,40900.0,40200.0,39000.0,37700.0,39100.0,38100.0,36500.0,36300.0,34800.0,100.0,2025-04-09,1.0,2,36500.0,36300.0,34800.0,40420.0,35866.666666666664,4553.333333333336,5400.0,6100.0,0.17067227719660438,-0.203907367990282,0.17240378024856,2025-04-07,51100.0,0.044007100728832446,0.07727420171177149,43000.0,0.025914288765470368,0.03791923486229368,43900.0,0.03949409903915957,0.03476595784321366,2,-0.06733312006858708,0.6297072423145949,2025-04-08,IS7J25,372.0,0.0,66.0,False,0.005390848634876373,-0.022619756162055096,-0.010695289116748103,-0.013322963575724926,0.0028936080135205287,0.011101588431350243,,0.0,1.0,1.0,1.0,3.0,0.005028598665972186,0.15,73.0,1.0,1,0,0,0,0,1,0,1,2025-04-14,0.0024844733276619658,100.0,1.0,2025-04-21,-0.02519024882855852,-1000.0,-1.0,2025-04-24,-0.015037877364540559,-600.0,-1.0,2025-05-09,-0.020101179321087265,-800.0,-1.0,2025-05-26,-0.040614719154190244,-1600.0,-1.0,2025-06-09,-0.08025002601158596,-3100.0,-1.0,2025-07-08,-0.09381875521765486,-3600.0,-1.0
2025-04-10,Thu,41000.0,41000.0,40900.0,40200.0,39000.0,37700.0,39100.0,38100.0,36500.0,36300.0,34800.0,0.0,2025-04-10,1.0,2,36500.0,36300.0,34800.0,40420.0,35866.666666666664,4553.333333333336,5400.0,6100.0,0.2024146560984725,-0.17503420258559557,0.204003242196628,2025-04-09,50500.0,0.032195939800487905,0.05494769678390391,43400.0,0.035173614178267094,0.03278982282299097,43700.0,0.032561016049312226,0.025493848826219766,1,-0.07659244548138382,-0.115068047595578,2025-04-09,IS7J25,370.0,0.0,66.0,False,-0.005390848634876423,-0.02801060479693152,-0.016086137751624527,-0.021391189981317744,-0.0024972406213558947,0.005710739796473819,,0.0,1.0,1.0,1.0,3.0,0.005186045752846914,0.15,73.0,1.0,1,0,0,0,0,1,0,-1,2025-04-15,-0.002490661312451919,-100.0,-1.0,2025-04-21,-0.02519024882855852,-1000.0,-1.0,2025-04-28,-0.02519024882855852,-1000.0,-1.0,2025-05-10,-0.020101179321087265,-800.0,-1.0,2025-05-26,-0.040614719154190244,-1600.0,-1.0,2025-06-09,-0.08025002601158596,-3100.0,-1.0,2025-07-09,-0.09109024056445078,-3500.0,-1.0
2025-04-11,Fri,41100.0,41100.0,41000.0,40300.0,39100.0,37800.0,39200.0,38200.0,36700.0,36500.0,35000.0,100.0,2025-04-11,1.0,2,36700.0,36500.0,35000.0,40520.0,36066.666666666664,4453.333333333336,5300.0,6000.0,-0.021740016189009958,-0.3900766677899797,-0.011671101868715684,2025-04-09,50500.0,0.032195939800487905,0.05494769678390391,43400.0,0.035173614178267094,0.03278982282299097,43700.0,0.032561016049312226,0.025493848826219766,2,-0.07410797215372185,0.1110541173770948,2025-04-10,IS7J25,372.0,0.0,66.0,False,0.005390848634876373,-0.022619756162055145,0.002691791665711256,-0.01600034134644137,0.0028936080135204783,0.01110158843135019,,0.0,0.0,1.0,1.0,3.0,0.005340021742516118,0.15,73.0,1.0,1,0,0,0,0,1,0,1,2025-04-16,-0.007472014838700954,-300.0,-1.0,2025-04-21,-0.02767472215622048,-1100.0,-1.0,2025-04-28,-0.02767472215622048,-1100.0,-1.0,2025-05-12,-0.022585652648749153,-900.0,-1.0,2025-05-26,-0.043099192481852074,-1700.0,-1.0,2025-06-10,-0.08273449933924781,-3200.0,-1.0,2025-07-10,-0.09357471389211267,-3600.0,-1.0
2025-04-12,Sat,41100.0,41100.0,41000.0,40300.0,39100.0,37800.0,39200.0,38200.0,36700.0,36500.0,35000.0,0.0,2025-04-12,1.0,2,36700.0,36500.0,35000.0,40520.0,36066.666666666664,4453.333333333336,5300.0,6000.0,-0.0024429637384232525,-0.3671715005320947,0.007871828079699746,2025-04-09,50500.0,0.032195939800487905,0.05494769678390391,43400.0,0.035173614178267094,0.03278982282299097,43700.0,0.032561016049312226,0.025493848826219766,3,-0.07410797215372185,0.11011361815213923,2025-04-11,IS7J25,367.0,4.0,68.0,False,-0.013532006218576273,-0.03615176238063142,-0.010840214552865017,-0.024227295335324417,-0.024170404423632167,-0.00243041778722608,,0.0,0.0,1.0,1.0,3.0,0.00548854244929828,0.15,73.0,0.0,1,0,0,0,0,1,0,-1,2025-04-17,-0.012484556662245284,-500.0,-1.0,2025-04-24,-0.01752235069220249,-700.0,-1.0,2025-04-28,-0.02767472215622048,-1100.0,-1.0,2025-05-12,-0.022585652648749153,-900.0,-1.0,2025-05-27,-0.04829400935895613,-1900.0,-1.0,2025-06-11,-0.08543355630841284,-3300.0,-1.0,2025-07-14,-0.08813991790615582,-3400.0,-1.0
2025-04-14,Mon,41100.0,41100.0,41000.0,40300.0,39100.0,37800.0,39200.0,38200.0,36700.0,36500.0,35000.0,0.0,2025-04-14,2.0,2,36700.0,36500.0,35000.0,40520.0,36066.666666666664,4453.333333333336,5300.0,6000.0,0.01730615309484937,-0.3440068170152565,0.027892945247673523,2025-04-09,50500.0,0.032195939800487905,0.05494769678390391,43400.0,0.035173614178267094,0.03278982282299097,43700.0,0.032561016049312226,0.025493848826219766,5,-0.07410797215372185,0.10919661341042833,2025-04-11,IS7J25,367.0,4.0,68.0,False,-0.013532006218576273,-0.03615176238063142,-0.010840214552865017,-0.024227295335324417,-0.024170404423632167,-0.00243041778722608,,0.0,0.0,1.0,1.0,3.0,0.00548854244929828,0.15,73.0,0.0,3,0,0,0,0,1,0,-1,2025-04-21,-0.02767472215622048,-1100.0,-1.0,2025-04-24,-0.01752235069220249,-700.0,-1.0,2025-04-29,-0.03278982282299084,-1300.0,-1.0,2025-05-14,-0.022585652648749153,-900.0,-1.0,2025-05-29,-0.06140035686425664,-2400.0,-1.0,2025-06-13,-0.08273449933924781,-3200.0,-1.0,2025-07-14,-0.08813991790615582,-3400.0,-1.0
2025-04-15,Tue,40900.0,40900.0,39800.0,40100.0,38900.0,37600.0,39000.0,38000.0,36500.0,36300.0,34800.0,-200.0,2025-04-15,1.0,2,36500.0,36300.0,34800.0,40120.0,35866.666666666664,4253.333333333336,5300.0,5000.0,-0.463194822701447,-0.3205156313444371,-2.373774439892643,2025-04-14,50500.0,0.028114301480839255,0.05077232537342314,43500.0,0.03747511116654627,0.0256125758567263,44000.0,0.03940254786602883,0.02765153133050995,1,-0.08138460378211487,-0.4905170017478314,2025-04-14,IS7J25,367.0,0.0,68.0,False,0.0,-0.03615176238063142,-0.00814115758369996,-0.024227295335324417,-0.02147861275792075,-0.00243041778722608,,0.0,0.0,1.0,1.0,3.0,0.005332951222003572,0.2,73.0,1.0,1,0,0,1,0,1,0,-1,2025-04-21,-0.022699587516106692,-900.0,-1.0,2025-04-28,-0.022699587516106692,-900.0,-1.0,2025-04-30,-0.02781468818287703,-1100.0,-1.0,2025-05-16,-0.017610518008635393,-700.0,-1.0,2025-05-30,-0.06171623985855847,-2400.0,-1.0,2025-06-14,-0.07775936469913405,-3000.0,-1.0,2025-07-14,-0.08316478326604203,-3200.0,-1.0
2025-04-16,Wed,40800.0,40800.0,40700.0,40000.0,38700.0,37500.0,38900.0,37900.0,36500.0,36300.0,34800.0,-100.0,2025-04-16,1.0,2,36500.0,36300.0,34800.0,40200.0,35866.666666666664,4333.333333333336,5200.0,5900.0,-0.24359841122807854,-0.5500499001453125,-0.13580381158310997,2025-04-14,50500.0,0.028114301480839255,0.05077232537342314,43500.0,0.03747511116654627,0.0256125758567263,44000.0,0.03940254786602883,0.02765153133050995,2,-0.08388148398070212,-0.6851940325863759,2025-04-15,IS7J25,368.0,0.0,68.0,False,0.0027210901143605863,-0.03343067226627083,-0.010810916104215746,-0.021506205220963828,-0.018757522643560166,0.0002906723271345062,,0.0,0.0,1.0,1.0,3.0,0.005328894711862874,0.2,73.0,1.0,1,0,0,0,0,1,0,-1,2025-04-21,-0.020202707317519466,-800.0,-1.0,2025-04-28,-0.020202707317519466,-800.0,-1.0,2025-05-01,-0.025317807984289897,-1000.0,-1.0,2025-05-16,-0.015113637810048184,-600.0,-1.0,2025-05-31,-0.06453852113757118,-2500.0,-1.0,2025-06-17,-0.07526248450054686,-2900.0,-1.0,2025-07-15,-0.08066790306745482,-3100.0,-1.0
2025-04-17,Thu,40600.0,40600.0,40500.0,39800.0,38500.0,37300.0,38700.0,37700.0,36300.0,36100.0,34600.0,-200.0,2025-04-17,1.0,2,36300.0,36100.0,34600.0,40000.0,35666.666666666664,4333.333333333336,5200.0,5900.0,-0.2278947555587582,-0.5279980489857032,-0.12092941668649329,2025-04-16,50300.0,0.009990093075086186,0.0364412791622561,43500.0,0.023256862164267183,0.03271319740630278,43900.0,0.023042494147154476,0.030060066805801033,1,-0.08889402580424637,-1.0932302681624713,2025-04-16,IS7J25,365.0,0.0,68.0,False,-0.008185584586439405,-0.04161625685271024,-0.013605652055778728,-0.029691789807403234,-0.02694310722999957,-0.010638398205055733,,0.0,0.0,1.0,1.0,3.0,0.005397092322490741,0.2,73.0,1.0,1,0,0,0,1,1,1,-1,2025-04-24,-0.005037794029957181,-200.0,-1.0,2025-04-28,-0.01519016549397512,-600.0,-1.0,2025-05-02,-0.02030526616074557,-800.0,-1.0,2025-05-17,-0.010101095986503933,-400.0,-1.0,2025-06-02,-0.05952597931402686,-2300.0,-1.0,2025-06-17,-0.07024994267700259,-2700.0,-1.0,2025-07-16,-0.07565536124391056,-2900.0,-1.0
2025-04-18,Fri,40400.0,40400.0,40300.0,39600.0,38300.0,37100.0,38500.0,37500.0,36300.0,36100.0,34600.0,-200.0,2025-04-18,1.0,2,36300.0,36100.0,34600.0,39800.0,35666.666666666664,4133.333333333336,5000.0,5700.0,-0.7191551423603136,-1.0079195407849277,-0.5766972395129737,2025-04-16,50300.0,0.009990093075086186,0.0364412791622561,43500.0,0.023256862164267183,0.03271319740630278,43900.0,0.023042494147154476,0.030060066805801033,2,-0.0939318198342035,-1.4898919122326195,2025-04-17,IS7J25,365.0,0.0,68.0,False,0.0,-0.04161625685271024,-0.018996500690655102,-0.016304709024943825,-0.02694310722999957,-0.018823982791495233,,0.0,0.0,1.0,1.0,3.0,0.005635354362823426,0.2,70.5,1.0,1,0,1,0,1,1,1,-1,2025-04-24,0.0,0.0,0.0,2025-04-28,-0.010152371464017962,-400.0,-1.0,2025-05-05,-0.01526747213078842,-600.0,-1.0,2025-05-19,-0.010152371464017962,-400.0,-1.0,2025-06-02,-0.05448818528406968,-2100.0,-1.0,2025-06-17,-0.06521214864704543,-2500.0,-1.0,2025-07-17,-0.07061756721395342,-2700.0,-1.0
2025-04-21,Mon,40000.0,40000.0,39900.0,39200.0,37900.0,36600.0,38000.0,37000.0,35900.0,35700.0,34200.0,-400.0,2025-04-21,3.0,2,35900.0,35700.0,34200.0,39400.0,35266.666666666664,4133.333333333336,5000.0,5700.0,-0.6947724874334064,-0.9748778968513302,-0.5550382091402651,2025-04-20,49500.0,-0.01204833851617448,0.020408871631207033,43300.0,0.018648559078072995,0.02336554895621191,43800.0,0.01611082027269827,0.020761991448429225,1,-0.09947588821202731,-1.9051547749864002,2025-04-17,IS7J25,365.0,0.0,68.0,False,0.0,-0.04161625685271024,-0.018996500690655102,-0.016304709024943825,-0.02694310722999957,-0.018823982791495233,,0.0,0.0,1.0,1.0,3.0,0.005635354362823426,0.2,70.5,1.0,4,0,0,0,1,0,0,-1,2025-04-28,0.0,0.0,0.0,2025-05-01,-0.005115100666770377,-200.0,-1.0,2025-05-06,-0.005115100666770377,-200.0,-1.0,2025-05-21,-0.01025650016718911,-400.0,-1.0,2025-06-06,-0.044335813820051743,-1700.0,-1.0,2025-06-20,-0.05505977718302743,-2100.0,-1.0,2025-07-22,-0.05775883415219242,-2200.0,-1.0
2025-04-24,Thu,40400.0,40400.0,40400.0,39600.0,38300.0,36800.0,38400.0,37200.0,36300.0,36100.0,34600.0,400.0,2025-04-24,3.0,2,36300.0,36100.0,34600.0,39820.0,35666.666666666664,4153.333333333336,5000.0,5800.0,-0.6171735945628307,-0.9480789906622044,-0.2889473412885731,2025-04-23,49700.0,-0.00801607498823606,0.016227536621756754,43100.0,0.009324076875123244,0.018735911057469846,43700.0,0.013825104991842335,0.020809999513793278,1,-0.08469387884926723,-0.5891343536815042,2025-04-23,IS7J25,357.0,0.0,68.0,False,-0.016667052485211647,-0.06377782865556259,-0.03034715638929176,-0.04115807249350749,-0.05448103606923241,-0.03826446447998697,,0.0,0.0,1.0,1.0,2.0,0.005471964410148179,0.15,68.0,1.0,1,0,0,0,0,0,0,-1,2025-04-29,-0.01526747213078842,-600.0,-1.0,2025-05-05,-0.01526747213078842,-600.0,-1.0,2025-05-09,-0.005063301956546762,-200.0,-1.0,2025-05-26,-0.025576841789649737,-1000.0,-1.0,2025-06-09,-0.06521214864704543,-2500.0,-1.0,2025-06-23,-0.06791120561621039,-2600.0,-1.0,2025-07-23,-0.06791120561621039,-2600.0,-1.0
2025-04-28,Mon,40000.0,40000.0,40000.0,39200.0,37900.0,36400.0,38000.0,36800.0,36300.0,36100.0,34600.0,-400.0,2025-04-28,4.0,2,36300.0,36100.0,34600.0,39420.0,35666.666666666664,3753.3333333333358,4600.0,5400.0,-1.6577983256608075,-1.9865032106556857,-1.2539939850170283,2025-04-24,49700.0,-0.021891421481853125,0.016227536621756754,43200.0,-0.0023121397583795024,0.018692133012152546,43700.0,-0.006841531816716712,0.018476276167573212,4,-0.09716374845364774,-1.6785399184737555,2025-04-25,IS7J25,355.0,0.0,68.0,False,0.0,-0.06939582095978584,-0.02777956410707562,-0.0467760647977307,-0.06277640614417207,-0.04388245678421023,,0.0,0.0,0.0,1.0,2.0,0.006198015435518186,0.15,68.0,1.0,3,1,1,1,1,-1,0,-1,2025-05-05,-0.005115100666770377,-200.0,-1.0,2025-05-08,0.005089069507471228,200.0,1.0,2025-05-14,0.005089069507471228,200.0,1.0,2025-05-28,-0.02846246466376152,-1100.0,-1.0,2025-06-12,-0.05505977718302743,-2100.0,-1.0,2025-06-27,-0.07136448620797103,-2700.0,-1.0,2025-07-28,-0.03636764417087483,-1400.0,-1.0
2025-04-29,Tue,39800.0,39800.0,39800.0,39000.0,37700.0,36300.0,37800.0,36700.0,36000.0,35800.0,34300.0,-200.0,2025-04-29,1.0,2,36000.0,35800.0,34300.0,39220.0,35366.666666666664,3853.3333333333358,4700.0,5500.0,-1.3831629402887509,-1.7239812789757276,-0.9919974931906469,2025-04-28,49400.0,-0.027945930390559336,0.010173027713050568,43000.0,-0.009259325412796712,0.02115237500522676,43700.0,-0.00911168035125589,0.020809999513793278,1,-0.09763846956391606,-1.741914603259552,2025-04-28,IS7K25,335.0,0.0,68.0,True,,-0.06939582095978584,-0.02777956410707562,-0.033244058579154426,-0.05747135391447884,,,1.0,1.0,1.0,2.0,3.0,0.00607777593277369,0.1,68.0,1.0,1,1,1,0,1,-1,0,-1,2025-05-05,0.0,0.0,0.0,2025-05-09,0.010204170174241668,400.0,1.0,2025-05-14,0.010204170174241668,400.0,1.0,2025-05-29,-0.028610534041265775,-1100.0,-1.0,2025-06-13,-0.049944676516257024,-1900.0,-1.0,2025-06-28,-0.06899287148695143,-2600.0,-1.0,2025-07-28,-0.031252543504104426,-1200.0,-1.0
2025-04-30,Wed,39800.0,39800.0,39800.0,39000.0,37700.0,36300.0,37800.0,36700.0,35700.0,35500.0,34000.0,0.0,2025-04-30,1.0,2,35700.0,35500.0,34000.0,39220.0,35066.666666666664,4153.333333333336,5000.0,5800.0,-0.5038230952182913,-0.8672334297106922,-0.15029682683601403,2025-04-28,49400.0,-0.027945930390559336,0.010173027713050568,43000.0,-0.009259325412796712,0.02115237500522676,43700.0,-0.00911168035125589,0.020809999513793278,2,-0.09763846956391606,-1.7839964709300506,2025-04-29,IS7K25,335.0,0.0,68.0,False,0.0,-0.06939582095978584,-0.022285044789434917,-0.033244058579154426,-0.057471353914478836,,,1.0,1.0,1.0,2.0,3.0,0.006222308913488939,0.05,68.0,1.0,1,0,0,0,1,-1,0,-1,2025-05-05,0.0,0.0,0.0,2025-05-10,0.010204170174241668,400.0,1.0,2025-05-16,0.010204170174241668,400.0,1.0,2025-05-30,-0.03390155167568134,-1300.0,-1.0,2025-06-14,-0.049944676516257024,-1900.0,-1.0,2025-07-01,-0.0662493855412006,-2500.0,-1.0,2025-07-29,-0.025975486403260677,-1000.0,-1.0
2025-05-01,Thu,39700.0,39700.0,39700.0,39000.0,37700.0,36300.0,37800.0,36700.0,35400.0,35200.0,33700.0,0.0,2025-05-01,1.0,2,35400.0,35200.0,33700.0,39160.0,34766.666666666664,4393.333333333336,5300.0,6000.0,0.2477074604325697,0.07630946614265352,0.44282650908386206,2025-04-28,49400.0,-0.027945930390559336,0.010173027713050568,43000.0,-0.009259325412796712,0.02115237500522676,43700.0,-0.00911168035125589,0.020809999513793278,3,-0.09763846956391606,-1.7392653266563138,2025-04-30,IS7K25,335.0,0.0,68.0,False,0.0,-0.06939582095978584,-0.005617992304223268,-0.03596514869351501,-0.057471353914478836,,,1.0,1.0,1.0,2.0,3.0,0.006222308913488939,0.05,68.0,1.0,1,0,0,0,1,-1,0,-1,2025-05-06,0.0,0.0,0.0,2025-05-12,0.010204170174241668,400.0,1.0,2025-05-16,0.010204170174241668,400.0,1.0,2025-05-31,-0.03922071315328127,-1500.0,-1.0,2025-06-17,-0.049944676516257024,-1900.0,-1.0,2025-07-01,-0.0662493855412006,-2500.0,-1.0,2025-07-30,-0.025975486403260677,-1000.0,-1.0
2025-05-02,Fri,39700.0,39700.0,39700.0,39000.0,37700.0,36300.0,37800.0,36700.0,35400.0,35200.0,33700.0,0.0,2025-05-02,1.0,2,35400.0,35200.0,33700.0,39160.0,34766.666666666664,4393.333333333336,5300.0,6000.0,0.28364398945909625,0.1169522012347134,0.480429726390384,2025-05-01,49100.0,-0.039925462409183855,0.004081638319648456,42700.0,-0.01626052087178029,0.018913093306486776,43500.0,-0.013698844358161915,0.00923794098493636,1,-0.09063727410493243,-0.9659555974320432,2025-05-01,IS7K25,335.0,0.0,68.0,False,0.0,-0.06939582095978584,0.0,-0.027779564107075605,-0.057471353914478836,,,1.0,1.0,1.0,2.0,3.0,0.006222308913488939,0.05,68.0,1.0,1,0,0,0,0,-1,0,-1,2025-05-07,0.005115100666770409,200.0,1.0,2025-05-12,0.010204170174241668,400.0,1.0,2025-05-17,0.010204170174241668,400.0,1.0,2025-06-02,-0.03922071315328127,-1500.0,-1.0,2025-06-17,-0.049944676516257024,-1900.0,-1.0,2025-07-01,-0.0662493855412006,-2500.0,-1.0,2025-07-31,-0.025975486403260677,-1000.0,-1.0
2025-05-05,Mon,39700.0,39700.0,39700.0,39000.0,37700.0,36300.0,37800.0,36700.0,35600.0,35400.0,33900.0,0.0,2025-05-05,3.0,2,35600.0,35400.0,33900.0,39160.0,34966.666666666664,4193.333333333336,5100.0,5800.0,-0.3246856407340797,-0.5084443079161268,-0.08601446552915766,2025-05-03,48800.0,-0.04605418435055731,-0.0020470836217247996,42800.0,-0.004662013105811301,0.021252275659658953,43500.0,-0.009153381986487248,0.03034071705267222,2,-0.09297645645810464,-1.1682677548842868,2025-05-02,IS7K25,335.0,0.0,58.0,False,0.0,-0.06939582095978584,0.0,-0.027779564107075605,-0.04408427313201943,,,1.0,1.0,1.0,2.0,3.0,0.006222308913488939,0.05,68.0,1.0,3,0,0,0,1,-1,0,-1,2025-05-10,0.010204170174241668,400.0,1.0,2025-05-16,0.010204170174241668,400.0,1.0,2025-05-20,0.0,0.0,0.0,2025-06-04,-0.03922071315328127,-1500.0,-1.0,2025-06-19,-0.049944676516257024,-1900.0,-1.0,2025-07-04,-0.0662493855412006,-2500.0,-1.0,2025-08-04,-0.023347363996991177,-900.0,-1.0
2025-05-06,Tue,39700.0,39700.0,39700.0,39000.0,37700.0,36300.0,37800.0,36700.0,35600.0,35400.0,33900.0,0.0,2025-05-06,1.0,2,35600.0,35400.0,33900.0,39160.0,34966.666666666664,4193.333333333336,5100.0,5800.0,-0.2956881688844073,-0.48425095075521507,-0.052512139272603224,2025-05-03,48800.0,-0.04605418435055731,-0.0020470836217247996,42800.0,-0.004662013105811301,0.021252275659658953,43500.0,-0.009153381986487248,0.03034071705267222,3,-0.09297645645810464,-1.1293927002586415,2025-05-05,IS7K25,335.0,0.0,58.0,False,0.0,-0.06939582095978584,0.0,-0.027779564107075605,-0.04408427313201943,,,0.0,1.0,1.0,2.0,3.0,0.00572154196669865,0.05,68.0,1.0,1,0,0,0,1,-1,0,-1,2025-05-12,0.010204170174241668,400.0,1.0,2025-05-16,0.010204170174241668,400.0,1.0,2025-05-21,-0.005141399500418652,-200.0,-1.0,2025-06-06,-0.03922071315328127,-1500.0,-1.0,2025-06-20,-0.049944676516257024,-1900.0,-1.0,2025-07-05,-0.0662493855412006,-2500.0,-1.0,2025-08-04,-0.023347363996991177,-900.0,-1.0
2025-05-07,Wed,39900.0,39900.0,39900.0,39200.0,37900.0,36500.0,38000.0,37000.0,35600.0,35400.0,33900.0,200.0,2025-05-07,1.0,2,35600.0,35400.0,33900.0,39360.0,34966.666666666664,4393.333333333336,5300.0,6000.0,0.4359391171988396,0.29636533209139104,0.6405108766042613,2025-05-03,48800.0,-0.04605418435055731,-0.0020470836217247996,42800.0,-0.004662013105811301,0.021252275659658953,43500.0,-0.009153381986487248,0.03034071705267222,4,-0.08786135579133426,-0.5877277044989963,2025-05-06,IS7K25,335.0,0.0,58.0,False,0.0,-0.06939582095978584,0.0,-0.022285044789434903,-0.04138521616285437,,,0.0,1.0,1.0,2.0,3.0,0.00572154196669865,0.05,68.0,1.0,1,0,0,0,0,-1,0,-1,2025-05-12,0.005089069507471228,200.0,1.0,2025-05-17,0.005089069507471228,200.0,1.0,2025-05-22,-0.015424470325631639,-600.0,-1.0,2025-06-06,-0.044335813820051743,-1700.0,-1.0,2025-06-21,-0.05505977718302743,-2100.0,-1.0,2025-07-07,-0.0686285063890963,-2600.0,-1.0,2025-08-05,-0.025841231183887328,-1000.0,-1.0
2025-05-08,Thu,40000.0,40000.0,40000.0,39400.0,38900.0,36600.0,38100.0,37100.0,35600.0,35400.0,33900.0,200.0,2025-05-08,1.0,2,35600.0,35400.0,33900.0,39660.0,34966.666666666664,4693.333333333336,5500.0,6100.0,1.549463587574422,1.1311541605495163,1.0047416102770057,2025-05-07,48500.0,-0.040409538337876666,-0.008213598537388856,42700.0,-0.01626052087178029,0.018913093306486776,43100.0,-0.013825104991842318,0.018735911057469846,1,-0.08043310393069071,0.15719834667497173,2025-05-07,IS7K25,339.0,0.0,58.0,False,0.011869575555383729,-0.05752624540440211,0.011869575555383722,0.006251583251160469,-0.034906489242347016,,,0.0,1.0,1.0,2.0,3.0,0.00574507169572078,0.05,68.0,1.0,1,-1,-1,-1,0,-1,0,-1,2025-05-14,0.0,0.0,0.0,2025-05-19,-0.005089069507471293,-200.0,-1.0,2025-05-23,-0.020513539833102903,-800.0,-1.0,2025-06-07,-0.05477248965411827,-2100.0,-1.0,2025-06-23,-0.06284790365966364,-2400.0,-1.0,2025-07-07,-0.07371757589656756,-2800.0,-1.0,2025-08-06,-0.030930300691358614,-1200.0,-1.0
2025-05-09,Fri,40000.0,40000.0,40000.0,39400.0,37900.0,36600.0,38100.0,37100.0,35600.0,35400.0,33900.0,0.0,2025-05-09,1.0,2,35600.0,35400.0,33900.0,39460.0,34966.666666666664,4493.333333333336,5500.0,6100.0,0.8148109582322284,1.1480013478960371,1.0047416102770057,2025-05-07,48500.0,-0.040409538337876666,-0.008213598537388856,42700.0,-0.01626052087178029,0.018913093306486776,43100.0,-0.013825104991842318,0.018735911057469846,2,-0.08043310393069071,0.1575175298041916,2025-05-08,IS7K25,338.0,3.0,58.0,False,-0.00295421189743152,-0.060480457301833636,0.008915363657952202,0.00891536365795221,-0.032469852504902114,,,0.0,1.0,1.0,2.0,3.0,0.00637680357099485,0.05,68.0,0.0,1,0,-1,-1,0,-1,0,-1,2025-05-14,0.0,0.0,0.0,2025-05-19,-0.005089069507471293,-200.0,-1.0,2025-05-26,-0.020513539833102903,-800.0,-1.0,2025-06-09,-0.060148846690498685,-2300.0,-1.0,2025-06-23,-0.06284790365966364,-2400.0,-1.0,2025-07-08,-0.07371757589656756,-2800.0,-1.0,2025-08-07,-0.030930300691358614,-1200.0,-1.0
2025-05-10,Sat,40000.0,40000.0,40000.0,39400.0,37900.0,36600.0,38100.0,37100.0,35400.0,35200.0,33700.0,0.0,2025-05-10,1.0,2,35400.0,35200.0,33700.0,39460.0,34766.666666666664,4693.333333333336,5700.0,6300.0,1.5393794006323545,1.9689641752382707,1.674569350461676,2025-05-09,48500.0,-0.040409538337876666,-0.012295236857037354,42500.0,-0.023256862164267235,0.014218249002279172,43200.0,-0.01834913866819654,0.021053409197832263,1,-0.07573825962648306,0.6298815247752297,2025-05-09,IS7K25,339.0,0.0,58.0,False,0.0029542118974313827,-0.05752624540440225,0.011869575555383585,0.011869575555383592,-0.0349064892423471,-0.05090683058878848,,0.0,1.0,1.0,1.0,3.0,0.006325661850360138,0.1,68.0,1.0,1,-1,-1,-1,0,-1,0,-1,2025-05-16,0.0,0.0,0.0,2025-05-20,-0.010204170174241736,-400.0,-1.0,2025-05-26,-0.020513539833102903,-800.0,-1.0,2025-06-09,-0.060148846690498685,-2300.0,-1.0,2025-06-24,-0.06826797112900286,-2600.0,-1.0,2025-07-09,-0.07098906124336359,-2700.0,-1.0,2025-08-08,-0.0335515341712329,-1300.0,-1.0
2025-05-12,Mon,40000.0,40000.0,40000.0,39400.0,37900.0,36600.0,38100.0,37100.0,35400.0,35200.0,33700.0,0.0,2025-05-12,2.0,2,35400.0,35200.0,33700.0,39460.0,34766.666666666664,4693.333333333336,5700.0,6300.0,1.5176910337058929,1.9390997753520647,1.6387703104954365,2025-05-09,48500.0,-0.040409538337876666,-0.012295236857037354,42500.0,-0.023256862164267235,0.014218249002279172,43200.0,-0.01834913866819654,0.021053409197832263,3,-0.07573825962648306,0.6306395798304888,2025-05-09,IS7K25,339.0,0.0,58.0,False,0.0029542118974313827,-0.05752624540440225,0.011869575555383585,0.011869575555383592,-0.0349064892423471,-0.05090683058878848,,0.0,1.0,1.0,1.0,3.0,0.006325661850360138,0.1,68.0,1.0,3,-1,-1,-1,0,-1,0,-1,2025-05-17,0.0,0.0,0.0,2025-05-22,-0.020513539833102903,-800.0,-1.0,2025-05-27,-0.025708356710206923,-1000.0,-1.0,2025-06-11,-0.06284790365966364,-2400.0,-1.0,2025-06-26,-0.07645355571544236,-2900.0,-1.0,2025-07-14,-0.06555426525740665,-2500.0,-1.0,2025-08-11,-0.0335515341712329,-1300.0,-1.0
2025-05-14,Wed,40000.0,40000.0,40000.0,39400.0,38100.0,36700.0,38300.0,37300.0,35200.0,35000.0,33500.0,0.0,2025-05-14,2.0,2,35200.0,35000.0,33500.0,39500.0,34566.666666666664,4933.333333333336,5900.0,6500.0,2.3397819383481324,2.695320319532371,2.255042781335407,2025-05-13,48800.0,-0.014242356715543103,-0.03027476424659208,42600.0,-0.01629838173311942,-0.0023446669592541345,43200.0,-0.016073824831061023,0.0,1,-0.07808843697143658,0.3943351029154604,2025-05-13,IS7K25,338.0,0.0,58.0,False,-0.00295421189743152,-0.060480457301833775,0.008915363657952063,0.008915363657952074,-0.02432869492120235,-0.04855599025652677,,0.0,0.0,1.0,1.0,3.0,0.005518887734944255,0.05,68.0,1.0,1,-1,-1,-1,0,-1,0,-1,2025-05-19,-0.005089069507471293,-200.0,-1.0,2025-05-26,-0.020513539833102903,-800.0,-1.0,2025-05-29,-0.038814704215507416,-1500.0,-1.0,2025-06-13,-0.060148846690498685,-2300.0,-1.0,2025-06-28,-0.07919704166119317,-3000.0,-1.0,2025-07-14,-0.06555426525740665,-2500.0,-1.0,2025-08-12,-0.036179656577502356,-1400.0,-1.0
2025-05-16,Fri,40000.0,40000.0,40000.0,39400.0,38500.0,36700.0,38500.0,37500.0,35200.0,35000.0,33500.0,0.0,2025-05-16,2.0,2,35200.0,35000.0,33500.0,39580.0,34566.666666666664,5013.333333333336,5900.0,6500.0,2.479644007609259,2.523892968718112,2.135110407345134,2025-05-15,48100.0,-0.03272275599086753,-0.04073883097910356,42200.0,-0.02110277606773594,-0.011778699192612763,43100.0,-0.013825104991842318,0.0,1,-0.068654404738078,1.3325954513764289,2025-05-15,IS7K25,339.0,0.0,58.0,False,0.0,-0.05752624540440239,0.0029542118974312383,0.011869575555383455,-0.015909988551692143,-0.04560177835909539,,0.0,0.0,1.0,1.0,3.0,0.005536668628753374,0.05,68.0,1.0,1,-1,-1,-1,-1,-1,-1,-1,2025-05-21,-0.015345569674660421,-600.0,-1.0,2025-05-26,-0.020513539833102903,-800.0,-1.0,2025-05-31,-0.04942488332752298,-1900.0,-1.0,2025-06-17,-0.060148846690498685,-2300.0,-1.0,2025-07-01,-0.07645355571544236,-2900.0,-1.0,2025-07-15,-0.06555426525740665,-2500.0,-1.0,2025-08-14,-0.036179656577502356,-1400.0,-1.0
2025-05-17,Sat,40000.0,40000.0,40000.0,39400.0,38500.0,36700.0,38500.0,37500.0,35200.0,35000.0,33500.0,0.0,2025-05-17,1.0,2,35200.0,35000.0,33500.0,39580.0,34566.666666666664,5013.333333333336,5900.0,6500.0,2.3397776637621863,2.39461131405946,2.037951053373046,2025-05-15,48100.0,-0.03272275599086753,-0.04073883097910356,42200.0,-0.02110277606773594,-0.011778699192612763,43100.0,-0.013825104991842318,0.0,2,-0.068654404738078,1.3161792482638612,2025-05-16,IS7K25,340.0,0.0,58.0,False,0.0029455102297567446,-0.05458073517464564,0.0029455102297566,0.0148150857851402,-0.0129644783219354,-0.02926918734687924,,0.0,0.0,1.0,1.0,3.0,0.0052810773406656115,0.05,68.0,1.0,1,-1,-1,-1,-1,-1,-1,-1,2025-05-22,-0.020513539833102903,-800.0,-1.0,2025-05-27,-0.025708356710206923,-1000.0,-1.0,2025-06-02,-0.04942488332752298,-1900.0,-1.0,2025-06-17,-0.060148846690498685,-2300.0,-1.0,2025-07-01,-0.07645355571544236,-2900.0,-1.0,2025-07-16,-0.06555426525740665,-2500.0,-1.0,2025-08-18,-0.036179656577502356,-1400.0,-1.0
2025-05-19,Mon,39900.0,39900.0,39800.0,39200.0,38500.0,36700.0,38500.0,37500.0,35400.0,35200.0,33700.0,-200.0,2025-05-19,2.0,2,35400.0,35200.0,33700.0,39460.0,34766.666666666664,4693.333333333336,5500.0,6100.0,1.230223346368782,0.9088065981668144,0.7801535665258369,2025-05-17,47900.0,-0.03688942868571351,-0.058780850167566664,42400.0,-0.01869213301215252,-0.021004272770532125,42800.0,-0.020809999513793403,-0.02765153133051001,2,-0.07847161544149521,0.3191155385422708,2025-05-16,IS7K25,340.0,0.0,58.0,False,0.0029455102297567446,-0.05458073517464564,0.0029455102297566,0.0148150857851402,-0.0129644783219354,-0.02926918734687924,,0.0,0.0,1.0,1.0,3.0,0.0052810773406656115,0.05,68.0,1.0,3,-1,0,0,0,-1,0,-1,2025-05-26,-0.015424470325631639,-600.0,-1.0,2025-05-29,-0.0337256347080362,-1300.0,-1.0,2025-06-03,-0.044335813820051743,-1700.0,-1.0,2025-06-18,-0.05505977718302743,-2100.0,-1.0,2025-07-03,-0.07136448620797103,-2700.0,-1.0,2025-07-18,-0.060465195749935335,-2300.0,-1.0,2025-08-18,-0.03109058707003112,-1200.0,-1.0
2025-05-20,Tue,39700.0,39700.0,39600.0,39000.0,38300.0,36500.0,38200.0,37200.0,35400.0,35200.0,33700.0,-200.0,2025-05-20,1.0,2,35400.0,35200.0,33700.0,39260.0,34766.666666666664,4493.333333333336,5300.0,5900.0,0.5841666019599614,0.21011945743743113,0.1795207559994275,2025-05-17,47900.0,-0.03688942868571351,-0.058780850167566664,42400.0,-0.01869213301215252,-0.021004272770532125,42800.0,-0.020809999513793403,-0.02765153133051001,3,-0.0835867161082657,-0.19076857796842372,2025-05-19,IS7K25,340.0,0.0,58.0,False,0.0,-0.05458073517464564,0.0029455102297566,0.014815085785140198,-0.012964478321935402,-0.02926918734687924,,0.0,0.0,1.0,1.0,3.0,0.005349809706300611,0.05,68.0,1.0,1,0,0,0,0,-1,0,-1,2025-05-26,-0.010309369658861213,-400.0,-1.0,2025-05-30,-0.03390155167568134,-1300.0,-1.0,2025-06-04,-0.03922071315328127,-1500.0,-1.0,2025-06-19,-0.049944676516257024,-1900.0,-1.0,2025-07-04,-0.0662493855412006,-2500.0,-1.0,2025-07-19,-0.055350095083164956,-2100.0,-1.0,2025-08-18,-0.025975486403260677,-1000.0,-1.0
2025-05-21,Wed,39500.0,39500.0,39400.0,38800.0,38100.0,36300.0,38000.0,37000.0,35500.0,35300.0,33800.0,-200.0,2025-05-21,1.0,2,35500.0,35300.0,33800.0,39060.0,34866.666666666664,4193.333333333336,5000.0,5600.0,-0.3404164435593528,-0.8120833084743909,-0.6985666789503222,2025-05-17,47900.0,-0.03688942868571351,-0.058780850167566664,42400.0,-0.01869213301215252,-0.021004272770532125,42800.0,-0.020809999513793403,-0.02765153133051001,4,-0.08872811560868431,-0.7235454221308932,2025-05-20,IS7K25,340.0,9.0,55.0,False,0.0,-0.05458073517464564,0.005899722127188121,0.014815085785140198,-0.0074699590042947,-0.02657013037771418,,0.0,0.0,1.0,1.0,2.0,0.005349809706300611,0.05,63.0,0.0,1,0,0,0,0,-1,0,-1,2025-05-26,-0.005167970158442561,-200.0,-1.0,2025-05-31,-0.03407931365286262,-1300.0,-1.0,2025-06-06,-0.03407931365286262,-1300.0,-1.0,2025-06-20,-0.04480327701583826,-1700.0,-1.0,2025-07-05,-0.06110798604078195,-2300.0,-1.0,2025-07-22,-0.04750233398500325,-1800.0,-1.0,2025-08-19,-0.020834086902842025,-800.0,-1.0
2025-05-22,Thu,39400.0,39400.0,39300.0,38600.0,37900.0,36100.0,37900.0,36900.0,35500.0,35300.0,33800.0,-200.0,2025-05-22,1.0,2,35500.0,35300.0,33800.0,38920.0,34866.666666666664,4053.3333333333358,4800.0,5500.0,-0.7612045558244561,-1.4690898911316284,-0.9760637674070032,2025-05-17,47900.0,-0.03688942868571351,-0.058780850167566664,42400.0,-0.01869213301215252,-0.021004272770532125,42800.0,-0.020809999513793403,-0.02765153133051001,5,-0.09389608576712694,-1.2654917417401537,2025-05-21,IS7K25,341.0,0.0,55.0,False,0.0029368596733097057,-0.05164387550133594,0.005882369903066443,0.005882369903066176,0.012133953154226653,-0.029024119339280847,,0.0,0.0,1.0,1.0,2.0,0.005222217201295802,0.1,58.0,1.0,1,0,1,0,1,-1,0,1,2025-05-27,-0.005194816877104023,-200.0,-1.0,2025-06-02,-0.028911343494420035,-1100.0,-1.0,2025-06-06,-0.028911343494420035,-1100.0,-1.0,2025-06-21,-0.03963530685739575,-1500.0,-1.0,2025-07-07,-0.05320403606346457,-2000.0,-1.0,2025-07-22,-0.04233436382656077,-1600.0,-1.0,2025-08-20,-0.010416760858255715,-400.0,-1.0
2025-05-23,Fri,39400.0,39400.0,39300.0,38600.0,37900.0,36100.0,37900.0,36900.0,35400.0,35200.0,33700.0,0.0,2025-05-23,1.0,2,35400.0,35200.0,33700.0,38920.0,34766.666666666664,4153.333333333336,4900.0,5600.0,-0.4442819620546591,-1.083078401377033,-0.6664228303387258,2025-05-17,47900.0,-0.03688942868571351,-0.058780850167566664,42400.0,-0.01869213301215252,-0.021004272770532125,42800.0,-0.020809999513793403,-0.02765153133051001,6,-0.09389608576712694,-1.2777262340188602,2025-05-22,IS7K25,341.0,0.0,55.0,False,0.0,-0.05164387550133594,0.005882369903066443,0.008836581800497696,0.017751945458449915,-0.023633270704404425,,0.0,0.0,1.0,1.0,2.0,0.003471392713183706,0.1,58.0,1.0,1,0,1,0,1,-1,0,1,2025-05-28,-0.013037994338129943,-500.0,-1.0,2025-06-02,-0.028911343494420035,-1100.0,-1.0,2025-06-07,-0.03425894982101533,-1300.0,-1.0,2025-06-23,-0.04233436382656077,-1600.0,-1.0,2025-07-07,-0.05320403606346457,-2000.0,-1.0,2025-07-22,-0.04233436382656077,-1600.0,-1.0,2025-08-21,-0.010416760858255715,-400.0,-1.0
2025-05-26,Mon,39400.0,39400.0,39300.0,38600.0,37900.0,36100.0,37900.0,36900.0,35200.0,35000.0,33500.0,0.0,2025-05-26,3.0,2,35200.0,35000.0,33500.0,38920.0,34566.666666666664,4353.333333333336,5100.0,5800.0,0.16596298817364122,-0.3907879479033913,-0.08120934648912727,2025-05-23,47300.0,-0.04344012869598955,-0.07138605908654891,41900.0,-0.025914288765470354,-0.03517361417826715,42400.0,-0.030199739863632405,-0.03931142021488824,3,-0.08203355045730684,-0.07253958787744515,2025-05-23,IS7M25,342.0,7.0,51.0,True,,-0.05164387550133594,0.0029368596733096984,0.005882369903066313,,,,1.0,1.0,2.0,2.0,3.0,0.0031314852606865585,0.1,58.0,0.0,3,0,0,0,0,-1,0,0,2025-05-31,-0.028911343494420035,-1100.0,-1.0,2025-06-06,-0.028911343494420035,-1100.0,-1.0,2025-06-10,-0.03963530685739575,-1500.0,-1.0,2025-06-25,-0.05320403606346457,-2000.0,-1.0,2025-07-10,-0.05047552141026054,-1900.0,-1.0,2025-07-25,-0.03158157205029893,-1200.0,-1.0,2025-08-25,-0.010416760858255715,-400.0,-1.0
2025-05-27,Tue,39200.0,39200.0,39100.0,38400.0,37700.0,35900.0,37700.0,36700.0,35000.0,34800.0,33300.0,-200.0,2025-05-27,1.0,2,35000.0,34800.0,33300.0,38720.0,34366.666666666664,4353.333333333336,5100.0,5800.0,0.15706980106617577,-0.38480406069855755,-0.08608130823313498,2025-05-23,47300.0,-0.04344012869598955,-0.07138605908654891,41900.0,-0.025914288765470354,-0.03517361417826715,42400.0,-0.030199739863632405,-0.03931142021488824,4,-0.08722836733441083,-0.6082344708136841,2025-05-23,IS7M25,342.0,7.0,51.0,True,,-0.05164387550133594,0.0029368596733096984,0.005882369903066313,,,,1.0,1.0,2.0,2.0,3.0,0.0031314852606865585,0.1,58.0,0.0,4,0,0,0,0,-1,0,0,2025-06-02,-0.023716526617316044,-900.0,-1.0,2025-06-06,-0.023716526617316044,-900.0,-1.0,2025-06-11,-0.037139546949456766,-1400.0,-1.0,2025-06-26,-0.05074519900523532,-1900.0,-1.0,2025-07-14,-0.039845908547199674,-1500.0,-1.0,2025-07-26,-0.02105340919783238,-800.0,-1.0,2025-08-25,-0.0052219439811517126,-200.0,-1.0
2025-05-28,Wed,39000.0,39000.0,38800.0,38100.0,37400.0,35400.0,37400.0,36400.0,34700.0,34500.0,33000.0,-300.0,2025-05-28,1.0,2,34700.0,34500.0,33000.0,38460.0,34066.666666666664,4393.333333333336,5100.0,5800.0,0.2648346264110329,-0.38480406069855755,-0.09599932312580127,2025-05-23,47300.0,-0.04344012869598955,-0.07138605908654891,41900.0,-0.025914288765470354,-0.03517361417826715,42400.0,-0.030199739863632405,-0.03931142021488824,5,-0.09507154479543677,-1.4136399018942036,2025-05-27,IS7M25,342.0,0.0,51.0,False,0.0,-0.05164387550133594,0.002936859673309699,0.005882369903066313,0.017751945458449915,,,1.0,1.0,1.0,2.0,3.0,0.003213850188225797,0.15,58.0,1.0,1,0,0,0,1,-1,0,1,2025-06-02,-0.01587334915629012,-600.0,-1.0,2025-06-07,-0.021220955482885422,-800.0,-1.0,2025-06-12,-0.026597312519265854,-1000.0,-1.0,2025-06-27,-0.04290202154420946,-1600.0,-1.0,2025-07-14,-0.03200273108617383,-1200.0,-1.0,2025-07-28,-0.007905179507113261,-300.0,-1.0,2025-08-26,-0.002628122406269469,-100.0,-1.0
2025-05-29,Thu,38800.0,38800.0,38600.0,37900.0,37200.0,35200.0,37200.0,36200.0,34700.0,34500.0,33000.0,-200.0,2025-05-29,1.0,2,34700.0,34500.0,33000.0,38260.0,34066.666666666664,4193.333333333336,4900.0,5600.0,-0.35918208724885653,-1.044468164753226,-0.6841971411491564,2025-05-23,47300.0,-0.04344012869598955,-0.07138605908654891,41900.0,-0.025914288765470354,-0.03517361417826715,42400.0,-0.030199739863632405,-0.03931142021488824,6,-0.10033471483971136,-1.926400359091456,2025-05-28,IS7M25,342.0,0.0,51.0,False,0.0,-0.05164387550133594,0.002936859673309699,0.008836581800497834,0.017751945458449915,,,1.0,1.0,1.0,2.0,3.0,0.0031314852606865585,0.15,58.0,1.0,1,0,1,0,1,-1,0,1,2025-06-03,-0.010610179112015571,-400.0,-1.0,2025-06-09,-0.021334142474991172,-800.0,-1.0,2025-06-13,-0.021334142474991172,-800.0,-1.0,2025-06-28,-0.040382337445685694,-1500.0,-1.0,2025-07-14,-0.0267395610418992,-1000.0,-1.0,2025-07-28,-0.0026420094628386965,-100.0,-1.0,2025-08-27,-0.0026420094628386965,-100.0,-1.0
2025-05-30,Fri,38600.0,38600.0,38400.0,37700.0,37000.0,35000.0,37000.0,36000.0,34200.0,34000.0,32500.0,-200.0,2025-05-30,1.0,2,34200.0,34000.0,32500.0,38060.0,33566.666666666664,4493.333333333336,5200.0,5900.0,0.5497624996033786,-0.04363301443139565,0.18309500960329425,2025-05-23,47300.0,-0.04344012869598955,-0.07138605908654891,41900.0,-0.025914288765470354,-0.03517361417826715,42400.0,-0.030199739863632405,-0.03931142021488824,7,-0.10562573247412693,-2.4057529632561336,2025-05-29,IS7M25,342.0,0.0,40.0,False,0.0,-0.05164387550133594,0.0,0.00588236990306645,0.017751945458449915,,,1.0,1.0,1.0,2.0,3.0,0.0031314852606865585,0.15,58.0,1.0,1,0,0,0,1,-1,0,1,2025-06-04,-0.005319161477599933,-200.0,-1.0,2025-06-09,-0.016043124840575577,-600.0,-1.0,2025-06-14,-0.016043124840575577,-600.0,-1.0,2025-07-01,-0.03234783386551928,-1200.0,-1.0,2025-07-14,-0.021448543407483627,-800.0,-1.0,2025-07-29,0.007926065272420723,300.0,1.0,2025-08-28,0.0026490081715768625,100.0,1.0
2025-05-31,Sat,38400.0,38400.0,38200.0,37500.0,36800.0,34800.0,36800.0,35800.0,34200.0,34000.0,32500.0,-200.0,2025-05-31,1.0,2,34200.0,34000.0,32500.0,37860.0,33566.666666666664,4293.333333333336,5000.0,5700.0,-0.08264843765275837,-0.7044032476014842,-0.41111543324092104,2025-05-23,,,,,,,,,,8,,,2025-05-30,IS7M25,341.0,0.0,40.0,False,-0.002928259779088334,-0.05457213528042427,-0.002928259779088341,0.002954110123978116,0.01482368567936158,,,1.0,1.0,1.0,2.0,3.0,0.0031314852606865585,0.15,58.0,1.0,1,0,0,0,0,0,0,1,2025-06-06,0.0,0.0,0.0,2025-06-10,-0.010723963362975724,-400.0,-1.0,2025-06-17,-0.010723963362975724,-400.0,-1.0,2025-07-01,-0.02702867238791926,-1000.0,-1.0,2025-07-15,-0.016129381929883644,-600.0,-1.0,2025-07-30,0.013245226750020723,500.0,1.0,2025-08-29,0.007968169649176881,300.0,1.0
2025-06-02,Mon,38400.0,38400.0,38200.0,37500.0,36800.0,34800.0,36800.0,35800.0,34600.0,34400.0,32900.0,0.0,2025-06-02,2.0,2,34600.0,34400.0,32900.0,37860.0,33966.666666666664,3893.3333333333358,4600.0,5300.0,-1.324735178502639,-2.003485428504479,-1.581098989704854,2025-05-31,46300.0,-0.05871707370828652,-0.09864253611747036,40800.0,-0.045516838824462905,-0.06177735969624312,41200.0,-0.054322681739157656,-0.06802152609731964,2,-0.08434114843375093,-0.2803414553030976,2025-05-30,IS7M25,341.0,0.0,40.0,False,-0.002928259779088334,-0.05457213528042427,-0.002928259779088341,0.002954110123978116,0.01482368567936158,,,1.0,1.0,1.0,2.0,3.0,0.0031314852606865585,0.15,58.0,1.0,3,1,1,1,0,-1,0,1,2025-06-07,-0.005347606326595242,-200.0,-1.0,2025-06-12,-0.010723963362975724,-400.0,-1.0,2025-06-17,-0.010723963362975724,-400.0,-1.0,2025-07-02,-0.02702867238791926,-1000.0,-1.0,2025-07-17,-0.016129381929883644,-600.0,-1.0,2025-08-01,0.013245226750020723,500.0,1.0,2025-09-01,0.007968169649176881,300.0,1.0
2025-06-03,Tue,38400.0,38400.0,38200.0,37500.0,36800.0,34800.0,36800.0,35800.0,34800.0,34600.0,33100.0,0.0,2025-06-03,1.0,2,34800.0,34600.0,33100.0,37860.0,34166.666666666664,3693.3333333333358,4400.0,5100.0,-1.9120795927987186,-2.5481180631167066,-2.1132795399238122,2025-05-31,46300.0,-0.05871707370828652,-0.09864253611747036,40800.0,-0.045516838824462905,-0.06177735969624312,41200.0,-0.054322681739157656,-0.06802152609731964,3,-0.08434114843375093,-0.276454615710042,2025-06-02,IS7M25,341.0,0.0,40.0,False,0.0,-0.05457213528042427,-0.002928259779088341,8.599894221371623e-06,0.01482368567936158,,,0.0,1.0,1.0,2.0,3.0,0.0032498446613991525,0.15,58.0,1.0,1,1,1,1,0,-1,0,1,2025-06-09,-0.010723963362975724,-400.0,-1.0,2025-06-13,-0.010723963362975724,-400.0,-1.0,2025-06-18,-0.010723963362975724,-400.0,-1.0,2025-07-03,-0.02702867238791926,-1000.0,-1.0,2025-07-18,-0.016129381929883644,-600.0,-1.0,2025-08-02,0.015873349156290163,600.0,1.0,2025-09-01,0.007968169649176881,300.0,1.0
2025-06-04,Wed,38400.0,38400.0,38200.0,37500.0,36800.0,34800.0,36800.0,35800.0,34600.0,34400.0,32900.0,0.0,2025-06-04,1.0,2,34600.0,34400.0,32900.0,37860.0,33966.666666666664,3893.3333333333358,4600.0,5300.0,-1.2514317122310097,-1.7852119549089511,-1.4684247145620664,2025-05-31,46300.0,-0.05871707370828652,-0.09864253611747036,40800.0,-0.045516838824462905,-0.06177735969624312,41200.0,-0.054322681739157656,-0.06802152609731964,4,-0.08434114843375093,-0.27257664615939353,2025-06-03,IS7M25,340.0,0.0,40.0,False,-0.0029368596733097135,-0.05750899495373398,-0.005865119452398055,-0.002928259779088342,0.011886826006051867,,,0.0,1.0,1.0,2.0,3.0,0.0032498446613991525,0.15,58.0,1.0,1,1,1,1,0,-1,0,1,2025-06-09,-0.010723963362975724,-400.0,-1.0,2025-06-14,-0.010723963362975724,-400.0,-1.0,2025-06-19,-0.010723963362975724,-400.0,-1.0,2025-07-04,-0.02702867238791926,-1000.0,-1.0,2025-07-19,-0.016129381929883644,-600.0,-1.0,2025-08-04,0.015873349156290163,600.0,1.0,2025-09-02,0.007968169649176881,300.0,1.0
2025-06-06,Fri,38400.0,38400.0,38200.0,37500.0,36800.0,34800.0,36800.0,35800.0,34600.0,34400.0,32900.0,0.0,2025-06-06,2.0,2,34600.0,34400.0,32900.0,37860.0,33966.666666666664,3893.3333333333358,4600.0,5300.0,-1.2316357850912856,-1.7160527427705352,-1.4336015032574956,2025-05-31,46300.0,-0.05871707370828652,-0.09864253611747036,40800.0,-0.045516838824462905,-0.06177735969624312,41200.0,-0.054322681739157656,-0.06802152609731964,6,-0.08434114843375093,-0.26870735574304155,2025-06-05,IS7M25,340.0,0.0,40.0,False,0.0,-0.05750899495373398,-0.005865119452398055,-0.005865119452398048,1.725045066813813e-05,,,0.0,1.0,1.0,2.0,3.0,0.0033570874948482335,0.15,58.0,1.0,1,1,1,1,0,-1,0,1,2025-06-11,-0.013423020332140661,-500.0,-1.0,2025-06-17,-0.010723963362975724,-400.0,-1.0,2025-06-21,-0.010723963362975724,-400.0,-1.0,2025-07-07,-0.024292692569044587,-900.0,-1.0,2025-07-22,-0.013423020332140661,-500.0,-1.0,2025-08-05,0.01849458263616431,700.0,1.0,2025-09-04,0.0,0.0,0.0
2025-06-07,Sat,38200.0,38200.0,38000.0,37300.0,36600.0,34600.0,36600.0,35600.0,34500.0,34300.0,32800.0,-200.0,2025-06-07,1.0,2,34500.0,34300.0,32800.0,37660.0,33866.666666666664,3793.3333333333358,4500.0,5200.0,-1.5154134165682402,-1.9469601367903973,-1.6796880877727873,2025-06-06,46300.0,-0.052588351766913136,-0.09864253611747036,,,,,,,1,,,2025-06-06,IS7M25,340.0,9.0,49.0,False,0.0,-0.05750899495373398,-0.0029368596733097205,-0.005865119452398048,0.0029714623480996583,,,0.0,1.0,1.0,2.0,3.0,0.0019637051346675293,0.15,56.5,0.0,1,1,1,1,0,0,0,1,2025-06-12,-0.005376357036380406,-200.0,-1.0,2025-06-17,-0.005376357036380406,-200.0,-1.0,2025-06-23,-0.008075414005545418,-300.0,-1.0,2025-07-07,-0.018945086242449304,-700.0,-1.0,2025-07-22,-0.008075414005545418,-300.0,-1.0,2025-08-06,0.023842188962759657,900.0,1.0,2025-09-05,0.005347606326595277,200.0,1.0
2025-06-09,Mon,38000.0,38000.0,37800.0,37100.0,36400.0,34600.0,36200.0,35200.0,34300.0,34100.0,32600.0,-200.0,2025-06-09,2.0,2,34300.0,34100.0,32600.0,37460.0,33666.666666666664,3793.3333333333358,4500.0,5200.0,-1.4900922125832017,-1.8685055378292372,-1.637897711877688,2025-06-06,46300.0,-0.052588351766913136,-0.09864253611747036,,,,,,,3,,,2025-06-06,IS7M25,340.0,9.0,49.0,False,0.0,-0.05750899495373398,-0.0029368596733097205,-0.005865119452398048,0.0029714623480996583,,,0.0,1.0,1.0,2.0,3.0,0.0019637051346675293,0.15,56.5,0.0,3,1,1,1,0,0,0,1,2025-06-14,0.0,0.0,0.0,2025-06-19,0.0,0.0,0.0,2025-06-24,-0.008119124438504242,-300.0,-1.0,2025-07-09,-0.010840214552864833,-400.0,-1.0,2025-07-24,0.005376357036380496,200.0,1.0,2025-08-08,0.02659731251926585,1000.0,1.0,2025-09-08,0.029218545999140005,1100.0,1.0
2025-06-10,Tue,38000.0,38000.0,37800.0,37100.0,36400.0,34600.0,36200.0,35200.0,34400.0,34200.0,32700.0,0.0,2025-06-10,1.0,2,34400.0,34200.0,32700.0,37460.0,33766.666666666664,3693.3333333333358,4400.0,5100.0,-1.7836252401336967,-2.091077461874823,-1.8863564633068535,2025-06-06,46300.0,-0.052588351766913136,-0.09864253611747036,,,,,,,4,,,2025-06-09,IS7M25,340.0,0.0,49.0,False,0.0,-0.05750899495373398,-0.0029368596733097205,-0.005865119452398048,1.7250450668275605e-05,,,0.0,0.0,1.0,2.0,3.0,0.0018290619020893827,0.15,55.0,1.0,1,1,1,1,0,0,0,1,2025-06-17,0.0,0.0,0.0,2025-06-20,0.0,0.0,0.0,2025-06-25,-0.013568729206068903,-500.0,-1.0,2025-07-10,-0.010840214552864833,-400.0,-1.0,2025-07-25,0.008053734807096823,300.0,1.0,2025-08-11,0.02659731251926585,1000.0,1.0,2025-09-08,0.029218545999140005,1100.0,1.0
2025-06-11,Wed,38000.0,38000.0,37800.0,37000.0,36400.0,34600.0,36300.0,35300.0,34400.0,34200.0,32700.0,-100.0,2025-06-11,1.0,2,34400.0,34200.0,32700.0,37440.0,33766.666666666664,3673.3333333333358,4300.0,5100.0,-1.825888005878193,-2.2821654733596795,-1.850967267461825,2025-06-06,46300.0,-0.052588351766913136,-0.09864253611747036,,,,,,,5,,,2025-06-10,IS7M25,340.0,0.0,49.0,False,0.0,-0.05750899495373398,0.0,-0.005865119452398048,1.7250450668275605e-05,0.011886826006051857,,0.0,0.0,1.0,1.0,3.0,0.001698949766059774,0.15,55.0,1.0,1,1,1,1,0,0,0,1,2025-06-17,0.0026990569691649835,100.0,1.0,2025-06-21,0.0026990569691649835,100.0,1.0,2025-06-26,-0.013605652055778598,-500.0,-1.0,2025-07-14,-0.002706361597742914,-100.0,-1.0,2025-07-26,0.016086137751624444,600.0,1.0,2025-08-11,0.029296369488430757,1100.0,1.0,2025-09-09,0.034531983542375945,1300.0,1.0
2025-06-12,Thu,38000.0,38000.0,37800.0,37100.0,36400.0,34700.0,36400.0,35400.0,34400.0,34200.0,32700.0,100.0,2025-06-12,1.0,2,34400.0,34200.0,32700.0,37460.0,33766.666666666664,3693.3333333333358,4400.0,5100.0,-1.7490891982990306,-1.925642894894908,-1.8170561785804296,2025-06-11,45900.0,-0.055098680876938075,-0.09550821921481464,40300.0,-0.06018663363511385,-0.06484864674092511,40800.0,-0.0640788566845224,-0.0732322386710097,1,-0.08273449933924781,-0.10193314238947587,2025-06-11,IS7M25,340.0,0.0,49.0,False,0.0,-0.05750899495373398,0.0,-0.005865119452398048,0.0029714623480997958,0.011886826006051857,,0.0,0.0,1.0,1.0,3.0,0.001698949766059774,0.15,53.0,1.0,1,1,1,1,0,-1,0,1,2025-06-17,0.0,0.0,0.0,2025-06-23,-0.002699056969165058,-100.0,-1.0,2025-06-27,-0.016304709024943582,-600.0,-1.0,2025-07-14,-0.005405418566907935,-200.0,-1.0,2025-07-28,0.018692133012152546,700.0,1.0,2025-08-11,0.02659731251926585,1000.0,1.0,2025-09-10,0.031832926573210754,1200.0,1.0
2025-06-13,Fri,38000.0,38000.0,37800.0,37100.0,36400.0,34700.0,36400.0,35400.0,34400.0,34200.0,32700.0,0.0,2025-06-13,1.0,2,34400.0,34200.0,32700.0,37460.0,33766.666666666664,3693.3333333333358,4400.0,5100.0,-1.7343235013525349,-1.8635390359001143,-1.7845169466884776,2025-06-12,45800.0,-0.05727970682329826,-0.09768924516117483,40300.0,-0.05784745128194152,-0.07410797215372185,40800.0,-0.05484091569958613,-0.06866602069142846,1,-0.08273449933924781,-0.10302722460182348,2025-06-12,IS7M25,340.0,0.0,49.0,False,0.0,-0.05750899495373398,0.0,-0.005865119452398048,1.7250450668413082e-05,0.011886826006051857,,0.0,0.0,1.0,1.0,3.0,0.001541350022983024,0.15,51.0,1.0,1,1,1,1,0,-1,0,1,2025-06-18,0.0,0.0,0.0,2025-06-23,-0.002699056969165058,-100.0,-1.0,2025-06-28,-0.019048194970694474,-700.0,-1.0,2025-07-14,-0.005405418566907935,-200.0,-1.0,2025-07-28,0.018692133012152546,700.0,1.0,2025-08-12,0.023969190112996402,900.0,1.0,2025-09-11,0.02659731251926585,1000.0,1.0
2025-06-14,Sat,38000.0,38000.0,37800.0,37100.0,36400.0,34900.0,36700.0,35700.0,34200.0,34000.0,32500.0,0.0,2025-06-14,1.0,2,34200.0,34000.0,32500.0,37460.0,33566.666666666664,3893.3333333333358,4600.0,5300.0,-1.1547185334936427,-1.315496283827322,-1.253513964740243,2025-06-13,45800.0,-0.05727970682329826,-0.09372098598555428,40100.0,-0.05812774161784769,-0.08138460378211487,40600.0,-0.06207242864237772,-0.0804215673105742,1,-0.07775936469913405,0.3610643925543045,2025-06-13,IS7M25,340.0,0.0,49.0,False,0.0,-0.05750899495373398,0.0,-0.0029368596733097135,1.7250450668413082e-05,0.011886826006051857,,0.0,0.0,1.0,1.0,3.0,0.001384457568605662,0.15,51.0,1.0,1,1,1,1,0,-1,0,1,2025-06-19,0.0,0.0,0.0,2025-06-24,-0.008119124438504242,-300.0,-1.0,2025-07-01,-0.016304709024943582,-600.0,-1.0,2025-07-14,-0.005405418566907935,-200.0,-1.0,2025-07-29,0.023969190112996402,900.0,1.0,2025-08-13,0.023969190112996402,900.0,1.0,2025-09-12,0.02133414247499114,800.0,1.0
2025-06-17,Tue,38000.0,38000.0,37800.0,37100.0,36400.0,35000.0,36900.0,35900.0,34200.0,34000.0,32500.0,0.0,2025-06-17,3.0,2,34200.0,34000.0,32500.0,37460.0,33566.666666666664,3893.3333333333358,4600.0,5300.0,-1.1463931373341805,-1.2818653062993635,-1.2347755346416551,2025-06-14,45800.0,-0.06344622173896224,-0.07768857845450539,,,,,,,3,,,2025-06-16,IS7M25,340.0,0.0,49.0,False,0.0,-0.05750899495373398,0.0,-0.0029368596733097135,-0.0029282597790883315,0.011886826006051857,,0.0,0.0,1.0,1.0,3.0,0.001384457568605662,0.15,50.0,1.0,1,1,1,1,0,0,0,-1,2025-06-23,-0.002699056969165058,-100.0,-1.0,2025-06-27,-0.016304709024943582,-600.0,-1.0,2025-07-02,-0.016304709024943582,-600.0,-1.0,2025-07-17,-0.005405418566907935,-200.0,-1.0,2025-08-01,0.023969190112996402,900.0,1.0,2025-08-18,0.023969190112996402,900.0,1.0,2025-09-15,0.018692133012152546,700.0,1.0
2025-06-18,Wed,38000.0,38000.0,37800.0,37100.0,36500.0,35000.0,37000.0,36000.0,34200.0,34000.0,32500.0,0.0,2025-06-18,1.0,2,34200.0,34000.0,32500.0,37480.0,33566.666666666664,3913.3333333333358,4600.0,5300.0,-1.0820999463520653,-1.2496551507650453,-1.2165144287161533,2025-06-17,45600.0,-0.053374460591375045,-0.08206495305430417,39800.0,-0.06092017376184024,-0.08889402580424637,40300.0,-0.07410797215372185,-0.0855628511284884,1,-0.07024994267700259,1.0737608475010105,2025-06-17,IS7M25,340.0,0.0,49.0,False,0.0,-0.05750899495373398,0.0,0.0,-0.0029282597790883315,0.011886826006051857,,0.0,0.0,1.0,1.0,3.0,0.0011872866951004107,0.15,49.0,1.0,1,1,1,1,-1,-1,-1,-1,2025-06-23,-0.002699056969165058,-100.0,-1.0,2025-06-28,-0.019048194970694474,-700.0,-1.0,2025-07-03,-0.016304709024943582,-600.0,-1.0,2025-07-18,-0.005405418566907935,-200.0,-1.0,2025-08-02,0.02659731251926585,1000.0,1.0,2025-08-18,0.023969190112996402,900.0,1.0,2025-09-16,0.013387080782459279,500.0,1.0
2025-06-19,Thu,38000.0,38000.0,37800.0,37100.0,36500.0,35000.0,37000.0,36000.0,34100.0,33900.0,32400.0,0.0,2025-06-19,1.0,2,34100.0,33900.0,32400.0,37480.0,33466.666666666664,4013.3333333333358,4700.0,5400.0,-0.7827640784618024,-0.9747256370106709,-0.9431719357839591,2025-06-18,45600.0,-0.053374460591375045,-0.08609721658224263,39800.0,-0.06798734098493266,-0.08428572271805211,40200.0,-0.07197349962508923,-0.08804732445615032,1,-0.07024994267700259,1.0819501208479259,2025-06-18,IS7M25,340.0,0.0,49.0,False,0.0,-0.05750899495373398,0.0,0.0,-0.0029282597790883315,0.011886826006051857,,0.0,0.0,1.0,1.0,3.0,0.0011872866951004107,0.15,49.0,1.0,1,0,0,0,-1,-1,-1,-1,2025-06-24,-0.008119124438504242,-300.0,-1.0,2025-07-01,-0.016304709024943582,-600.0,-1.0,2025-07-04,-0.016304709024943582,-600.0,-1.0,2025-07-19,-0.005405418566907935,-200.0,-1.0,2025-08-04,0.02659731251926585,1000.0,1.0,2025-08-18,0.023969190112996402,900.0,1.0,2025-09-18,0.008053734807096823,300.0,1.0
2025-06-20,Fri,38000.0,38000.0,37800.0,37100.0,36500.0,35000.0,37000.0,36000.0,33900.0,33700.0,32200.0,0.0,2025-06-20,1.0,2,33900.0,33700.0,32200.0,37480.0,33266.666666666664,4213.333333333336,4900.0,5600.0,-0.20343074448209808,-0.47377774735929623,-0.4281098451354645,2025-06-19,45600.0,-0.049207787896529104,-0.08609721658224263,39600.0,-0.07067495766993628,-0.08932351674800931,40100.0,-0.07214666279717857,-0.08825748306987691,1,-0.06521214864704543,1.5358157723257535,2025-06-18,IS7M25,340.0,0.0,49.0,False,0.0,-0.05750899495373398,0.0,0.0,-0.0029282597790883315,0.011886826006051857,,0.0,0.0,1.0,1.0,3.0,0.0011872866951004107,0.15,49.0,1.0,2,0,0,0,-1,-1,-1,-1,2025-06-25,-0.013568729206068903,-500.0,-1.0,2025-07-01,-0.016304709024943582,-600.0,-1.0,2025-07-05,-0.016304709024943582,-600.0,-1.0,2025-07-22,-0.002699056969165058,-100.0,-1.0,2025-08-04,0.02659731251926585,1000.0,1.0,2025-08-19,0.023969190112996402,900.0,1.0,2025-09-18,0.008053734807096823,300.0,1.0
2025-06-21,Sat,38000.0,38000.0,37800.0,37100.0,36500.0,35000.0,37000.0,36000.0,33900.0,33700.0,32200.0,0.0,2025-06-21,1.0,2,33900.0,33700.0,32200.0,37480.0,33266.666666666664,4213.333333333336,4900.0,5600.0,-0.19015041403960067,-0.45531961543721006,-0.4094983725513506,2025-06-19,45600.0,-0.049207787896529104,-0.08609721658224263,39600.0,-0.07067495766993628,-0.08932351674800931,40100.0,-0.07214666279717857,-0.08825748306987691,2,-0.06521214864704543,1.520013046483376,2025-06-20,IS7M25,340.0,3.0,49.0,False,0.0,-0.05750899495373398,0.0,0.0,-0.005865119452398038,1.725045066812772e-05,,0.0,0.0,1.0,1.0,3.0,0.0011872866951004107,0.1,49.0,0.0,1,0,0,0,-1,-1,-1,-1,2025-06-26,-0.016304709024943582,-600.0,-1.0,2025-07-01,-0.016304709024943582,-600.0,-1.0,2025-07-07,-0.013568729206068903,-500.0,-1.0,2025-07-22,-0.002699056969165058,-100.0,-1.0,2025-08-05,0.029218545999140005,1100.0,1.0,2025-08-20,0.029218545999140005,1100.0,1.0,2025-09-19,0.008053734807096823,300.0,1.0
2025-06-23,Mon,37900.0,37900.0,37700.0,37000.0,36400.0,34900.0,36900.0,35900.0,33800.0,33600.0,32100.0,-100.0,2025-06-23,2.0,2,33800.0,33600.0,32100.0,37380.0,33166.666666666664,4213.333333333336,4900.0,5600.0,-0.17520073126142804,-0.4369449731529775,-0.39091255603653263,2025-06-21,45300.0,-0.043203263008898984,-0.08664339170488843,39200.0,-0.07374347424554922,-0.0948462503132853,39600.0,-0.08469387884926723,-0.09851898384110964,2,-0.05775883415219242,2.1820279659251325,2025-06-20,IS7M25,340.0,3.0,49.0,False,0.0,-0.05750899495373398,0.0,0.0,-0.005865119452398038,1.725045066812772e-05,,0.0,0.0,1.0,1.0,3.0,0.0011872866951004107,0.1,49.0,0.0,3,0,0,0,-1,-1,-1,-1,2025-06-28,-0.01634913800152941,-600.0,-1.0,2025-07-03,-0.013605652055778598,-500.0,-1.0,2025-07-08,-0.010869672236903879,-400.0,-1.0,2025-07-23,0.0,0.0,0.0,2025-08-07,0.031917602968304946,1200.0,1.0,2025-08-22,0.031917602968304946,1200.0,1.0,2025-09-22,-0.008141157583699885,-300.0,-1.0
2025-06-24,Tue,37700.0,37700.0,37500.0,36800.0,36200.0,34700.0,36700.0,35700.0,33400.0,33200.0,31700.0,-200.0,2025-06-24,1.0,2,33400.0,33200.0,31700.0,37180.0,32766.666666666668,4413.333333333332,5100.0,5800.0,0.3958810992637758,0.0512092544157711,0.11421663708811051,2025-06-23,45100.0,-0.02625971458355577,-0.08497678829184219,38800.0,-0.08872811560868431,-0.10742024862083688,39500.0,-0.08023743068067496,-0.10104743019446831,1,-0.05292240145434255,2.5690882249653315,2025-06-23,IS7M25,340.0,0.0,49.0,False,0.0,-0.05750899495373398,0.0,0.0,-0.005865119452398038,0.002971462348099648,,0.0,0.0,1.0,1.0,3.0,0.0009246423763005437,0.15,49.0,1.0,1,0,0,0,-1,-1,-1,-1,2025-07-01,-0.008185584586439405,-300.0,-1.0,2025-07-04,-0.008185584586439405,-300.0,-1.0,2025-07-09,-0.0027210901143606132,-100.0,-1.0,2025-07-24,0.013495481474884509,500.0,1.0,2025-08-08,0.034716436957770026,1300.0,1.0,2025-08-25,0.03733767043764431,1400.0,1.0,2025-09-22,-0.0027210901143606132,-100.0,-1.0
2025-06-25,Wed,37500.0,37500.0,37300.0,36600.0,36000.0,34500.0,36500.0,35500.0,33200.0,33000.0,31500.0,-200.0,2025-06-25,1.0,2,33200.0,33000.0,31500.0,36980.0,32566.666666666668,4413.333333333332,5100.0,5800.0,0.39809094509538345,0.05922608288730244,0.12274524137365656,2025-06-24,45100.0,-0.02625971458355577,-0.07884806635046877,38400.0,-0.08722836733441083,-0.11314265609988126,39100.0,-0.081025895246592,-0.11122563511022437,1,-0.048009219186360606,2.8906044926213545,2025-06-24,IS7M25,340.0,0.0,49.0,False,0.0,-0.05750899495373398,0.0,0.0,-0.005865119452398038,1.7250450668265197e-05,,0.0,0.0,0.0,1.0,2.0,0.0009246423763005437,0.15,49.0,1.0,1,0,0,0,-1,-1,-1,-1,2025-07-01,-0.0027359798188747488,-100.0,-1.0,2025-07-05,-0.0027359798188747488,-100.0,-1.0,2025-07-10,0.002728514653203914,100.0,1.0,2025-07-25,0.02162246401316571,800.0,1.0,2025-08-11,0.04016604172533465,1500.0,1.0,2025-08-25,0.04278727520520898,1600.0,1.0,2025-09-23,-0.00823049913651548,-300.0,-1.0
2025-06-26,Thu,37400.0,37400.0,37200.0,36500.0,35900.0,34400.0,36400.0,35400.0,33200.0,33000.0,31500.0,-100.0,2025-06-26,1.0,2,33200.0,33000.0,31500.0,36880.0,32566.666666666668,4313.333333333332,5000.0,5700.0,0.11483945549333432,-0.1738553012638725,-0.1187761313598121,2025-06-24,45100.0,-0.02625971458355577,-0.07884806635046877,38400.0,-0.08722836733441083,-0.11314265609988126,39100.0,-0.081025895246592,-0.11122563511022437,2,-0.05074519900523532,2.459384094129334,2025-06-25,IS7M25,341.0,0.0,49.0,False,0.0029368596733097057,-0.054572135280424275,0.002936859673309699,0.0029368596733097057,-0.002928259779088332,0.002954110123977971,,0.0,0.0,0.0,1.0,2.0,0.0009026239167004689,0.1,49.0,1.0,1,0,0,0,-1,-1,-1,-1,2025-07-01,0.0,0.0,0.0,2025-07-07,0.0027359798188748455,100.0,1.0,2025-07-14,0.010899290458035638,400.0,1.0,2025-07-26,0.029691789807403,1100.0,1.0,2025-08-11,0.0429020215442095,1600.0,1.0,2025-08-25,0.0455232550240836,1700.0,1.0,2025-09-24,-0.005494519317640702,-200.0,-1.0
2025-06-27,Fri,37400.0,37400.0,37200.0,36500.0,35900.0,34400.0,36400.0,35400.0,33200.0,33000.0,31500.0,0.0,2025-06-27,1.0,2,33200.0,33000.0,31500.0,36880.0,32566.666666666668,4313.333333333332,5000.0,5700.0,0.13199386240525798,-0.15544371648390806,-0.09934962070934025,2025-06-26,45100.0,-0.01758287055786682,-0.07268155143480481,38800.0,-0.05026183478088831,-0.0957786736053511,39200.0,-0.049761509559063825,-0.10408419129822157,1,-0.06110798604078195,1.5224708955234574,2025-06-26,IS7N25,338.0,0.0,49.0,True,,-0.054572135280424275,0.002936859673309699,0.0029368596733097057,-0.0029282597790883315,,,1.0,1.0,1.0,2.0,3.0,0.001156133746327788,0.1,49.0,1.0,1,0,0,0,-1,-1,-1,-1,2025-07-02,0.0,0.0,0.0,2025-07-07,0.0027359798188748455,100.0,1.0,2025-07-14,0.010899290458035638,400.0,1.0,2025-07-28,0.03499684203709615,1300.0,1.0,2025-08-11,0.0429020215442095,1600.0,1.0,2025-08-26,0.0402738991379399,1500.0,1.0,2025-09-25,-0.005494519317640702,-200.0,-1.0
2025-06-28,Sat,37300.0,37300.0,37100.0,36400.0,35800.0,34300.0,36300.0,35300.0,33000.0,32800.0,31300.0,-100.0,2025-06-28,1.0,2,33000.0,32800.0,31300.0,36780.0,32366.666666666668,4413.333333333332,5100.0,5800.0,0.4427796587876208,0.10914919327590394,0.17682639839017125,2025-06-27,45100.0,-0.01540184461150659,-0.07268155143480481,38700.0,-0.04051186891690122,-0.10069850255201503,39200.0,-0.04000533461369913,-0.10408419129822157,1,-0.06127082539304118,1.470041357161106,2025-06-27,IS7N25,338.0,0.0,49.0,False,0.0,-0.054572135280424275,0.002936859673309699,0.0029368596733097057,-0.0029282597790883315,,,1.0,1.0,1.0,2.0,3.0,0.0011872866951004107,0.1,49.0,1.0,1,0,0,0,-1,-1,-1,-1,2025-07-03,0.002743485945750834,100.0,1.0,2025-07-08,0.0054794657646255705,200.0,1.0,2025-07-14,0.013642776403786479,500.0,1.0,2025-07-28,0.03774032798284711,1400.0,1.0,2025-08-12,0.04301738508369086,1600.0,1.0,2025-08-27,0.03774032798284711,1400.0,1.0,2025-09-26,-0.002751033371889871,-100.0,-1.0
2025-07-01,Tue,37300.0,37300.0,37100.0,36500.0,35700.0,34200.0,36200.0,35200.0,33000.0,32800.0,31300.0,100.0,2025-07-01,3.0,2,33000.0,32800.0,31300.0,36780.0,32366.666666666668,4413.333333333332,5200.0,5800.0,0.4846319584942883,0.39110086353021184,0.2132882670916597,2025-06-30,45100.0,-0.01540184461150659,-0.07884806635046877,38500.0,-0.040718093018784915,-0.0988458346366326,39300.0,-0.03254354773247142,-0.09461597637484909,1,-0.053345980705292735,2.025808136673569,2025-06-30,IS7N25,344.0,0.0,49.0,False,0.01759576189037966,-0.036976373390044615,0.02053262156368936,0.020532621563689367,0.017595761890379664,,,1.0,1.0,1.0,2.0,3.0,0.0011872866951004107,0.1,49.0,1.0,1,0,0,0,-1,-1,-1,1,2025-07-07,0.0027359798188748455,100.0,1.0,2025-07-14,0.010899290458035638,400.0,1.0,2025-07-16,0.010899290458035638,400.0,1.0,2025-07-31,0.0402738991379399,1500.0,1.0,2025-08-18,0.0402738991379399,1500.0,1.0,2025-08-30,0.03499684203709615,1300.0,1.0,2025-09-29,-0.011019395249610538,-400.0,-1.0
2025-07-02,Wed,37300.0,37300.0,37100.0,36500.0,35700.0,34200.0,36200.0,35200.0,33200.0,33000.0,31500.0,0.0,2025-07-02,1.0,2,33200.0,33000.0,31500.0,36780.0,32566.666666666668,4213.333333333332,5000.0,5600.0,-0.0947962259478325,-0.09295909046489596,-0.293031076733646,2025-07-01,45000.0,-0.01324522675002068,-0.06661968734139569,38400.0,-0.03580945269671089,-0.09672962645855114,39200.0,-0.02767472215622048,-0.10178269430994236,1,-0.05074519900523532,2.129409163427012,2025-07-01,IS7N25,345.0,0.0,49.0,False,0.00290275965796141,-0.0340736137320832,0.02343538122165077,0.023435381221650776,0.020498521548341073,,,1.0,1.0,1.0,2.0,3.0,0.004153752111043686,0.1,49.0,1.0,1,0,0,0,-1,-1,-1,1,2025-07-07,0.0027359798188748455,100.0,1.0,2025-07-14,0.010899290458035638,400.0,1.0,2025-07-17,0.010899290458035638,400.0,1.0,2025-08-01,0.0402738991379399,1500.0,1.0,2025-08-18,0.0402738991379399,1500.0,1.0,2025-09-01,0.03499684203709615,1300.0,1.0,2025-09-30,-0.013793322132335873,-500.0,-1.0
2025-07-03,Thu,37300.0,37300.0,37100.0,36500.0,35700.0,34200.0,36200.0,35200.0,33000.0,32800.0,31300.0,0.0,2025-07-03,1.0,2,33000.0,32800.0,31300.0,36780.0,32366.666666666668,4413.333333333332,5200.0,5800.0,0.5314112551807925,0.434156827917128,0.2642531473579818,2025-07-02,45000.0,-0.01324522675002068,-0.06661968734139569,38400.0,-0.03580945269671089,-0.10379679368164355,38800.0,-0.03544674899574757,-0.10742024862083688,1,-0.05074519900523532,2.038151780030441,2025-07-02,IS7N25,345.0,0.0,39.0,False,0.0,-0.0340736137320832,0.020498521548341062,0.023435381221650776,0.023435381221650786,,,1.0,1.0,1.0,2.0,3.0,0.004171143653401639,0.1,49.0,1.0,1,0,0,0,-1,-1,-1,1,2025-07-08,0.0027359798188748455,100.0,1.0,2025-07-14,0.010899290458035638,400.0,1.0,2025-07-18,0.010899290458035638,400.0,1.0,2025-08-02,0.0429020215442095,1600.0,1.0,2025-08-18,0.0402738991379399,1500.0,1.0,2025-09-01,0.03499684203709615,1300.0,1.0,2025-10-01,-0.019364367181791232,-700.0,-1.0
2025-07-04,Fri,37300.0,37300.0,37100.0,36500.0,35600.0,34100.0,36100.0,35100.0,33200.0,33000.0,31500.0,0.0,2025-07-04,1.0,2,33200.0,33000.0,31500.0,36760.0,32566.666666666668,4193.333333333332,5000.0,5600.0,-0.13281160085236365,-0.06851580427809788,-0.26220056071104614,2025-07-03,45000.0,-0.01324522675002068,-0.06245301464654975,38300.0,-0.033379222073834605,-0.10405417974377089,38700.0,-0.03553673427678743,-0.10768339707396604,1,-0.048137635598154496,2.1085092522030098,2025-07-03,IS7N25,345.0,0.0,39.0,False,0.0,-0.0340736137320832,0.020498521548341062,0.023435381221650776,0.023435381221650786,,,0.0,1.0,1.0,2.0,3.0,0.004067184612411397,0.1,49.0,1.0,1,0,0,0,-1,-1,-1,1,2025-07-09,0.005464494472078745,200.0,1.0,2025-07-14,0.010899290458035638,400.0,1.0,2025-07-19,0.010899290458035638,400.0,1.0,2025-08-04,0.0429020215442095,1600.0,1.0,2025-08-18,0.0402738991379399,1500.0,1.0,2025-09-02,0.03499684203709615,1300.0,1.0,2025-10-03,-0.02216157180285245,-800.0,-1.0
2025-07-05,Sat,37300.0,37300.0,37100.0,36500.0,35600.0,34100.0,36100.0,35100.0,33200.0,33000.0,31500.0,0.0,2025-07-05,1.0,2,33200.0,33000.0,31500.0,36760.0,32566.666666666668,4193.333333333332,5000.0,5600.0,-0.1199724255137453,-0.05590572949380171,-0.24542704431494186,2025-07-04,,,,38300.0,-0.023226850609816545,-0.09697032485536583,38700.0,-0.02298951822469872,-0.10768339707396604,1,-0.048137635598154496,1.9972129297306394,2025-07-03,IS7N25,345.0,0.0,39.0,False,0.0,-0.0340736137320832,0.020498521548341062,0.023435381221650776,0.023435381221650786,,,0.0,1.0,1.0,2.0,3.0,0.004067184612411397,0.1,49.0,1.0,2,0,0,0,-1,0,0,1,2025-07-10,0.005464494472078745,200.0,1.0,2025-07-15,0.010899290458035638,400.0,1.0,2025-07-22,0.013605652055778678,500.0,1.0,2025-08-04,0.0429020215442095,1600.0,1.0,2025-08-19,0.0402738991379399,1500.0,1.0,2025-09-03,0.02702867238791942,1000.0,1.0,2025-10-03,-0.02216157180285245,-800.0,-1.0
2025-07-07,Mon,37400.0,37400.0,37200.0,36600.0,35500.0,34000.0,36000.0,35000.0,33200.0,33000.0,31500.0,100.0,2025-07-07,2.0,2,33200.0,33000.0,31500.0,36820.0,32566.666666666668,4253.333333333332,5100.0,5700.0,0.07823536064823605,0.2159807661218894,0.045711389117549135,2025-07-05,44800.0,-0.011098893068048803,-0.054302156076947855,38200.0,-0.015584731016698203,-0.10431284662538262,38600.0,-0.023048395436291017,-0.10328582611696588,2,-0.04278727520520898,2.234319773215182,2025-07-03,IS7N25,345.0,0.0,39.0,False,0.0,-0.0340736137320832,0.020498521548341062,0.023435381221650776,0.023435381221650786,,,0.0,1.0,1.0,2.0,3.0,0.004067184612411397,0.1,49.0,1.0,4,0,0,0,-1,-1,-1,1,2025-07-14,0.008163310639160835,300.0,1.0,2025-07-17,0.008163310639160835,300.0,1.0,2025-07-22,0.010869672236903891,400.0,1.0,2025-08-06,0.04278727520520898,1600.0,1.0,2025-08-21,0.04278727520520898,1600.0,1.0,2025-09-05,0.024292692569044483,900.0,1.0,2025-10-06,-0.04756141119893914,-1700.0,-1.0
2025-07-08,Tue,37400.0,37400.0,37200.0,36600.0,35500.0,34000.0,36000.0,35000.0,33200.0,33000.0,31500.0,0.0,2025-07-08,1.0,2,33200.0,33000.0,31500.0,36820.0,32566.666666666668,4253.333333333332,5100.0,5700.0,0.08889523002847147,0.22557223506290028,0.0598130844789148,2025-07-07,,,,38200.0,-0.0052219439811517126,-0.09245031131556249,38600.0,-0.012870190520534907,-0.09389608576712694,1,-0.04278727520520898,2.1037684519267503,2025-07-07,IS7N25,345.0,6.0,39.0,False,0.0,-0.0340736137320832,0.020498521548341062,0.023435381221650776,0.023435381221650786,,,0.0,1.0,1.0,2.0,3.0,0.004067184612411397,0.1,49.0,0.0,1,0,0,0,-1,0,0,1,2025-07-14,0.008163310639160835,300.0,1.0,2025-07-18,0.008163310639160835,300.0,1.0,2025-07-23,0.010869672236903891,400.0,1.0,2025-08-07,0.04278727520520898,1600.0,1.0,2025-08-22,0.04278727520520898,1600.0,1.0,2025-09-06,0.03753791931906524,1400.0,1.0,2025-10-06,-0.04756141119893914,-1700.0,-1.0
2025-07-09,Wed,37500.0,37500.0,37300.0,36700.0,35600.0,34100.0,36100.0,35100.0,33500.0,33300.0,31800.0,100.0,2025-07-09,1.0,2,33500.0,33300.0,31800.0,36920.0,32866.666666666664,4053.3333333333358,4900.0,5500.0,-0.5313040492399753,-0.2875495344623537,-0.5411192181474893,2025-07-08,44800.0,-0.006674107087693132,-0.03293382167124888,38200.0,-0.015584731016698203,-0.0658465657975865,38600.0,-0.015424470325631639,-0.0651859798846955,1,-0.040058760552004864,2.1400789600707237,2025-07-08,IS7N25,345.0,0.0,39.0,False,0.0,-0.0340736137320832,0.0029027596579614032,0.023435381221650776,0.023435381221650786,,,0.0,1.0,1.0,2.0,3.0,0.004067184612411397,0.15,49.0,1.0,1,0,0,0,-1,-1,-1,1,2025-07-14,0.005434795985956995,200.0,1.0,2025-07-19,0.005434795985956995,200.0,1.0,2025-07-24,0.01621657158924529,600.0,1.0,2025-08-08,0.03743752707213059,1400.0,1.0,2025-08-25,0.040058760552004954,1500.0,1.0,2025-09-08,0.040058760552004954,1500.0,1.0,2025-10-07,-0.05028992585214305,-1800.0,-1.0
2025-07-10,Thu,37500.0,37500.0,37300.0,36700.0,35600.0,34100.0,36100.0,35100.0,33500.0,33300.0,31800.0,0.0,2025-07-10,1.0,2,33500.0,33300.0,31800.0,36920.0,32866.666666666664,4053.3333333333358,4900.0,5500.0,-0.5161500868845903,-0.2748853298916663,-0.5225158306982352,2025-07-09,45500.0,0.008830079448271995,-0.017429635135283648,38600.0,-0.0025873235649509123,-0.043099192481852074,38900.0,-0.007682496172016282,-0.04768783078571535,1,-0.05047552141026054,1.433805598678923,2025-07-09,IS7N25,345.0,0.0,39.0,False,0.0,-0.0340736137320832,0.0,0.023435381221650776,0.023435381221650786,0.017570261769252728,,0.0,1.0,1.0,1.0,3.0,0.004067184612411397,0.1,49.0,1.0,1,0,0,0,-1,0,0,1,2025-07-15,0.005434795985956995,200.0,1.0,2025-07-22,0.008141157583699866,300.0,1.0,2025-07-25,0.018893949359961613,700.0,1.0,2025-08-11,0.03743752707213059,1400.0,1.0,2025-08-25,0.040058760552004954,1500.0,1.0,2025-09-08,0.040058760552004954,1500.0,1.0,2025-10-08,-0.056037068107711106,-2000.0,-1.0
2025-07-14,Mon,37700.0,37700.0,37500.0,36900.0,35800.0,34200.0,36100.0,35100.0,33300.0,33100.0,31600.0,200.0,2025-07-14,4.0,2,33300.0,33100.0,31600.0,37120.0,32666.666666666668,4453.333333333332,5300.0,5900.0,0.7362473466499966,0.7866899763446352,0.6372215218425171,2025-07-11,46300.0,0.026259714583555728,0.010857869972049086,38500.0,0.0,-0.040718093018784915,39000.0,-0.007662872745569137,-0.04020642047804048,3,-0.04244669024725705,1.8155118436752153,2025-07-11,IS7N25,345.0,0.0,39.0,False,0.0,-0.0340736137320832,0.0,0.02049852154834107,0.023435381221650786,0.017570261769252728,,0.0,0.0,1.0,1.0,3.0,0.004067184612411397,0.1,49.0,1.0,3,0,0,0,-1,0,0,1,2025-07-19,0.0,0.0,0.0,2025-07-24,0.010781775603288413,400.0,1.0,2025-07-29,0.029374608679904317,1100.0,1.0,2025-08-13,0.029374608679904317,1100.0,1.0,2025-08-28,0.024097551579060524,900.0,1.0,2025-09-12,0.026739561041899087,1000.0,1.0,2025-10-13,-0.061471864093667984,-2200.0,-1.0
2025-07-15,Tue,37700.0,37700.0,37500.0,36900.0,35800.0,34000.0,36000.0,35000.0,33200.0,33000.0,31500.0,0.0,2025-07-15,1.0,2,33200.0,33000.0,31500.0,37120.0,32566.666666666668,4553.333333333332,5400.0,6000.0,1.025096092921288,1.030507423544255,0.9099836127307884,2025-07-14,45500.0,0.008830079448271995,-0.006571765163234502,38200.0,-0.0052219439811517126,-0.04103139667786247,38600.0,-0.015424470325631639,-0.043099192481852074,1,-0.03462396456604801,2.1494158255516997,2025-07-14,IS7N25,345.0,0.0,39.0,False,0.0,-0.0340736137320832,0.0,0.02049852154834107,0.023435381221650786,0.017570261769252728,,0.0,0.0,1.0,1.0,3.0,0.004067184612411397,0.1,49.0,1.0,1,-1,-1,0,-1,0,0,1,2025-07-22,0.0027063615977428457,100.0,1.0,2025-07-25,0.01345915337400471,500.0,1.0,2025-07-30,0.029374608679904317,1100.0,1.0,2025-08-14,0.029374608679904317,1100.0,1.0,2025-08-29,0.024097551579060524,900.0,1.0,2025-09-13,0.026739561041899087,1000.0,1.0,2025-10-13,-0.061471864093667984,-2200.0,-1.0
2025-07-16,Wed,37700.0,37700.0,37500.0,36900.0,35800.0,34000.0,36000.0,35000.0,33100.0,32900.0,31400.0,0.0,2025-07-16,1.0,2,33100.0,32900.0,31400.0,37120.0,32466.666666666668,4653.333333333332,5500.0,6100.0,1.3012315788935769,1.2628825183184,1.1720900299011634,2025-07-14,45500.0,0.008830079448271995,-0.006571765163234502,38200.0,-0.0052219439811517126,-0.04103139667786247,38600.0,-0.015424470325631639,-0.043099192481852074,2,-0.03462396456604801,2.0354102602218975,2025-07-15,IS7N25,345.0,0.0,39.0,False,0.0,-0.0340736137320832,0.0,0.00290275965796141,0.023435381221650786,0.020498521548341062,,0.0,0.0,1.0,1.0,3.0,0.004067184612411397,0.1,49.0,1.0,1,-1,-1,-1,-1,0,0,1,2025-07-22,0.0027063615977428457,100.0,1.0,2025-07-26,0.01879249934936732,700.0,1.0,2025-07-31,0.029374608679904317,1100.0,1.0,2025-08-18,0.029374608679904317,1100.0,1.0,2025-08-30,0.024097551579060524,900.0,1.0,2025-09-15,0.024097551579060524,900.0,1.0,2025-10-14,-0.061471864093667984,-2200.0,-1.0
2025-07-17,Thu,37700.0,37700.0,37500.0,36900.0,35800.0,34000.0,36000.0,35000.0,33300.0,33100.0,31600.0,0.0,2025-07-17,1.0,2,33300.0,33100.0,31600.0,37120.0,32666.666666666668,4453.333333333332,5300.0,5900.0,0.6555284618564968,0.7146869140812735,0.5868901360316424,2025-07-16,45300.0,0.004424785980355636,-0.010977058631150907,38100.0,-0.007843177461025893,-0.04365263015773676,38400.0,-0.010362787035546547,-0.04580953603129422,1,-0.03200273108617383,2.054520596834323,2025-07-16,IS7N25,345.0,0.0,39.0,False,0.0,-0.0340736137320832,0.0,0.0,0.023435381221650786,0.020498521548341062,,0.0,0.0,1.0,1.0,3.0,0.004067184612411397,0.1,49.0,1.0,1,0,0,0,-1,0,0,1,2025-07-22,0.0027063615977428457,100.0,1.0,2025-07-28,0.024097551579060524,900.0,1.0,2025-08-01,0.029374608679904317,1100.0,1.0,2025-08-18,0.029374608679904317,1100.0,1.0,2025-09-01,0.024097551579060524,900.0,1.0,2025-09-15,0.024097551579060524,900.0,1.0,2025-10-15,-0.06725222700916746,-2400.0,-1.0
2025-07-18,Fri,37700.0,37700.0,37500.0,36900.0,35800.0,34000.0,36000.0,35000.0,33500.0,33300.0,31800.0,0.0,2025-07-18,1.0,2,33500.0,33300.0,31800.0,37120.0,32866.666666666664,4253.333333333336,5100.0,5700.0,0.017353392724605066,0.17544909736895462,0.004671534989756103,2025-07-17,45300.0,0.006644542718668511,-0.006600684031352024,38600.0,0.0078023802841848,-0.025576841789649737,38800.0,0.002580646593491713,-0.03295608768329572,1,-0.04504072542430372,1.3016178345545193,2025-07-17,IS7N25,345.0,0.0,39.0,False,0.0,-0.0340736137320832,0.0,0.0,0.023435381221650786,0.023435381221650776,,0.0,0.0,1.0,1.0,3.0,0.004067184612411397,0.1,49.0,1.0,1,0,0,0,-1,1,0,1,2025-07-23,0.0027063615977428457,100.0,1.0,2025-07-28,0.024097551579060524,900.0,1.0,2025-08-02,0.032002731086173734,1200.0,1.0,2025-08-18,0.029374608679904317,1100.0,1.0,2025-09-01,0.024097551579060524,900.0,1.0,2025-09-16,0.01879249934936732,700.0,1.0,2025-10-16,-0.07015498666712887,-2500.0,-1.0
2025-07-19,Sat,37700.0,37700.0,37500.0,36900.0,35800.0,34000.0,36000.0,35000.0,33400.0,33200.0,31700.0,0.0,2025-07-19,1.0,2,33400.0,33200.0,31700.0,37120.0,32766.666666666668,4353.333333333332,5200.0,5800.0,0.30705753646788436,0.41761426744581903,0.2763575355126805,2025-07-18,,,,38700.0,0.010389703849135868,-0.012837146760680719,38800.0,0.002580646593491713,-0.020408871631207123,1,-0.04762804898925459,1.1263950643210034,2025-07-18,IS7N25,345.0,0.0,39.0,False,0.0,-0.0340736137320832,0.0,0.0,0.023435381221650786,0.023435381221650776,,0.0,0.0,1.0,1.0,3.0,0.004067184612411397,0.1,49.0,1.0,1,0,0,0,-1,0,0,1,2025-07-24,0.010781775603288413,400.0,1.0,2025-07-29,0.029374608679904317,1100.0,1.0,2025-08-04,0.032002731086173734,1200.0,1.0,2025-08-18,0.029374608679904317,1100.0,1.0,2025-09-02,0.024097551579060524,900.0,1.0,2025-09-18,0.01345915337400471,500.0,1.0,2025-10-17,-0.07598590697792199,-2700.0,-1.0
2025-07-22,Tue,37800.0,37800.0,37600.0,37000.0,35900.0,34100.0,36100.0,35100.0,33300.0,33100.0,31600.0,100.0,2025-07-22,3.0,2,33300.0,33100.0,31600.0,37220.0,32666.666666666668,4553.333333333332,5400.0,6000.0,0.9171169096453538,0.9243861586706213,0.8384406585893206,2025-07-21,45300.0,0.006644542718668511,-0.006600684031352024,38500.0,0.007822725681209078,0.0026007817000574403,39100.0,0.012870190520534956,0.0,1,-0.03974032864951411,1.482154790859364,2025-07-21,IS7N25,346.0,0.0,39.0,False,0.0028943580263645565,-0.031179255705718646,0.0028943580263645495,0.0028943580263645565,0.026329739248015342,0.026329739248015335,,0.0,0.0,1.0,1.0,3.0,0.004067184612411397,0.1,44.0,1.0,1,0,0,0,-1,1,0,1,2025-07-28,0.02139118998131756,800.0,1.0,2025-08-01,0.026668247082161273,1000.0,1.0,2025-08-06,0.031917602968304946,1200.0,1.0,2025-08-21,0.031917602968304946,1200.0,1.0,2025-09-05,0.01342302033214077,500.0,1.0,2025-09-22,-0.008141157583699885,-300.0,-1.0,2025-10-24,-0.07869226857566498,-2800.0,-1.0
2025-07-23,Wed,37800.0,37800.0,37600.0,37000.0,35900.0,34100.0,36100.0,35100.0,33400.0,33200.0,31700.0,0.0,2025-07-23,1.0,2,33400.0,33200.0,31700.0,37220.0,32766.666666666668,4453.333333333332,5300.0,5900.0,0.5953390301589685,0.6598338642036267,0.5573990970510005,2025-07-21,45300.0,0.006644542718668511,-0.006600684031352024,38500.0,0.007822725681209078,0.0026007817000574403,39100.0,0.012870190520534956,0.0,2,-0.03974032864951411,1.4279708292484485,2025-07-22,IS7N25,346.0,0.0,39.0,False,0.0,-0.031179255705718646,0.0028943580263645495,0.0028943580263645565,0.026329739248015342,0.026329739248015335,,0.0,0.0,1.0,1.0,3.0,0.004072619885073616,0.05,39.0,1.0,1,0,0,0,-1,1,0,1,2025-07-28,0.02139118998131756,800.0,1.0,2025-08-02,0.029296369488430757,1100.0,1.0,2025-08-07,0.031917602968304946,1200.0,1.0,2025-08-22,0.031917602968304946,1200.0,1.0,2025-09-06,0.026668247082161273,1000.0,1.0,2025-09-22,-0.008141157583699885,-300.0,-1.0,2025-10-24,-0.07869226857566498,-2800.0,-1.0
2025-07-24,Thu,38000.0,38000.0,37800.0,37300.0,36300.0,34300.0,36300.0,35300.0,33700.0,33500.0,32000.0,300.0,2025-07-24,1.0,2,33700.0,33500.0,32000.0,37480.0,33066.666666666664,4413.333333333336,5300.0,5800.0,0.4681325245056791,0.6598338642036267,0.2819837314418014,2025-07-23,45300.0,0.006644542718668511,-0.006600684031352024,38600.0,0.01041676085825558,-0.005167970158442561,39300.0,0.017972242404430436,0.002547772078798783,1,-0.03425894982101533,1.6446190190744028,2025-07-23,IS7N25,346.0,0.0,39.0,False,0.0,-0.031179255705718646,0.0028943580263645495,0.0028943580263645565,0.026329739248015342,0.026329739248015335,,0.0,0.0,1.0,1.0,3.0,0.004072619885073616,0.05,39.0,1.0,1,0,0,0,-1,1,0,1,2025-07-29,0.018592833076615925,700.0,1.0,2025-08-04,0.021220955482885436,800.0,1.0,2025-08-08,0.021220955482885436,800.0,1.0,2025-08-25,0.023842188962759657,900.0,1.0,2025-09-08,0.023842188962759657,900.0,1.0,2025-09-22,-0.01621657158924528,-600.0,-1.0,2025-10-24,-0.08676768258121045,-3100.0,-1.0
2025-07-25,Fri,38200.0,38200.0,38000.0,37400.0,36300.0,34500.0,36500.0,35500.0,33900.0,33700.0,32200.0,100.0,2025-07-25,1.0,2,33900.0,33700.0,32200.0,37620.0,33266.666666666664,4353.333333333336,5200.0,5800.0,0.27166503253314456,0.3928247478299497,0.2819837314418014,2025-07-24,45300.0,0.011098893068048765,0.0,39800.0,0.03061463581960695,0.028027312254655875,39800.0,0.02287266166599131,0.015190165493975238,1,-0.06219620786990581,0.20030120858163314,2025-07-24,IS7N25,346.0,0.0,39.0,False,0.0,-0.031179255705718646,0.0028943580263645495,0.0028943580263645565,0.023392879574705636,0.026329739248015335,,0.0,0.0,1.0,1.0,2.0,0.004072619885073616,0.05,39.0,1.0,1,0,0,0,0,1,0,1,2025-07-30,0.015915455305899582,600.0,1.0,2025-08-04,0.018543577712169104,700.0,1.0,2025-08-11,0.018543577712169104,700.0,1.0,2025-08-25,0.02116481119204333,800.0,1.0,2025-09-08,0.02116481119204333,800.0,1.0,2025-09-23,-0.02985296314968116,-1100.0,-1.0,2025-10-24,-0.08944506035192679,-3200.0,-1.0
2025-07-26,Sat,38400.0,38400.0,38200.0,37600.0,36500.0,34700.0,36700.0,35700.0,33900.0,33700.0,32200.0,200.0,2025-07-26,1.0,2,33900.0,33700.0,32200.0,37820.0,33266.666666666664,4553.333333333336,5400.0,6000.0,0.8783967621381564,0.8999094907671511,0.8459511943254042,2025-07-25,45500.0,0.015504186535965254,0.008830079448271995,40300.0,0.04309919248185206,0.04569322765889877,40300.0,0.03278982282299097,0.025126950077421644,1,-0.06934741855678843,-0.1831771516743383,2025-07-25,IS7N25,346.0,0.0,39.0,False,0.0,-0.031179255705718646,0.0028943580263645495,0.0028943580263645565,0.023392879574705636,0.026329739248015335,,0.0,0.0,0.0,1.0,2.0,0.004066207263767757,0.05,39.0,1.0,1,0,0,0,0,1,0,1,2025-07-31,0.010582109330537008,400.0,1.0,2025-08-05,0.015831465216680662,600.0,1.0,2025-08-11,0.013210231736806482,500.0,1.0,2025-08-25,0.015831465216680662,600.0,1.0,2025-09-09,0.018445845790751432,700.0,1.0,2025-09-24,-0.03518630912504369,-1300.0,-1.0,2025-10-24,-0.09477840632728941,-3400.0,-1.0
2025-07-28,Mon,38600.0,38600.0,38400.0,37800.0,36800.0,34900.0,36900.0,35900.0,33900.0,33700.0,32200.0,200.0,2025-07-28,2.0,2,33900.0,33700.0,32200.0,38040.0,33266.666666666664,4773.333333333336,5600.0,6200.0,1.5386349861078243,1.4027654211955338,1.409918657209007,2025-07-26,45800.0,0.006571765163234519,0.015401844611506703,40300.0,0.04569322765889877,0.04569322765889877,40800.0,0.04512043528046964,0.037457562534900415,2,-0.06404236632709533,0.06619773565846795,2025-07-25,IS7N25,346.0,0.0,39.0,False,0.0,-0.031179255705718646,0.0028943580263645495,0.0028943580263645565,0.023392879574705636,0.026329739248015335,,0.0,0.0,0.0,1.0,2.0,0.004066207263767757,0.05,39.0,1.0,3,-1,-1,-1,0,1,0,1,2025-08-02,0.007905179507113247,300.0,1.0,2025-08-07,0.010526412986987603,400.0,1.0,2025-08-12,0.005277057100843819,200.0,1.0,2025-08-27,0.0,0.0,0.0,2025-09-11,0.007905179507113247,300.0,1.0,2025-09-26,-0.040491361354736875,-1500.0,-1.0,2025-10-27,-0.10594857800938066,-3800.0,-1.0
2025-07-29,Tue,38800.0,38800.0,38600.0,38000.0,37000.0,35000.0,37000.0,36000.0,33700.0,33500.0,32000.0,200.0,2025-07-29,1.0,2,33700.0,33500.0,32000.0,38240.0,33066.666666666664,5173.333333333336,6000.0,6600.0,2.7420853525233064,2.405505203724146,2.517957359478081,2025-07-28,46000.0,0.01092907053219023,0.019759149980462392,40100.0,0.04854081869999408,0.04331887471884226,40600.0,0.050515790136901745,0.03509131981127019,1,-0.05379017458613769,0.5736721165186122,2025-07-28,IS7Q25,353.0,0.0,39.0,True,,-0.031179255705718646,0.0,0.0028943580263645565,0.023392879574705636,,,1.0,1.0,1.0,2.0,3.0,0.003967319244579276,0.05,39.0,1.0,1,-1,-1,-1,0,1,0,1,2025-08-04,0.0026281224062694084,100.0,1.0,2025-08-08,0.0026281224062694084,100.0,1.0,2025-08-13,0.0,0.0,0.0,2025-08-28,-0.005277057100843781,-200.0,-1.0,2025-09-12,-0.0026350476380051138,-100.0,-1.0,2025-09-27,-0.048527040894660436,-1800.0,-1.0,2025-10-27,-0.11122563511022437,-4000.0,-1.0
2025-07-30,Wed,38800.0,38800.0,38600.0,38000.0,37000.0,35000.0,37000.0,36000.0,33400.0,33200.0,31700.0,0.0,2025-07-30,1.0,2,33400.0,33200.0,31700.0,38240.0,32766.666666666668,5473.333333333332,6300.0,6900.0,3.4227844931400844,3.0326420965833107,3.2010142953459124,2025-07-28,46000.0,0.01092907053219023,0.019759149980462392,40100.0,0.04854081869999408,0.04331887471884226,40600.0,0.050515790136901745,0.03509131981127019,2,-0.05379017458613769,0.5501882032086296,2025-07-29,IS7Q25,353.0,0.0,39.0,False,0.0,-0.031179255705718646,0.0,0.0028943580263645565,0.005797117684325977,,,1.0,1.0,1.0,2.0,3.0,0.004066207263767757,0.05,39.0,1.0,1,-1,-1,-1,0,1,0,1,2025-08-04,0.0026281224062694084,100.0,1.0,2025-08-11,0.0026281224062694084,100.0,1.0,2025-08-14,0.0,0.0,0.0,2025-08-29,-0.005277057100843781,-200.0,-1.0,2025-09-13,-0.0026350476380051138,-100.0,-1.0,2025-09-29,-0.05129329438755058,-1900.0,-1.0,2025-10-28,-0.11122563511022437,-4000.0,-1.0
2025-07-31,Thu,38800.0,38800.0,38600.0,38000.0,37000.0,35000.0,37000.0,36000.0,33500.0,33300.0,31800.0,0.0,2025-07-31,1.0,2,33500.0,33300.0,31800.0,38240.0,32866.666666666664,5373.333333333336,6200.0,6800.0,2.8596331071163554,2.6186933898586195,2.73261550533548,2025-07-30,46000.0,-0.006500564603093428,0.019759149980462392,39400.0,0.03355153417123286,0.02570835671020703,40000.0,0.0408219945202552,0.03045920748470844,1,-0.036179656577502356,1.4304163539485895,2025-07-30,IS7Q25,353.0,0.0,39.0,False,0.0,-0.031179255705718646,0.0,0.0028943580263645565,0.002894358026364567,,,1.0,1.0,1.0,2.0,3.0,0.0009139217992682651,0.05,39.0,1.0,1,-1,-1,-1,-1,0,0,1,2025-08-05,0.005249355886143745,200.0,1.0,2025-08-11,0.0026281224062694084,100.0,1.0,2025-08-18,0.0,0.0,0.0,2025-08-30,-0.005277057100843781,-200.0,-1.0,2025-09-15,-0.005277057100843781,-200.0,-1.0,2025-09-29,-0.05129329438755058,-1900.0,-1.0,2025-10-29,-0.11122563511022437,-4000.0,-1.0
2025-08-01,Fri,38800.0,38800.0,38600.0,38000.0,37000.0,35000.0,37000.0,36000.0,33500.0,33300.0,31800.0,0.0,2025-08-01,1.0,2,33500.0,33300.0,31800.0,38240.0,32866.666666666664,5373.333333333336,6200.0,6800.0,2.6750731600276128,2.501577205013525,2.597641559101466,2025-07-30,46000.0,-0.006500564603093428,0.019759149980462392,39400.0,0.03355153417123286,0.02570835671020703,40000.0,0.0408219945202552,0.03045920748470844,2,-0.036179656577502356,1.3721505089067647,2025-07-31,IS7Q25,350.0,0.0,39.0,False,-0.008534902449837444,-0.03971415815555609,-0.00853490244983745,-0.005640544423472888,-0.005640544423472877,,,1.0,1.0,1.0,2.0,3.0,0.0006640112707025717,0.05,39.0,1.0,1,-1,-1,-1,-1,0,0,-1,2025-08-06,0.005249355886143745,200.0,1.0,2025-08-11,0.0026281224062694084,100.0,1.0,2025-08-18,0.0,0.0,0.0,2025-09-01,-0.005277057100843781,-200.0,-1.0,2025-09-15,-0.005277057100843781,-200.0,-1.0,2025-09-30,-0.05406722127027582,-2000.0,-1.0,2025-10-30,-0.11122563511022437,-4000.0,-1.0
2025-08-02,Sat,38900.0,38900.0,38700.0,38100.0,37100.0,35100.0,37100.0,36100.0,33500.0,33300.0,31800.0,100.0,2025-08-02,1.0,2,33500.0,33300.0,31800.0,38340.0,32866.666666666664,5473.333333333336,6300.0,6900.0,2.798998339522172,2.6492884612353778,2.7533186490063466,2025-08-01,46000.0,0.01092907053219023,0.019759149980462392,40000.0,0.035627177643151035,0.043429557927336104,40200.0,0.03544674899574771,0.03802739558923932,1,-0.04866517198128101,0.695773167699216,2025-08-01,IS7Q25,345.0,0.0,29.0,False,-0.014388737452099556,-0.054102895607655646,-0.022923639901937007,-0.020029281875572444,-0.020029281875572433,,,1.0,1.0,1.0,2.0,3.0,0.0021022125316505916,0.05,39.0,1.0,1,-1,-1,-1,0,1,0,-1,2025-08-07,0.002621233479874287,100.0,1.0,2025-08-12,-0.002628122406269469,-100.0,-1.0,2025-08-18,-0.002628122406269469,-100.0,-1.0,2025-09-01,-0.007905179507113261,-300.0,-1.0,2025-09-16,-0.013210231736806462,-500.0,-1.0,2025-10-01,-0.0622663887260007,-2300.0,-1.0,2025-10-31,-0.10215771775330262,-3700.0,-1.0
2025-08-04,Mon,38900.0,38900.0,38700.0,38100.0,37100.0,35100.0,,36100.0,33700.0,33500.0,32000.0,0.0,2025-08-04,2.0,2,33700.0,33500.0,32000.0,38340.0,33066.666666666664,5273.333333333336,6100.0,6700.0,2.2063716084582303,2.130953124602832,2.187417218225452,2025-08-01,46000.0,0.01092907053219023,0.019759149980462392,40000.0,0.035627177643151035,0.043429557927336104,40200.0,0.03544674899574771,0.03802739558923932,3,-0.04866517198128101,0.6749489987701114,2025-08-01,IS7Q25,345.0,0.0,29.0,False,-0.014388737452099556,-0.054102895607655646,-0.022923639901937007,-0.020029281875572444,-0.020029281875572433,,,1.0,1.0,1.0,2.0,3.0,0.0021022125316505916,0.05,39.0,1.0,3,-1,-1,-1,0,1,0,-1,2025-08-11,0.0,0.0,0.0,2025-08-14,-0.002628122406269469,-100.0,-1.0,2025-08-19,-0.002628122406269469,-100.0,-1.0,2025-09-03,-0.01587334915629012,-600.0,-1.0,2025-09-18,-0.018543577712169072,-700.0,-1.0,2025-10-03,-0.06506359334706188,-2400.0,-1.0,2025-11-03,-0.0934745951798418,-3400.0,-1.0
2025-08-05,Tue,39000.0,39000.0,38800.0,38200.0,37200.0,35200.0,37200.0,36200.0,33700.0,33500.0,32000.0,100.0,2025-08-05,1.0,2,33700.0,33500.0,32000.0,38440.0,33066.666666666664,5373.333333333336,6200.0,6800.0,2.3824895815118308,2.3035455298080048,2.3721110762344124,2025-08-04,46000.0,0.015334364000106742,0.019759149980462392,40400.0,0.04299018493136827,0.05337988878050402,40800.0,0.0502618347808883,0.05284248137437998,1,-0.05599426935457494,0.2919480974115522,2025-08-04,IS7Q25,345.0,0.0,29.0,False,0.0,-0.054102895607655646,-0.022923639901937007,-0.022923639901937,-0.020029281875572433,,,0.0,1.0,1.0,2.0,3.0,0.0038524401424284054,0.05,39.0,1.0,1,-1,-1,-1,0,1,0,-1,2025-08-11,-0.0026212334798741926,-100.0,-1.0,2025-08-18,-0.005249355886143678,-200.0,-1.0,2025-08-20,0.0,0.0,0.0,2025-09-04,-0.018494582636164415,-700.0,-1.0,2025-09-19,-0.021164811192043272,-800.0,-1.0,2025-10-04,-0.07612369547280069,-2800.0,-1.0,2025-11-03,-0.096095828659716,-3500.0,-1.0
2025-08-06,Wed,39000.0,39000.0,38800.0,38200.0,37200.0,35200.0,37200.0,36200.0,33600.0,33400.0,31900.0,0.0,2025-08-06,1.0,2,33600.0,33400.0,31900.0,38440.0,32966.666666666664,5473.333333333336,6300.0,6900.0,2.482485115032683,2.39663037074861,2.4690299068843045,2025-08-05,46000.0,0.015334364000106742,0.021978906718775167,40300.0,0.04309919248185206,0.05351595334010783,40700.0,0.04010562545722925,0.0529758159777641,1,-0.05351595334010785,0.3962410439971672,2025-08-05,IS7Q25,346.0,0.0,29.0,False,0.0028943580263645565,-0.05120853758129109,-0.02002928187557245,-0.020029281875572444,-0.017134923849207877,,,0.0,1.0,1.0,2.0,3.0,0.0038524401424284054,0.0,39.0,1.0,1,-1,-1,-1,0,1,0,-1,2025-08-11,-0.0026212334798741926,-100.0,-1.0,2025-08-18,-0.005249355886143678,-200.0,-1.0,2025-08-21,0.0,0.0,0.0,2025-09-05,-0.018494582636164415,-700.0,-1.0,2025-09-22,-0.040058760552004864,-1500.0,-1.0,2025-10-06,-0.09034868640414796,-3300.0,-1.0,2025-11-04,-0.096095828659716,-3500.0,-1.0
2025-08-07,Thu,39000.0,39000.0,38800.0,38200.0,37200.0,35200.0,37200.0,36200.0,33600.0,33400.0,31900.0,0.0,2025-08-07,1.0,2,33600.0,33400.0,31900.0,38440.0,32966.666666666664,5473.333333333336,6300.0,6900.0,2.3316325305364134,2.2597852482819873,2.319488370710785,2025-08-06,46000.0,0.015334364000106742,0.021978906718775167,40300.0,0.04569322765889877,0.05351595334010783,40700.0,0.04010562545722925,0.0529758159777641,1,-0.05351595334010785,0.37239869147669585,2025-08-06,IS7Q25,346.0,0.0,29.0,False,0.0,-0.05120853758129109,-0.02002928187557245,-0.020029281875572444,-0.017134923849207877,,,0.0,1.0,1.0,2.0,3.0,0.003952369296041491,0.0,39.0,1.0,1,-1,-1,-1,0,1,0,-1,2025-08-12,-0.005249355886143678,-200.0,-1.0,2025-08-18,-0.005249355886143678,-200.0,-1.0,2025-08-22,0.0,0.0,0.0,2025-09-06,-0.005249355886143678,-200.0,-1.0,2025-09-22,-0.040058760552004864,-1500.0,-1.0,2025-10-06,-0.09034868640414796,-3300.0,-1.0,2025-11-05,-0.09034868640414796,-3300.0,-1.0
2025-08-08,Fri,38900.0,38900.0,38700.0,38100.0,37100.0,35100.0,37100.0,36100.0,33500.0,33300.0,31800.0,-100.0,2025-08-08,1.0,2,33500.0,33300.0,31800.0,38340.0,32866.666666666664,5473.333333333336,6300.0,6900.0,2.1925054623922313,2.130677579033738,2.1819515282917417,2025-08-07,45800.0,0.010977058631150994,0.01762160134981941,40000.0,0.035627177643151035,0.0460439385014068,40700.0,0.03500357357333374,0.0529758159777641,1,-0.04866517198128101,0.5940914012031725,2025-08-07,IS7Q25,346.0,0.0,29.0,False,0.0,-0.05120853758129109,-0.011494379425735007,-0.020029281875572444,-0.017134923849207877,,,0.0,1.0,1.0,2.0,3.0,0.003952369296041491,0.0,39.0,1.0,1,-1,-1,-1,0,1,0,-1,2025-08-13,-0.002628122406269469,-100.0,-1.0,2025-08-18,-0.002628122406269469,-100.0,-1.0,2025-08-25,0.002621233479874287,100.0,1.0,2025-09-08,0.002621233479874287,100.0,1.0,2025-09-22,-0.03743752707213066,-1400.0,-1.0,2025-10-07,-0.0877274529242738,-3200.0,-1.0,2025-11-06,-0.0934745951798418,-3400.0,-1.0
2025-08-11,Mon,38900.0,38900.0,38700.0,38100.0,37100.0,35100.0,37100.0,36100.0,33500.0,33300.0,31800.0,0.0,2025-08-11,3.0,2,33500.0,33300.0,31800.0,38340.0,32866.666666666664,5473.333333333336,6300.0,6900.0,2.071768081776163,2.017160832281764,2.062131970411038,2025-08-07,45800.0,0.010977058631150994,0.01762160134981941,40000.0,0.035627177643151035,0.0460439385014068,40700.0,0.03500357357333374,0.0529758159777641,4,-0.04866517198128101,0.5658661841551728,2025-08-08,IS7Q25,346.0,6.0,29.0,False,0.0,-0.05120853758129109,0.0028943580263645495,-0.020029281875572444,-0.017134923849207877,0.0033635976991331835,,0.0,1.0,1.0,1.0,3.0,0.003952369296041491,0.0,39.0,0.0,3,-1,-1,-1,0,1,0,-1,2025-08-18,-0.002628122406269469,-100.0,-1.0,2025-08-21,0.002621233479874287,100.0,1.0,2025-08-26,-0.002628122406269469,-100.0,-1.0,2025-09-10,0.005235614053944943,200.0,1.0,2025-09-25,-0.04839654086185021,-1800.0,-1.0,2025-10-10,-0.0934745951798418,-3400.0,-1.0,2025-11-10,-0.10506892796076102,-3800.0,-1.0
2025-08-12,Tue,38800.0,38800.0,38600.0,38000.0,37000.0,35000.0,37000.0,36000.0,33400.0,33200.0,31700.0,-100.0,2025-08-12,1.0,2,33400.0,33200.0,31700.0,38240.0,32766.666666666668,5473.333333333332,6300.0,6900.0,1.964489808299064,1.9158374889578969,1.9559889504760708,2025-08-11,45600.0,0.006600684031352093,0.017699577099400857,40100.0,0.007509422022131568,0.038124057841738244,40300.0,0.012484556662245277,0.0353572183282366,1,-0.05379017458613769,0.2601614568435154,2025-08-11,IS7Q25,345.0,19.0,43.0,False,-0.002894358026364526,-0.05410289560765562,2.3418766925686896e-17,-0.02292363990193697,-0.020029281875572402,0.0004692396727686574,,0.0,0.0,1.0,1.0,3.0,0.003952369296041491,0.05,39.0,0.0,1,-1,-1,-1,0,1,0,-1,2025-08-18,0.0,0.0,0.0,2025-08-22,0.005249355886143745,200.0,1.0,2025-08-27,-0.005277057100843781,-200.0,-1.0,2025-09-11,0.0026281224062694084,100.0,1.0,2025-09-26,-0.0457684184555807,-1700.0,-1.0,2025-10-11,-0.08223809823697212,-3000.0,-1.0,2025-11-10,-0.1024408055544915,-3700.0,-1.0
2025-08-13,Wed,38800.0,38800.0,38600.0,38000.0,37000.0,35000.0,37000.0,36000.0,33300.0,33100.0,31600.0,0.0,2025-08-13,1.0,2,33300.0,33100.0,31600.0,38240.0,32666.666666666668,5573.333333333332,6400.0,7000.0,2.051828139997942,1.9946051490522632,2.0424984482369113,2025-08-11,45600.0,0.006600684031352093,0.017699577099400857,40100.0,0.007509422022131568,0.038124057841738244,40300.0,0.012484556662245277,0.0353572183282366,2,-0.05379017458613769,0.23539365933724868,2025-08-12,IS7Q25,346.0,0.0,43.0,False,0.0028943580263645565,-0.05120853758129106,2.3418766925686896e-17,-0.020029281875572413,-0.017134923849207846,-0.014232164191246448,,0.0,0.0,1.0,1.0,3.0,0.003971411221939529,0.1,39.0,1.0,1,-1,-1,-1,0,1,0,-1,2025-08-18,0.0,0.0,0.0,2025-08-25,0.005249355886143745,200.0,1.0,2025-08-28,-0.005277057100843781,-200.0,-1.0,2025-09-12,-0.0026350476380051138,-100.0,-1.0,2025-09-27,-0.048527040894660436,-1800.0,-1.0,2025-10-13,-0.09084647277357231,-3300.0,-1.0,2025-11-11,-0.1024408055544915,-3700.0,-1.0
2025-08-14,Thu,38800.0,38800.0,38600.0,38000.0,37000.0,35000.0,37000.0,36000.0,33200.0,33000.0,31500.0,0.0,2025-08-14,1.0,2,33200.0,33000.0,31500.0,38240.0,32566.666666666668,5673.333333333332,6500.0,7100.0,2.123447050424707,2.0597102065210833,2.1134733331595386,2025-08-13,45600.0,0.002195390563435656,0.017699577099400857,39900.0,-0.009975145056819509,0.0331240474250325,40500.0,0.004950505159856205,0.03774032798284711,1,-0.048790164169432056,0.488203119845982,2025-08-13,IS7Q25,346.0,6.0,49.0,False,0.0,-0.05120853758129106,2.3418766925686896e-17,-0.020029281875572413,-0.017134923849207846,-0.017134923849207857,,0.0,0.0,1.0,1.0,3.0,0.004068419237866832,0.1,39.0,0.0,1,-1,-1,-1,0,0,0,-1,2025-08-19,0.0,0.0,0.0,2025-08-25,0.005249355886143745,200.0,1.0,2025-08-29,-0.005277057100843781,-200.0,-1.0,2025-09-13,-0.0026350476380051138,-100.0,-1.0,2025-09-29,-0.05129329438755058,-1900.0,-1.0,2025-10-13,-0.09084647277357231,-3300.0,-1.0,2025-11-12,-0.09662683568907164,-3500.0,-1.0
2025-08-18,Mon,38800.0,38800.0,38600.0,38000.0,37000.0,35000.0,37000.0,36000.0,33200.0,33000.0,31500.0,0.0,2025-08-18,4.0,2,33200.0,33000.0,31500.0,38240.0,32566.666666666668,5673.333333333332,6500.0,7100.0,2.0122276564024526,1.9548418753765142,2.0032572713428105,2025-08-13,45600.0,0.002195390563435656,0.017699577099400857,39900.0,-0.009975145056819509,0.0331240474250325,40500.0,0.004950505159856205,0.03774032798284711,5,-0.048790164169432056,0.4592999912186181,2025-08-15,IS7Q25,346.0,0.0,49.0,False,0.0,-0.05120853758129106,2.3418766925686896e-17,0.002894358026364587,-0.017134923849207846,-0.017134923849207857,,0.0,0.0,1.0,1.0,3.0,0.004068419237866832,0.15,39.0,1.0,3,-1,-1,-1,0,0,0,-1,2025-08-25,0.005249355886143745,200.0,1.0,2025-08-28,-0.005277057100843781,-200.0,-1.0,2025-09-02,-0.005277057100843781,-200.0,-1.0,2025-09-18,-0.015915455305899568,-600.0,-1.0,2025-10-03,-0.06243547094079234,-2300.0,-1.0,2025-10-17,-0.10536051565782628,-3800.0,-1.0,2025-11-17,-0.07938502925456566,-2900.0,-1.0
2025-08-19,Tue,38800.0,38800.0,38600.0,38000.0,37000.0,35000.0,37000.0,36000.0,33400.0,33200.0,31700.0,0.0,2025-08-19,1.0,2,33400.0,33200.0,31700.0,38240.0,32766.666666666668,5473.333333333332,6300.0,6900.0,1.583848362019092,1.5542870887454934,1.5798824644761351,2025-08-18,45500.0,-0.006571765163234502,0.0,39900.0,-0.009975145056819509,0.035718082602079246,40300.0,-0.012330612457478674,0.03278982282299097,1,-0.048790164169432056,0.4307731728113357,2025-08-18,IS7Q25,346.0,0.0,49.0,False,0.0,-0.05120853758129106,0.0028943580263645495,0.002894358026364587,-0.020029281875572402,-0.017134923849207857,,0.0,0.0,1.0,1.0,3.0,0.004068419237866832,0.15,39.0,1.0,1,-1,-1,-1,0,-1,0,-1,2025-08-25,0.005249355886143745,200.0,1.0,2025-08-29,-0.005277057100843781,-200.0,-1.0,2025-09-03,-0.01324522675002068,-500.0,-1.0,2025-09-18,-0.015915455305899568,-600.0,-1.0,2025-10-03,-0.06243547094079234,-2300.0,-1.0,2025-10-18,-0.10536051565782628,-3800.0,-1.0,2025-11-17,-0.07938502925456566,-2900.0,-1.0
2025-08-20,Wed,39000.0,39000.0,38800.0,38200.0,37200.0,35200.0,37200.0,36200.0,33600.0,33400.0,31900.0,200.0,2025-08-20,1.0,2,33600.0,33400.0,31900.0,38440.0,32966.666666666664,5473.333333333336,6300.0,6900.0,1.5255512978544503,1.4967122137109854,1.5216375010893721,2025-08-18,45500.0,-0.006571765163234502,0.0,39900.0,-0.009975145056819509,0.035718082602079246,40300.0,-0.012330612457478674,0.03278982282299097,2,-0.04354080828328833,0.770532248841676,2025-08-19,IS7Q25,346.0,0.0,49.0,False,0.0,-0.05120853758129106,0.0,3.0357660829594124e-17,-0.020029281875572402,-0.017134923849207857,,0.0,0.0,1.0,1.0,3.0,0.003971411221939529,0.15,39.0,1.0,1,-1,-1,-1,0,-1,0,-1,2025-08-25,0.0,0.0,0.0,2025-08-30,-0.010526412986987504,-400.0,-1.0,2025-09-04,-0.018494582636164415,-700.0,-1.0,2025-09-19,-0.021164811192043272,-800.0,-1.0,2025-10-04,-0.07612369547280069,-2800.0,-1.0,,,,,2025-11-18,-0.08178943300847812,-3000.0,-1.0
2025-08-21,Thu,39000.0,39000.0,38800.0,38200.0,37200.0,35200.0,37200.0,36200.0,33600.0,33400.0,31900.0,0.0,2025-08-21,1.0,2,33600.0,33400.0,31900.0,38440.0,32966.666666666664,5473.333333333336,6300.0,6900.0,1.4677075798177948,1.4403525953262182,1.463984106999945,2025-08-18,45500.0,-0.006571765163234502,0.0,39900.0,-0.009975145056819509,0.035718082602079246,40300.0,-0.012330612457478674,0.03278982282299097,3,-0.04354080828328833,0.7594611477024119,2025-08-20,IS7Q25,354.0,3.0,49.0,False,0.022858138076050184,-0.02835039950524088,0.022858138076050177,0.022858138076050215,0.0028288562004777813,0.005723214226842327,,0.0,0.0,1.0,1.0,2.0,0.003971411221939529,0.15,39.0,0.0,1,-1,-1,-1,0,-1,0,1,2025-08-26,-0.005249355886143678,-200.0,-1.0,2025-09-01,-0.010526412986987504,-400.0,-1.0,2025-09-05,-0.018494582636164415,-700.0,-1.0,2025-09-22,-0.040058760552004864,-1500.0,-1.0,2025-10-06,-0.09034868640414796,-3300.0,-1.0,2025-10-24,-0.11060987154397003,-4000.0,-1.0,2025-11-19,-0.08178943300847812,-3000.0,-1.0
2025-08-22,Fri,39000.0,39000.0,38800.0,38200.0,37200.0,35200.0,37200.0,36200.0,33600.0,33400.0,31900.0,0.0,2025-08-22,1.0,2,33600.0,33400.0,31900.0,38440.0,32966.666666666664,5473.333333333336,6300.0,6900.0,1.4142120719550806,1.3888106628050434,1.410746916298766,2025-08-21,45500.0,-0.010929070532190317,0.0,40000.0,-0.0024968801985871545,0.0460439385014068,40400.0,-0.004938281640582566,0.045577508496319155,1,-0.046043938501406846,0.552986635357433,2025-08-21,IS7Q25,346.0,1.0,50.0,False,-0.022858138076050208,-0.05120853758129108,-3.122502256758253e-17,6.938893903907228e-18,-0.020029281875572427,-0.01713492384920788,,0.0,0.0,1.0,1.0,2.0,0.006778583703113885,0.2,39.0,0.0,1,-1,-1,-1,0,-1,0,-1,2025-08-27,-0.010526412986987504,-400.0,-1.0,2025-09-01,-0.010526412986987504,-400.0,-1.0,2025-09-06,-0.005249355886143678,-200.0,-1.0,2025-09-22,-0.040058760552004864,-1500.0,-1.0,2025-10-06,-0.09034868640414796,-3300.0,-1.0,2025-10-24,-0.11060987154397003,-4000.0,-1.0,2025-11-20,-0.07895255167327847,-2900.0,-1.0
2025-08-25,Mon,39000.0,39000.0,38800.0,38200.0,37200.0,35200.0,37200.0,36200.0,33400.0,33200.0,31700.0,0.0,2025-08-25,3.0,2,33400.0,33200.0,31700.0,38440.0,32766.666666666668,5673.333333333332,6500.0,7100.0,1.6805047807644564,1.637310804803156,1.6735342308168888,2025-08-22,45100.0,-0.019759149980462333,-0.02625971458355577,39800.0,0.01010109598650392,0.04365263015773681,40300.0,0.0074720148387010564,0.0482940093589562,3,-0.04103139667786247,0.9084209005149648,2025-08-22,IS7Q25,346.0,0.0,50.0,False,0.0,-0.05120853758129108,-3.122502256758253e-17,6.938893903907228e-18,-0.020029281875572427,-0.01713492384920788,,0.0,0.0,1.0,1.0,2.0,0.008592266808315362,0.25,39.0,1.0,3,-1,-1,-1,0,0,0,-1,2025-08-30,-0.010526412986987504,-400.0,-1.0,2025-09-04,-0.018494582636164415,-700.0,-1.0,2025-09-09,0.0026143805740708936,100.0,1.0,2025-09-24,-0.05101777434172437,-1900.0,-1.0,2025-10-09,-0.096095828659716,-3500.0,-1.0,2025-10-24,-0.11060987154397003,-4000.0,-1.0,2025-11-24,-0.08748745412311579,-3200.0,-1.0
2025-08-26,Tue,38800.0,38800.0,38600.0,38000.0,37000.0,35000.0,37000.0,36000.0,33200.0,33000.0,31500.0,-200.0,2025-08-26,1.0,2,33200.0,33000.0,31500.0,38240.0,32566.666666666668,5673.333333333332,6500.0,7100.0,1.6140042277510946,1.5745222576387272,1.6076072423882513,2025-08-25,44800.0,-0.026433257068155483,-0.015504186535965199,39500.0,-0.012578782206860073,0.02304839543629109,39900.0,-0.007490671729157626,0.027956077266589916,1,-0.03871451218069039,1.0770823195805228,2025-08-25,IS7U25,355.0,0.0,50.0,True,,-0.05120853758129108,-3.122502256758253e-17,0.002894358026364533,-0.020029281875572427,,,1.0,1.0,1.0,2.0,3.0,0.008592266808315362,0.25,39.0,1.0,1,-1,-1,-1,-1,-1,-1,-1,2025-09-01,-0.005277057100843781,-200.0,-1.0,2025-09-05,-0.01324522675002068,-500.0,-1.0,2025-09-10,0.007863736460214451,300.0,1.0,2025-09-25,-0.0457684184555807,-1700.0,-1.0,2025-10-10,-0.09084647277357231,-3300.0,-1.0,2025-10-25,-0.11122563511022437,-4000.0,-1.0,2025-11-24,-0.08223809823697212,-3000.0,-1.0
2025-08-27,Wed,38600.0,38600.0,38400.0,37800.0,36800.0,34800.0,36800.0,35800.0,33000.0,32800.0,31300.0,-200.0,2025-08-27,1.0,2,33000.0,32800.0,31300.0,38040.0,32366.666666666668,5673.333333333332,6500.0,7100.0,1.552587922630817,1.5163630214393922,1.5466902318417393,2025-08-25,44800.0,-0.026433257068155483,-0.015504186535965199,39500.0,-0.012578782206860073,0.02304839543629109,39900.0,-0.007490671729157626,0.027956077266589916,2,-0.043991569281534186,0.6218848433755267,2025-08-26,IS7U25,355.0,0.0,50.0,False,0.0,-0.05120853758129108,-3.122502256758253e-17,-2.3418766925686896e-17,-0.020029281875572427,,,1.0,1.0,1.0,2.0,3.0,0.008592266808315362,0.25,39.0,1.0,1,-1,-1,-1,0,-1,0,-1,2025-09-01,0.0,0.0,0.0,2025-09-06,0.005277057100843819,200.0,1.0,2025-09-11,0.007905179507113247,300.0,1.0,2025-09-26,-0.040491361354736875,-1500.0,-1.0,2025-10-11,-0.07696104113612832,-2800.0,-1.0,2025-10-27,-0.10594857800938066,-3800.0,-1.0,2025-11-25,-0.08269171584511341,-3000.0,-1.0
2025-08-28,Thu,38600.0,38600.0,38400.0,37800.0,36800.0,34800.0,36800.0,35800.0,33200.0,33000.0,31500.0,0.0,2025-08-28,1.0,2,33200.0,33000.0,31500.0,38040.0,32566.666666666668,5473.333333333332,6300.0,6900.0,1.1936419438966934,1.177430806648553,1.1915142384144979,2025-08-27,44800.0,-0.026433257068155483,-0.011098893068048803,39300.0,-0.027605266091888857,0.015384918839479456,39600.0,-0.02985296314968116,0.020408871631207033,1,-0.0389154162496735,1.046679189290729,2025-08-27,IS7U25,355.0,0.0,50.0,False,0.0,-0.05120853758129108,-0.022858138076050215,-2.3418766925686896e-17,-0.020029281875572427,,,1.0,1.0,1.0,2.0,3.0,0.008592266808315362,0.25,41.0,1.0,1,-1,-1,-1,-1,-1,-1,-1,2025-09-02,0.0,0.0,0.0,2025-09-08,0.010526412986987603,400.0,1.0,2025-09-12,0.002642009462838576,100.0,1.0,2025-09-27,-0.04324998379381663,-1600.0,-1.0,2025-10-13,-0.08556941567272847,-3100.0,-1.0,2025-10-27,-0.10594857800938066,-3800.0,-1.0,2025-11-26,-0.08556941567272847,-3100.0,-1.0
2025-08-29,Fri,38600.0,38600.0,38400.0,37800.0,36800.0,34800.0,36800.0,35800.0,33100.0,32900.0,31400.0,0.0,2025-08-29,1.0,2,33100.0,32900.0,31400.0,38040.0,32466.666666666668,5573.333333333332,6400.0,7000.0,1.3092446145348888,1.2856489090539556,1.3055703343218523,2025-08-27,44800.0,-0.026433257068155483,-0.011098893068048803,39300.0,-0.027605266091888857,0.015384918839479456,39600.0,-0.02985296314968116,0.020408871631207033,2,-0.0389154162496735,1.027616411828309,2025-08-28,IS7U25,354.0,3.0,47.0,False,-0.0028208763416413406,-0.05402941392293242,-0.0028208763416413475,-0.002820876341641364,-0.014315255767376323,,,1.0,1.0,1.0,2.0,3.0,0.008592266808315362,0.25,43.0,0.0,1,-1,-1,-1,-1,-1,-1,-1,2025-09-03,-0.007968169649176845,-300.0,-1.0,2025-09-08,0.010526412986987603,400.0,1.0,2025-09-13,0.002642009462838576,100.0,1.0,2025-09-29,-0.0460162372867068,-1700.0,-1.0,2025-10-13,-0.08556941567272847,-3100.0,-1.0,2025-10-28,-0.10594857800938066,-3800.0,-1.0,2025-11-27,-0.07982227341716056,-2900.0,-1.0
2025-08-30,Sat,38600.0,38600.0,38400.0,37800.0,36800.0,34800.0,36800.0,35800.0,33100.0,32900.0,31400.0,0.0,2025-08-30,1.0,2,33100.0,32900.0,31400.0,38040.0,32466.666666666668,5573.333333333332,6400.0,7000.0,1.2707763696357222,1.248736446517051,1.2672852870819344,2025-08-29,44800.0,-0.026433257068155483,-0.011098893068048803,39100.0,-0.030229001961317156,0.012870190520534956,39600.0,-0.027398974188114388,0.012706651269114883,1,-0.0338133643657781,1.4437573397739505,2025-08-29,IS7U25,354.0,0.0,37.0,False,0.0,-0.05402941392293242,-0.0028208763416413475,-0.002820876341641364,7.348168472323278e-05,,,1.0,1.0,1.0,2.0,3.0,0.008414037143003822,0.3,46.0,1.0,1,-1,-1,-1,-1,-1,-1,1,2025-09-04,-0.007968169649176845,-300.0,-1.0,2025-09-09,0.013140793561058328,500.0,1.0,2025-09-15,0.0,0.0,0.0,2025-09-29,-0.0460162372867068,-1700.0,-1.0,2025-10-14,-0.08556941567272847,-3100.0,-1.0,2025-10-29,-0.10594857800938066,-3800.0,-1.0,2025-11-28,-0.07982227341716056,-2900.0,-1.0
2025-09-01,Mon,38600.0,38600.0,38400.0,37800.0,36800.0,34800.0,36800.0,35800.0,33100.0,32900.0,31400.0,0.0,2025-09-01,2.0,2,33100.0,32900.0,31400.0,38040.0,32466.666666666668,5573.333333333332,6400.0,7000.0,1.2353646906002487,1.2172848940080165,1.2314486848642208,2025-08-29,44800.0,-0.026433257068155483,-0.011098893068048803,39100.0,-0.030229001961317156,0.012870190520534956,39600.0,-0.027398974188114388,0.012706651269114883,3,-0.0338133643657781,1.4066223735957561,2025-08-29,IS7U25,354.0,0.0,37.0,False,0.0,-0.05402941392293242,-0.0028208763416413475,-0.002820876341641364,7.348168472323278e-05,,,1.0,1.0,1.0,2.0,3.0,0.008414037143003822,0.3,46.0,1.0,3,-1,-1,-1,-1,-1,-1,1,2025-09-06,0.005277057100843819,200.0,1.0,2025-09-11,0.007905179507113247,300.0,1.0,2025-09-16,-0.005305052229693229,-200.0,-1.0,2025-10-01,-0.05436120921888738,-2000.0,-1.0,2025-10-16,-0.0942525382461894,-3400.0,-1.0,2025-10-31,-0.0942525382461894,-3400.0,-1.0,2025-12-01,-0.08269171584511341,-3000.0,-1.0
2025-09-02,Tue,38600.0,38600.0,38400.0,37800.0,36800.0,34800.0,36800.0,35800.0,33000.0,32800.0,31300.0,0.0,2025-09-02,1.0,2,33000.0,32800.0,31300.0,38040.0,32366.666666666668,5673.333333333332,6500.0,7100.0,1.3594507523385977,1.335569394483791,1.3538765989992618,2025-09-01,44800.0,-0.026433257068155483,-0.011098893068048803,38900.0,-0.035357218328236684,0.010336009330662073,39500.0,-0.029927420541473144,0.010178204915756052,1,-0.02868514799885855,1.8632315415385152,2025-08-29,IS7U25,354.0,0.0,37.0,False,0.0,-0.05402941392293242,-0.0028208763416413475,-0.002820876341641364,7.348168472323278e-05,,,1.0,1.0,1.0,2.0,3.0,0.008414037143003822,0.3,46.0,1.0,4,-1,-1,-1,-1,-1,-1,1,2025-09-08,0.010526412986987603,400.0,1.0,2025-09-12,0.002642009462838576,100.0,1.0,2025-09-18,-0.010638398205055754,-400.0,-1.0,2025-10-03,-0.05715841383994864,-2100.0,-1.0,2025-10-17,-0.10008345855698253,-3600.0,-1.0,2025-11-01,-0.08556941567272847,-3100.0,-1.0,2025-12-01,-0.08269171584511341,-3000.0,-1.0
2025-09-03,Wed,38300.0,38300.0,38100.0,37500.0,36500.0,34500.0,36500.0,35500.0,32800.0,32600.0,31100.0,-300.0,2025-09-03,1.0,2,32800.0,32600.0,31100.0,37740.0,32166.666666666668,5573.333333333332,6400.0,7000.0,1.1638207697463696,1.1492907706691393,1.1602580585740456,2025-09-02,44600.0,-0.02655023209412084,-0.01557317346296992,38600.0,-0.03562717764315116,0.0,39300.0,-0.0350035735733337,0.0,1,-0.028911343494420035,1.8526168023484981,2025-09-02,IS7U25,351.0,0.0,37.0,False,-0.00851068966790862,-0.06254010359084104,-0.011331566009549966,-0.011331566009549984,-0.008437207983185386,,,0.0,1.0,1.0,2.0,3.0,0.007739070920801307,0.3,49.0,1.0,1,-1,-1,-1,-1,-1,-1,-1,2025-09-08,0.01849458263616431,700.0,1.0,2025-09-13,0.010610179112015469,400.0,1.0,2025-09-18,-0.0026702285558789208,-100.0,-1.0,2025-10-03,-0.04919024419077178,-1800.0,-1.0,2025-10-18,-0.09211528890780563,-3300.0,-1.0,2025-11-03,-0.07760124602355162,-2800.0,-1.0,2025-12-02,-0.06899287148695143,-2500.0,-1.0
2025-09-04,Thu,38300.0,38300.0,38100.0,37500.0,36500.0,34500.0,36500.0,35500.0,32800.0,32600.0,31100.0,0.0,2025-09-04,1.0,2,32800.0,32600.0,31100.0,37740.0,32166.666666666668,5573.333333333332,6400.0,7000.0,1.129412322842474,1.1164129367621065,1.1260235357827653,2025-09-02,44600.0,-0.02655023209412084,-0.01557317346296992,38600.0,-0.03562717764315116,0.0,39300.0,-0.0350035735733337,0.0,2,-0.028911343494420035,1.8443892234901054,2025-09-03,IS7U25,350.0,0.0,37.0,False,-0.002853068982406399,-0.06539317257324744,-0.014184634991956366,-0.014184634991956383,-0.014184634991956342,,,0.0,1.0,1.0,2.0,3.0,0.007981796661272805,0.3,49.0,1.0,1,-1,-1,-1,-1,-1,-1,-1,2025-09-09,0.021108963210235265,800.0,1.0,2025-09-15,0.007968169649176881,300.0,1.0,2025-09-19,-0.0026702285558789208,-100.0,-1.0,2025-10-04,-0.057629112836636416,-2100.0,-1.0,,,,,2025-11-03,-0.07760124602355162,-2800.0,-1.0,2025-12-03,-0.07472354619593642,-2700.0,-1.0
2025-09-05,Fri,38300.0,38300.0,38100.0,37500.0,36500.0,34500.0,36500.0,35500.0,33000.0,32800.0,31300.0,0.0,2025-09-05,1.0,2,33000.0,32800.0,31300.0,37740.0,32366.666666666668,5373.333333333332,6200.0,6800.0,0.7708385064866574,0.7722577473093069,0.7711274919284782,2025-09-02,44600.0,-0.02655023209412084,-0.01557317346296992,38600.0,-0.03562717764315116,0.0,39300.0,-0.0350035735733337,0.0,3,-0.028911343494420035,1.7786458802280583,2025-09-04,IS7U25,349.0,0.0,37.0,False,-0.002861232281032235,-0.06825440485427967,-0.0170458672729886,-0.039904005349038804,-0.017045867272988575,,,0.0,1.0,1.0,2.0,3.0,0.007957117975585582,0.3,49.0,1.0,1,0,0,0,-1,-1,-1,-1,2025-09-10,0.021108963210235265,800.0,1.0,2025-09-15,0.007968169649176881,300.0,1.0,2025-09-22,-0.021564177915840525,-800.0,-1.0,2025-10-06,-0.07185410376798368,-2600.0,-1.0,2025-10-24,-0.09211528890780563,-3300.0,-1.0,2025-11-04,-0.07760124602355162,-2800.0,-1.0,2025-12-04,-0.07472354619593642,-2700.0,-1.0
2025-09-06,Sat,38800.0,38800.0,38600.0,38000.0,37000.0,35000.0,37000.0,36000.0,33200.0,33000.0,31500.0,500.0,2025-09-06,1.0,2,33200.0,33000.0,31500.0,38240.0,32566.666666666668,5673.333333333332,6500.0,7100.0,1.2422602957494764,1.226494830840733,1.2379243200289611,2025-09-02,44600.0,-0.02655023209412084,-0.01557317346296992,38600.0,-0.03562717764315116,0.0,39300.0,-0.0350035735733337,0.0,4,-0.015666116744399463,3.0184464223258334,2025-09-05,IS7U25,348.0,0.0,37.0,False,-0.00286944242795282,-0.07112384728223249,-0.017094433359300082,-0.019915309700941415,-0.019915309700941394,,,0.0,1.0,1.0,2.0,3.0,0.007969269758820587,0.3,49.0,1.0,1,-1,-1,-1,-1,-1,-1,-1,2025-09-11,0.0026281224062694084,100.0,1.0,2025-09-16,-0.010582109330536972,-400.0,-1.0,2025-09-22,-0.034809404665861174,-1300.0,-1.0,2025-10-06,-0.08509933051800432,-3100.0,-1.0,2025-10-24,-0.10536051565782628,-3800.0,-1.0,2025-11-05,-0.08509933051800432,-3100.0,-1.0,2025-12-05,-0.08509933051800432,-3100.0,-1.0
2025-09-08,Mon,39000.0,39000.0,38800.0,38200.0,37200.0,35200.0,37200.0,36200.0,33500.0,33300.0,31800.0,200.0,2025-09-08,2.0,2,33500.0,33300.0,31800.0,38440.0,32866.666666666664,5573.333333333336,6400.0,7000.0,1.0381047835263324,1.0305293225074166,1.0360118369278013,2025-09-02,44600.0,-0.02655023209412084,-0.01557317346296992,38600.0,-0.03562717764315116,0.0,39300.0,-0.0350035735733337,0.0,6,-0.010416760858255715,3.338297568243541,2025-09-05,IS7U25,348.0,0.0,37.0,False,-0.00286944242795282,-0.07112384728223249,-0.017094433359300082,-0.019915309700941415,-0.019915309700941394,,,0.0,1.0,1.0,2.0,3.0,0.007969269758820587,0.3,49.0,1.0,3,-1,-1,-1,-1,-1,-1,-1,2025-09-13,-0.00788440352414887,-300.0,-1.0,2025-09-18,-0.021164811192043272,-800.0,-1.0,2025-09-23,-0.05101777434172437,-1900.0,-1.0,2025-10-08,-0.096095828659716,-3500.0,-1.0,2025-10-24,-0.11060987154397003,-4000.0,-1.0,2025-11-07,-0.10187619157521538,-3700.0,-1.0,2025-12-08,-0.1076901614406353,-3900.0,-1.0
2025-09-09,Tue,39100.0,39100.0,38900.0,38300.0,37300.0,35300.0,37300.0,36300.0,33600.0,33400.0,31900.0,100.0,2025-09-09,1.0,2,33600.0,33400.0,31900.0,38540.0,32966.666666666664,5573.333333333336,6400.0,7000.0,1.004776189633395,0.9984677248075619,1.003017857080108,2025-09-08,44900.0,-0.015469921772131778,-0.008869237740779773,39700.0,-0.010025146619378818,-0.002515724597247247,39700.0,-0.015000281259492598,-0.002515724597247247,1,-0.03590129150654442,0.8121130929906268,2025-09-08,IS7U25,347.0,0.0,37.0,False,-0.002877699827615169,-0.07400154710984766,-0.01997213318691525,-0.022793009528556583,-0.022793009528556566,,,0.0,1.0,1.0,2.0,3.0,0.007978507206020613,0.3,49.0,1.0,1,-1,0,-1,0,-1,0,-1,2025-09-15,-0.013140793561058255,-500.0,-1.0,2025-09-19,-0.023779191766114063,-900.0,-1.0,2025-09-24,-0.05363215491579525,-2000.0,-1.0,2025-10-09,-0.09871020923378683,-3600.0,-1.0,2025-10-24,-0.11322425211804081,-4100.0,-1.0,2025-11-08,-0.11030454201470603,-4000.0,-1.0,2025-12-08,-0.11030454201470603,-4000.0,-1.0
2025-09-10,Wed,39100.0,39100.0,38900.0,38300.0,37300.0,35300.0,37300.0,36300.0,33600.0,33400.0,31900.0,0.0,2025-09-10,1.0,2,33600.0,33400.0,31900.0,38540.0,32966.666666666664,5573.333333333336,6400.0,7000.0,0.9726099021167296,0.9675965635389253,0.9711903559966335,2025-09-09,45100.0,-0.01102547001170771,-0.008830079448272037,39700.0,-0.005025136202673043,-0.015000281259492598,40100.0,-0.00992563979996993,-0.004975134640113843,1,-0.03590129150654442,0.7865693526056793,2025-09-09,IS7U25,346.0,0.0,37.0,False,-0.0028860048891349867,-0.07688755199898265,-0.014347448408141616,-0.02567901441769157,-0.022784656391327027,-0.045708296293264006,,0.0,0.0,1.0,1.0,3.0,0.007984815571600423,0.25,49.0,1.0,1,0,0,0,0,-1,0,-1,2025-09-15,-0.013140793561058255,-500.0,-1.0,2025-09-22,-0.0426731411260757,-1600.0,-1.0,2025-09-25,-0.05363215491579525,-2000.0,-1.0,2025-10-10,-0.09871020923378683,-3600.0,-1.0,2025-10-25,-0.11908937157043892,-4300.0,-1.0,2025-11-10,-0.11030454201470603,-4000.0,-1.0,2025-12-09,-0.11030454201470603,-4000.0,-1.0
2025-09-11,Thu,38900.0,38900.0,38700.0,38100.0,37100.0,35100.0,37100.0,36100.0,33200.0,33000.0,31500.0,-200.0,2025-09-11,1.0,2,33200.0,33000.0,31500.0,38340.0,32566.666666666668,5773.333333333332,6600.0,7200.0,1.282015639184006,1.2717867929728748,1.2793309160527384,2025-09-10,45100.0,-0.008830079448272037,-0.01540184461150659,39400.0,-0.012610507591929696,-0.022585652648749153,39800.0,-0.012484556662245284,-0.02481516911972402,1,-0.0335515341712329,0.9732280292768706,2025-09-10,IS7U25,345.0,0.0,37.0,False,-0.002894358026364526,-0.07978191002534717,-0.014388737452099743,-0.028573372444056097,-0.02857337244405611,-0.048602654319628534,,0.0,0.0,1.0,1.0,3.0,0.007984717306518398,0.2,49.0,1.0,1,-1,-1,-1,0,-1,0,-1,2025-09-16,-0.013210231736806462,-500.0,-1.0,2025-09-22,-0.03743752707213066,-1400.0,-1.0,2025-09-26,-0.04839654086185021,-1800.0,-1.0,2025-10-11,-0.08486622064324165,-3100.0,-1.0,2025-10-27,-0.11385375751649385,-4100.0,-1.0,2025-11-10,-0.10506892796076102,-3800.0,-1.0,2025-12-10,-0.10506892796076102,-3800.0,-1.0
2025-09-12,Fri,38700.0,38700.0,38500.0,37900.0,36900.0,34900.0,36900.0,35900.0,32900.0,32700.0,31200.0,-200.0,2025-09-12,1.0,2,32900.0,32700.0,31200.0,38140.0,32266.666666666668,5873.333333333332,6700.0,7300.0,1.4078899459203789,1.3970999671685944,1.405098640756516,2025-09-11,45100.0,-0.008830079448272037,-0.019759149980462333,36100.0,-0.1025865887751011,-0.10508346897368827,39500.0,-0.022529113060028222,-0.027467394700610798,1,0.0486582467495454,8.412857048255477,2025-09-11,IS7U25,339.0,13.0,45.0,False,-0.017544309650909508,-0.09732621967625668,-0.029071814821977016,-0.046117682094965605,-0.04611768209496562,-0.06614696397053804,,0.0,0.0,1.0,1.0,3.0,0.007930095892040412,0.2,49.0,0.0,1,-1,-1,-1,-1,-1,-1,-1,2025-09-18,-0.013280407667894378,-500.0,-1.0,2025-09-22,-0.03217435702785608,-1200.0,-1.0,2025-09-27,-0.04589199325665526,-1700.0,-1.0,2025-10-13,-0.08821142513556712,-3200.0,-1.0,2025-10-27,-0.10859058747221928,-3900.0,-1.0,2025-11-11,-0.09980575791648644,-3600.0,-1.0,2025-12-11,-0.09980575791648644,-3600.0,-1.0
2025-09-13,Sat,38700.0,38700.0,38500.0,37900.0,36900.0,34900.0,36900.0,35900.0,32900.0,32700.0,31200.0,0.0,2025-09-13,1.0,2,32900.0,32700.0,31200.0,38140.0,32266.666666666668,5873.333333333332,6700.0,7300.0,1.3581387107342717,1.3501907183734847,1.3560715491480033,2025-09-11,45100.0,-0.008830079448272037,-0.019759149980462333,36100.0,-0.1025865887751011,-0.10508346897368827,39500.0,-0.022529113060028222,-0.027467394700610798,2,0.0486582467495454,5.604596001114729,2025-09-12,IS7U25,340.0,0.0,45.0,False,0.0029455102297567446,-0.09438070944649994,-0.023256862164267453,-0.04035129552356752,-0.04317217186520887,-0.05466655129094385,,0.0,0.0,1.0,1.0,3.0,0.008726682576330502,0.2,49.0,1.0,1,-1,-1,-1,-1,-1,-1,-1,2025-09-18,-0.013280407667894378,-500.0,-1.0,2025-09-23,-0.04313337081757561,-1600.0,-1.0,2025-09-29,-0.04865824674954543,-1800.0,-1.0,2025-10-13,-0.08821142513556712,-3200.0,-1.0,2025-10-28,-0.10859058747221928,-3900.0,-1.0,2025-11-12,-0.09399178805106664,-3400.0,-1.0,2025-12-12,-0.10565372779890952,-3800.0,-1.0
2025-09-15,Mon,38600.0,38600.0,38400.0,37800.0,36800.0,34800.0,36800.0,35800.0,32900.0,32700.0,31200.0,-100.0,2025-09-15,2.0,2,32900.0,32700.0,31200.0,38040.0,32266.666666666668,5773.333333333332,6600.0,7200.0,1.1447075729082707,1.1412314532771304,1.1437191937576079,2025-09-11,45100.0,-0.008830079448272037,-0.019759149980462333,36100.0,-0.1025865887751011,-0.10508346897368827,39500.0,-0.022529113060028222,-0.027467394700610798,4,0.046016237286706764,4.335064238275261,2025-09-12,IS7U25,340.0,0.0,45.0,False,0.0029455102297567446,-0.09438070944649994,-0.023256862164267453,-0.04035129552356752,-0.04317217186520887,-0.05466655129094385,,0.0,0.0,1.0,1.0,3.0,0.008726682576330502,0.2,49.0,1.0,3,-1,-1,-1,-1,-1,-1,-1,2025-09-22,-0.029532347565017388,-1100.0,-1.0,2025-09-25,-0.040491361354736875,-1500.0,-1.0,2025-09-30,-0.048790164169432056,-1800.0,-1.0,2025-10-15,-0.09134977858822796,-3300.0,-1.0,2025-10-30,-0.10594857800938066,-3800.0,-1.0,2025-11-14,-0.08556941567272847,-3100.0,-1.0,2025-12-16,-0.10301171833607092,-3700.0,-1.0
2025-09-16,Tue,38400.0,38400.0,38200.0,37600.0,36600.0,34600.0,36600.0,35600.0,32600.0,32400.0,30900.0,-200.0,2025-09-16,1.0,2,32600.0,32400.0,30900.0,37840.0,31966.666666666668,5873.333333333332,6700.0,7300.0,1.2776664384052714,1.2768478005962487,1.2774672237294953,2025-09-11,45100.0,-0.008830079448272037,-0.019759149980462333,36100.0,-0.1025865887751011,-0.10508346897368827,39500.0,-0.022529113060028222,-0.027467394700610798,5,0.04071118505701364,3.5009323444963107,2025-09-15,IS7U25,341.0,0.0,45.0,False,0.0029368596733097057,-0.09144384977319024,-0.017442302663342575,-0.03741443585025781,-0.040235312191899165,-0.03734095416553459,,0.0,0.0,1.0,1.0,3.0,0.008798068455536035,0.2,49.0,1.0,1,-1,-1,-1,-1,-1,-1,-1,2025-09-22,-0.024227295335324237,-900.0,-1.0,2025-09-26,-0.03518630912504369,-1300.0,-1.0,2025-10-01,-0.049056156989194195,-1800.0,-1.0,2025-10-16,-0.08894748601649617,-3200.0,-1.0,2025-10-31,-0.08894748601649617,-3200.0,-1.0,2025-11-15,-0.07451722118746733,-2700.0,-1.0,2025-12-16,-0.09770666610637774,-3500.0,-1.0
2025-09-18,Thu,38200.0,38200.0,38000.0,37400.0,36400.0,34400.0,36400.0,35400.0,32400.0,32200.0,30700.0,-200.0,2025-09-18,2.0,2,32400.0,32200.0,30700.0,37640.0,31766.666666666668,5873.333333333332,6700.0,7300.0,1.23534490672877,1.2373605651297896,1.2358418040101327,2025-09-16,44800.0,-0.006674107087693132,-0.026433257068155483,38800.0,-0.025446665661164262,-0.015345569674660421,39300.0,-0.02512695007742176,-0.01765493523872071,2,-0.03674954220874149,0.016600734803630453,2025-09-17,IS7U25,341.0,0.0,45.0,False,0.0,-0.09144384977319024,-0.011661939747843063,-0.026050677199942796,-0.040235312191899165,-0.040235312191899145,,0.0,0.0,1.0,1.0,3.0,0.008865744700445795,0.2,46.0,1.0,1,-1,-1,-1,0,-1,0,-1,2025-09-23,-0.02985296314968116,-1100.0,-1.0,2025-09-29,-0.03537783908165104,-1300.0,-1.0,2025-10-03,-0.04652001563489282,-1700.0,-1.0,2025-10-18,-0.08944506035192679,-3200.0,-1.0,2025-11-03,-0.0749310174676727,-2700.0,-1.0,2025-11-17,-0.06346957394866615,-2300.0,-1.0,2025-12-17,-0.08071138038317215,-2900.0,-1.0
2025-09-19,Fri,38200.0,38200.0,38000.0,37400.0,36400.0,34400.0,36400.0,35400.0,32400.0,32200.0,30700.0,0.0,2025-09-19,1.0,2,32400.0,32200.0,30700.0,37640.0,31766.666666666668,5873.333333333332,6700.0,7300.0,1.1951563507420249,1.1978952683587616,1.1963549222258922,2025-09-18,44800.0,0.0,-0.026433257068155483,38600.0,-0.023048395436291017,-0.03562717764315116,39000.0,-0.0228146777661714,-0.030305349495328922,1,-0.03158157205029893,0.21504331729466064,2025-09-18,IS7U25,341.0,0.0,45.0,False,0.0,-0.09144384977319024,0.005882369903066445,-0.023189444918910562,-0.06309345026794935,-0.040235312191899145,,0.0,0.0,1.0,1.0,3.0,0.008865744700445795,0.2,45.0,1.0,1,-1,-1,-1,0,0,0,-1,2025-09-24,-0.02985296314968116,-1100.0,-1.0,2025-09-29,-0.03537783908165104,-1300.0,-1.0,2025-10-04,-0.05495888428075747,-2000.0,-1.0,,,,,2025-11-03,-0.0749310174676727,-2700.0,-1.0,2025-11-18,-0.060624621816434854,-2200.0,-1.0,2025-12-18,-0.08071138038317215,-2900.0,-1.0
2025-09-22,Mon,37500.0,37500.0,37300.0,36700.0,35700.0,33500.0,35700.0,34700.0,32400.0,32200.0,30700.0,-700.0,2025-09-22,3.0,2,32400.0,32200.0,30700.0,36940.0,31766.666666666668,5173.333333333332,6000.0,6600.0,-0.03532702442452604,-0.043163404051190575,-0.04012918768093165,2025-09-20,44800.0,0.0,-0.026433257068155483,38900.0,-0.0051282163669194554,-0.035357218328236684,39300.0,-0.007604599385219304,-0.0350035735733337,2,-0.05821749556387602,-0.8802851254810311,2025-09-19,IS7U25,340.0,0.0,45.0,False,-0.0029368596733097135,-0.09438070944649996,-1.3010426069826053e-17,-0.023256862164267457,-0.04317217186520886,-0.04317217186520886,,0.0,0.0,1.0,1.0,3.0,0.006532060066731933,0.15,45.0,1.0,3,0,0,0,0,0,0,-1,2025-09-27,-0.013717636228799195,-500.0,-1.0,2025-10-03,-0.027626066274931152,-1000.0,-1.0,2025-10-07,-0.05028992585214305,-1800.0,-1.0,2025-10-24,-0.07055111099196512,-2500.0,-1.0,2025-11-06,-0.056037068107711106,-2000.0,-1.0,2025-11-21,-0.038893791121273516,-1400.0,-1.0,2025-12-22,-0.05028992585214305,-1800.0,-1.0
2025-09-23,Tue,37100.0,37100.0,36900.0,36300.0,35300.0,33100.0,35300.0,34300.0,32600.0,32400.0,30900.0,-400.0,2025-09-23,1.0,2,32600.0,32400.0,30900.0,36540.0,31966.666666666668,4573.333333333332,5400.0,6000.0,-1.099577782068746,-1.121853129238232,-1.1143394184063002,2025-09-22,44800.0,0.0,-0.026433257068155483,38700.0,-0.0051546505886645375,-0.04051186891690122,39300.0,-0.005076153031860661,-0.0350035735733337,1,-0.06402185876493102,-1.107062737248568,2025-09-22,IS7U25,340.0,0.0,45.0,False,0.0,-0.09438070944649996,-0.0029368596733097187,-0.020379162336652285,-0.04317217186520886,-0.04317217186520886,,0.0,0.0,1.0,1.0,2.0,0.00450659695917023,0.1,45.0,1.0,1,1,1,1,1,0,0,-1,2025-09-29,-0.005524875931969804,-200.0,-1.0,2025-10-03,-0.016667052485211647,-600.0,-1.0,2025-10-08,-0.04507805431799159,-1600.0,-1.0,2025-10-24,-0.05959209720224566,-2100.0,-1.0,2025-11-07,-0.050858417233490966,-1800.0,-1.0,2025-11-22,-0.027934777331553955,-1000.0,-1.0,2025-12-22,-0.03933091206242356,-1400.0,-1.0
2025-09-24,Wed,37100.0,37100.0,36900.0,36300.0,35300.0,33100.0,35300.0,34300.0,32700.0,32500.0,31000.0,0.0,2025-09-24,1.0,2,32700.0,32500.0,31000.0,36540.0,32066.666666666668,4473.333333333332,5300.0,5900.0,-1.3053065958589978,-1.3330219020214733,-1.3243447994862672,2025-09-22,44800.0,0.0,-0.026433257068155483,38700.0,-0.0051546505886645375,-0.04051186891690122,39300.0,-0.005076153031860661,-0.0350035735733337,2,-0.06402185876493102,-1.0871323603603409,2025-09-23,IS7U25,340.0,0.0,45.0,False,0.0,-0.09438070944649996,-0.0029368596733097187,-0.0174931574475173,-0.04317217186520886,-0.04027781383884433,,0.0,0.0,0.0,1.0,2.0,0.00450659695917023,0.1,45.0,1.0,1,1,1,1,1,0,0,-1,2025-09-29,-0.005524875931969804,-200.0,-1.0,2025-10-04,-0.025105921131076358,-900.0,-1.0,2025-10-09,-0.04507805431799159,-1600.0,-1.0,2025-10-24,-0.05959209720224566,-2100.0,-1.0,2025-11-08,-0.05667238709891086,-2000.0,-1.0,2025-11-24,-0.03646967978139144,-1300.0,-1.0,2025-12-23,-0.025105921131076358,-900.0,-1.0
2025-09-25,Thu,37100.0,37100.0,36900.0,36300.0,35300.0,33100.0,35300.0,34300.0,32700.0,32500.0,31000.0,0.0,2025-09-25,1.0,2,32700.0,32500.0,31000.0,36540.0,32066.666666666668,4473.333333333332,5300.0,5900.0,-1.3310068879412627,-1.3620156535742596,-1.3529585714054015,2025-09-24,44800.0,0.004474280394921107,-0.022075951699199847,38800.0,0.005167970158442598,-0.030459207484708574,39300.0,0.0,-0.0350035735733337,1,-0.06660250535842266,-1.1705300227871154,2025-09-24,IS7U25,339.0,0.0,45.0,False,-0.002945510229756803,-0.09732621967625676,-0.005882369903066522,-0.017544309650909577,-0.04611768209496567,-0.046117682094965695,,0.0,0.0,0.0,1.0,2.0,0.0044157274148137644,0.1,45.0,1.0,1,1,1,1,1,1,1,-1,2025-09-30,-0.008298802814695066,-300.0,-1.0,2025-10-06,-0.03933091206242356,-1400.0,-1.0,2025-10-10,-0.04507805431799159,-1600.0,-1.0,2025-10-25,-0.06545721665464367,-2300.0,-1.0,2025-11-10,-0.05667238709891086,-2000.0,-1.0,2025-11-24,-0.03646967978139144,-1300.0,-1.0,2025-12-24,-0.025105921131076358,-900.0,-1.0
2025-09-26,Fri,37100.0,37100.0,36900.0,36300.0,35300.0,33100.0,35300.0,34300.0,32700.0,32500.0,31000.0,0.0,2025-09-26,1.0,2,32700.0,32500.0,31000.0,36540.0,32066.666666666668,4473.333333333332,5300.0,5900.0,-1.3514305642061384,-1.381283673962452,-1.3719682474853814,2025-09-24,44800.0,0.004474280394921107,-0.022075951699199847,38800.0,0.005167970158442598,-0.030459207484708574,39300.0,0.0,-0.0350035735733337,2,-0.06660250535842266,-1.1421473401053714,2025-09-25,IS7V25,343.0,12.0,48.0,True,,-0.09732621967625676,-0.005882369903066522,-6.938893903907228e-17,-0.04611768209496567,,,1.0,1.0,1.0,2.0,3.0,0.004388982288447204,0.1,45.0,0.0,1,1,1,1,1,1,1,-1,2025-10-01,-0.013869847864150502,-500.0,-1.0,2025-10-06,-0.03933091206242356,-1400.0,-1.0,2025-10-11,-0.03646967978139144,-1300.0,-1.0,2025-10-27,-0.06545721665464367,-2300.0,-1.0,2025-11-10,-0.05667238709891086,-2000.0,-1.0,2025-11-25,-0.042200354490376416,-1500.0,-1.0,2025-12-25,-0.027934777331553955,-1000.0,-1.0
2025-09-27,Sat,37000.0,37000.0,36800.0,36200.0,35200.0,33000.0,35200.0,34200.0,32500.0,32300.0,30800.0,-100.0,2025-09-27,1.0,2,32500.0,32300.0,30800.0,36440.0,31866.666666666668,4573.333333333332,5400.0,6000.0,-1.1899017268907373,-1.2159457283567947,-1.2072192426380646,2025-09-24,44800.0,0.004474280394921107,-0.022075951699199847,38800.0,0.005167970158442598,-0.030459207484708574,39300.0,0.0,-0.0350035735733337,3,-0.06936112779750236,-1.2223394197784814,2025-09-26,IS7V25,343.0,0.0,48.0,False,0.0,-0.09732621967625676,-0.0029455102297568083,-0.0029455102297568127,-0.04329680575332432,,,1.0,1.0,1.0,2.0,3.0,0.004474639625996118,0.15,45.0,1.0,1,1,1,1,1,1,1,-1,2025-10-03,-0.013908430046132,-500.0,-1.0,2025-10-07,-0.03657228962334386,-1300.0,-1.0,2025-10-13,-0.04231943187891181,-1500.0,-1.0,2025-10-27,-0.06269859421556394,-2200.0,-1.0,2025-11-11,-0.05391376465983118,-1900.0,-1.0,2025-11-26,-0.04231943187891181,-1500.0,-1.0,2025-12-26,-0.02517615489247428,-900.0,-1.0
2025-09-29,Mon,36900.0,36900.0,36700.0,36100.0,35100.0,33100.0,35100.0,34100.0,32500.0,32300.0,30800.0,-100.0,2025-09-29,2.0,2,32500.0,32300.0,30800.0,36340.0,31866.666666666668,4473.333333333332,5300.0,5900.0,-1.4272685714319169,-1.4555940460644525,-1.4452204995255677,2025-09-27,44800.0,-0.002229655327269092,-0.017699577099400975,,,,,,,2,,,2025-09-26,IS7V25,343.0,0.0,48.0,False,0.0,-0.09732621967625676,-0.0029455102297568083,-0.0029455102297568127,-0.04329680575332432,,,1.0,1.0,1.0,2.0,3.0,0.004474639625996118,0.15,45.0,1.0,3,1,1,1,0,0,0,-1,2025-10-04,-0.019581045199106507,-700.0,-1.0,2025-10-09,-0.03955317838602169,-1400.0,-1.0,2025-10-14,-0.03955317838602169,-1400.0,-1.0,2025-10-29,-0.059932340722673845,-2100.0,-1.0,2025-11-13,-0.04533354130152119,-1600.0,-1.0,2025-11-28,-0.03380603613045377,-1200.0,-1.0,2025-12-29,-0.008344971932180647,-300.0,-1.0
2025-09-30,Tue,36800.0,36800.0,36600.0,36000.0,35000.0,33000.0,35000.0,34000.0,32200.0,32000.0,30500.0,-100.0,2025-09-30,1.0,2,32200.0,32000.0,30500.0,36240.0,31566.666666666668,4673.333333333332,5500.0,6100.0,-1.0919852413501412,-1.1145443831666002,-1.1054643869892213,2025-09-29,44800.0,-0.006674107087693132,-0.017699577099400975,38500.0,-0.030692946399406135,-0.040718093018784915,39000.0,-0.0177895415634983,-0.03278982282299084,1,-0.06713930283762856,-1.1034329773750788,2025-09-29,IS7V25,343.0,0.0,48.0,False,0.0,-0.09732621967625676,-0.0029455102297568083,-0.005882369903066518,-0.04329680575332432,,,1.0,1.0,1.0,2.0,3.0,0.004507530546171315,0.1,45.0,1.0,1,1,1,1,1,-1,0,-1,2025-10-06,-0.031032109247728524,-1100.0,-1.0,2025-10-10,-0.03677925150329647,-1300.0,-1.0,2025-10-15,-0.04255961441879589,-1500.0,-1.0,2025-10-30,-0.05715841383994864,-2000.0,-1.0,2025-11-14,-0.03677925150329647,-1300.0,-1.0,2025-11-29,-0.03390155167568134,-1200.0,-1.0,2025-12-29,-0.00557104504945536,-200.0,-1.0
2025-10-01,Wed,36600.0,36600.0,36400.0,35800.0,34800.0,32800.0,34800.0,33800.0,32200.0,32000.0,30500.0,-200.0,2025-10-01,1.0,2,32200.0,32000.0,30500.0,36040.0,31566.666666666668,4473.333333333332,5300.0,5900.0,-1.498118581471449,-1.524253466904992,-1.5128229520755128,2025-09-30,44800.0,-0.006674107087693132,-0.015504186535965199,38500.0,-0.030692946399406135,-0.03571808260207923,38800.0,-0.03295608768329572,-0.042881727483265686,1,-0.07271034788708394,-1.2875585152156275,2025-09-30,IS7V25,343.0,0.0,48.0,False,0.0,-0.09732621967625676,-0.0029455102297568083,-0.005882369903066518,-0.03478611608541571,,,1.0,1.0,1.0,2.0,3.0,0.004507530546171315,0.1,45.0,1.0,1,1,1,1,1,-1,0,-1,2025-10-06,-0.025461064198273143,-900.0,-1.0,2025-10-11,-0.02259983191724092,-800.0,-1.0,2025-10-16,-0.03989132902730197,-1400.0,-1.0,2025-10-31,-0.03989132902730197,-1400.0,-1.0,2025-11-15,-0.025461064198273143,-900.0,-1.0,2025-12-01,-0.028330506626225996,-1000.0,-1.0,2025-12-30,0.01662088123604028,600.0,1.0
2025-10-03,Fri,36500.0,36500.0,36300.0,35700.0,34700.0,32700.0,34700.0,33700.0,32200.0,32000.0,30500.0,-100.0,2025-10-03,2.0,2,32200.0,32000.0,30500.0,35940.0,31566.666666666668,4373.333333333332,5200.0,5800.0,-1.6835534095565514,-1.7095558226411383,-1.697250965663761,2025-09-30,44800.0,-0.006674107087693132,-0.015504186535965199,38500.0,-0.030692946399406135,-0.03571808260207923,38800.0,-0.03295608768329572,-0.042881727483265686,3,-0.07550755250814517,-1.3505701714911456,2025-10-02,IS7V25,343.0,0.0,21.0,False,0.0,-0.09732621967625676,0.0,-0.005882369903066518,-0.029071814821977068,,,0.0,1.0,1.0,2.0,3.0,0.004282675327709618,0.1,45.0,1.0,1,1,1,1,1,-1,0,-1,2025-10-08,-0.028411001832779895,-1000.0,-1.0,2025-10-13,-0.028411001832779895,-1000.0,-1.0,2025-10-18,-0.042925044717033886,-1500.0,-1.0,2025-11-03,-0.028411001832779895,-1000.0,-1.0,2025-11-17,-0.01694955831377332,-600.0,-1.0,2025-12-02,-0.019802627296179754,-700.0,-1.0,2026-01-01,0.030347156389291745,1100.0,1.0
2025-10-04,Sat,36200.0,36200.0,36000.0,35400.0,34400.0,32400.0,34400.0,33400.0,32200.0,32000.0,30500.0,-300.0,2025-10-04,1.0,2,32200.0,32000.0,30500.0,35640.0,31566.666666666668,4073.333333333332,4900.0,5500.0,-2.226658254903684,-2.255561132214224,-2.2408010586542053,2025-09-30,44800.0,-0.006674107087693132,-0.015504186535965199,38500.0,-0.030692946399406135,-0.03571808260207923,38800.0,-0.03295608768329572,-0.042881727483265686,4,-0.0839464211540098,-1.6157546795236886,2025-10-03,IS7V25,343.0,0.0,21.0,False,0.0,-0.09732621967625676,0.0,-0.002945510229756805,-0.026202372394024245,,,0.0,1.0,1.0,2.0,3.0,0.004289157433816323,0.1,45.0,1.0,1,1,1,1,1,-1,0,-1,2025-10-09,-0.019972133186915243,-700.0,-1.0,2025-10-14,-0.019972133186915243,-700.0,-1.0,,,,,2025-11-03,-0.019972133186915243,-700.0,-1.0,2025-11-18,-0.005665737535677308,-200.0,-1.0,2025-12-03,-0.017094433359300068,-600.0,-1.0,2026-01-02,0.060292230256120044,2200.0,1.0
2025-10-06,Mon,35700.0,35700.0,35500.0,34900.0,33900.0,31900.0,33900.0,32900.0,32200.0,32000.0,30500.0,-500.0,2025-10-06,2.0,2,32200.0,32000.0,30500.0,35140.0,31566.666666666668,3573.333333333332,4400.0,5000.0,-3.1001079161607694,-3.132505837089651,-3.1141911614916444,2025-10-04,44600.0,-0.0111483874826143,-0.01997846693088639,38100.0,-0.0335515341712329,-0.04616204176316249,38500.0,-0.03320867099665346,-0.04569322765889874,2,-0.0877274529242738,-1.6871145445151206,2025-10-03,IS7V25,343.0,0.0,21.0,False,0.0,-0.09732621967625676,0.0,-0.002945510229756805,-0.026202372394024245,,,0.0,1.0,1.0,2.0,3.0,0.004289157433816323,0.1,45.0,1.0,3,1,1,1,1,-1,0,-1,2025-10-11,0.002861232281032195,100.0,1.0,2025-10-16,-0.014430264829028783,-500.0,-1.0,2025-10-24,-0.02026118513982197,-700.0,-1.0,2025-11-05,0.0,0.0,0.0,2025-11-20,0.011396134730869582,400.0,1.0,2025-12-05,0.0,0.0,0.0,2026-01-05,0.09296306697821885,3400.0,1.0
2025-10-07,Tue,35700.0,35700.0,35500.0,34900.0,33900.0,31900.0,33900.0,32900.0,32200.0,32000.0,30500.0,0.0,2025-10-07,1.0,2,32200.0,32000.0,30500.0,35140.0,31566.666666666668,3573.333333333332,4400.0,5000.0,-2.928027635996403,-2.9522102409153255,-2.9365222711735055,2025-10-04,44600.0,-0.0111483874826143,-0.01997846693088639,38100.0,-0.0335515341712329,-0.04616204176316249,38500.0,-0.03320867099665346,-0.04569322765889874,3,-0.0877274529242738,-1.6225398403769935,2025-10-06,IS7V25,343.0,3.0,21.0,False,0.0,-0.09732621967625676,0.0,-0.002945510229756805,-0.023324672566409077,,,0.0,1.0,1.0,2.0,3.0,0.00428989559816323,0.1,45.0,0.0,1,1,1,1,1,-1,0,-1,2025-10-13,-0.005747142255567959,-200.0,-1.0,2025-10-17,-0.02026118513982197,-700.0,-1.0,2025-10-24,-0.02026118513982197,-700.0,-1.0,2025-11-06,-0.005747142255567959,-200.0,-1.0,2025-11-21,0.011396134730869582,400.0,1.0,2025-12-06,-0.00863314714470289,-300.0,-1.0,2026-01-05,0.09296306697821885,3400.0,1.0
2025-10-08,Wed,35500.0,35500.0,35300.0,34700.0,33700.0,31700.0,33700.0,32700.0,32000.0,31800.0,30300.0,-200.0,2025-10-08,1.0,2,32000.0,31800.0,30300.0,34940.0,31366.666666666668,3573.333333333332,4400.0,5000.0,-2.764102568531063,-2.7820534131145487,-2.7685859495923175,2025-10-07,44500.0,-0.006718950248744981,-0.013393057336438136,37600.0,0.04071118505701364,-0.06187540371808753,38100.0,-0.03608638977442087,-0.05861550283444916,1,-0.08026436344303534,-1.307274441104083,2025-10-07,IS7V25,344.0,0.0,21.0,False,0.0029112102074585343,-0.09441500946879823,0.002911210207458529,-3.4300022298270564e-05,-0.017527457469815558,-0.043206471887507134,,0.0,1.0,1.0,1.0,3.0,0.00428484267565177,0.15,45.0,1.0,1,1,1,1,1,0,0,-1,2025-10-13,0.0,0.0,0.0,2025-10-18,-0.01451404288425407,-500.0,-1.0,2025-10-24,-0.01451404288425407,-500.0,-1.0,2025-11-07,-0.005780362915499425,-200.0,-1.0,2025-11-22,0.017143276986437656,600.0,1.0,2025-12-08,-0.011594332780919257,-400.0,-1.0,2026-01-06,0.0776012460235517,2800.0,1.0
2025-10-09,Thu,35500.0,35500.0,35300.0,34700.0,33700.0,31700.0,33700.0,32700.0,32000.0,31800.0,30300.0,0.0,2025-10-09,1.0,2,32000.0,31800.0,30300.0,34940.0,31366.666666666668,3573.333333333332,4400.0,5000.0,-2.599737463489785,-2.613110627427207,-2.6016125256078335,2025-10-08,44300.0,-0.01122346236984954,-0.01122346236984954,37800.0,-0.026111144003685773,-0.05155780966485001,38000.0,-0.0336383591488298,-0.05876530922625151,1,-0.08556941567272847,-1.4458179366128978,2025-10-08,IS7V25,345.0,0.0,21.0,False,0.00290275965796141,-0.09151224981083682,0.005813969865419939,0.005813969865419943,-0.01173033978548962,-0.04030371222954573,,0.0,1.0,1.0,1.0,3.0,0.004365830483618792,0.15,45.0,1.0,1,1,1,1,1,-1,0,-1,2025-10-14,0.0,0.0,0.0,,,,,2025-10-24,-0.01451404288425407,-500.0,-1.0,2025-11-08,-0.011594332780919257,-400.0,-1.0,2025-11-24,0.008608374536600101,300.0,1.0,2025-12-08,-0.011594332780919257,-400.0,-1.0,2026-01-07,0.0695690743262873,2500.0,1.0
2025-10-10,Fri,35500.0,35500.0,35300.0,34700.0,33700.0,31700.0,33700.0,32700.0,32200.0,32000.0,30500.0,0.0,2025-10-10,1.0,2,32200.0,32000.0,30500.0,34940.0,31566.666666666668,3373.333333333332,4200.0,4800.0,-2.775125387002875,-2.7858219694483224,-2.774813549299357,2025-10-08,44300.0,-0.01122346236984954,-0.01122346236984954,37800.0,-0.026111144003685773,-0.05155780966485001,38000.0,-0.0336383591488298,-0.05876530922625151,2,-0.08556941567272847,-1.3951350969294938,2025-10-09,IS7V25,345.0,0.0,21.0,False,0.0,-0.09151224981083682,0.005813969865419939,0.005813969865419943,0.005813969865419887,-0.04030371222954573,,0.0,0.0,1.0,1.0,3.0,0.0044225693827158255,0.15,45.0,1.0,1,1,1,1,1,-1,0,1,2025-10-15,-0.005780362915499425,-200.0,-1.0,2025-10-24,-0.01451404288425407,-500.0,-1.0,2025-10-25,-0.02037916233665214,-700.0,-1.0,2025-11-10,-0.011594332780919257,-400.0,-1.0,2025-11-24,0.008608374536600101,300.0,1.0,2025-12-09,-0.011594332780919257,-400.0,-1.0,2026-01-08,0.05330855345450713,1900.0,1.0
2025-10-11,Sat,35800.0,35800.0,35600.0,35000.0,34000.0,32000.0,34000.0,33000.0,32200.0,32000.0,30500.0,300.0,2025-10-11,1.0,2,32200.0,32000.0,30500.0,35240.0,31566.666666666668,3673.333333333332,4500.0,5100.0,-2.174029844814523,-2.1772062730086246,-2.1772062730086352,2025-10-08,44300.0,-0.01122346236984954,-0.01122346236984954,37800.0,-0.026111144003685773,-0.05155780966485001,38000.0,-0.0336383591488298,-0.05876530922625151,3,-0.07696104113612832,-1.0622345041034222,2025-10-10,IS7V25,346.0,0.0,21.0,False,0.0028943580263645565,-0.08861789178447226,0.008708327891784495,0.008708327891784499,0.005762817662027698,-0.03458847786153983,,0.0,0.0,1.0,1.0,3.0,0.001662067712466799,0.1,45.0,1.0,1,1,1,1,1,-1,0,1,2025-10-16,-0.017291497110060994,-600.0,-1.0,2025-10-24,-0.023122417420854264,-800.0,-1.0,2025-10-27,-0.028987536873252298,-1000.0,-1.0,2025-11-10,-0.020202707317519466,-700.0,-1.0,2025-11-25,-0.005730674708984983,-200.0,-1.0,2025-12-10,-0.020202707317519466,-700.0,-1.0,2026-01-09,0.03094480384942149,1100.0,1.0
2025-10-13,Mon,35300.0,35300.0,35100.0,34700.0,33700.0,31700.0,33700.0,32700.0,31900.0,31700.0,30200.0,-300.0,2025-10-13,2.0,2,31900.0,31700.0,30200.0,34820.0,31266.666666666668,3553.333333333332,4500.0,4900.0,-2.2700261609213643,-2.100523306473425,-2.3853400259952564,2025-10-08,44300.0,-0.01122346236984954,-0.01122346236984954,37800.0,-0.026111144003685773,-0.05155780966485001,38000.0,-0.0336383591488298,-0.05876530922625151,5,-0.08556941567272847,-1.3281557246366698,2025-10-10,IS7V25,346.0,0.0,21.0,False,0.0028943580263645565,-0.08861789178447226,0.008708327891784495,0.008708327891784499,0.005762817662027698,-0.03458847786153983,,0.0,0.0,1.0,1.0,3.0,0.001662067712466799,0.1,45.0,1.0,3,1,1,1,1,-1,0,1,2025-10-18,-0.01451404288425407,-500.0,-1.0,2025-10-24,-0.01451404288425407,-500.0,-1.0,2025-10-28,-0.02037916233665214,-700.0,-1.0,2025-11-12,-0.005780362915499425,-200.0,-1.0,2025-11-27,0.005747142255568071,200.0,1.0,2025-12-12,-0.01744230266334237,-600.0,-1.0,2026-01-12,0.03677925150329649,1300.0,1.0
2025-10-14,Tue,35300.0,35300.0,35100.0,34700.0,33700.0,31700.0,33700.0,32700.0,31700.0,31500.0,30000.0,0.0,2025-10-14,1.0,2,31700.0,31500.0,30000.0,34820.0,31066.666666666668,3753.333333333332,4700.0,5100.0,-1.8922670862862407,-1.740398573434285,-1.9920712182287212,2025-10-13,43800.0,-0.022574322038539065,-0.022574322038539065,37300.0,-0.03425894982101533,-0.05730734525730629,37900.0,-0.028610534041265775,-0.05142521180743711,1,-0.0722536396969564,-0.875650356301776,2025-10-13,IS7V25,347.0,0.0,21.0,False,0.0028860048891348514,-0.08573188689533741,0.011594332780919347,0.01159433278091935,0.005711962877852844,-0.03170247297240498,,0.0,0.0,1.0,1.0,3.0,0.0016575900947391558,0.1,45.0,1.0,1,1,1,1,0,-1,0,1,,,,,2025-10-24,-0.01451404288425407,-500.0,-1.0,2025-10-29,-0.02037916233665214,-700.0,-1.0,2025-11-13,-0.005780362915499425,-200.0,-1.0,2025-11-28,0.005747142255568071,200.0,1.0,2025-12-13,-0.026278884463840423,-900.0,-1.0,2026-01-12,0.03677925150329649,1300.0,1.0
2025-10-15,Wed,35100.0,35100.0,34900.0,34500.0,33500.0,31500.0,33500.0,32500.0,31700.0,31500.0,30000.0,-200.0,2025-10-15,1.0,2,31700.0,31500.0,30000.0,34620.0,31066.666666666668,3553.333333333332,4500.0,4900.0,-2.085912755061309,-1.9508890264630596,-2.173523759789578,2025-10-13,43800.0,-0.022574322038539065,-0.022574322038539065,37300.0,-0.03425894982101533,-0.05730734525730629,37900.0,-0.028610534041265775,-0.05142521180743711,2,-0.07803400261245584,-1.054645006909808,2025-10-14,IS7V25,347.0,0.0,21.0,False,0.0,-0.08573188689533741,0.008683122573460813,0.01159433278091935,0.005711962877852844,-0.02319178330449636,,0.0,0.0,1.0,1.0,3.0,0.0016531364315591167,0.1,45.0,1.0,1,1,1,1,1,-1,0,1,2025-10-24,-0.008733679968754553,-300.0,-1.0,2025-10-25,-0.014598799421152636,-500.0,-1.0,2025-10-30,-0.014598799421152636,-500.0,-1.0,2025-11-14,0.005780362915499329,200.0,1.0,2025-11-29,0.008658062743114531,300.0,1.0,2025-12-16,-0.011661939747842975,-400.0,-1.0,2026-01-13,0.0425596144187959,1500.0,1.0
2025-10-16,Thu,35000.0,35000.0,34800.0,34400.0,33300.0,31500.0,33500.0,32500.0,31500.0,31300.0,29800.0,-100.0,2025-10-16,1.0,2,31500.0,31300.0,29800.0,34500.0,30866.666666666668,3633.333333333332,4600.0,5000.0,-1.8762729209948263,-1.7283024297567016,-1.9289669036203034,2025-10-15,43800.0,-0.022574322038539065,-0.022574322038539065,37000.0,-0.05264373348542203,-0.060306606230991135,37400.0,-0.049553814454729346,-0.05715841383994864,1,-0.07286134826487171,-0.8669073614924186,2025-10-15,IS7V25,347.0,0.0,21.0,False,0.0,-0.08573188689533741,0.005780362915499403,0.01159433278091935,0.005711962877852844,-0.02033871432208996,,0.0,0.0,1.0,1.0,3.0,0.0016531364315591167,0.1,45.0,1.0,1,1,1,1,0,-1,0,1,2025-10-24,-0.00583092031079321,-200.0,-1.0,2025-10-27,-0.011696039763191298,-400.0,-1.0,2025-10-31,0.0,0.0,0.0,2025-11-15,0.014430264829028837,500.0,1.0,2025-12-01,0.011560822401076006,400.0,1.0,2025-12-16,-0.008759180089881578,-300.0,-1.0,2026-01-15,0.06472019068117182,2300.0,1.0
2025-10-17,Fri,34900.0,34900.0,34700.0,34200.0,33200.0,31300.0,33500.0,32500.0,31500.0,31300.0,29800.0,-200.0,2025-10-17,1.0,2,31500.0,31300.0,29800.0,34380.0,30866.666666666668,3513.333333333332,4400.0,4900.0,-1.939982489364678,-1.910525009074297,-1.9609610939992212,2025-10-15,43800.0,-0.022574322038539065,-0.022574322038539065,37000.0,-0.05264373348542203,-0.060306606230991135,37400.0,-0.049553814454729346,-0.05715841383994864,2,-0.07869226857566498,-1.0369459226266247,2025-10-16,IS7V25,348.0,0.0,21.0,False,0.0028776998276151956,-0.08285418706772221,0.008658062743114599,0.014472032608534547,0.00858966270546804,-0.01459978221344253,,0.0,0.0,1.0,1.0,3.0,0.0016531364315591167,0.1,45.0,1.0,1,1,1,1,1,-1,0,1,2025-10-24,0.0,0.0,0.0,2025-10-27,-0.005865119452398134,-200.0,-1.0,2025-11-01,0.014514042884254012,500.0,1.0,2025-11-17,0.025975486403260736,900.0,1.0,2025-12-01,0.01739174271186924,600.0,1.0,2025-12-16,-0.002928259779088334,-100.0,-1.0,2026-01-15,0.07055111099196519,2500.0,1.0
2025-10-18,Sat,34900.0,34900.0,34700.0,34200.0,33200.0,31300.0,33500.0,32500.0,31700.0,31500.0,30000.0,0.0,2025-10-18,1.0,2,31700.0,31500.0,30000.0,34380.0,31066.666666666668,3313.333333333332,4200.0,4700.0,-2.09104711205087,-2.069374982782717,-2.1069012406647993,2025-10-15,43800.0,-0.022574322038539065,-0.022574322038539065,37000.0,-0.05264373348542203,-0.060306606230991135,37400.0,-0.049553814454729346,-0.05715841383994864,3,-0.07869226857566498,-1.0058767363766292,2025-10-17,IS7V25,348.0,0.0,21.0,False,0.0,-0.08285418706772221,0.005763704716750043,0.014472032608534547,0.011526522378777753,-0.01173033978548971,,0.0,0.0,1.0,1.0,3.0,0.0017528792731090147,0.1,45.0,1.0,1,1,1,1,1,-1,0,1,2025-10-24,0.0,0.0,0.0,2025-10-28,-0.005865119452398134,-200.0,-1.0,2025-11-03,0.014514042884254012,500.0,1.0,2025-11-17,0.025975486403260736,900.0,1.0,2025-12-02,0.023122417420854212,800.0,1.0,2025-12-17,0.008733679968754631,300.0,1.0,2026-01-16,0.08408311721054144,3000.0,1.0
2025-10-24,Fri,34900.0,34900.0,34700.0,34200.0,33200.0,31300.0,33500.0,32500.0,31400.0,31200.0,29700.0,0.0,2025-10-24,6.0,2,31400.0,31200.0,29700.0,34380.0,30766.666666666668,3613.333333333332,4500.0,5000.0,-1.6273524878288843,-1.6008598659050526,-1.6459025887756618,2025-10-18,43600.0,-0.02715098906595086,-0.02715098906595086,37200.0,-0.04468548934529972,-0.04981370571221916,37600.0,-0.04422046847936672,-0.05182506786458602,6,-0.08408311721054144,-1.1445868506309624,2025-10-23,IS7V25,349.0,0.0,21.0,False,0.0,-0.07998474463976947,0.002869442427952734,0.011527505171067341,0.017341475036487294,0.017341475036487218,,0.0,0.0,0.0,1.0,2.0,0.0013803104165924529,0.1,21.0,1.0,1,1,1,1,1,-1,0,1,2025-10-29,-0.005865119452398134,-200.0,-1.0,2025-11-03,0.014514042884254012,500.0,1.0,2025-11-08,0.002919710103334846,100.0,1.0,2025-11-24,0.023122417420854212,800.0,1.0,2025-12-08,0.002919710103334846,100.0,1.0,2025-12-23,0.034486176071169404,1200.0,1.0,2026-01-22,0.06508661651988627,2300.0,1.0
2025-10-25,Sat,34700.0,34700.0,34500.0,34000.0,33000.0,31700.0,33500.0,32500.0,31500.0,31300.0,29800.0,-200.0,2025-10-25,1.0,2,31500.0,31300.0,29800.0,34180.0,30866.666666666668,3313.333333333332,4200.0,4700.0,-1.9090652677256252,-1.8919149165001974,-1.9216145420220734,2025-10-24,43500.0,-0.02944720132630102,-0.024972920931379934,,,,,,,1,,,2025-10-24,IS7V25,349.0,0.0,21.0,False,0.0,-0.07998474463976947,0.002869442427952734,0.008633147144702785,0.017341475036487294,0.014395964806730473,,0.0,0.0,0.0,1.0,2.0,0.0013589084131627616,0.05,21.0,1.0,1,1,1,1,0,0,0,1,2025-10-30,0.0,0.0,0.0,2025-11-04,0.020379162336652046,700.0,1.0,2025-11-10,0.008784829555732811,300.0,1.0,2025-11-24,0.028987536873252187,1000.0,1.0,2025-12-09,0.008784829555732811,300.0,1.0,2025-12-24,0.04035129552356745,1400.0,1.0,2026-01-23,0.07913732055872379,2800.0,1.0
2025-10-27,Mon,34700.0,34700.0,34500.0,34000.0,33000.0,31700.0,33500.0,32500.0,31700.0,31500.0,30000.0,0.0,2025-10-27,2.0,2,31700.0,31500.0,30000.0,34180.0,31066.666666666668,3113.333333333332,4000.0,4500.0,-2.044487432849373,-2.0339279393732257,-2.0527254160546717,2025-10-24,43500.0,-0.02944720132630102,-0.024972920931379934,,,,,,,3,,,2025-10-24,IS7V25,349.0,0.0,21.0,False,0.0,-0.07998474463976947,0.002869442427952734,0.008633147144702785,0.017341475036487294,0.014395964806730473,,0.0,0.0,0.0,1.0,2.0,0.0013589084131627616,0.05,21.0,1.0,3,1,1,1,0,0,0,1,2025-11-01,0.020379162336652046,700.0,1.0,2025-11-06,0.020379162336652046,700.0,1.0,2025-11-11,0.008784829555732811,300.0,1.0,2025-11-26,0.020379162336652046,700.0,1.0,2025-12-11,0.008784829555732811,300.0,1.0,2025-12-26,0.037522439323089775,1300.0,1.0,2026-01-27,0.08455738802806297,3000.0,1.0
2025-10-28,Tue,34700.0,34700.0,34500.0,34000.0,33000.0,31700.0,33500.0,32500.0,31700.0,31400.0,29900.0,0.0,2025-10-28,1.0,2,31700.0,31400.0,29900.0,34180.0,31000.0,3180.0,4100.0,4600.0,-1.8674191023961009,-1.819199193889234,-1.8398632250299805,2025-10-24,43500.0,-0.02944720132630102,-0.024972920931379934,,,,,,,4,,,2025-10-27,IS7X25,350.0,0.0,21.0,True,,-0.07998474463976947,0.0,0.005747142255567933,0.017341475036487294,,,1.0,1.0,1.0,2.0,3.0,0.0013589084131627616,0.05,21.0,1.0,1,1,1,1,0,0,0,1,2025-11-03,0.020379162336652046,700.0,1.0,2025-11-07,0.014598799421152631,500.0,1.0,2025-11-12,0.014598799421152631,500.0,1.0,2025-11-27,0.026126304592219998,900.0,1.0,2025-12-12,0.0029368596733097057,100.0,1.0,2025-12-27,0.037522439323089775,1300.0,1.0,2026-01-27,0.08455738802806297,3000.0,1.0
2025-10-29,Wed,34700.0,34700.0,34500.0,34000.0,33000.0,31700.0,33500.0,32500.0,31700.0,31500.0,30000.0,0.0,2025-10-29,1.0,2,31700.0,31500.0,30000.0,34180.0,31066.666666666668,3113.333333333332,4000.0,4500.0,-1.8523266292395204,-1.846510381126589,-1.8614369986441308,2025-10-24,43500.0,-0.02944720132630102,-0.024972920931379934,,,,,,,5,,,2025-10-28,IS7X25,350.0,0.0,21.0,False,0.0,-0.07998474463976947,0.0,0.005747142255567933,0.017341475036487294,,,1.0,1.0,1.0,2.0,3.0,0.0013803104165924529,0.05,21.0,1.0,1,1,1,1,0,0,0,1,2025-11-03,0.020379162336652046,700.0,1.0,2025-11-08,0.008784829555732811,300.0,1.0,2025-11-13,0.014598799421152631,500.0,1.0,2025-11-28,0.026126304592219998,900.0,1.0,2025-12-13,-0.005899722127188271,-200.0,-1.0,2025-12-29,0.05158736879049326,1800.0,1.0,2026-01-27,0.08455738802806297,3000.0,1.0
2025-10-30,Thu,34700.0,34700.0,34500.0,34000.0,33000.0,31700.0,33500.0,32500.0,31900.0,31700.0,30200.0,0.0,2025-10-30,1.0,2,31900.0,31700.0,30200.0,34180.0,31266.666666666668,2913.333333333332,3800.0,4300.0,-1.9757545460333166,-1.9753736993790068,-1.9812696867611523,2025-10-24,43500.0,-0.02944720132630102,-0.024972920931379934,,,,,,,6,,,2025-10-29,IS7X25,350.0,0.0,21.0,False,0.0,-0.07998474463976947,0.0,0.005747142255567933,0.017341475036487294,,,1.0,1.0,1.0,2.0,3.0,0.0013803104165924529,0.05,21.0,1.0,1,1,1,1,0,0,0,1,2025-11-04,0.020379162336652046,700.0,1.0,2025-11-10,0.008784829555732811,300.0,1.0,2025-11-14,0.020379162336652046,700.0,1.0,2025-11-29,0.023256862164267183,800.0,1.0,2025-12-16,0.0029368596733097057,100.0,1.0,2025-12-29,0.05158736879049326,1800.0,1.0,2026-01-28,0.07641623044436315,2700.0,1.0
2025-10-31,Fri,35100.0,35100.0,34900.0,34400.0,33400.0,32100.0,33900.0,32900.0,31900.0,31700.0,30200.0,400.0,2025-10-31,1.0,2,31900.0,31700.0,30200.0,34580.0,31266.666666666668,3313.333333333332,4200.0,4700.0,-1.474397037347248,-1.4645000600088587,-1.4847887994189013,2025-10-30,42700.0,-0.048009219186360606,-0.05023887451362976,37400.0,-0.0341688956152499,-0.03932354620391441,37700.0,-0.0415644244212505,-0.04664057745311113,1,-0.08361414004113357,-1.062526629946505,2025-10-30,IS7X25,350.0,0.0,21.0,False,0.0,-0.07998474463976947,0.0,0.0028694424279527373,0.017341475036487294,,,1.0,1.0,1.0,2.0,3.0,0.0013803104165924529,0.05,21.0,1.0,1,1,1,1,1,-1,0,1,2025-11-05,0.014430264829028837,500.0,1.0,2025-11-10,-0.0029112102074584415,-100.0,-1.0,2025-11-15,0.014430264829028837,500.0,1.0,2025-12-01,0.011560822401076006,400.0,1.0,2025-12-16,-0.008759180089881578,-300.0,-1.0,2025-12-30,0.056512210263342404,2000.0,1.0,2026-01-29,0.06472019068117182,2300.0,1.0
2025-11-01,Sat,35400.0,35400.0,35200.0,34700.0,33700.0,32300.0,34200.0,33300.0,32200.0,32000.0,30500.0,300.0,2025-11-01,1.0,2,32200.0,32000.0,30500.0,34880.0,31566.666666666668,3313.333333333332,4200.0,4700.0,-1.4189969329176249,-1.4097225751485927,-1.4287274533382246,2025-10-31,42800.0,-0.04567003683318832,-0.05234414392088158,37500.0,-0.03407931365286262,-0.028911343494420035,37900.0,-0.03627340678683487,-0.03627340678683487,1,-0.07760124602355162,-0.8563328309805606,2025-10-31,IS7X25,350.0,0.0,12.0,False,0.0,-0.07998474463976947,0.0,0.0028694424279527373,0.017341475036487294,,,1.0,1.0,1.0,2.0,3.0,0.0013803104165924529,0.05,21.0,1.0,1,1,1,1,0,-1,0,1,2025-11-06,0.0,0.0,0.0,2025-11-11,-0.011594332780919257,-400.0,-1.0,2025-11-17,0.011461443519006598,400.0,1.0,2025-12-01,0.0028776998276151956,100.0,1.0,2025-12-16,-0.01744230266334237,-600.0,-1.0,2025-12-31,0.050572573635632334,1800.0,1.0,2026-01-30,0.061471864093668,2200.0,1.0
2025-11-03,Mon,35400.0,35400.0,35200.0,34700.0,33700.0,32300.0,34200.0,33200.0,32000.0,31800.0,30300.0,0.0,2025-11-03,2.0,2,32000.0,31800.0,30300.0,34880.0,31366.666666666668,3513.333333333332,4400.0,4900.0,-1.169539650767748,-1.1560679683367854,-1.1814315393752617,2025-10-31,42800.0,-0.04567003683318832,-0.05234414392088158,37500.0,-0.03407931365286262,-0.028911343494420035,37900.0,-0.03627340678683487,-0.03627340678683487,3,-0.07760124602355162,-0.8378964434718253,2025-10-31,IS7X25,350.0,0.0,12.0,False,0.0,-0.07998474463976947,0.0,0.0028694424279527373,0.017341475036487294,,,1.0,1.0,1.0,2.0,3.0,0.0013803104165924529,0.05,21.0,1.0,3,1,1,1,0,-1,0,1,2025-11-08,-0.011594332780919257,-400.0,-1.0,2025-11-13,-0.005780362915499425,-200.0,-1.0,2025-11-18,0.01430639565123793,500.0,1.0,2025-12-03,0.0028776998276151956,100.0,1.0,2025-12-18,-0.005780362915499425,-200.0,-1.0,2026-01-02,0.08026436344303524,2900.0,1.0,2026-02-02,0.05603706810771099,2000.0,1.0
2025-11-04,Tue,35400.0,35400.0,35200.0,34700.0,33700.0,32200.0,34200.0,33200.0,32000.0,31800.0,30300.0,0.0,2025-11-04,1.0,2,32000.0,31800.0,30300.0,34880.0,31366.666666666668,3513.333333333332,4400.0,4900.0,-1.1303681904094771,-1.1174684332527303,-1.141746649833767,2025-11-03,42800.0,-0.04567003683318832,-0.05234414392088158,37400.0,-0.028987536873252298,-0.05968048327265852,38000.0,-0.025975486403260677,-0.04376502796675897,1,-0.0749310174676727,-0.7425864323441999,2025-11-03,IS7X25,350.0,0.0,12.0,False,0.0,-0.07998474463976947,0.0,0.0,0.017341475036487294,,,0.0,1.0,1.0,2.0,3.0,0.0013803104165924529,0.05,21.0,1.0,1,1,1,1,0,-1,0,1,2025-11-10,-0.011594332780919257,-400.0,-1.0,2025-11-14,0.0,0.0,0.0,2025-11-19,0.01430639565123793,500.0,1.0,2025-12-04,0.0028776998276151956,100.0,1.0,2025-12-19,-0.005780362915499425,-200.0,-1.0,2026-01-03,0.10391855434092497,3800.0,1.0,2026-02-02,0.05603706810771099,2000.0,1.0
2025-11-05,Wed,35600.0,35600.0,35400.0,34900.0,33900.0,32400.0,34400.0,33400.0,32200.0,32000.0,30500.0,200.0,2025-11-05,1.0,2,32200.0,32000.0,30500.0,35080.0,31566.666666666668,3513.333333333332,4400.0,4900.0,-1.092973824809812,-1.080577537412155,-1.1039021364824455,2025-11-04,42900.0,-0.038862033092047096,-0.05001042057466142,37700.0,-0.02099814683977347,-0.051691093239179677,37900.0,-0.023469134540847123,-0.05642522222414286,1,-0.07717326524558361,-0.7894558654557944,2025-11-04,IS7X25,350.0,0.0,12.0,False,0.0,-0.07998474463976947,0.0,0.0,0.01443026482902876,,,0.0,1.0,1.0,2.0,3.0,0.0013803104165924529,0.0,21.0,1.0,1,1,1,1,0,-1,0,1,2025-11-10,-0.017341475036487215,-600.0,-1.0,2025-11-15,0.0,0.0,0.0,2025-11-20,0.011396134730869582,400.0,1.0,2025-12-05,0.0,0.0,0.0,2025-12-20,0.0,0.0,0.0,2026-01-05,0.09296306697821885,3400.0,1.0,2026-02-03,0.05028992585214301,1800.0,1.0
2025-11-06,Thu,35400.0,35400.0,35200.0,34700.0,33700.0,32200.0,34200.0,33200.0,32000.0,31800.0,30300.0,-200.0,2025-11-06,1.0,2,32000.0,31800.0,30300.0,34880.0,31366.666666666668,3513.333333333332,4400.0,4900.0,-1.0570569480396335,-1.0451140862964776,-1.067580276789148,2025-11-05,42900.0,-0.03661736323822319,-0.04333631348696821,37500.0,-0.01587334915629012,-0.04942488332752298,38100.0,-0.010443959161083262,-0.04365263015773676,1,-0.07760124602355162,-0.7821555442432092,2025-11-05,IS7X25,350.0,0.0,12.0,False,0.0,-0.07998474463976947,0.0,0.0,0.011527505171067352,,,0.0,1.0,1.0,2.0,3.0,0.001305705319268,0.0,21.0,1.0,1,1,1,1,0,-1,0,1,2025-11-11,-0.011594332780919257,-400.0,-1.0,2025-11-17,0.011461443519006598,400.0,1.0,2025-11-21,0.017143276986437656,600.0,1.0,2025-12-06,-0.0028860048891349867,-100.0,-1.0,2025-12-22,0.005747142255568071,200.0,1.0,2026-01-05,0.09871020923378683,3600.0,1.0,2026-02-04,0.06687728266057605,2400.0,1.0
2025-11-07,Fri,35200.0,35200.0,35000.0,34500.0,33500.0,32000.0,34000.0,33000.0,31900.0,31700.0,30200.0,-200.0,2025-11-07,1.0,2,31900.0,31700.0,30200.0,34680.0,31266.666666666668,3413.333333333332,4300.0,4800.0,-1.120153745674455,-1.1111067145742088,-1.1288386556234795,2025-11-06,42900.0,-0.03211285111711864,-0.04333631348696821,37400.0,-0.005333345975362617,0.03537783908165111,37900.0,-0.005263170044274644,-0.041349559818695515,1,-0.08071138038317215,-0.8511451804937149,2025-11-06,IS7X25,351.0,3.0,15.0,False,0.0028530689824064807,-0.077131675657363,0.0028530689824064755,0.002853068982406479,0.014380574153473833,0.020194544018893763,,0.0,1.0,1.0,1.0,3.0,0.0012070930849518437,0.0,21.0,0.0,1,1,1,1,0,-1,0,1,2025-11-12,0.0,0.0,0.0,2025-11-17,0.017241806434505954,600.0,1.0,2025-11-22,0.022923639901937024,800.0,1.0,2025-12-08,-0.005813969865419845,-200.0,-1.0,2025-12-22,0.011527505171067414,400.0,1.0,2026-01-06,0.083381608939051,3000.0,1.0,2026-02-05,0.083381608939051,3000.0,1.0
2025-11-08,Sat,35000.0,35000.0,34800.0,34300.0,33300.0,31800.0,33800.0,32800.0,31700.0,31500.0,30000.0,-200.0,2025-11-08,1.0,2,31700.0,31500.0,30000.0,34480.0,31066.666666666668,3413.333333333332,4300.0,4800.0,-1.0830302756388028,-1.0743401208010057,-1.091368475901945,2025-11-07,42600.0,-0.027779564107075706,-0.05035388614561479,37400.0,-0.010638398205055754,-0.03674954220874149,37800.0,-0.005277057100843781,-0.0389154162496735,1,-0.08652535024859202,-0.9909229562504578,2025-11-07,IS7X25,352.0,0.0,15.0,False,0.0028449521322313448,-0.07428672352513165,0.00569802111463782,0.005698021114637824,0.01433116825934062,0.02303949615112511,,0.0,1.0,1.0,1.0,3.0,0.0013012159439533344,0.05,21.0,1.0,1,1,1,1,0,-1,0,1,2025-11-13,0.005813969865419816,200.0,1.0,2025-11-18,0.025900728432157172,900.0,1.0,2025-11-24,0.02020270731751947,700.0,1.0,2025-12-08,0.0,0.0,0.0,2025-12-23,0.03156646596783451,1100.0,1.0,2026-01-07,0.08116340710720661,2900.0,1.0,2026-02-06,0.08919557880447093,3200.0,1.0
2025-11-10,Mon,35000.0,35000.0,34800.0,34300.0,33300.0,31800.0,33800.0,32800.0,31700.0,31500.0,30000.0,0.0,2025-11-10,2.0,2,31700.0,31500.0,30000.0,34480.0,31066.666666666668,3413.333333333332,4300.0,4800.0,-1.0473453490558997,-1.0389773176700923,-1.055370778208334,2025-11-08,42500.0,-0.03012974145202927,-0.05270406349056832,37300.0,0.0,-0.03425894982101533,37700.0,-0.005291017634415548,-0.03390155167568134,2,-0.08384797247787569,-0.8851254929482898,2025-11-07,IS7X25,352.0,0.0,15.0,False,0.0028449521322313448,-0.07428672352513165,0.00569802111463782,0.005698021114637824,0.01433116825934062,0.02303949615112511,,0.0,1.0,1.0,1.0,3.0,0.0013012159439533344,0.05,21.0,1.0,3,1,1,1,0,0,0,1,2025-11-15,0.017341475036487173,600.0,1.0,2025-11-20,0.028737609767356946,1000.0,1.0,2025-11-25,0.014472032608534469,500.0,1.0,2025-12-10,0.0,0.0,0.0,2025-12-25,0.028737609767356946,1000.0,1.0,2026-01-09,0.051147511166941,1800.0,1.0,2026-02-09,0.08919557880447093,3200.0,1.0
2025-11-11,Tue,35000.0,35000.0,34800.0,34300.0,33300.0,31800.0,33800.0,32800.0,31900.0,31700.0,30200.0,0.0,2025-11-11,1.0,2,31900.0,31700.0,30200.0,34480.0,31266.666666666668,3213.333333333332,4100.0,4600.0,-1.207303390782171,-1.2041988712283682,-1.212084920054284,2025-11-10,42500.0,-0.025553074424617506,-0.05270406349056832,37200.0,0.005390848634876373,-0.0472528848505455,37600.0,0.005333345975362603,-0.04422046847936672,1,-0.08116340710720668,-0.7847609013453335,2025-11-10,IS7X25,353.0,0.0,15.0,False,0.0028368813351997567,-0.07144984218993189,0.008534902449837577,0.00853490244983758,0.014282044705405526,0.025876377486324865,,0.0,0.0,1.0,1.0,3.0,0.0012967488508110645,0.05,21.0,1.0,1,1,1,1,0,0,0,1,2025-11-17,0.023055776299925796,800.0,1.0,2025-11-21,0.028737609767356946,1000.0,1.0,2025-11-26,0.011594332780919227,400.0,1.0,2025-12-11,0.0,0.0,0.0,2025-12-26,0.028737609767356946,1000.0,1.0,2026-01-10,0.04837358428421567,1700.0,1.0,2026-02-09,0.08919557880447093,3200.0,1.0
2025-11-12,Wed,35200.0,35200.0,35000.0,34500.0,33500.0,32000.0,34000.0,33000.0,32100.0,31900.0,30400.0,200.0,2025-11-12,1.0,2,32100.0,31900.0,30400.0,34680.0,31466.666666666668,3213.333333333332,4100.0,4600.0,-1.1678334576538076,-1.1648849157164827,-1.1724032584180697,2025-11-10,42500.0,-0.025553074424617506,-0.05270406349056832,37200.0,0.005390848634876373,-0.0472528848505455,37600.0,0.005333345975362603,-0.04422046847936672,2,-0.07534943724178685,-0.5993230462934671,2025-11-11,IS7X25,354.0,0.0,15.0,False,0.002828856200477623,-0.06862098598945426,0.011363758650315199,0.011363758650315203,0.017110900905883148,0.02870523368680249,,0.0,0.0,1.0,1.0,3.0,0.001292303842942625,0.05,21.0,1.0,1,1,1,1,0,0,0,1,2025-11-17,0.017241806434505954,600.0,1.0,2025-11-22,0.022923639901937024,800.0,1.0,2025-11-27,0.011527505171067414,400.0,1.0,2025-12-12,-0.011661939747842975,-400.0,-1.0,2025-12-27,0.022923639901937024,800.0,1.0,2026-01-12,0.0425596144187959,1500.0,1.0,2026-02-10,0.083381608939051,3000.0,1.0
2025-11-13,Thu,35200.0,35200.0,35000.0,34500.0,33500.0,32200.0,34000.0,33000.0,32100.0,31900.0,30400.0,0.0,2025-11-13,1.0,2,32100.0,31900.0,30400.0,34680.0,31466.666666666668,3213.333333333332,4100.0,4600.0,-1.1301666452555228,-1.1273608467361764,-1.1345456370175429,2025-11-12,42500.0,-0.023256862164267235,-0.05270406349056832,37400.0,0.005361943141385373,-0.03932354620391441,37800.0,0.005305052229693098,-0.0389154162496735,1,-0.08071138038317215,-0.7281046046394203,2025-11-12,IS7X25,354.0,0.0,15.0,False,0.0,-0.06862098598945426,0.011363758650315199,0.011363758650315203,0.017110900905883148,0.02870523368680249,,0.0,0.0,1.0,1.0,3.0,0.0013619697057009352,0.05,21.0,1.0,1,1,1,1,0,0,0,1,2025-11-18,0.020086758566737292,700.0,1.0,2025-11-24,0.01438873745209967,500.0,1.0,2025-11-28,0.011527505171067414,400.0,1.0,2025-12-13,-0.02049852154834093,-700.0,-1.0,2025-12-29,0.036988569369340626,1300.0,1.0,2026-01-12,0.0425596144187959,1500.0,1.0,2026-02-11,0.07803400261245583,2800.0,1.0
2025-11-14,Fri,35400.0,35400.0,35200.0,34700.0,33700.0,32400.0,34200.0,33300.0,32200.0,32000.0,30500.0,200.0,2025-11-14,1.0,2,32200.0,32000.0,30500.0,34880.0,31566.666666666668,3313.333333333332,4200.0,4700.0,-0.9964005516388749,-0.9911779520869867,-1.002141094135919,2025-11-13,42500.0,-0.004694844304207729,-0.05270406349056832,37600.0,0.005333345975362603,-0.028835549639887267,37800.0,0.0026490081715768625,-0.0389154162496735,1,-0.08026436344303534,-0.6940960544371069,2025-11-13,IS7X25,354.0,4.0,19.0,False,0.0,-0.06862098598945426,0.00851068966790872,0.011363758650315203,0.014233201078267954,0.02870523368680249,,0.0,0.0,1.0,1.0,3.0,0.0013619697057009352,0.05,21.0,0.0,1,0,0,1,0,0,0,1,2025-11-19,0.01430639565123793,500.0,1.0,2025-11-24,0.008608374536600101,300.0,1.0,2025-11-29,0.0028776998276151956,100.0,1.0,2025-12-16,-0.01744230266334237,-600.0,-1.0,2025-12-29,0.031208206453841005,1100.0,1.0,2026-01-13,0.03677925150329649,1300.0,1.0,2026-02-12,0.061471864093668,2200.0,1.0
2025-11-15,Sat,35600.0,35600.0,35400.0,34900.0,33900.0,32800.0,34300.0,33300.0,32400.0,32200.0,30700.0,200.0,2025-11-15,1.0,2,32400.0,32200.0,30700.0,35080.0,31766.666666666668,3313.333333333332,4200.0,4700.0,-0.963866067085528,-0.9587983497154012,-0.9694341798106095,2025-11-13,42500.0,-0.004694844304207729,-0.05270406349056832,37600.0,0.005333345975362603,-0.028835549639887267,37800.0,0.0026490081715768625,-0.0389154162496735,2,-0.07451722118746733,-0.5131839191309577,2025-11-14,IS7X25,354.0,0.0,19.0,False,0.0,-0.06862098598945426,0.0056657375356773745,0.011363758650315203,0.014233201078267954,0.02870523368680249,,0.0,0.0,1.0,1.0,3.0,0.001287880725652852,0.1,21.0,1.0,1,0,0,0,0,0,0,1,2025-11-20,0.011396134730869582,400.0,1.0,2025-11-25,-0.00286944242795282,-100.0,-1.0,2025-12-01,-0.00286944242795282,-100.0,-1.0,2025-12-16,-0.023189444918910326,-800.0,-1.0,2025-12-30,0.042081945434313414,1500.0,1.0,2026-01-15,0.05028992585214301,1800.0,1.0,2026-02-13,0.04482543138006425,1600.0,1.0
2025-11-17,Mon,35800.0,35800.0,35600.0,35100.0,34100.0,33000.0,34500.0,33500.0,32500.0,32300.0,30800.0,200.0,2025-11-17,2.0,2,32500.0,32300.0,30800.0,35280.0,31866.666666666668,3413.333333333332,4300.0,4800.0,-0.8340311004701787,-0.8265079355650675,-0.841019389090062,2025-11-13,42500.0,-0.004694844304207729,-0.05270406349056832,37600.0,0.005333345975362603,-0.028835549639887267,37800.0,0.0026490081715768625,-0.0389154162496735,4,-0.06880291992402876,-0.33770038002961855,2025-11-14,IS7X25,354.0,0.0,19.0,False,0.0,-0.06862098598945426,0.0056657375356773745,0.011363758650315203,0.014233201078267954,0.02870523368680249,,0.0,0.0,1.0,1.0,3.0,0.001287880725652852,0.1,21.0,1.0,3,0,0,0,0,0,0,1,2025-11-22,0.005681833467430864,200.0,1.0,2025-11-27,-0.005714301263438664,-200.0,-1.0,2025-12-02,-0.002853068982406399,-100.0,-1.0,2025-12-17,-0.017241806434506103,-600.0,-1.0,2026-01-01,0.047296714703065096,1700.0,1.0,2026-01-16,0.058107630807280757,2100.0,1.0,2026-02-16,0.04457562458870438,1600.0,1.0
2025-11-18,Tue,35900.0,35900.0,35700.0,35200.0,34200.0,33200.0,34600.0,33600.0,32700.0,32500.0,31000.0,100.0,2025-11-18,1.0,2,32700.0,32500.0,31000.0,35380.0,32066.666666666668,3313.333333333332,4200.0,4700.0,-0.9053079865889244,-0.9005643748175182,-0.9105609851293927,2025-11-17,42300.0,-0.011751016535518853,-0.05742105336870716,38300.0,0.021108963210235265,-0.012970350442627404,38500.0,0.015707129205357877,-0.02056627758147697,1,-0.08440381358254885,-0.7511649586021875,2025-11-17,IS7X25,355.0,0.0,19.0,False,0.0028208763416412634,-0.06580010964781301,0.005649732542118881,0.014184634991956466,0.014184634991956477,0.03152611002844375,,0.0,0.0,1.0,1.0,3.0,0.001287880725652852,0.1,21.0,1.0,1,0,0,0,0,0,0,1,2025-11-24,-0.005698021114637779,-200.0,-1.0,2025-11-28,-0.008559253395669948,-300.0,-1.0,2025-12-03,-0.011428695823622744,-400.0,-1.0,2025-12-18,-0.020086758566737344,-700.0,-1.0,2026-01-02,0.06595796779179737,2400.0,1.0,2026-01-17,0.057947244045718375,2100.0,1.0,2026-02-16,0.04173067245647328,1500.0,1.0
2025-11-19,Wed,35900.0,35900.0,35700.0,35200.0,34200.0,33200.0,34600.0,33600.0,32500.0,32300.0,30800.0,0.0,2025-11-19,1.0,2,32500.0,32300.0,30800.0,35380.0,31866.666666666668,3513.333333333332,4400.0,4900.0,-0.6749570190335071,-0.6649760052401507,-0.6833444436629309,2025-11-18,42300.0,-0.011751016535518853,-0.05742105336870716,38100.0,0.018543577712169104,-0.010443959161083262,38700.0,0.0182534403093503,-0.007722046093910278,1,-0.07916819952860389,-0.5802604289325625,2025-11-18,IS7X25,355.0,0.0,19.0,False,0.0,-0.06580010964781301,0.002820876341641258,0.014184634991956466,0.014184634991956477,0.02861489982098522,,0.0,0.0,1.0,1.0,2.0,0.0012834793064185337,0.1,20.0,1.0,1,0,0,0,0,0,0,1,2025-11-24,-0.005698021114637779,-200.0,-1.0,2025-11-29,-0.011428695823622744,-400.0,-1.0,2025-12-04,-0.011428695823622744,-400.0,-1.0,2025-12-19,-0.020086758566737344,-700.0,-1.0,2026-01-03,0.08961215868968714,3300.0,1.0,2026-01-19,0.0686140118499137,2500.0,1.0,2026-02-17,0.030771658666753687,1100.0,1.0
2025-11-20,Thu,36000.0,36000.0,35800.0,35300.0,34200.0,33200.0,34700.0,33700.0,32500.0,32300.0,30800.0,100.0,2025-11-20,1.0,2,32500.0,32300.0,30800.0,35460.0,31866.666666666668,3593.333333333332,4500.0,5000.0,-0.5674599650969345,-0.5344063333781925,-0.5570407132169263,2025-11-19,42500.0,-0.00936775000360016,-0.048229783095647266,38000.0,0.007926065272420723,-0.013072081567352775,38400.0,0.013106347505300583,-0.010362787035546547,1,-0.07370319578713469,-0.40525332417401727,2025-11-19,IS7X25,355.0,0.0,19.0,False,0.0,-0.06580010964781301,0.002820876341641258,0.014184634991956466,0.014184634991956477,0.02571214016302381,,0.0,0.0,1.0,1.0,2.0,0.0012834793064185337,0.1,19.0,1.0,1,0,0,0,0,0,0,1,2025-11-25,-0.014265577158822458,-500.0,-1.0,2025-12-01,-0.014265577158822458,-500.0,-1.0,2025-12-05,-0.011396134730869582,-400.0,-1.0,2025-12-20,-0.011396134730869582,-400.0,-1.0,2026-01-05,0.08156693224734918,3000.0,1.0,2026-01-19,0.06577713051471408,2400.0,1.0,2026-02-18,0.030685810703443887,1100.0,1.0
2025-11-21,Fri,36000.0,36000.0,35800.0,35300.0,34200.0,33200.0,34700.0,33700.0,32500.0,32300.0,30800.0,0.0,2025-11-21,1.0,2,32500.0,32300.0,30800.0,35460.0,31866.666666666668,3593.333333333332,4500.0,5000.0,-0.5423908860678195,-0.5095036794340732,-0.5320396061113333,2025-11-19,42500.0,-0.00936775000360016,-0.048229783095647266,38000.0,0.007926065272420723,-0.013072081567352775,38400.0,0.013106347505300583,-0.010362787035546547,2,-0.07370319578713469,-0.3843473490131663,2025-11-20,IS7X25,355.0,0.0,19.0,False,0.0,-0.06580010964781301,0.002820876341641258,0.011331566009549985,0.014184634991956477,0.02571214016302381,,0.0,0.0,1.0,1.0,2.0,0.0012834793064185337,0.1,19.0,1.0,1,0,0,0,0,0,0,1,2025-11-26,-0.01714327698643754,-600.0,-1.0,2025-12-01,-0.014265577158822458,-500.0,-1.0,2025-12-06,-0.020029281875572527,-700.0,-1.0,2025-12-22,-0.011396134730869582,-400.0,-1.0,2026-01-05,0.08156693224734918,3000.0,1.0,2026-01-20,0.05242579733984974,1900.0,1.0,2026-02-19,0.027934777331554066,1000.0,1.0
2025-11-22,Sat,36000.0,36000.0,35800.0,35300.0,34200.0,33200.0,34700.0,33700.0,32500.0,32300.0,30800.0,0.0,2025-11-22,1.0,2,32500.0,32300.0,30800.0,35460.0,31866.666666666668,3593.333333333332,4500.0,5000.0,-0.5172760054339246,-0.484481242686675,-0.5069705207286501,2025-11-21,42700.0,-0.00467290569939237,-0.04129026893761569,38100.0,0.015873349156290163,0.0,38600.0,0.0130379943381298,0.002594035177046528,1,-0.07633131819340426,-0.43691939979825833,2025-11-21,IS7X25,355.0,0.0,19.0,False,0.0,-0.06580010964781301,0.002820876341641258,0.008486613877318642,0.014184634991956477,0.022817782136659255,,0.0,0.0,1.0,1.0,2.0,0.0012834793064185337,0.1,19.0,1.0,1,0,0,0,0,0,0,1,2025-11-27,-0.011396134730869582,-400.0,-1.0,2025-12-02,-0.008534902449837444,-300.0,-1.0,2025-12-08,-0.028737609767356797,-1000.0,-1.0,2025-12-22,-0.011396134730869582,-400.0,-1.0,2026-01-06,0.06045796903711404,2200.0,1.0,2026-01-21,0.03889379112127354,1400.0,1.0,2026-02-20,0.027934777331554066,1000.0,1.0
2025-11-24,Mon,35700.0,35700.0,35500.0,35000.0,33600.0,32800.0,34400.0,33400.0,32500.0,32300.0,30800.0,-300.0,2025-11-24,2.0,2,32500.0,32300.0,30800.0,35100.0,31866.666666666668,3233.333333333332,4200.0,4700.0,-0.8782453322478294,-0.7904138882937238,-0.7985581147767964,2025-11-21,42700.0,-0.00467290569939237,-0.04129026893761569,38100.0,0.015873349156290163,0.0,38600.0,0.0130379943381298,0.002594035177046528,3,-0.08486622064324165,-0.6549481226451208,2025-11-21,IS7X25,355.0,0.0,19.0,False,0.0,-0.06580010964781301,0.002820876341641258,0.008486613877318642,0.014184634991956477,0.022817782136659255,,0.0,0.0,1.0,1.0,2.0,0.0012834793064185337,0.1,19.0,1.0,3,0,0,0,0,0,0,1,2025-11-29,-0.005730674708984983,-200.0,-1.0,2025-12-04,-0.005730674708984983,-200.0,-1.0,2025-12-09,-0.020202707317519466,-700.0,-1.0,2025-12-24,0.011363758650315003,400.0,1.0,2026-01-08,0.04470017891790699,1600.0,1.0,2026-01-23,0.050149783685471516,1800.0,1.0,2026-02-23,0.047428693571110826,1700.0,1.0
2025-11-25,Tue,35500.0,35500.0,35300.0,34800.0,33500.0,32500.0,34300.0,33300.0,32500.0,32300.0,30800.0,-200.0,2025-11-25,1.0,2,32500.0,32300.0,30800.0,34920.0,31866.666666666668,3053.333333333332,4000.0,4500.0,-1.0484688352892428,-0.98958915419557,-0.9878353377366202,2025-11-21,42700.0,-0.00467290569939237,-0.04129026893761569,38100.0,0.015873349156290163,0.0,38600.0,0.0130379943381298,0.002594035177046528,4,-0.09059689535222658,-0.789935481235713,2025-11-24,IS7Z25,363.0,11.0,30.0,True,,-0.06580010964781301,0.0,0.005649732542118884,0.014184634991956477,,,1.0,1.0,1.0,2.0,3.0,0.0012834793064185337,0.1,19.0,0.0,1,1,0,0,0,0,0,1,2025-12-01,0.0,0.0,0.0,2025-12-05,0.002869442427952739,100.0,1.0,2025-12-10,-0.014472032608534432,-500.0,-1.0,2025-12-25,0.01426557715882244,500.0,1.0,2026-01-09,0.03667547855840657,1300.0,1.0,2026-01-24,0.06130052586379588,2200.0,1.0,2026-02-23,0.05315936828009585,1900.0,1.0
2025-11-26,Wed,35400.0,35400.0,35200.0,34700.0,33500.0,32500.0,34300.0,33300.0,32500.0,32300.0,30800.0,-100.0,2025-11-26,1.0,2,32500.0,32300.0,30800.0,34840.0,31866.666666666668,2973.333333333332,3900.0,4400.0,-1.1082769987679668,-1.076048438337648,-1.0692252747284618,2025-11-21,42700.0,-0.00467290569939237,-0.04129026893761569,38100.0,0.015873349156290163,0.0,38600.0,0.0130379943381298,0.002594035177046528,5,-0.0934745951798418,-0.8432877400062564,2025-11-25,IS7Z25,363.0,0.0,30.0,False,0.0,-0.06580010964781301,0.0,0.0028208763416412617,0.014184634991956477,,,1.0,1.0,1.0,2.0,3.0,0.0012834793064185337,0.15,19.0,1.0,1,1,1,1,0,0,0,1,2025-12-01,0.0028776998276151956,100.0,1.0,2025-12-06,-0.0028860048891349867,-100.0,-1.0,2025-12-11,-0.011594332780919257,-400.0,-1.0,2025-12-26,0.017143276986437656,600.0,1.0,2026-01-10,0.03677925150329649,1300.0,1.0,2026-01-27,0.06417822569141099,2300.0,1.0,2026-02-24,0.050572573635632334,1800.0,1.0
2025-11-27,Thu,35600.0,35600.0,35400.0,34900.0,33700.0,32900.0,34600.0,33600.0,32800.0,32600.0,31100.0,200.0,2025-11-27,1.0,2,32800.0,32600.0,31100.0,35040.0,32166.666666666668,2873.333333333332,3800.0,4300.0,-1.1924050667498571,-1.1644147582742963,-1.152456713688921,2025-11-26,42700.0,-0.00467290569939237,-0.036785756816511105,38400.0,0.02638675517319503,0.021053409197832263,38700.0,0.02088848794735553,0.015625317903080815,1,-0.09557063038529974,-0.8732643355168292,2025-11-26,IS7Z25,363.0,0.0,30.0,False,0.0,-0.06580010964781301,0.0,0.0028208763416412617,0.014184634991956477,,,1.0,1.0,1.0,2.0,3.0,0.0012834793064185337,0.15,19.0,1.0,1,1,1,1,0,0,0,1,2025-12-02,0.002861232281032195,100.0,1.0,2025-12-08,-0.017341475036487215,-600.0,-1.0,2025-12-12,-0.023189444918910326,-800.0,-1.0,2025-12-27,0.011396134730869582,400.0,1.0,2026-01-12,0.03103210924772846,1100.0,1.0,2026-01-27,0.058431083435843065,2100.0,1.0,2026-02-25,0.03933091206242354,1400.0,1.0
2025-11-28,Fri,35600.0,35600.0,35400.0,34900.0,33700.0,33000.0,34400.0,33600.0,32800.0,32600.0,31100.0,0.0,2025-11-28,1.0,2,32800.0,32600.0,31100.0,35040.0,32166.666666666668,2873.333333333332,3800.0,4300.0,-1.1633766095757705,-1.1361122508148787,-1.1241863230135396,2025-11-27,,,,38600.0,0.03158157205029884,0.020943173845243173,39000.0,0.03125254350410453,0.025975486403260736,1,-0.1007654472624037,-0.9919285247365268,2025-11-26,IS7Z25,363.0,0.0,30.0,False,0.0,-0.06580010964781301,0.0,0.0028208763416412617,0.014184634991956477,,,1.0,1.0,1.0,2.0,3.0,0.0012834793064185337,0.15,19.0,1.0,2,1,1,1,0,0,0,1,2025-12-03,-0.00286944242795282,-100.0,-1.0,2025-12-08,-0.017341475036487215,-600.0,-1.0,2025-12-13,-0.032026026719408435,-1100.0,-1.0,2025-12-29,0.02546106419827309,900.0,1.0,2026-01-12,0.03103210924772846,1100.0,1.0,2026-01-27,0.058431083435843065,2100.0,1.0,2026-02-26,0.03933091206242354,1400.0,1.0
2025-11-29,Sat,35500.0,35500.0,35300.0,34800.0,33700.0,33000.0,34300.0,33400.0,32800.0,32600.0,31100.0,-100.0,2025-11-29,1.0,2,32800.0,32600.0,31100.0,34960.0,32166.666666666668,2793.333333333332,3700.0,4200.0,-1.2380215127644902,-1.23917197711298,-1.2212895816855087,2025-11-28,,,,38700.0,0.036846273385966286,0.036846273385966286,39300.0,0.04156442442125057,0.03627340678683496,1,-0.10622221325530742,-1.1139242540389676,2025-11-28,IS7Z25,363.0,0.0,27.0,False,0.0,-0.06580010964781301,0.0,0.0028208763416412617,0.014184634991956477,,,1.0,1.0,1.0,2.0,3.0,0.0012834793064185337,0.15,19.0,1.0,1,1,1,1,1,0,0,1,2025-12-04,0.0,0.0,0.0,2025-12-09,-0.014472032608534432,-500.0,-1.0,2025-12-16,-0.020320002490957494,-700.0,-1.0,2025-12-29,0.02833050662622599,1000.0,1.0,2026-01-13,0.033901551675681416,1200.0,1.0,2026-01-28,0.05315936828009585,1900.0,1.0,2026-02-27,0.04495138786226627,1600.0,1.0
2025-12-01,Mon,35500.0,35500.0,35300.0,34800.0,33700.0,33000.0,34300.0,33400.0,32800.0,32600.0,31100.0,0.0,2025-12-01,2.0,2,32800.0,32600.0,31100.0,34960.0,32166.666666666668,2793.333333333332,3700.0,4200.0,-1.2253840265702962,-1.2274322683996837,-1.2084837633557133,2025-11-28,,,,38700.0,0.036846273385966286,0.036846273385966286,39300.0,0.04156442442125057,0.03627340678683496,3,-0.10622221325530742,-1.1512350875889876,2025-11-28,IS7Z25,363.0,0.0,27.0,False,0.0,-0.06580010964781301,0.0,0.0028208763416412617,0.014184634991956477,,,1.0,1.0,1.0,2.0,3.0,0.0012834793064185337,0.15,19.0,1.0,3,1,1,1,1,0,0,1,2025-12-06,-0.0057637047167501294,-200.0,-1.0,2025-12-11,-0.014472032608534432,-500.0,-1.0,2025-12-16,-0.020320002490957494,-700.0,-1.0,2025-12-31,0.04769487380801724,1700.0,1.0,2026-01-15,0.05315936828009585,1900.0,1.0,2026-01-30,0.05859416426605281,2100.0,1.0,2026-03-02,0.06130052586379588,2200.0,1.0
2025-12-02,Tue,35700.0,35700.0,35500.0,35000.0,34000.0,33300.0,34500.0,33600.0,32900.0,32700.0,31200.0,200.0,2025-12-02,1.0,2,32900.0,32700.0,31200.0,35180.0,32266.666666666668,2913.333333333332,3800.0,4300.0,-1.0634541187690008,-1.0880162858302918,-1.0737909103006609,2025-11-28,,,,38700.0,0.036846273385966286,0.036846273385966286,39300.0,0.04156442442125057,0.03627340678683496,4,-0.10049153854632246,-1.0181981797307116,2025-12-01,IS7Z25,363.0,0.0,27.0,False,0.0,-0.06580010964781301,0.0,0.0028208763416412617,0.014184634991956477,,,1.0,1.0,1.0,2.0,3.0,0.0012834793064185337,0.15,19.0,1.0,1,1,1,1,1,0,0,1,2025-12-08,-0.020202707317519466,-700.0,-1.0,2025-12-12,-0.02605067719994255,-900.0,-1.0,2025-12-17,-0.014388737452099556,-500.0,-1.0,2026-01-01,0.050149783685471516,1800.0,1.0,2026-01-16,0.060960699789687274,2200.0,1.0,2026-01-31,0.05286348955706781,1900.0,1.0,2026-03-02,0.055569851154810786,2000.0,1.0
2025-12-03,Wed,35500.0,35500.0,35300.0,34800.0,33800.0,33100.0,34300.0,33400.0,32900.0,32700.0,31200.0,-200.0,2025-12-03,1.0,2,32900.0,32700.0,31200.0,34980.0,32266.666666666668,2713.333333333332,3600.0,4100.0,-1.3325880655039688,-1.3688038326972027,-1.3394585741843115,2025-12-02,43300.0,0.01629838173311933,-0.011481182373956254,,,,,,,1,,,2025-12-02,IS7Z25,363.0,0.0,27.0,False,0.0,-0.06580010964781301,0.0,0.0,0.014184634991956477,,,0.0,1.0,1.0,2.0,3.0,0.0012834793064185337,0.15,19.0,1.0,1,1,1,1,0,0,0,1,2025-12-08,-0.014472032608534432,-500.0,-1.0,2025-12-13,-0.029156584291455578,-1000.0,-1.0,2025-12-18,-0.008658062743114541,-300.0,-1.0,2026-01-02,0.0773866636154202,2800.0,1.0,2026-01-17,0.06937593986934125,2500.0,1.0,2026-02-02,0.05315936828009585,1900.0,1.0,2026-03-03,0.07205331764005757,2600.0,1.0
2025-12-04,Thu,35500.0,35500.0,35300.0,34800.0,33800.0,33200.0,34300.0,33400.0,33200.0,33000.0,31500.0,0.0,2025-12-04,1.0,2,33200.0,33000.0,31500.0,34980.0,32566.666666666668,2413.333333333332,3300.0,3800.0,-1.7909166025255838,-1.8472725988216294,-1.7915587942752618,2025-12-02,43300.0,0.01629838173311933,-0.011481182373956254,,,,,,,2,,,2025-12-03,IS7Z25,363.0,0.0,27.0,False,0.0,-0.06580010964781301,0.0,0.0,0.014184634991956477,,,0.0,1.0,1.0,2.0,3.0,0.0012834793064185337,0.15,19.0,1.0,1,1,1,1,0,0,0,1,2025-12-09,-0.014472032608534432,-500.0,-1.0,2025-12-16,-0.020320002490957494,-700.0,-1.0,2025-12-19,-0.008658062743114541,-300.0,-1.0,2026-01-03,0.1010408545133098,3700.0,1.0,2026-01-19,0.08004270767353636,2900.0,1.0,2026-02-02,0.05315936828009585,1900.0,1.0,2026-03-05,0.07472354619593657,2700.0,1.0
2025-12-05,Fri,35600.0,35600.0,35400.0,34900.0,33900.0,33300.0,34500.0,33700.0,33200.0,33000.0,31500.0,100.0,2025-12-05,1.0,2,33200.0,33000.0,31500.0,35080.0,32566.666666666668,2513.333333333332,3400.0,3900.0,-1.6783927068499744,-1.733284535932603,-1.6801747978388344,2025-12-02,43300.0,0.01629838173311933,-0.011481182373956254,,,,,,,3,,,2025-12-04,IS7Z25,363.0,0.0,27.0,False,0.0,-0.06580010964781301,0.0,0.0,0.014184634991956477,,,0.0,1.0,1.0,2.0,3.0,0.0012834793064185337,0.15,19.0,1.0,1,1,1,1,0,0,0,1,2025-12-10,-0.017341475036487215,-600.0,-1.0,2025-12-16,-0.023189444918910326,-800.0,-1.0,2025-12-20,0.0,0.0,0.0,2026-01-05,0.09296306697821885,3400.0,1.0,2026-01-19,0.07717326524558366,2800.0,1.0,2026-02-03,0.05028992585214301,1800.0,1.0,2026-03-05,0.07185410376798372,2600.0,1.0
2025-12-06,Sat,35300.0,35100.0,35100.0,34600.0,33700.0,33000.0,34200.0,33400.0,33000.0,32800.0,31300.0,-300.0,2025-12-06,1.0,2,33000.0,32800.0,31300.0,34760.0,32366.666666666668,2393.333333333332,3300.0,3800.0,-1.971063705051429,-2.0069841535386654,-1.9335495497623028,2025-12-05,43600.0,0.025553074424617486,-0.004576667027411867,39700.0,0.0650424264140438,0.0704332750489202,40200.0,0.06686294522912646,0.0721962912044892,1,-0.1374975056294662,-5.586691109265351,2025-12-05,IS7Z25,364.0,0.0,27.0,False,0.0027510333718897976,-0.06304907627592321,0.0027510333718897923,0.002751033371889796,0.014082599381439794,,,0.0,1.0,1.0,2.0,3.0,0.0012834793064185337,0.15,19.0,1.0,1,1,1,1,1,1,1,1,2025-12-11,-0.008708327891784308,-300.0,-1.0,2025-12-16,-0.014556297774207487,-500.0,-1.0,2025-12-22,0.008633147144702875,300.0,1.0,2026-01-05,0.1015962141229217,3700.0,1.0,2026-01-20,0.07245507921542231,2600.0,1.0,2026-02-04,0.06976328754971098,2500.0,1.0,2026-03-06,0.0937324776627072,3400.0,1.0
2025-12-08,Mon,35000.0,35000.0,34800.0,34300.0,33400.0,33000.0,34000.0,33200.0,32700.0,32500.0,31000.0,-300.0,2025-12-08,2.0,2,32700.0,32500.0,31000.0,34500.0,32066.666666666668,2433.333333333332,3300.0,3800.0,-1.9009249106907928,-2.0108392380628017,-1.9379980241880443,2025-12-06,43800.0,0.03012974145202924,0.0045766670274118935,39700.0,0.0596804832726585,0.0650424264140438,40000.0,0.05657035148839424,0.06187540371808745,2,-0.14620583352125055,-5.114579114593634,2025-12-05,IS7Z25,364.0,0.0,27.0,False,0.0027510333718897976,-0.06304907627592321,0.0027510333718897923,0.002751033371889796,0.014082599381439794,,,0.0,1.0,1.0,2.0,3.0,0.0012834793064185337,0.15,19.0,1.0,3,1,1,1,1,1,1,1,2025-12-13,-0.014684551682921182,-500.0,-1.0,2025-12-18,0.005813969865419816,200.0,1.0,2025-12-23,0.03156646596783451,1100.0,1.0,2026-01-07,0.08116340710720661,2900.0,1.0,2026-01-22,0.06216690641655154,2200.0,1.0,2026-02-06,0.08919557880447093,3200.0,1.0,2026-03-09,0.11551288712184424,4200.0,1.0
2025-12-09,Tue,35000.0,35000.0,34800.0,34300.0,33400.0,33000.0,33700.0,33100.0,32500.0,32300.0,30800.0,0.0,2025-12-09,1.0,2,32500.0,32300.0,30800.0,34500.0,31866.666666666668,2633.333333333332,3500.0,4000.0,-1.4783537756327452,-1.565097175203198,-1.5190079424345158,2025-12-08,43800.0,0.03012974145202924,0.0068728792877620504,39300.0,0.04422046847936674,0.049553814454729284,40000.0,0.05657035148839424,0.05921935965997132,1,-0.13607916470332135,-3.4539991055925054,2025-12-08,IS7Z25,365.0,0.0,27.0,False,0.002743485945750834,-0.060305590330172375,0.005494519317640626,0.00549451931764063,0.013981133194959283,,,0.0,1.0,1.0,2.0,3.0,0.0012743566945846948,0.1,19.0,1.0,1,1,1,1,1,1,1,1,2025-12-16,-0.0058479698824231,-200.0,-1.0,2025-12-19,0.005813969865419816,200.0,1.0,2025-12-24,0.03156646596783451,1100.0,1.0,2026-01-08,0.06490288623542638,2300.0,1.0,2026-01-23,0.07035249100299103,2500.0,1.0,2026-02-07,0.08384797247787569,3000.0,1.0,2026-03-09,0.11551288712184424,4200.0,1.0
2025-12-10,Wed,35000.0,35000.0,34800.0,34300.0,33400.0,33000.0,33700.0,33200.0,32500.0,32300.0,30800.0,0.0,2025-12-10,1.0,2,32500.0,32300.0,30800.0,34500.0,31866.666666666668,2633.333333333332,3500.0,4000.0,-1.4422886396962629,-1.524253390969838,-1.4819761358004637,2025-12-09,43700.0,0.027844026171173396,0.023149181866965622,39200.0,0.023226850609816555,0.04433581382005162,39700.0,0.030692946399406198,0.04640007560476407,1,-0.13353139262452263,-2.918851790538027,2025-12-09,IS7Z25,366.0,0.0,27.0,False,0.0027359798188748455,-0.05756961051129753,0.008230499136515471,0.008230499136515475,0.013880231678634372,0.022415134128471945,,0.0,0.0,1.0,1.0,3.0,0.0012652308023980755,0.1,19.0,1.0,1,1,1,1,1,1,1,1,2025-12-16,-0.0058479698824231,-200.0,-1.0,2025-12-20,0.017341475036487173,600.0,1.0,2025-12-25,0.028737609767356946,1000.0,1.0,2026-01-09,0.051147511166941,1800.0,1.0,2026-01-24,0.0757725584723302,2700.0,1.0,2026-02-09,0.08919557880447093,3200.0,1.0,2026-03-10,0.12327489245733352,4500.0,1.0
2025-12-11,Thu,35000.0,35000.0,34800.0,34300.0,33300.0,33000.0,33700.0,33200.0,32700.0,32500.0,31000.0,0.0,2025-12-11,1.0,2,32700.0,32500.0,31000.0,34480.0,32066.666666666668,2413.333333333332,3300.0,3800.0,-1.8289886942753957,-1.880314741785238,-1.82417891779725,2025-12-09,43700.0,0.027844026171173396,0.023149181866965622,39200.0,0.023226850609816555,0.04433581382005162,39700.0,0.030692946399406198,0.04640007560476407,2,-0.13353139262452263,-2.6595632481035727,2025-12-10,IS7Z25,367.0,0.0,27.0,False,0.002728514653203914,-0.054841095858093616,0.010959013789719385,0.010959013789719389,0.013779890131360663,0.025143648781675857,,0.0,0.0,1.0,1.0,3.0,0.001256100940172153,0.1,19.0,1.0,1,1,1,1,1,1,1,1,2025-12-16,-0.0058479698824231,-200.0,-1.0,2025-12-22,0.017341475036487173,600.0,1.0,2025-12-26,0.028737609767356946,1000.0,1.0,2026-01-10,0.04837358428421567,1700.0,1.0,2026-01-27,0.0757725584723302,2700.0,1.0,2026-02-09,0.08919557880447093,3200.0,1.0,2026-03-11,0.11291210542178698,4100.0,1.0
2025-12-12,Fri,34800.0,34800.0,34600.0,34100.0,33100.0,32700.0,33500.0,33000.0,32500.0,32300.0,30800.0,-200.0,2025-12-12,1.0,2,32500.0,32300.0,30800.0,34280.0,31866.666666666668,2413.333333333332,3300.0,3800.0,-1.7831618820996906,-1.828888151346071,-1.7796596466542918,2025-12-11,43600.0,0.030270064302756285,0.01851904776723753,39400.0,0.03355153417123286,0.05209511188340187,39800.0,0.028027312254655875,0.04628075256400618,1,-0.14446843201441703,-3.032999320816076,2025-12-11,IS7Z25,367.0,0.0,27.0,False,0.0,-0.054841095858093616,0.010959013789719385,0.010959013789719389,0.013779890131360663,0.025143648781675857,,0.0,0.0,1.0,1.0,3.0,0.0012469664059357446,0.1,23.0,1.0,1,1,1,1,1,1,1,1,2025-12-17,0.011661939747842957,400.0,1.0,2025-12-22,0.023189444918910354,800.0,1.0,2025-12-27,0.03458557964977995,1200.0,1.0,2026-01-12,0.05422155416663885,1900.0,1.0,2026-01-27,0.08162052835475327,2900.0,1.0,2026-02-10,0.09504354868689395,3400.0,1.0,2026-03-12,0.10828877543691458,3900.0,1.0
2025-12-13,Sat,34500.0,34500.0,34300.0,33800.0,32800.0,32300.0,33300.0,32800.0,32300.0,32100.0,30600.0,-300.0,2025-12-13,1.0,2,32300.0,32100.0,30600.0,33980.0,31666.666666666668,2313.333333333332,3200.0,3700.0,-1.9521394210103211,-1.9974093197481206,-1.947377260211436,2025-12-12,43600.0,0.030270064302756285,0.01851904776723753,39200.0,0.03109058707003118,0.03901665234245172,39600.0,0.030771658666753687,0.04387800617205427,1,-0.14821594430744375,-2.9289260265909793,2025-12-12,IS7Z25,368.0,0.0,27.0,False,0.0027210901143605863,-0.05212000574373303,0.010929070532190173,0.013680103904079977,0.016500980245721247,0.027864738896036443,,0.0,0.0,1.0,1.0,3.0,0.0012469664059357446,0.1,27.0,1.0,1,1,1,1,1,1,1,1,2025-12-18,0.02049852154834097,700.0,1.0,2025-12-23,0.04625101765075569,1600.0,1.0,2025-12-29,0.0574870909176816,2000.0,1.0,2026-01-12,0.06305813596713701,2200.0,1.0,2026-01-27,0.09045711015525139,3200.0,1.0,2026-02-11,0.09853252416079673,3500.0,1.0,2026-03-13,0.11449030959940762,4100.0,1.0
2025-12-16,Tue,34800.0,34800.0,34600.0,34100.0,33100.0,32600.0,33600.0,33100.0,32500.0,32300.0,30800.0,300.0,2025-12-16,3.0,2,32500.0,32300.0,30800.0,34280.0,31866.666666666668,2413.333333333332,3300.0,3800.0,-1.71044435856742,-1.7447378525088975,-1.710030976846448,2025-12-15,43600.0,0.020858230120409788,0.01618532442101735,39100.0,0.018065007397638985,0.044451762570833796,39500.0,0.020461071871340025,0.04134955981869545,1,-0.13682508270184895,-2.159148925839306,2025-12-15,IS7Z25,368.0,24.0,42.0,False,0.0,-0.05212000574373303,0.00818558458643934,0.013680103904079977,0.016500980245721247,0.027864738896036443,,0.0,0.0,1.0,1.0,3.0,0.0013135258387698503,0.05,27.0,0.0,1,1,1,1,1,1,1,1,2025-12-22,0.023189444918910354,800.0,1.0,2025-12-26,0.03458557964977995,1200.0,1.0,2025-12-31,0.06801487629897465,2400.0,1.0,2026-01-15,0.07347937077105342,2600.0,1.0,2026-01-30,0.07891416675701032,2800.0,1.0,2026-02-14,0.06801487629897465,2400.0,1.0,2026-03-16,0.09504354868689395,3400.0,1.0
2025-12-17,Wed,35200.0,35200.0,35000.0,34500.0,33500.0,33000.0,34000.0,33500.0,32700.0,32500.0,31000.0,400.0,2025-12-17,1.0,2,32700.0,32500.0,31000.0,34680.0,32066.666666666668,2613.333333333332,3500.0,4000.0,-1.2946344381835666,-1.3167787174071495,-1.300602510590542,2025-12-16,43600.0,0.020858230120409788,0.01618532442101735,39700.0,0.02809891122235965,0.0596804832726585,39500.0,0.012739025777429712,0.043991569281534096,1,-0.14039186365583065,-2.1908409628120054,2025-12-16,IS7Z25,368.0,0.0,42.0,False,0.0,-0.05212000574373303,0.005449604767564496,0.013680103904079977,0.013680103904079985,0.027864738896036443,,0.0,0.0,1.0,1.0,3.0,0.0013135258387698503,0.1,27.0,1.0,1,1,1,1,1,1,1,1,2025-12-22,0.011527505171067414,400.0,1.0,2025-12-27,0.022923639901937024,800.0,1.0,2026-01-01,0.06453852113757116,2300.0,1.0,2026-01-16,0.07534943724178679,2700.0,1.0,2026-01-31,0.06725222700916747,2400.0,1.0,2026-02-16,0.061817431023210447,2200.0,1.0,2026-03-17,0.0966268356890717,3500.0,1.0
2025-12-18,Thu,35200.0,35200.0,35000.0,34500.0,33500.0,33000.0,34000.0,33500.0,32500.0,32300.0,30800.0,0.0,2025-12-18,1.0,2,32500.0,32300.0,30800.0,34680.0,31866.666666666668,2813.333333333332,3700.0,4200.0,-0.8496586483625563,-0.8631676862805298,-0.8613178723638805,2025-12-17,43600.0,0.006904515346544486,0.023202897079663793,39700.0,0.02551158765740851,0.062357861043374915,40200.0,0.022642476749759752,0.06420690117101027,1,-0.14039186365583065,-2.0549460410839613,2025-12-17,IS7Z25,368.0,0.0,42.0,False,0.0,-0.05212000574373303,0.002721090114360581,0.013680103904079977,0.013680103904079987,0.027864738896036443,,0.0,0.0,1.0,1.0,3.0,0.0012378264848302498,0.1,27.0,1.0,1,0,0,0,1,1,1,1,2025-12-23,0.025752496102414764,900.0,1.0,2025-12-29,0.036988569369340626,1300.0,1.0,2026-01-02,0.08604472635853476,3100.0,1.0,2026-01-17,0.07803400261245583,2800.0,1.0,2026-02-02,0.061817431023210447,2200.0,1.0,2026-02-16,0.061817431023210447,2200.0,1.0,2026-03-18,0.08870077041665106,3200.0,1.0
2025-12-19,Fri,35200.0,35200.0,35000.0,34500.0,33500.0,33000.0,34000.0,33500.0,32500.0,32300.0,30800.0,0.0,2025-12-19,1.0,2,32500.0,32300.0,30800.0,34680.0,31866.666666666668,2813.333333333332,3700.0,4200.0,-0.837262663370216,-0.8484592689225332,-0.8503475955091739,2025-12-18,43500.0,-0.002296212260350268,0.023256862164267183,39500.0,-0.0050505157860685915,0.05999191062797526,40000.0,-0.004987541511039051,0.06187540371808745,1,-0.13534134786976212,-1.7252991246909577,2025-12-18,IS7Z25,368.0,0.0,9.0,False,0.0,-0.05212000574373303,0.002721090114360581,0.013680103904079977,0.013680103904079987,0.027864738896036443,,0.0,0.0,1.0,1.0,3.0,0.0012378264848302498,0.1,27.0,1.0,1,0,0,0,1,-1,0,1,2025-12-24,0.025752496102414764,900.0,1.0,2025-12-29,0.036988569369340626,1300.0,1.0,2026-01-03,0.10969891725642453,4000.0,1.0,2026-01-19,0.08870077041665106,3200.0,1.0,2026-02-02,0.061817431023210447,2200.0,1.0,2026-02-17,0.050858417233490945,1800.0,1.0,2026-03-19,0.08870077041665106,3200.0,1.0
2025-12-20,Sat,35600.0,35600.0,35400.0,34900.0,33900.0,33400.0,34400.0,33900.0,32700.0,32500.0,31000.0,400.0,2025-12-20,1.0,2,32700.0,32500.0,31000.0,35080.0,32066.666666666668,3013.333333333332,3900.0,4400.0,-0.33444167812150905,-0.3442643097324474,-0.3508666873841203,2025-12-18,43500.0,-0.002296212260350268,0.023256862164267183,39500.0,-0.0050505157860685915,0.05999191062797526,40000.0,-0.004987541511039051,0.06187540371808745,2,-0.12381384269869465,-1.1737858482644694,2025-12-19,IS7Z25,368.0,0.0,45.0,False,0.0,-0.05212000574373303,0.0,0.01092907053219018,0.013680103904079987,0.02501166991362996,,0.0,0.0,1.0,1.0,2.0,0.0012378264848302498,0.1,27.0,1.0,1,0,0,0,1,-1,0,1,2025-12-25,0.011396134730869582,400.0,1.0,2025-12-30,0.042081945434313414,1500.0,1.0,2026-01-05,0.09296306697821885,3400.0,1.0,2026-01-19,0.07717326524558366,2800.0,1.0,2026-02-03,0.05028992585214301,1800.0,1.0,2026-02-18,0.042081945434313414,1500.0,1.0,2026-03-20,0.07717326524558366,2800.0,1.0
2025-12-22,Mon,35600.0,35600.0,35400.0,34900.0,33900.0,33400.0,34400.0,33900.0,32700.0,32500.0,31000.0,0.0,2025-12-22,2.0,2,32700.0,32500.0,31000.0,35080.0,32066.666666666668,3013.333333333332,3900.0,4400.0,-0.3145247279723182,-0.3260202914928379,-0.32999902510034423,2025-12-20,43800.0,0.0,0.03012974145202924,39900.0,0.0050251362026729795,0.06470561947533157,40300.0,0.0074720148387010564,0.06404236632709522,2,-0.13388949468743627,-1.53529414132133,2025-12-19,IS7Z25,368.0,0.0,45.0,False,0.0,-0.05212000574373303,0.0,0.01092907053219018,0.013680103904079987,0.02501166991362996,,0.0,0.0,1.0,1.0,2.0,0.0012378264848302498,0.1,27.0,1.0,3,0,0,0,1,0,0,1,2025-12-27,0.011396134730869582,400.0,1.0,2026-01-01,0.05301101596650366,1900.0,1.0,2026-01-06,0.07185410376798372,2600.0,1.0,2026-01-21,0.05028992585214301,1800.0,1.0,2026-02-05,0.07185410376798372,2600.0,1.0,2026-02-20,0.03933091206242354,1400.0,1.0,2026-03-23,0.09296306697821885,3400.0,1.0
2025-12-23,Tue,36100.0,36100.0,35900.0,35400.0,34400.0,33900.0,34900.0,34400.0,33000.0,32800.0,31300.0,500.0,2025-12-23,1.0,2,33000.0,32800.0,31300.0,35580.0,32366.666666666668,3213.333333333332,4100.0,4600.0,0.19449475454995369,0.17814980264598207,0.17886689853817284,2025-12-22,42600.0,-0.027779564107075706,0.002350177344953673,40400.0,0.027605266091888916,0.0718257345712556,40300.0,0.0074720148387010564,0.06404236632709522,1,-0.13211796482737562,-1.39904226883113,2025-12-22,IS7Z25,368.0,0.0,45.0,False,0.0,-0.05212000574373303,0.0,0.008185584586439344,0.013680103904079987,0.022166717781398615,,0.0,0.0,1.0,1.0,2.0,0.0012378264848302498,0.1,27.0,1.0,1,0,0,0,1,0,0,1,2025-12-29,0.011236073266925752,400.0,1.0,2026-01-02,0.060292230256120044,2200.0,1.0,2026-01-07,0.049596941139372186,1800.0,1.0,2026-01-22,0.030600440448717042,1100.0,1.0,2026-02-06,0.05762911283663642,2100.0,1.0,2026-02-23,0.03606493492079587,1300.0,1.0,2026-03-23,0.07873807604687161,2900.0,1.0
2025-12-24,Wed,36100.0,36100.0,35900.0,35400.0,34400.0,33900.0,34900.0,34400.0,33300.0,,,0.0,2025-12-24,1.0,2,33300.0,32800.0,31300.0,35580.0,32466.666666666668,3113.333333333332,4100.0,4600.0,-0.03565635950034041,0.19159924088327965,0.19734207455440206,2025-12-23,44800.0,0.02486003731939504,0.0527040634905684,40600.0,0.03509131981127019,0.05831817042108662,40800.0,0.027330893716971266,0.05802384011637739,1,-0.13705624646795814,-1.5315656556827282,2025-12-23,IS7Z25,368.0,0.0,45.0,False,0.0,-0.05212000574373303,0.0,0.005449604767564499,0.013680103904079987,0.01932983644619886,,0.0,0.0,0.0,1.0,2.0,0.0012378264848302498,0.1,27.0,1.0,1,0,0,0,1,1,1,1,2025-12-29,0.011236073266925752,400.0,1.0,2026-01-03,0.08394642115400969,3100.0,1.0,2026-01-08,0.03333642026759171,1200.0,1.0,2026-01-23,0.03878602503515645,1400.0,1.0,2026-02-07,0.0522815065100411,1900.0,1.0,2026-02-23,0.03606493492079587,1300.0,1.0,2026-03-25,0.07873807604687161,2900.0,1.0
2025-12-25,Thu,36100.0,36100.0,35800.0,35300.0,34300.0,33800.0,34800.0,34300.0,33300.0,33100.0,31600.0,-100.0,2025-12-25,1.0,2,33300.0,33100.0,31600.0,35520.0,32666.666666666668,2853.333333333332,3700.0,4200.0,-0.6655187669132544,-0.7800469968759062,-0.7821191190239198,2025-12-24,45100.0,0.033825096153644096,0.06409516045640047,40700.0,0.03246227614466111,0.06601381031589405,41100.0,0.03214120921179699,0.06016852146645291,1,-0.1423451285092982,-1.6644561095647727,2025-12-24,IS7Z25,368.0,0.0,45.0,False,0.0,-0.05212000574373303,0.0,0.0027210901143605846,0.013680103904079987,0.016500980245721237,,0.0,0.0,0.0,1.0,2.0,0.0012155212613475749,0.05,27.0,1.0,1,0,0,0,1,1,1,1,2025-12-30,0.030685810703443887,1100.0,1.0,2026-01-05,0.08156693224734918,3000.0,1.0,2026-01-09,0.02240990139958411,800.0,1.0,2026-01-24,0.047034948704973434,1700.0,1.0,2026-02-09,0.06045796903711404,2200.0,1.0,2026-02-23,0.03889379112127354,1400.0,1.0,2026-03-25,0.08156693224734918,3000.0,1.0
2025-12-26,Fri,36000.0,36000.0,35800.0,35300.0,34300.0,33700.0,34700.0,34000.0,33200.0,33000.0,31500.0,0.0,2025-12-26,1.0,2,33200.0,33000.0,31500.0,35480.0,32566.666666666668,2913.333333333332,3800.0,4300.0,-0.49415280945004847,-0.5115473757049331,-0.5072776035678868,2025-12-24,45100.0,0.033825096153644096,0.06409516045640047,40700.0,0.03246227614466111,0.06601381031589405,41100.0,0.03214120921179699,0.06016852146645291,2,-0.1423451285092982,-1.5855320751333,2025-12-24,IS7Z25,368.0,0.0,45.0,False,0.0,-0.05212000574373303,0.0,0.0027210901143605846,0.013680103904079987,0.016500980245721237,,0.0,0.0,0.0,1.0,2.0,0.0012155212613475749,0.05,27.0,1.0,2,0,0,0,1,1,1,1,2025-12-31,0.033429296649194674,1200.0,1.0,2026-01-05,0.08156693224734918,3000.0,1.0,2026-01-10,0.019635974516858935,700.0,1.0,2026-01-27,0.047034948704973434,1700.0,1.0,2026-02-09,0.06045796903711404,2200.0,1.0,2026-02-24,0.033429296649194674,1200.0,1.0,2026-03-26,0.07895255167327841,2900.0,1.0
2025-12-27,Sat,36000.0,36000.0,35800.0,35300.0,34300.0,33800.0,34700.0,34000.0,33200.0,33000.0,31500.0,0.0,2025-12-27,1.0,2,33200.0,33000.0,31500.0,35480.0,32566.666666666668,2913.333333333332,3800.0,4300.0,-0.46969758947748547,-0.48807787357255156,-0.48236318347178875,2025-12-26,45100.0,0.033825096153644096,0.06409516045640047,40700.0,0.03755134565213241,0.06864193272216364,41100.0,0.03717900324175403,0.06795066190850775,1,-0.1423451285092982,-1.5138994991506225,2025-12-26,IS7Z25,368.0,0.0,45.0,False,0.0,-0.05212000574373303,0.0,0.0027210901143605846,0.013680103904079987,0.016500980245721237,,0.0,0.0,0.0,1.0,2.0,0.0012155212613475749,0.05,27.0,1.0,1,0,0,0,1,1,1,1,2026-01-01,0.04161488123563414,1500.0,1.0,2026-01-06,0.06045796903711404,2200.0,1.0,2026-01-12,0.019635974516858935,700.0,1.0,2026-01-27,0.047034948704973434,1700.0,1.0,2026-02-10,0.06045796903711404,2200.0,1.0,2026-02-25,0.027934777331554066,1000.0,1.0,2026-03-27,0.08156693224734918,3000.0,1.0
2025-12-29,Mon,36500.0,36500.0,36300.0,35800.0,34800.0,34200.0,35200.0,34500.0,33900.0,33700.0,,500.0,2025-12-29,2.0,2,33900.0,33700.0,31500.0,35980.0,33033.333333333336,2946.6666666666642,4300.0,4800.0,-0.36179269935213487,0.791006129121219,0.8185948963064843,2025-12-27,45100.0,0.033825096153644096,0.059378170578261606,40700.0,0.04010562545722925,0.06601381031589405,41100.0,0.03970744959511273,0.06275584503140376,2,-0.12828019904189475,-0.9444927631636956,2025-12-26,IS7Z25,368.0,0.0,45.0,False,0.0,-0.05212000574373303,0.0,0.0027210901143605846,0.013680103904079987,0.016500980245721237,,0.0,0.0,0.0,1.0,2.0,0.0012155212613475749,0.05,27.0,1.0,3,0,0,0,0,1,0,1,2026-01-03,0.07271034788708391,2700.0,1.0,2026-01-08,0.02210034700066592,800.0,1.0,2026-01-13,0.0055710450494554295,200.0,1.0,2026-01-28,0.024828861653869966,900.0,1.0,2026-02-12,0.03026365763982693,1100.0,1.0,2026-02-27,0.01662088123604028,600.0,1.0,2026-03-30,0.09581792289723351,3600.0,1.0
2025-12-30,Tue,37100.0,37100.0,36900.0,36400.0,35400.0,34800.0,35800.0,35100.0,34200.0,34000.0,32500.0,600.0,2025-12-30,1.0,2,34200.0,34000.0,32500.0,36580.0,33566.666666666664,3013.3333333333358,3900.0,4400.0,-0.16079208921350369,-0.20121452509218138,-0.19494763550694008,2025-12-29,45500.0,0.04265517560191611,0.06351340572232593,41900.0,0.06916335993677186,0.0872283673344108,41100.0,0.03970744959511273,0.06016852146645291,1,-0.14071705228539702,-1.3547159544432472,2025-12-29,IS7F26,363.0,0.0,45.0,True,,-0.05212000574373303,0.0,0.0,0.013680103904079987,,,1.0,1.0,1.0,2.0,3.0,0.0012155212613475749,0.05,27.0,1.0,1,0,0,0,1,1,1,1,2026-01-05,0.05088112154390537,1900.0,1.0,2026-01-09,-0.00827590930385971,-300.0,-1.0,2026-01-15,0.008207980417829582,300.0,1.0,2026-01-29,0.008207980417829582,300.0,1.0,2026-02-13,0.002743485945750834,100.0,1.0,2026-02-28,-0.00827590930385971,-300.0,-1.0,2026-03-30,0.0791970416611931,3000.0,1.0
2025-12-31,Wed,37200.0,37200.0,37000.0,36500.0,35500.0,35000.0,36000.0,35200.0,34200.0,34000.0,32500.0,100.0,2025-12-31,1.0,2,34200.0,34000.0,32500.0,36680.0,33566.666666666664,3113.3333333333358,4000.0,4500.0,0.12667352931112258,0.08260816630096952,0.08754615009802102,2025-12-29,45500.0,0.04265517560191611,0.06351340572232593,41900.0,0.06916335993677186,0.0872283673344108,41100.0,0.03970744959511273,0.06016852146645291,2,-0.13797356633964625,-1.202068238045393,2025-12-30,IS7F26,363.0,0.0,45.0,False,0.0,-0.05212000574373303,0.0,0.0,0.013680103904079987,,,1.0,1.0,1.0,2.0,3.0,0.0012378264848302498,0.05,27.0,1.0,1,0,0,0,1,1,1,1,2026-01-05,0.0481376355981545,1800.0,1.0,2026-01-10,-0.013793322132335873,-500.0,-1.0,2026-01-15,0.005464494472078745,200.0,1.0,2026-01-30,0.010899290458035638,400.0,1.0,2026-02-14,0.0,0.0,0.0,2026-03-02,0.013605652055778678,500.0,1.0,2026-03-31,0.10398971352404764,4000.0,1.0
2026-01-01,Thu,37500.0,37500.0,37300.0,36800.0,35800.0,35300.0,36300.0,35500.0,34700.0,34500.0,33000.0,300.0,2026-01-01,1.0,2,34700.0,34500.0,33000.0,36980.0,34066.666666666664,2913.3333333333358,3800.0,4300.0,-0.3894298491652909,-0.42301428993774376,-0.42301428993773554,2025-12-31,44900.0,0.02938064439321996,0.050238874513629794,42000.0,0.056318430590223616,0.08441734181258322,43300.0,0.09185196310136803,0.10459098887879778,1,-0.13217177310848308,-0.9504094638821584,2025-12-31,IS7F26,363.0,0.0,30.0,False,0.0,-0.05212000574373303,0.0,0.0,0.013680103904079987,,,1.0,1.0,1.0,2.0,3.0,0.0012378264848302498,0.05,27.0,1.0,1,0,0,0,0,1,0,1,2026-01-06,0.018843087801479915,700.0,1.0,2026-01-12,-0.02197890671877523,-800.0,-1.0,2026-01-16,0.010810916104215676,400.0,1.0,2026-01-31,0.0027137058715963258,100.0,1.0,2026-02-16,-0.0027210901143606132,-100.0,-1.0,2026-03-02,0.005420067469339113,200.0,1.0,2026-04-01,0.09580412893760827,3700.0,1.0
2026-01-02,Fri,38300.0,38300.0,38100.0,37600.0,36600.0,36000.0,37200.0,36200.0,34700.0,34500.0,33000.0,800.0,2026-01-02,1.0,2,34700.0,34500.0,33000.0,37780.0,34066.666666666664,3713.3333333333358,4600.0,5100.0,1.8283711431256087,1.7598746097921958,1.7598746097921674,2026-01-01,46300.0,0.060084810737199665,0.06698932608374414,42900.0,0.07752063824082664,0.10303222589823514,43400.0,0.07659244548138387,0.09923492223114362,1,-0.13186777553812248,-0.9036833375691488,2025-12-31,IS7F26,363.0,0.0,30.0,False,0.0,-0.05212000574373303,0.0,0.0,0.013680103904079987,,,1.0,1.0,1.0,2.0,3.0,0.0012378264848302498,0.05,27.0,1.0,2,-1,-1,-1,0,1,0,1,2026-01-07,-0.010695289116747919,-400.0,-1.0,2026-01-12,-0.04348511193973878,-1600.0,-1.0,2026-01-17,-0.008010723746078972,-300.0,-1.0,2026-02-02,-0.024227295335324237,-900.0,-1.0,2026-02-16,-0.024227295335324237,-900.0,-1.0,2026-03-03,-0.005333345975362617,-200.0,-1.0,2026-04-02,0.08656801630845902,3400.0,1.0
2026-01-03,Sat,39200.0,39200.0,39000.0,38500.0,37500.0,37000.0,38000.0,37000.0,35400.0,35200.0,33700.0,900.0,2026-01-03,1.0,2,35400.0,35200.0,33700.0,38680.0,34766.666666666664,3913.3333333333358,4800.0,5300.0,2.305016553878954,2.233021530825011,2.233021530824974,2026-01-02,46800.0,0.07312226482896259,0.07082605256861242,44600.0,0.12143318711894222,0.11638267133287374,45000.0,0.11778303565638346,0.11279549414534429,1,-0.14707561773227978,-1.4106564189918045,2026-01-02,IS7F26,363.0,0.0,30.0,False,0.0,-0.05212000574373303,0.0,0.0,0.013680103904079987,,,1.0,1.0,1.0,2.0,3.0,0.0012378264848302498,0.05,27.0,1.0,1,-1,-1,-1,1,1,1,1,2026-01-08,-0.05061000088641799,-1900.0,-1.0,2026-01-13,-0.06713930283762856,-2500.0,-1.0,2026-01-19,-0.02099814683977347,-800.0,-1.0,2026-02-02,-0.04788148623321397,-1800.0,-1.0,2026-02-17,-0.058840500022933465,-2200.0,-1.0,2026-03-05,-0.026317308317373417,-1000.0,-1.0,2026-04-03,0.05310982531394833,2100.0,1.0
2026-01-05,Mon,39000.0,39000.0,38800.0,38300.0,37300.0,36800.0,37800.0,36800.0,34700.0,34500.0,33000.0,-200.0,2026-01-05,2.0,2,34700.0,34500.0,33000.0,38480.0,34066.666666666664,4413.333333333336,5300.0,5800.0,3.5418487935917646,3.4571317486894975,3.4571317486894433,2026-01-02,46800.0,0.07312226482896259,0.07082605256861242,44600.0,0.12143318711894222,0.11638267133287374,45000.0,0.11778303565638346,0.11279549414534429,3,-0.15228396283941803,-1.5349760041196574,2026-01-02,IS7F26,363.0,0.0,30.0,False,0.0,-0.05212000574373303,0.0,0.0,0.013680103904079987,,,1.0,1.0,1.0,2.0,3.0,0.0012378264848302498,0.05,27.0,1.0,3,-1,-1,-1,1,1,1,1,2026-01-10,-0.06193095773049027,-2300.0,-1.0,2026-01-15,-0.0426731411260757,-1600.0,-1.0,2026-01-20,-0.029141134907499467,-1100.0,-1.0,2026-02-04,-0.0318329265732109,-1200.0,-1.0,2026-02-19,-0.05363215491579525,-2000.0,-1.0,2026-03-06,-0.007863736460214576,-300.0,-1.0,2026-04-06,0.08505123261815546,3400.0,1.0
2026-01-06,Tue,38200.0,38200.0,38000.0,37500.0,36500.0,36000.0,37000.0,36000.0,34400.0,34200.0,32700.0,-800.0,2026-01-06,1.0,2,34400.0,34200.0,32700.0,37680.0,33766.666666666664,3913.3333333333358,4800.0,5300.0,1.9938179038572206,1.9401763938529182,1.9401763938528938,2026-01-02,46800.0,0.07312226482896259,0.07082605256861242,44600.0,0.12143318711894222,0.11638267133287374,45000.0,0.11778303565638346,0.11279549414534429,4,-0.17339292604965328,-2.2209588437384085,2026-01-05,IS7F26,363.0,18.0,30.0,False,0.0,-0.05212000574373303,0.0,0.0,0.013680103904079987,,,1.0,1.0,1.0,2.0,3.0,0.0012378264848302498,0.05,34.5,0.0,1,-1,-1,-1,1,1,1,1,2026-01-12,-0.040821994520255166,-1500.0,-1.0,2026-01-16,-0.008032171697264267,-300.0,-1.0,2026-01-21,-0.021564177915840525,-800.0,-1.0,2026-02-05,0.0,0.0,0.0,2026-02-20,-0.03252319170556006,-1200.0,-1.0,2026-03-07,0.026317308317373358,1000.0,1.0,2026-04-06,0.10616019582839073,4200.0,1.0
2026-01-07,Wed,37900.0,37900.0,37700.0,37200.0,36200.0,35700.0,36700.0,35700.0,34200.0,34000.0,32500.0,-300.0,2026-01-07,1.0,2,34200.0,34000.0,32500.0,37380.0,33566.666666666664,3813.3333333333358,4700.0,5200.0,1.6692457039601816,1.6224370826607208,1.6224370826606997,2026-01-06,47300.0,0.07687647811548685,0.07687647811548685,43500.0,0.08638461419882064,0.09140975040149378,44500.0,0.09913772021955732,0.10660973505825827,1,-0.1564521768155375,-1.5363949497409763,2026-01-06,IS7F26,364.0,0.0,30.0,False,0.0027510333718897976,-0.049368972371843234,0.0027510333718897923,0.002751033371889796,0.013680103904079987,,,0.0,1.0,1.0,2.0,3.0,0.0012378264848302498,0.1,36.0,1.0,1,-1,-1,-1,1,1,1,1,2026-01-12,-0.03278982282299084,-1200.0,-1.0,2026-01-17,0.002684565370668983,100.0,1.0,2026-01-22,-0.018996500690655036,-700.0,-1.0,2026-02-06,0.008032171697264253,300.0,1.0,2026-02-23,-0.013532006218576273,-500.0,-1.0,2026-03-09,0.03434948001463764,1300.0,1.0,2026-04-07,0.11897706564899127,4700.0,1.0
2026-01-08,Thu,37400.0,37400.0,37200.0,36600.0,35600.0,34600.0,36100.0,35100.0,33700.0,33500.0,32000.0,-600.0,2026-01-08,1.0,2,33700.0,33500.0,32000.0,36840.0,33066.666666666664,3773.3333333333358,4600.0,5200.0,1.5180778432715256,1.3419096725962743,1.5661842696875536,2026-01-06,47300.0,0.07687647811548685,0.07687647811548685,43500.0,0.08638461419882064,0.09140975040149378,44500.0,0.09913772021955732,0.10660973505825827,2,-0.1727126976873178,-2.0295136861566987,2026-01-07,IS7F26,368.0,3.0,33.0,False,0.01092907053219023,-0.038439901839653005,0.013680103904080022,0.013680103904080025,0.021865688490519383,,,0.0,1.0,1.0,2.0,3.0,0.0012378264848302498,0.1,36.0,0.0,1,-1,-1,-1,1,1,1,1,2026-01-13,-0.016529301951210582,-600.0,-1.0,2026-01-19,0.02961185404664444,1100.0,1.0,2026-01-23,0.005449604767564685,200.0,1.0,2026-02-07,0.018945086242449203,700.0,1.0,2026-02-23,0.002728514653203914,100.0,1.0,2026-03-09,0.05061000088641792,1900.0,1.0,2026-04-08,0.13523758652077153,5300.0,1.0
2026-01-09,Fri,36800.0,36800.0,36600.0,36100.0,35100.0,34100.0,35500.0,34500.0,33200.0,33000.0,31500.0,-500.0,2026-01-09,1.0,2,33200.0,33000.0,31500.0,36280.0,32566.666666666668,3713.333333333332,4600.0,5100.0,1.3324369329585235,1.3001188068445175,1.2896487558949794,2026-01-08,47100.0,0.1004187477470474,0.0726391836399717,42900.0,0.06004204096686695,0.08764730705875567,43700.0,0.08099663314890708,0.08846864798760819,1,-0.172578960595136,-1.935962775565394,2026-01-08,IS7F26,368.0,12.0,45.0,False,0.0,-0.038439901839653005,0.013680103904080023,0.013680103904080027,0.019129708671644534,0.02736020780816,,0.0,1.0,1.0,1.0,3.0,0.002626614635916685,0.15,36.0,0.0,1,-1,-1,-1,1,1,1,1,2026-01-15,0.016483889721689415,600.0,1.0,2026-01-19,0.043367229115129864,1600.0,1.0,2026-01-24,0.024625047305389194,900.0,1.0,2026-02-09,0.038048067637529964,1400.0,1.0,2026-02-23,0.016483889721689415,600.0,1.0,2026-03-10,0.07212738129039248,2700.0,1.0,2026-04-09,0.1297152561633537,5000.0,1.0
2026-01-10,Sat,36700.0,36700.0,36500.0,36000.0,35000.0,34000.0,35500.0,34500.0,33200.0,33000.0,31500.0,-100.0,2026-01-10,1.0,2,33200.0,33000.0,31500.0,36180.0,32566.666666666668,3613.333333333332,4500.0,5000.0,1.0676088046131071,1.0372677712035376,1.0284529273305416,2026-01-08,47100.0,0.1004187477470474,0.0726391836399717,42900.0,0.06004204096686695,0.08764730705875567,43700.0,0.08099663314890708,0.08846864798760819,2,-0.1753528874778613,-1.945478584797204,2026-01-09,IS7F26,369.0,0.0,45.0,False,0.0027137058715963258,-0.03572619596805668,0.01639380977567635,0.016393809775676352,0.019114899890036948,0.03007391367975633,,0.0,1.0,1.0,1.0,3.0,0.0026098274538454503,0.2,36.0,1.0,1,-1,-1,-1,1,1,1,1,2026-01-15,0.01925781660441452,700.0,1.0,2026-01-20,0.03278982282299097,1200.0,1.0,2026-01-27,0.027398974188114347,1000.0,1.0,2026-02-09,0.0408219945202552,1500.0,1.0,2026-02-24,0.01379332213233577,500.0,1.0,2026-03-11,0.06453852113757116,2400.0,1.0,2026-04-10,0.12761112459264604,4900.0,1.0
2026-01-12,Mon,36700.0,36700.0,36500.0,36000.0,35000.0,34000.0,35500.0,34500.0,33200.0,33000.0,31500.0,0.0,2026-01-12,2.0,2,33200.0,33000.0,31500.0,36180.0,32566.666666666668,3613.333333333332,4500.0,5000.0,1.0481504330141966,1.0184162868141857,1.0098412720341103,2026-01-11,47100.0,0.05006486160143268,0.07492489892082757,42900.0,0.055103759326284425,0.0901950791375545,43300.0,0.05947055359832815,0.08680144731529939,1,-0.1753528874778613,-1.84999190298135,2026-01-09,IS7F26,369.0,0.0,45.0,False,0.0027137058715963258,-0.03572619596805668,0.01639380977567635,0.016393809775676352,0.019114899890036948,0.03007391367975633,,0.0,1.0,1.0,1.0,3.0,0.0026098274538454503,0.2,36.0,1.0,3,-1,-1,-1,1,1,1,1,2026-01-17,0.035474388193659945,1300.0,1.0,2026-01-22,0.01379332213233577,500.0,1.0,2026-01-27,0.027398974188114347,1000.0,1.0,2026-02-11,0.035474388193659945,1300.0,1.0,2026-02-26,0.008298802814695064,300.0,1.0,2026-03-13,0.05143217363227069,1900.0,1.0,2026-04-13,0.13248918304607887,5100.0,1.0
2026-01-13,Tue,36700.0,36700.0,36500.0,36000.0,35000.0,34000.0,35500.0,34500.0,33000.0,32800.0,31300.0,0.0,2026-01-13,1.0,2,33000.0,32800.0,31300.0,36180.0,32366.666666666668,3813.333333333332,4700.0,5200.0,1.4597140913871902,1.4301509681273277,1.419747575771254,2026-01-11,47100.0,0.05006486160143268,0.07492489892082757,42900.0,0.055103759326284425,0.0901950791375545,43300.0,0.05947055359832815,0.08680144731529939,2,-0.1753528874778613,-1.7671608902850242,2026-01-12,IS7F26,373.0,0.0,45.0,False,0.010781775603288413,-0.024944420364768266,0.02717558537896476,0.027175585378964764,0.02989667549332536,0.04085568928304474,,0.0,1.0,1.0,1.0,3.0,0.002609286872110971,0.2,37.5,1.0,1,-1,-1,-1,1,1,1,1,2026-01-19,0.04614115599785513,1700.0,1.0,2026-01-23,0.021978906718775167,800.0,1.0,2026-01-28,0.01925781660441452,700.0,1.0,2026-02-12,0.024692612590371414,900.0,1.0,2026-02-27,0.011049836186584935,400.0,1.0,2026-03-14,0.04614115599785513,1700.0,1.0,2026-04-13,0.13248918304607887,5100.0,1.0
2026-01-15,Thu,37300.0,37300.0,37100.0,36700.0,35700.0,34700.0,36200.0,35200.0,33500.0,33300.0,31800.0,700.0,2026-01-15,2.0,2,33500.0,33300.0,31800.0,36820.0,32866.666666666664,3953.3333333333358,4900.0,5300.0,1.7290357654162494,1.8276219746045397,1.6041034064311146,2026-01-14,46800.0,0.037000956414968304,0.07082605256861242,42600.0,0.045626160826775536,0.07808843697143662,43000.0,0.045191994191373555,0.07733320340317032,1,-0.14907749821480015,-0.9074608743520332,2026-01-14,IS7F26,373.0,0.0,45.0,False,0.0,-0.024944420364768266,0.013495481474884732,0.027175585378964764,0.02717558537896477,0.04085568928304474,,0.0,0.0,1.0,1.0,3.0,0.0034298896662063464,0.2,42.0,1.0,1,-1,-1,-1,0,1,0,1,2026-01-20,0.013532006218576373,500.0,1.0,2026-01-27,0.008141157583699866,300.0,1.0,2026-01-30,0.005434795985956995,200.0,1.0,2026-02-14,-0.0054644944720787375,-200.0,-1.0,2026-03-02,0.008141157583699866,300.0,1.0,2026-03-16,0.02156417791584064,800.0,1.0,2026-04-15,0.11079531164378327,4300.0,1.0
2026-01-16,Fri,37900.0,37900.0,37700.0,37200.0,36200.0,35200.0,36600.0,35600.0,34700.0,34500.0,33000.0,500.0,2026-01-16,1.0,2,34700.0,34500.0,33000.0,37380.0,34066.666666666664,3313.3333333333358,4200.0,4700.0,0.34571249650766267,0.3150899403459833,0.3155519549496553,2026-01-15,46800.0,0.037000956414968304,0.07082605256861242,43900.0,0.07568622763257635,0.11323757328470886,43000.0,0.045191994191373555,0.08237099743312756,1,-0.16560555880202474,-1.3740689848482366,2026-01-15,IS7F26,373.0,0.0,45.0,False,0.0,-0.024944420364768266,0.013495481474884732,0.027175585378964764,0.02717558537896477,0.04085568928304474,,0.0,0.0,1.0,1.0,3.0,0.0034298896662063464,0.15,43.5,1.0,1,0,0,0,1,1,1,1,2026-01-21,-0.013532006218576273,-500.0,-1.0,2026-01-27,-0.005390848634876423,-200.0,-1.0,2026-01-31,-0.008097210232619362,-300.0,-1.0,2026-02-16,-0.013532006218576273,-500.0,-1.0,2026-03-02,-0.005390848634876423,-200.0,-1.0,2026-03-17,0.02127739844728488,800.0,1.0,2026-04-16,0.09237332013101507,3600.0,1.0
2026-01-17,Sat,38100.0,38100.0,37900.0,37300.0,36400.0,35400.0,36900.0,35900.0,34700.0,34500.0,33000.0,100.0,2026-01-17,1.0,2,34700.0,34500.0,33000.0,37560.0,34066.666666666664,3493.3333333333358,4300.0,4900.0,0.7309227795093889,0.5317411454461536,0.7413606587015718,2026-01-15,46800.0,0.037000956414968304,0.07082605256861242,43900.0,0.07568622763257635,0.11323757328470886,43000.0,0.045191994191373555,0.08237099743312756,2,-0.16292099343135577,-1.2453598729125817,2026-01-16,IS7F26,373.0,0.0,45.0,False,0.0,-0.024944420364768266,0.010781775603288406,0.027175585378964764,0.02717558537896477,0.04085568928304474,,0.0,0.0,1.0,1.0,3.0,0.0034298896662063464,0.15,45.0,1.0,1,0,0,0,1,1,1,1,2026-01-22,-0.021681066061324052,-800.0,-1.0,2026-01-27,-0.008075414005545418,-300.0,-1.0,2026-02-02,-0.01621657158924528,-600.0,-1.0,2026-02-16,-0.01621657158924528,-600.0,-1.0,2026-03-03,0.0026773777707163942,100.0,1.0,2026-03-18,0.010666767804195228,400.0,1.0,2026-04-17,0.0872347657987795,3400.0,1.0
2026-01-19,Mon,38500.0,38500.0,38300.0,37700.0,36700.0,35700.0,37300.0,36300.0,34700.0,34500.0,33000.0,400.0,2026-01-19,2.0,2,34700.0,34500.0,33000.0,37940.0,34066.666666666664,3873.3333333333358,4700.0,5300.0,1.5280304940130822,1.3724172513336208,1.5766966121681314,2026-01-17,47200.0,0.04551164608287709,0.07933674223652101,44900.0,0.09820970229965938,0.13831532775688862,45300.0,0.0972989109867995,0.13700636058191207,2,-0.17477770029424358,-1.5614925639092452,2026-01-16,IS7F26,373.0,0.0,45.0,False,0.0,-0.024944420364768266,0.010781775603288406,0.027175585378964764,0.02717558537896477,0.04085568928304474,,0.0,0.0,1.0,1.0,3.0,0.0034298896662063464,0.15,45.0,1.0,3,-1,-1,-1,1,1,1,1,2026-01-24,-0.01874218180974064,-700.0,-1.0,2026-01-29,-0.02688333939344053,-1000.0,-1.0,2026-02-03,-0.02688333939344053,-1000.0,-1.0,2026-02-18,-0.03509131981127006,-1300.0,-1.0,2026-03-05,-0.005319161477599933,-200.0,-1.0,2026-03-20,0.0,0.0,0.0,2026-04-20,0.07656799799458433,3000.0,1.0
2026-01-20,Tue,37900.0,37900.0,37700.0,37200.0,36100.0,35100.0,36800.0,35800.0,34700.0,34500.0,33000.0,-500.0,2026-01-20,1.0,2,34700.0,34500.0,33000.0,37360.0,34066.666666666664,3293.3333333333358,4200.0,4700.0,0.2920828968813535,0.30937059625232366,0.30077304358446755,2026-01-19,48000.0,0.05348868495098622,0.09614386055290235,44900.0,0.0691519678201165,0.13831532775688862,45300.0,0.0972989109867995,0.13700636058191207,1,-0.18812903346910767,-1.903327165552018,2026-01-16,IS7F26,373.0,0.0,45.0,False,0.0,-0.024944420364768266,0.010781775603288406,0.027175585378964764,0.02717558537896477,0.04085568928304474,,0.0,0.0,1.0,1.0,3.0,0.0034298896662063464,0.15,45.0,1.0,4,0,0,0,1,1,1,1,2026-01-27,-0.005390848634876423,-200.0,-1.0,2026-01-30,-0.008097210232619362,-300.0,-1.0,2026-02-04,-0.0026917916657114146,-100.0,-1.0,2026-02-19,-0.024491020008295755,-900.0,-1.0,2026-03-06,0.02127739844728488,800.0,1.0,2026-03-21,0.02127739844728488,800.0,1.0,2026-04-20,0.08991933116944835,3500.0,1.0
2026-01-21,Wed,37400.0,37400.0,37200.0,36700.0,35500.0,34500.0,36200.0,35200.0,34200.0,34000.0,32500.0,-500.0,2026-01-21,1.0,2,34200.0,34000.0,32500.0,36840.0,33566.666666666664,3273.3333333333358,4200.0,4700.0,0.2554478083773571,0.31326196988890653,0.3046200547085616,2026-01-19,48000.0,0.05348868495098622,0.09614386055290235,44900.0,0.0691519678201165,0.13831532775688862,45300.0,0.0972989109867995,0.13700636058191207,2,-0.20166103968768398,-2.2137342400359667,2026-01-20,IS7F26,373.0,0.0,45.0,False,0.0,-0.024944420364768266,0.0,0.027175585378964764,0.02717558537896477,0.04085568928304474,,0.0,0.0,1.0,1.0,3.0,0.0034298896662063464,0.15,45.0,1.0,1,0,0,0,1,1,1,1,2026-01-27,0.008141157583699866,300.0,1.0,2026-01-31,0.005434795985956995,200.0,1.0,2026-02-05,0.02156417791584064,800.0,1.0,2026-02-20,-0.010959013789719543,-400.0,-1.0,2026-03-07,0.047881486233214005,1800.0,1.0,2026-03-23,0.042673141126075696,1600.0,1.0,2026-04-21,0.10345133738802477,4000.0,1.0
2026-01-22,Thu,37200.0,37200.0,37000.0,36500.0,35300.0,,36000.0,35000.0,33900.0,33700.0,32200.0,-200.0,2026-01-22,1.0,2,33900.0,33700.0,32200.0,36640.0,33266.666666666664,3373.3333333333358,4300.0,4800.0,0.4675614880951394,0.5240186070626833,0.5141370610670918,2026-01-21,48000.0,0.06676321615968242,0.09614386055290235,43500.0,0.03509131981127019,0.09140975040149378,44300.0,0.02283204204264569,0.11468400514401375,1,-0.1754486775061926,-1.344295115151448,2026-01-21,IS7F26,373.0,2.0,45.0,False,0.0,-0.024944420364768266,0.0,0.024424552007074968,0.02717558537896477,0.038104655911154944,,0.0,0.0,1.0,1.0,3.0,0.0034298896662063464,0.15,45.0,0.0,1,0,0,0,1,1,1,1,2026-01-27,0.013605652055778678,500.0,1.0,2026-02-02,0.005464494472078745,200.0,1.0,2026-02-06,0.02702867238791942,1000.0,1.0,2026-02-23,0.005464494472078745,200.0,1.0,2026-03-09,0.053345980705292714,2000.0,1.0,2026-03-23,0.0481376355981545,1800.0,1.0,2026-04-22,0.11625980611586202,4500.0,1.0
2026-01-23,Fri,37500.0,37500.0,37300.0,36800.0,35500.0,34500.0,36300.0,35300.0,34200.0,34000.0,32500.0,300.0,2026-01-23,1.0,2,34200.0,34000.0,32500.0,36920.0,33566.666666666664,3353.3333333333358,4300.0,4800.0,0.41998597030088985,0.5159898132372465,0.5062065220709809,2026-01-21,48000.0,0.06676321615968242,0.09614386055290235,43500.0,0.03509131981127019,0.09140975040149378,44300.0,0.02283204204264569,0.11468400514401375,2,-0.1672630929197532,-1.0638987812232226,2026-01-22,IS7F26,373.0,0.0,45.0,False,0.0,-0.024944420364768266,0.0,0.013495481474884736,0.02717558537896477,0.03536116996540411,,0.0,0.0,1.0,1.0,3.0,0.0034298896662063464,0.2,45.0,1.0,1,0,0,0,1,1,1,1,2026-01-28,-0.0027210901143606132,-100.0,-1.0,2026-02-02,-0.0027210901143606132,-100.0,-1.0,2026-02-07,0.013495481474884509,500.0,1.0,2026-02-23,-0.0027210901143606132,-100.0,-1.0,2026-03-09,0.045160396118853335,1700.0,1.0,2026-03-25,0.03995205101171497,1500.0,1.0,2026-04-23,0.11051027632730369,4300.0,1.0
2026-01-24,Sat,37700.0,37700.0,37500.0,37000.0,35700.0,34700.0,36500.0,33500.0,34400.0,34200.0,32700.0,200.0,2026-01-24,1.0,2,34400.0,34200.0,32700.0,37120.0,33766.666666666664,3353.3333333333358,4300.0,4800.0,0.41461485436884227,0.5080229281253064,0.49833538047223275,2026-01-21,48000.0,0.06676321615968242,0.09614386055290235,43500.0,0.03509131981127019,0.09140975040149378,44300.0,0.02283204204264569,0.11468400514401375,3,-0.161843025450414,-0.8736060453650787,2026-01-23,IS7G26,379.0,3.0,42.0,True,,-0.024944420364768266,0.0,0.013495481474884736,,,,1.0,1.0,2.0,2.0,3.0,0.0034298896662063464,0.2,45.0,0.0,1,0,0,0,0,1,0,0,2026-01-29,-0.008141157583699885,-300.0,-1.0,2026-02-03,-0.008141157583699885,-300.0,-1.0,2026-02-09,0.01342302033214077,500.0,1.0,2026-02-23,-0.008141157583699885,-300.0,-1.0,2026-03-10,0.04750233398500326,1800.0,1.0,2026-03-25,0.034531983542375945,1300.0,1.0,2026-04-24,0.10265415406008337,4000.0,1.0
2026-01-27,Tue,37700.0,37700.0,37500.0,37000.0,35700.0,34700.0,36500.0,35500.0,34400.0,34200.0,32700.0,0.0,2026-01-27,3.0,2,34400.0,34200.0,32700.0,37120.0,33766.666666666664,3353.3333333333358,4300.0,4800.0,0.4092683928975378,0.5001161305322713,0.49052189015767533,2026-01-21,48000.0,0.06676321615968242,0.09614386055290235,43500.0,0.03509131981127019,0.09140975040149378,44300.0,0.02283204204264569,0.11468400514401375,6,-0.161843025450414,-0.8439127032984393,2026-01-26,IS7G26,379.0,0.0,42.0,False,0.0,-0.024944420364768266,0.0,0.01078177560328841,,,,1.0,1.0,2.0,2.0,3.0,0.0035112858638534695,0.25,45.0,1.0,1,0,0,0,0,1,0,0,2026-02-02,-0.008141157583699885,-300.0,-1.0,2026-02-06,0.01342302033214077,500.0,1.0,2026-02-11,0.008075414005545331,300.0,1.0,2026-02-26,-0.019100171373419378,-700.0,-1.0,2026-03-13,0.024033199444156193,900.0,1.0,2026-03-28,0.04492168739151165,1700.0,1.0,2026-04-27,0.10265415406008337,4000.0,1.0
2026-01-28,Wed,37400.0,37400.0,37200.0,36700.0,35400.0,34400.0,35800.0,34800.0,34200.0,34000.0,32500.0,-300.0,2026-01-28,1.0,2,34200.0,34000.0,32500.0,36820.0,33566.666666666664,3253.3333333333358,4200.0,4700.0,0.20189983063393896,0.2907630421919918,0.28235345629791286,2026-01-27,48000.0,0.03605904981570264,0.09614386055290235,43200.0,0.0069686693160934355,0.08448930755691998,43800.0,0.00917437627604123,0.0857668217574251,1,-0.16306374018953998,-0.8517241875041361,2026-01-27,IS7G26,379.0,3.0,45.0,False,0.0,-0.024944420364768266,0.0,0.0,,,,1.0,1.0,2.0,2.0,3.0,0.0035112858638534695,0.25,45.0,0.0,1,0,0,0,0,1,0,0,2026-02-02,0.0,0.0,0.0,2026-02-07,0.01621657158924529,600.0,1.0,2026-02-12,0.005434795985956995,200.0,1.0,2026-02-27,-0.008207980417829622,-300.0,-1.0,2026-03-14,0.02688333939344045,1000.0,1.0,2026-03-30,0.07098906124336363,2700.0,1.0,2026-04-28,0.10345133738802477,4000.0,1.0
2026-01-29,Thu,37400.0,37400.0,37200.0,36700.0,35200.0,34400.0,35800.0,34800.0,34200.0,34000.0,32500.0,0.0,2026-01-29,1.0,2,34200.0,34000.0,32500.0,36780.0,33566.666666666664,3213.3333333333358,4200.0,4700.0,0.12171036430428876,0.2907630421919918,0.28235345629791286,2026-01-28,48000.0,0.025317807984289786,0.09844007281325251,43100.0,-0.03421086191631627,0.08722232520262596,43500.0,-0.03390155167568134,0.08388148398070203,1,-0.1607462420491775,-0.7537106835294933,2026-01-28,IS7G26,379.0,0.0,45.0,False,0.0,-0.024944420364768266,0.0,0.0,0.02717558537896477,,,1.0,1.0,1.0,2.0,3.0,0.0035112858638534695,0.3,45.0,1.0,1,0,0,0,0,0,0,1,2026-02-03,0.0,0.0,0.0,2026-02-09,0.02156417791584064,800.0,1.0,2026-02-13,-0.0054644944720787375,-200.0,-1.0,2026-02-28,-0.01648388972168937,-600.0,-1.0,2026-03-16,0.02156417791584064,800.0,1.0,2026-03-30,0.07098906124336363,2700.0,1.0,2026-04-29,0.09357471389211261,3600.0,1.0
2026-01-30,Fri,37700.0,37700.0,37400.0,36900.0,35400.0,34600.0,36000.0,35000.0,34200.0,34000.0,32500.0,200.0,2026-01-30,1.0,2,34200.0,34000.0,32500.0,37020.0,33566.666666666664,3453.3333333333358,4400.0,4900.0,0.6241799995459067,0.7056433074633416,0.6949060110567067,2026-01-29,48000.0,0.014690715410003592,0.09156719352549043,43200.0,-0.006920442844573795,0.0794641713542468,43100.0,-0.03196619206249241,0.0671715281570648,1,-0.15762894420358317,-0.6305206369850972,2026-01-29,IS7G26,379.0,0.0,45.0,False,0.0,-0.024944420364768266,0.0,0.0,0.02717558537896477,,,1.0,1.0,1.0,2.0,3.0,0.0034298896662063464,0.3,45.0,1.0,1,0,0,0,0,0,0,1,2026-02-04,0.005405418566907982,200.0,1.0,2026-02-09,0.016129381929883717,600.0,1.0,2026-02-14,-0.010899290458035631,-400.0,-1.0,2026-03-02,0.0027063615977428457,100.0,1.0,2026-03-16,0.016129381929883717,600.0,1.0,2026-03-31,0.09309042306601203,3600.0,1.0,2026-04-30,0.08316478326604203,3200.0,1.0
2026-01-31,Sat,37700.0,37700.0,37400.0,36900.0,35400.0,34400.0,36000.0,35000.0,34400.0,34200.0,32700.0,0.0,2026-01-31,1.0,2,34400.0,34200.0,32700.0,37020.0,33766.666666666664,3253.3333333333358,4200.0,4700.0,0.20612646325246928,0.28674748179585596,0.2783870252051633,2026-01-30,48000.0,0.01892800988551886,0.11934675763256623,43200.0,0.0069686693160934355,0.0670107102829603,43600.0,-0.0022909517465558244,0.07870568140235133,1,-0.15762894420358317,-0.6037495796234239,2026-01-30,IS7G26,379.0,0.0,33.0,False,0.0,-0.024944420364768266,0.0,0.0,0.02717558537896477,,,0.0,1.0,1.0,2.0,3.0,0.0034298896662063464,0.3,45.0,1.0,1,0,0,0,0,1,0,1,2026-02-05,0.016129381929883717,600.0,1.0,2026-02-10,0.016129381929883717,600.0,1.0,2026-02-16,-0.005434795985956945,-200.0,-1.0,2026-03-02,0.0027063615977428457,100.0,1.0,2026-03-17,0.029374608679904317,1100.0,1.0,2026-04-01,0.09309042306601203,3600.0,1.0,2026-05-01,0.08813991790615584,3400.0,1.0
2026-02-02,Mon,37600.0,37600.0,37300.0,36700.0,35000.0,34400.0,35800.0,34800.0,34500.0,34300.0,32800.0,-200.0,2026-02-02,2.0,2,34500.0,34300.0,32800.0,36840.0,33866.666666666664,2973.3333333333358,3900.0,4500.0,-0.3630436630463843,-0.3219925771920098,-0.12263047253941883,2026-01-30,48000.0,0.01892800988551886,0.11934675763256623,43200.0,0.0069686693160934355,0.0670107102829603,43600.0,-0.0022909517465558244,0.07870568140235133,3,-0.16306374018953998,-0.7606603185274061,2026-01-30,IS7G26,379.0,0.0,33.0,False,0.0,-0.024944420364768266,0.0,0.0,0.02717558537896477,,,0.0,1.0,1.0,2.0,3.0,0.0034298896662063464,0.3,45.0,1.0,3,0,0,0,0,1,0,1,2026-02-07,0.01621657158924529,600.0,1.0,2026-02-12,0.005434795985956995,200.0,1.0,2026-02-17,-0.010959013789719543,-400.0,-1.0,2026-03-05,0.02156417791584064,800.0,1.0,2026-03-19,0.02688333939344045,1000.0,1.0,2026-04-03,0.10099131154716229,3900.0,1.0,2026-05-04,0.10099131154716229,3900.0,1.0
2026-02-03,Tue,37700.0,37700.0,37200.0,36700.0,35000.0,34500.0,35800.0,34800.0,34500.0,34300.0,32800.0,0.0,2026-02-03,1.0,2,34500.0,34300.0,32800.0,36860.0,33866.666666666664,2993.3333333333358,3900.0,4400.0,-0.3022173463194034,-0.3033791935626057,-0.3121355163139058,2026-02-02,48300.0,0.02515855963615493,0.07522342123758753,42800.0,-0.0023337233462202116,0.052770035980064196,43300.0,0.0,0.05947055359832815,1,-0.15376134752722656,-0.4119215027277265,2026-02-02,IS7G26,379.0,0.0,33.0,False,0.0,-0.024944420364768266,0.0,0.0,0.02717558537896477,,,0.0,1.0,1.0,2.0,3.0,0.0034298896662063464,0.3,45.0,1.0,1,0,0,0,0,0,0,1,2026-02-09,0.02156417791584064,800.0,1.0,2026-02-13,-0.0054644944720787375,-200.0,-1.0,2026-02-18,-0.008207980417829622,-300.0,-1.0,2026-03-05,0.02156417791584064,800.0,1.0,2026-03-20,0.02688333939344045,1000.0,1.0,2026-04-04,0.10590532634959142,4100.0,1.0,2026-05-04,0.10099131154716229,3900.0,1.0
2026-02-04,Wed,38100.0,38100.0,37600.0,37100.0,35300.0,34800.0,36200.0,35200.0,34800.0,34600.0,33100.0,400.0,2026-02-04,1.0,2,34800.0,34600.0,33100.0,37240.0,34166.666666666664,3073.3333333333358,4000.0,4500.0,-0.11573854918947044,-0.07637278482252982,-0.08632353709436011,2026-02-03,48300.0,0.03154835773492606,0.06854931414989442,42900.0,0.00701757265864654,0.05264373348542188,43100.0,0.0023228814161397287,0.04751487560751312,1,-0.1452548563205818,-0.06681758645676367,2026-02-03,IS7G26,379.0,0.0,33.0,False,0.0,-0.024944420364768266,0.0,0.0,0.02717558537896477,,,0.0,1.0,1.0,2.0,3.0,0.0034298896662063464,0.3,45.0,1.0,1,0,0,0,0,1,0,1,2026-02-09,0.010723963362975642,400.0,1.0,2026-02-14,-0.016304709024943582,-600.0,-1.0,2026-02-19,-0.021799228342584402,-800.0,-1.0,2026-03-06,0.023969190112996402,900.0,1.0,2026-03-21,0.023969190112996402,900.0,1.0,2026-04-06,0.11688415919136626,4600.0,1.0,2026-05-05,0.09015109699429748,3500.0,1.0
2026-02-05,Thu,38500.0,38500.0,38000.0,37500.0,35500.0,35000.0,36600.0,35600.0,35200.0,35000.0,33500.0,400.0,2026-02-05,1.0,2,35200.0,35000.0,33500.0,37600.0,34566.666666666664,3033.3333333333358,4000.0,4500.0,-0.18289583474050736,-0.05949299990077604,-0.06959889775092762,2026-02-04,48300.0,0.03154835773492606,0.06854931414989442,42900.0,-0.023042494147154355,0.05264373348542188,43600.0,0.01385703466142628,0.059049028852799744,1,-0.13453089295760612,0.39953494970501535,2026-02-04,IS7G26,379.0,0.0,33.0,False,0.0,-0.024944420364768266,0.0,0.0,0.024424552007074975,,,0.0,1.0,1.0,2.0,3.0,0.0034298896662063464,0.25,45.0,1.0,1,0,0,0,0,0,0,1,2026-02-10,0.0,0.0,0.0,2026-02-16,-0.021564177915840525,-800.0,-1.0,2026-02-20,-0.03252319170556006,-1200.0,-1.0,2026-03-07,0.026317308317373358,1000.0,1.0,2026-03-23,0.021108963210235265,800.0,1.0,2026-04-06,0.10616019582839073,4200.0,1.0,2026-05-06,0.0695260626486103,2700.0,1.0
2026-02-06,Fri,38400.0,38400.0,38000.0,37500.0,35400.0,,36400.0,35400.0,35200.0,35000.0,33500.0,0.0,2026-02-06,1.0,2,35200.0,35000.0,33500.0,37540.0,34566.666666666664,2973.3333333333358,4000.0,4500.0,-0.30270432523417334,-0.052551452128021786,-0.06270236009748346,2026-02-05,48500.0,0.027169905351927856,0.0726815514348049,43500.0,-0.0316768566535702,0.06653284564608901,43900.0,-0.03139271240786272,0.06590619857893666,1,-0.14842000511827333,-0.11969818447308299,2026-02-05,IS7G26,379.0,0.0,33.0,False,0.0,-0.024944420364768266,0.0,0.0,0.013495481474884746,,,0.0,1.0,1.0,2.0,3.0,0.003429104506965648,0.25,45.0,1.0,1,0,0,0,0,0,0,1,2026-02-11,-0.005347606326595242,-200.0,-1.0,2026-02-16,-0.021564177915840525,-800.0,-1.0,2026-02-23,-0.021564177915840525,-800.0,-1.0,2026-03-09,0.026317308317373358,1000.0,1.0,2026-03-23,0.021108963210235265,800.0,1.0,2026-04-07,0.11094489395172688,4400.0,1.0,2026-05-07,0.0695260626486103,2700.0,1.0
2026-02-07,Sat,38300.0,38300.0,37800.0,37300.0,35800.0,35200.0,36700.0,35700.0,35200.0,35000.0,33500.0,-200.0,2026-02-07,1.0,2,35200.0,35000.0,33500.0,37500.0,34566.666666666664,2933.3333333333358,3800.0,4300.0,-0.38418887370245636,-0.4729630691521961,-0.48071809408070654,2026-02-06,48600.0,0.01242251999855711,0.06591120494954333,43800.0,-0.024803977365808173,0.044347990454308345,43900.0,-0.03139271240786272,0.06590619857893666,1,-0.16064049073263054,-0.6145108398640614,2026-02-06,IS7G26,379.0,0.0,33.0,False,0.0,-0.024944420364768266,0.0,0.0,0.013495481474884746,,,0.0,0.0,1.0,2.0,3.0,0.002516889608684439,0.2,45.0,1.0,1,0,0,0,0,0,0,1,2026-02-12,-0.010781775603288362,-400.0,-1.0,2026-02-17,-0.027175585378964782,-1000.0,-1.0,2026-02-23,-0.01621657158924528,-600.0,-1.0,2026-03-09,0.0316649146439687,1200.0,1.0,2026-03-25,0.026456569536830465,1000.0,1.0,2026-04-08,0.11629250027832226,4600.0,1.0,2026-05-08,0.0648735856406222,2500.0,1.0
2026-02-09,Mon,38300.0,38300.0,38000.0,37500.0,36000.0,35400.0,36900.0,35900.0,35200.0,35000.0,33500.0,200.0,2026-02-09,2.0,2,35200.0,35000.0,33500.0,37620.0,34566.666666666664,3053.3333333333358,4000.0,4500.0,-0.12925149762064464,-0.04898416987790177,-0.0591404935579758,2026-02-07,48900.0,0.018576385572935457,0.0853396017326177,43500.0,0.0,0.03509131981127019,43900.0,-0.009070356969964265,0.01376168507268153,2,-0.14842000511827333,-0.031631483887186174,2026-02-06,IS7G26,379.0,0.0,33.0,False,0.0,-0.024944420364768266,0.0,0.0,0.013495481474884746,,,0.0,0.0,1.0,2.0,3.0,0.002516889608684439,0.2,45.0,1.0,3,0,0,0,0,0,0,1,2026-02-14,-0.02702867238791926,-1000.0,-1.0,2026-02-19,-0.03252319170556006,-1200.0,-1.0,2026-02-24,-0.02702867238791926,-1000.0,-1.0,2026-03-11,0.023716526617316065,900.0,1.0,2026-03-26,0.01849458263616431,700.0,1.0,2026-04-10,0.08678913007239093,3400.0,1.0,2026-05-11,0.054488185284069776,2100.0,1.0
2026-02-10,Tue,38300.0,38300.0,38000.0,37500.0,35900.0,35000.0,36900.0,35900.0,35200.0,35000.0,33500.0,0.0,2026-02-10,1.0,2,35200.0,35000.0,33500.0,37600.0,34566.666666666664,3033.3333333333358,4000.0,4500.0,-0.17817918671190405,-0.056086744867049836,-0.06622547232307507,2026-02-07,48900.0,0.018576385572935457,0.0853396017326177,43500.0,0.0,0.03509131981127019,43900.0,-0.009070356969964265,0.01376168507268153,3,-0.14842000511827333,0.011402616669176836,2026-02-09,IS7G26,378.0,3.0,36.0,False,-0.0026420094628386965,-0.02758642982760696,-0.0026420094628387034,-0.0026420094628387,0.008139766140449723,,,0.0,0.0,1.0,2.0,3.0,0.002516889608684439,0.15,45.0,0.0,1,0,0,0,0,0,0,1,2026-02-16,-0.021564177915840525,-800.0,-1.0,2026-02-20,-0.03252319170556006,-1200.0,-1.0,2026-02-25,-0.03252319170556006,-1200.0,-1.0,2026-03-12,0.013245226750020723,500.0,1.0,2026-03-27,0.021108963210235265,800.0,1.0,2026-04-11,0.08434114843375096,3300.0,1.0,2026-05-11,0.054488185284069776,2100.0,1.0
2026-02-11,Wed,38100.0,38100.0,37800.0,37300.0,35800.0,35000.0,36900.0,35900.0,35200.0,35000.0,33500.0,-200.0,2026-02-11,1.0,2,35200.0,35000.0,33500.0,37420.0,34566.666666666664,2853.3333333333358,3800.0,4300.0,-0.5657638719197676,-0.484681806352985,-0.49243712812811424,2026-02-10,49800.0,0.0368139731227164,0.07287302293841874,43700.0,0.011507606851479944,0.018476276167573212,44100.0,0.006825965070399891,0.01600034134644112,1,-0.15835477545177457,-0.45084045895171515,2026-02-10,IS7G26,378.0,0.0,36.0,False,0.0,-0.02758642982760696,-0.0026420094628387034,-0.0026420094628387,-0.0026420094628386895,,,0.0,0.0,1.0,2.0,3.0,0.0025791875569515215,0.2,45.0,1.0,1,0,0,0,0,1,0,-1,2026-02-16,-0.01621657158924528,-600.0,-1.0,2026-02-23,-0.01621657158924528,-600.0,-1.0,2026-02-26,-0.027175585378964782,-1000.0,-1.0,2026-03-13,0.015957785438610816,600.0,1.0,2026-03-28,0.036846273385966286,1400.0,1.0,2026-04-13,0.09701479485241912,3800.0,1.0,2026-05-12,0.05477248965411831,2100.0,1.0
2026-02-12,Thu,37700.0,37700.0,37400.0,36900.0,35600.0,35000.0,36500.0,35500.0,35000.0,34800.0,33300.0,-400.0,2026-02-12,1.0,2,35000.0,34800.0,33300.0,37060.0,34366.666666666664,2693.3333333333358,3600.0,4100.0,-0.9082946486988984,-0.9115853414429972,-0.9169777752147479,2026-02-10,49800.0,0.0368139731227164,0.07287302293841874,43700.0,0.011507606851479944,0.018476276167573212,44100.0,0.006825965070399891,0.01600034134644112,2,-0.16913655105506303,-0.9960918154409634,2026-02-11,IS7G26,378.0,0.0,36.0,False,0.0,-0.02758642982760696,-0.0026420094628387034,-0.0026420094628387,-0.0026420094628386895,0.02453357591612607,,0.0,0.0,1.0,1.0,3.0,0.0006061185398100906,0.2,45.0,1.0,1,0,0,0,0,1,0,-1,2026-02-17,-0.016393809775676383,-600.0,-1.0,2026-02-23,-0.005434795985956945,-200.0,-1.0,2026-02-27,-0.01364277640378649,-500.0,-1.0,2026-03-14,0.021448543407483475,800.0,1.0,2026-03-30,0.06555426525740667,2500.0,1.0,2026-04-13,0.10779657045570738,4200.0,1.0,2026-05-13,0.0553500950831649,2100.0,1.0
2026-02-13,Fri,37400.0,37400.0,37100.0,36500.0,35300.0,35000.0,36200.0,35200.0,34800.0,34600.0,33100.0,-400.0,2026-02-13,1.0,2,34800.0,34600.0,33100.0,36740.0,34166.666666666664,2573.3333333333358,3400.0,4000.0,-1.1561603408096215,-1.3266085613562855,-1.1202468463213637,2026-02-10,49800.0,0.0368139731227164,0.07287302293841874,43700.0,0.011507606851479944,0.018476276167573212,44100.0,0.006825965070399891,0.01600034134644112,3,-0.18003584151309868,-1.585404397586694,2026-02-12,IS7G26,377.0,0.0,36.0,False,-0.002649008171576953,-0.030235437999183913,-0.005291017634415657,-0.005291017634415653,-0.005291017634415643,0.021884567744549114,,0.0,0.0,1.0,1.0,3.0,0.0006061185398100906,0.2,45.0,1.0,1,1,1,1,1,1,1,-1,2026-02-18,-0.0027434859457508326,-100.0,-1.0,2026-02-23,0.005464494472078745,200.0,1.0,2026-02-28,-0.011019395249610538,-400.0,-1.0,2026-03-16,0.02702867238791942,1000.0,1.0,2026-03-30,0.07645355571544232,2900.0,1.0,2026-04-14,0.1283811666482069,5000.0,1.0,2026-05-14,0.05594001588233945,2100.0,1.0
2026-02-14,Sat,37400.0,37400.0,37000.0,36500.0,35500.0,35000.0,36200.0,35200.0,35200.0,35000.0,33500.0,0.0,2026-02-14,1.0,2,35200.0,35000.0,33500.0,36760.0,34566.666666666664,2193.3333333333358,3000.0,3500.0,-1.929975843113271,-2.127743277030733,-2.1385773493279547,2026-02-10,49800.0,0.0368139731227164,0.07287302293841874,43700.0,0.011507606851479944,0.018476276167573212,44100.0,0.006825965070399891,0.01600034134644112,4,-0.18003584151309868,-1.5936770787301173,2026-02-13,IS7G26,377.0,0.0,36.0,False,0.0,-0.030235437999183913,-0.005291017634415657,-0.005291017634415653,-0.005291017634415643,0.021884567744549114,,0.0,0.0,1.0,1.0,3.0,0.0008341344219606945,0.2,43.5,1.0,1,1,1,1,1,1,1,-1,2026-02-19,-0.005494519317640702,-200.0,-1.0,2026-02-24,0.0,0.0,0.0,2026-03-02,0.013605652055778678,500.0,1.0,2026-03-16,0.02702867238791942,1000.0,1.0,2026-03-31,0.10398971352404764,4000.0,1.0,2026-04-15,0.11625980611586202,4500.0,1.0,2026-05-15,0.061107986040782006,2300.0,1.0
2026-02-16,Mon,37600.0,37600.0,37200.0,36700.0,35700.0,35100.0,36500.0,35500.0,35200.0,35000.0,33500.0,200.0,2026-02-16,2.0,2,35200.0,35000.0,33500.0,36960.0,34566.666666666664,2393.3333333333358,3200.0,3700.0,-1.4559452693393988,-1.640101962782902,-1.6508926528548633,2026-02-14,49800.0,0.0368139731227164,0.06213178110700618,42500.0,-0.014018921179330929,-0.048229783095647266,43600.0,0.002296212260350157,-0.0316053394153311,2,-0.14672732086984655,0.3853941087566776,2026-02-13,IS7G26,377.0,0.0,36.0,False,0.0,-0.030235437999183913,-0.005291017634415657,-0.005291017634415653,-0.005291017634415643,0.021884567744549114,,0.0,0.0,1.0,1.0,3.0,0.0008341344219606945,0.2,43.5,1.0,3,1,1,1,0,0,0,-1,2026-02-23,0.0,0.0,0.0,2026-02-26,-0.010959013789719543,-400.0,-1.0,2026-03-03,0.018893949359961613,700.0,1.0,2026-03-18,0.02688333939344045,1000.0,1.0,2026-04-02,0.11079531164378327,4300.0,1.0,2026-04-17,0.10345133738802477,4000.0,1.0,2026-05-18,0.06589999173589227,2500.0,1.0
2026-02-17,Tue,37100.0,37100.0,36800.0,36300.0,35300.0,35000.0,35900.0,35000.0,35000.0,34800.0,33300.0,-400.0,2026-02-17,1.0,2,35000.0,34800.0,33300.0,36520.0,34366.666666666664,2153.3333333333358,3000.0,3500.0,-1.944174778383335,-2.0294077161822175,-2.039445431742926,2026-02-16,49800.0,0.0368139731227164,0.051504688532719896,43200.0,0.0,-0.006920442844573795,43800.0,0.01611082027269827,-0.015855371789794077,1,-0.1740227539792595,-1.2128604089852464,2026-02-13,IS7G26,377.0,0.0,36.0,False,0.0,-0.030235437999183913,-0.005291017634415657,-0.005291017634415653,-0.005291017634415643,0.021884567744549114,,0.0,0.0,1.0,1.0,3.0,0.0008341344219606945,0.2,43.5,1.0,4,1,1,1,1,0,0,-1,2026-02-23,0.010959013789719382,400.0,1.0,2026-02-27,0.0027510333718897976,100.0,1.0,2026-03-05,0.03252319170555993,1200.0,1.0,2026-03-19,0.037842353183159934,1400.0,1.0,2026-04-03,0.11195032533688185,4300.0,1.0,2026-04-18,0.11686434013931095,4500.0,1.0,2026-05-18,0.07685900552561178,2900.0,1.0
2026-02-18,Wed,37200.0,37200.0,36900.0,36400.0,35400.0,35200.0,36100.0,35200.0,35200.0,35000.0,33500.0,100.0,2026-02-18,1.0,2,35200.0,35000.0,33500.0,36620.0,34566.666666666664,2053.3333333333358,2900.0,3400.0,-2.0956012712675673,-2.1693117298937334,-2.1786078535799493,2026-02-17,49700.0,0.0348039221946921,0.053731932080210966,43100.0,-0.002317498140362479,0.00465117117573088,43600.0,0.0,-0.0022909517465558244,1,-0.16895422246700711,-0.8931795071712715,2026-02-17,IS7G26,377.0,0.0,36.0,False,0.0,-0.030235437999183913,-0.00264900817157696,-0.005291017634415653,-0.005291017634415643,0.021884567744549114,,0.0,0.0,1.0,1.0,3.0,0.0008341344219606945,0.2,42.0,1.0,1,1,1,1,0,0,0,-1,2026-02-23,0.008207980417829582,300.0,1.0,2026-02-28,-0.00827590930385971,-300.0,-1.0,2026-03-05,0.02977215833367005,1100.0,1.0,2026-03-20,0.03509131981127019,1300.0,1.0,2026-04-04,0.11411330676742105,4400.0,1.0,2026-04-20,0.11165931780585435,4300.0,1.0,2026-05-19,0.06385147198653277,2400.0,1.0
2026-02-19,Thu,37000.0,37000.0,36700.0,36300.0,35400.0,35200.0,35900.0,35200.0,35200.0,35000.0,33500.0,-100.0,2026-02-19,1.0,2,35200.0,35000.0,33500.0,36480.0,34566.666666666664,1913.3333333333358,2800.0,3200.0,-2.3184675906672245,-2.2990009057578398,-2.4990718356581114,2026-02-18,49700.0,0.028573372444055948,0.053731932080210966,43000.0,0.004662013105811371,0.002328289759591168,43500.0,0.004608303086194181,0.004608303086194181,1,-0.16938237442275736,-0.8886179833198993,2026-02-18,IS7G26,377.0,0.0,36.0,False,0.0,-0.030235437999183913,-0.00264900817157696,-0.005291017634415653,-0.005291017634415643,0.021884567744549114,,0.0,0.0,1.0,1.0,3.0,0.0008341344219606945,0.2,39.0,1.0,1,1,1,1,0,1,0,-1,2026-02-24,0.00549451931764078,200.0,1.0,2026-03-02,0.01910017137341943,700.0,1.0,2026-03-06,0.04576841845558059,1700.0,1.0,2026-03-21,0.04576841845558059,1700.0,1.0,2026-04-06,0.13868338753395063,5400.0,1.0,2026-04-20,0.11441035117774412,4400.0,1.0,2026-05-20,0.058840500022933395,2200.0,1.0
2026-02-20,Fri,37000.0,37000.0,36700.0,36300.0,35300.0,35300.0,35800.0,35300.0,35100.0,34800.0,33300.0,0.0,2026-02-20,1.0,2,35100.0,34800.0,33300.0,36460.0,34400.0,2060.0,3000.0,3400.0,-1.953300094950432,-1.8457339537993311,-2.0228396972462233,2026-02-19,49300.0,0.020492520390117386,0.0520408781250434,42700.0,-0.00467290569939237,0.0023446669592540547,43400.0,0.006936443996657169,0.009259325412796726,1,-0.16238117896377383,-0.45607522655439137,2026-02-19,IS7G26,376.0,0.0,36.0,False,-0.0026560440581162963,-0.032891482057300206,-0.005305052229693257,-0.00794706169253195,-0.00794706169253194,0.01647749031454302,,0.0,0.0,1.0,1.0,3.0,0.0008341344219606945,0.2,36.0,1.0,1,1,1,1,0,0,0,-1,2026-02-25,0.0,0.0,0.0,2026-03-02,0.01910017137341943,700.0,1.0,2026-03-07,0.058840500022933395,2200.0,1.0,2026-03-23,0.05363215491579511,2000.0,1.0,2026-04-06,0.13868338753395063,5400.0,1.0,2026-04-21,0.11441035117774412,4400.0,1.0,2026-05-22,0.058840500022933395,2200.0,1.0
2026-02-23,Mon,37300.0,37300.0,37000.0,36700.0,35800.0,35400.0,36200.0,35800.0,35400.0,35200.0,33700.0,400.0,2026-02-23,3.0,2,35400.0,35200.0,33700.0,36820.0,34766.666666666664,2053.3333333333358,3000.0,3300.0,-1.899235219598563,-1.791772278866673,-2.1314424485342514,2026-02-21,49300.0,0.020492520390117386,0.0520408781250434,42800.0,-0.0023337233462202116,-0.02537621749337453,43200.0,-0.009216655104923952,0.004640379556502301,2,-0.15376134752722656,0.06986235909860512,2026-02-20,IS7G26,380.0,4.0,36.0,False,0.010582109330537008,-0.0223093727267632,0.007926065272420705,0.00263504763800506,0.0026350476380050704,0.0161305291128898,,0.0,0.0,1.0,1.0,3.0,0.0009924167866053307,0.15,36.0,0.0,3,1,1,1,0,0,0,1,2026-02-28,-0.01648388972168937,-600.0,-1.0,2026-03-05,0.02156417791584064,800.0,1.0,2026-03-10,0.055643491568703234,2100.0,1.0,2026-03-25,0.042673141126075696,1600.0,1.0,2026-04-09,0.11323136644166433,4400.0,1.0,2026-04-24,0.11079531164378327,4300.0,1.0,2026-05-25,0.040058760552004954,1500.0,1.0
2026-02-24,Tue,37000.0,37000.0,36700.0,36500.0,35500.0,35400.0,36000.0,35500.0,35300.0,35100.0,33600.0,-200.0,2026-02-24,1.0,2,35300.0,35100.0,33600.0,36540.0,34666.666666666664,1873.3333333333358,2900.0,3100.0,-2.16311056133891,-1.9200457148721186,-2.395140269665549,2026-02-23,49300.0,0.016360283105206853,0.04353018845713472,42500.0,-0.023256862164267235,-0.05493371881783752,43100.0,-0.018391322971423544,-0.04978403537928626,1,-0.15219181534192538,0.18386369992952936,2026-02-23,IS7H26,381.0,0.0,36.0,True,,-0.0223093727267632,0.007926065272420705,0.00263504763800506,0.0026350476380050704,,,1.0,1.0,1.0,2.0,3.0,0.0027148523605117205,0.2,36.0,1.0,1,1,1,1,0,0,0,1,2026-03-02,0.013605652055778678,500.0,1.0,2026-03-06,0.0402738991379399,1500.0,1.0,2026-03-11,0.050745199005235254,1900.0,1.0,2026-03-26,0.0455232550240836,1700.0,1.0,2026-04-10,0.1138178024603102,4400.0,1.0,2026-04-25,0.11625980611586202,4500.0,1.0,2026-05-25,0.0455232550240836,1700.0,1.0
2026-02-25,Wed,36900.0,36900.0,36600.0,36300.0,35400.0,35200.0,35900.0,35400.0,35100.0,34900.0,33400.0,-200.0,2026-02-25,1.0,2,35100.0,34900.0,33400.0,36420.0,34466.666666666664,1953.3333333333358,2900.0,3200.0,-1.9484465477451045,-1.8730933007611863,-2.1237879482198574,2026-02-24,49200.0,0.012270092591814401,0.024692612590371414,42500.0,-0.03012974145202927,-0.05493371881783752,43000.0,-0.02071420438756322,-0.05210691679542595,1,-0.15768633465956605,-0.1252132462050599,2026-02-24,IS7H26,380.0,0.0,36.0,False,-0.002628122406269469,-0.02493749513303267,0.005297942866151236,0.0026489346945742878,6.925231735601268e-06,,,1.0,1.0,1.0,2.0,3.0,0.0027148523605117205,0.15,36.0,1.0,1,1,1,1,0,0,0,1,2026-03-02,0.01910017137341943,700.0,1.0,2026-03-07,0.058840500022933395,2200.0,1.0,2026-03-12,0.04576841845558059,1700.0,1.0,2026-03-27,0.05363215491579511,2000.0,1.0,2026-04-11,0.11686434013931095,4500.0,1.0,2026-04-27,0.12175432543350279,4700.0,1.0,2026-05-26,0.058840500022933395,2200.0,1.0
2026-02-26,Thu,36900.0,36900.0,36600.0,36300.0,35400.0,35200.0,35900.0,35400.0,35100.0,34900.0,33400.0,0.0,2026-02-26,1.0,2,35100.0,34900.0,33400.0,36420.0,34466.666666666664,1953.3333333333358,2900.0,3200.0,-1.8952410375323372,-1.828673732257207,-2.0511683720195264,2026-02-25,49200.0,0.006116227017436054,0.024692612590371414,42300.0,-0.02797385204240618,-0.02797385204240618,42800.0,-0.02537621749337453,-0.034446574463338896,1,-0.15296934478142718,0.17233391023331507,2026-02-25,IS7H26,380.0,0.0,36.0,False,0.0,-0.02493749513303267,0.005297942866151236,0.0026489346945742873,6.925231735601268e-06,,,1.0,1.0,1.0,2.0,3.0,0.002788269984088999,0.15,36.0,1.0,1,1,1,1,0,0,0,1,2026-03-03,0.02985296314968113,1100.0,1.0,2026-03-09,0.058840500022933395,2200.0,1.0,2026-03-13,0.04313337081757557,1600.0,1.0,2026-03-28,0.06402185876493102,2400.0,1.0,2026-04-13,0.12419038023138383,4800.0,1.0,2026-04-27,0.12175432543350279,4700.0,1.0,2026-05-27,0.06917650935359557,2600.0,1.0
2026-02-27,Fri,37000.0,37000.0,36700.0,36400.0,35500.0,35200.0,36000.0,35500.0,35100.0,34900.0,33400.0,100.0,2026-02-27,1.0,2,35100.0,34900.0,33400.0,36520.0,34466.666666666664,2053.3333333333358,3000.0,3300.0,-1.6839946420614138,-1.625361070839218,-1.8324983167225375,2026-02-26,49100.0,-0.014155949230132298,0.022658023892583996,42400.0,-0.030199739863632405,-0.01869213301215252,42600.0,-0.03460552917747561,-0.027779564107075706,1,-0.15257958759521706,0.20095327995366888,2026-02-26,IS7H26,380.0,0.0,36.0,False,0.0,-0.02493749513303267,0.007953986924267532,0.0026489346945742873,6.925231735601268e-06,,,1.0,1.0,1.0,2.0,3.0,0.002788269984088999,0.1,36.0,1.0,1,1,1,1,0,-1,0,1,2026-03-05,0.02977215833367005,1100.0,1.0,2026-03-09,0.05608946665104358,2100.0,1.0,2026-03-14,0.03509131981127019,1300.0,1.0,2026-03-30,0.0791970416611931,3000.0,1.0,2026-04-13,0.12143934685949394,4700.0,1.0,2026-04-28,0.11165931780585435,4300.0,1.0,2026-05-28,0.07665574423252051,2900.0,1.0
2026-02-28,Sat,36700.0,36700.0,36400.0,36100.0,35200.0,35000.0,35700.0,35200.0,34800.0,34600.0,33100.0,-300.0,2026-02-28,1.0,2,34800.0,34600.0,33100.0,36220.0,34166.666666666664,2053.3333333333358,3000.0,3300.0,-1.6504206485370596,-1.5980728802077677,-1.7849189614282237,2026-02-26,49100.0,-0.014155949230132298,0.022658023892583996,42400.0,-0.030199739863632405,-0.01869213301215252,42600.0,-0.03460552917747561,-0.027779564107075706,2,-0.1608554968990769,-0.28667891767919784,2026-02-27,IS7H26,380.0,0.0,21.0,False,0.0,-0.02493749513303267,-0.002628122406269476,0.005297942866151241,6.925231735601268e-06,,,1.0,1.0,1.0,2.0,3.0,0.002788269984088999,0.1,36.0,1.0,1,1,1,1,0,-1,0,1,2026-03-05,0.038048067637529964,1400.0,1.0,2026-03-10,0.07212738129039248,2700.0,1.0,2026-03-16,0.038048067637529964,1400.0,1.0,2026-03-30,0.0874729509650529,3300.0,1.0,2026-04-14,0.1394005618978173,5400.0,1.0,2026-04-29,0.11005860361380206,4200.0,1.0,2026-05-29,0.07982960165248494,3000.0,1.0
2026-03-02,Mon,37600.0,37600.0,37300.0,37000.0,36000.0,35500.0,36400.0,35800.0,35200.0,35000.0,33500.0,900.0,2026-03-02,2.0,2,35200.0,35000.0,33500.0,37100.0,34566.666666666664,2533.3333333333358,3500.0,3800.0,-0.8140588126783259,-0.7308680572190105,-0.9585930869649296,2026-02-28,,,,42000.0,-0.011834457647002796,-0.025853378826333782,42400.0,-0.0279087881170765,-0.025612575856726345,2,-0.1267517056391439,1.8327178037959322,2026-02-27,IS7H26,380.0,0.0,21.0,False,0.0,-0.02493749513303267,-0.002628122406269476,0.005297942866151241,6.925231735601268e-06,,,1.0,1.0,1.0,2.0,3.0,0.002788269984088999,0.1,36.0,1.0,3,0,0,0,-1,0,0,1,2026-03-07,0.03974032864951412,1500.0,1.0,2026-03-12,0.026668247082161273,1000.0,1.0,2026-03-17,0.026668247082161273,1000.0,1.0,2026-04-01,0.09038406146826894,3500.0,1.0,2026-04-16,0.09776416876589163,3800.0,1.0,2026-05-01,0.08543355630841283,3300.0,1.0,2026-06-01,0.050076337980176085,1900.0,1.0
2026-03-03,Tue,38000.0,38000.0,37700.0,37400.0,36400.0,35600.0,36800.0,36200.0,35500.0,35300.0,33800.0,400.0,2026-03-03,1.0,2,35500.0,35300.0,33800.0,37500.0,34866.666666666664,2633.3333333333358,3600.0,3900.0,-0.6386913622490465,-0.5581138403792876,-0.7892585296260916,2026-02-28,,,,42000.0,-0.011834457647002796,-0.025853378826333782,42400.0,-0.0279087881170765,-0.025612575856726345,3,-0.11599891386288212,2.432790287610593,2026-03-02,IS7H26,380.0,0.0,21.0,False,0.0,-0.02493749513303267,-0.002628122406269476,0.005297942866151241,6.925231735601268e-06,,,0.0,1.0,1.0,2.0,3.0,0.002788269984088999,0.1,36.0,1.0,1,0,0,0,-1,0,0,1,2026-03-09,0.028987536873252187,1100.0,1.0,2026-03-13,0.013280407667894466,500.0,1.0,2026-03-18,0.007989390033478861,300.0,1.0,2026-04-02,0.0919013622838215,3600.0,1.0,2026-04-17,0.08455738802806297,3300.0,1.0,2026-05-02,0.0796312696920073,3100.0,1.0,2026-06-01,0.0393235462039143,1500.0,1.0
2026-03-05,Thu,38100.0,38100.0,37800.0,37500.0,36500.0,35600.0,36900.0,36300.0,35500.0,35300.0,33800.0,100.0,2026-03-05,2.0,2,35500.0,35300.0,33800.0,37600.0,34866.666666666664,2733.3333333333358,3700.0,4000.0,-0.4685780822107719,-0.38988810801306484,-0.6261609895513567,2026-02-28,,,,42000.0,-0.011834457647002796,-0.025853378826333782,42400.0,-0.0279087881170765,-0.025612575856726345,5,-0.11332868530700312,2.485673990559864,2026-03-04,IS7H26,380.0,0.0,21.0,False,0.0,-0.02493749513303267,0.0,0.005297942866151241,6.925231735601268e-06,,,0.0,1.0,1.0,2.0,3.0,0.002788269984088999,0.1,36.0,1.0,1,0,0,0,-1,0,0,1,2026-03-10,0.03407931365286258,1300.0,1.0,2026-03-16,0.0,0.0,0.0,2026-03-20,0.005319161477600027,200.0,1.0,2026-04-04,0.08434114843375096,3300.0,1.0,2026-04-20,0.08188715947218411,3200.0,1.0,2026-05-04,0.07942713363132183,3100.0,1.0,2026-06-03,0.031498667059371016,1200.0,1.0
2026-03-06,Fri,38600.0,38600.0,38300.0,38000.0,37000.0,36000.0,37500.0,37000.0,36000.0,35800.0,34300.0,500.0,2026-03-06,1.0,2,36000.0,35800.0,34300.0,38100.0,35366.666666666664,2733.3333333333358,3700.0,4000.0,-0.46009990033792686,-0.38392019751313566,-0.614017549174628,2026-02-28,,,,42000.0,-0.011834457647002796,-0.025853378826333782,42400.0,-0.0279087881170765,-0.025612575856726345,6,-0.10008345855698253,3.1769973610680236,2026-03-05,IS7H26,379.0,0.0,21.0,False,-0.0026350476380051138,-0.02757254277103778,-0.0026350476380051207,0.0053189392862624234,-0.0026281224062695125,,,0.0,1.0,1.0,2.0,3.0,0.002788269984088999,0.1,36.0,1.0,1,0,0,0,-1,0,0,-1,2026-03-11,0.010471299867295437,400.0,1.0,2026-03-16,-0.01324522675002068,-500.0,-1.0,2026-03-21,0.0,0.0,0.0,2026-04-06,0.09291496907836996,3700.0,1.0,2026-04-20,0.06864193272216364,2700.0,1.0,2026-05-05,0.06618190688130118,2600.0,1.0,2026-06-04,0.0182534403093503,700.0,1.0
2026-03-07,Sat,39100.0,39100.0,38800.0,38500.0,37500.0,36500.0,38000.0,37500.0,36700.0,36500.0,35000.0,500.0,2026-03-07,1.0,2,36700.0,36500.0,35000.0,38600.0,36066.666666666664,2533.3333333333358,3500.0,3800.0,-0.777803957059406,-0.7066567256550813,-0.9042914029873202,2026-03-06,51800.0,0.03937516523483019,0.07618913835754638,44100.0,0.02061928720273561,0.02061928720273561,44100.0,0.006825965070399891,0.02293678534309823,1,-0.13580154115906176,1.0356943556120295,2026-03-06,IS7H26,378.0,0.0,21.0,False,-0.0026420094628386965,-0.030214552233876476,-0.005277057100843818,-0.007905179507113282,-0.005270131869108209,,,0.0,1.0,1.0,2.0,3.0,0.0028530689314493775,0.1,36.0,1.0,1,0,0,0,-1,1,0,-1,2026-03-12,-0.013072081567352775,-500.0,-1.0,2026-03-17,-0.013072081567352775,-500.0,-1.0,2026-03-23,-0.005208345107138235,-200.0,-1.0,2026-04-06,0.07984288751101724,3200.0,1.0,2026-04-21,0.055569851154810786,2200.0,1.0,2026-05-06,0.04320875433123674,1700.0,1.0,2026-06-05,0.0,0.0,0.0
2026-03-09,Mon,39100.0,39100.0,38800.0,38500.0,37500.0,36500.0,38000.0,37500.0,36500.0,36300.0,34800.0,0.0,2026-03-09,2.0,2,36500.0,36300.0,34800.0,38600.0,35866.666666666664,2733.3333333333358,3700.0,4000.0,-0.4314673333756272,-0.3603104276754771,-0.5784462640102315,2026-03-07,51800.0,0.03937516523483019,0.07618913835754638,43900.0,0.01839132297142367,0.016073824831061054,44500.0,0.020432038817205934,0.020432038817205934,2,-0.13125607878738713,1.2862849980176185,2026-03-06,IS7H26,378.0,0.0,21.0,False,-0.0026420094628386965,-0.030214552233876476,-0.005277057100843818,-0.007905179507113282,-0.005270131869108209,,,0.0,1.0,1.0,2.0,3.0,0.0028530689314493775,0.1,36.0,1.0,3,0,0,0,-1,1,0,-1,2026-03-14,-0.02099814683977347,-800.0,-1.0,2026-03-19,-0.02099814683977347,-800.0,-1.0,2026-03-25,-0.005208345107138235,-200.0,-1.0,2026-04-08,0.08462758563435353,3400.0,1.0,2026-04-23,0.06534988020845041,2600.0,1.0,2026-05-08,0.03320867099665339,1300.0,1.0,,,,
2026-03-10,Tue,39400.0,39400.0,39100.0,38800.0,37800.0,36800.0,38300.0,37800.0,36700.0,36500.0,35000.0,300.0,2026-03-10,1.0,2,36700.0,36500.0,35000.0,38900.0,36066.666666666664,2833.3333333333358,3800.0,4100.0,-0.2584539951773018,-0.18555823126958657,-0.41241918424325513,2026-03-09,51800.0,0.04138521616285428,0.07618913835754638,43900.0,0.020714204387563235,0.025376217493374535,44500.0,0.02272825107755609,0.02733655416375042,1,-0.1234940734518979,1.6867000174222297,2026-03-09,IS7H26,377.0,0.0,21.0,False,-0.002649008171576953,-0.03286356040545343,-0.00792606527242077,-0.010554187678690236,-0.007919140040685162,-0.007919140040685172,,0.0,0.0,1.0,1.0,3.0,0.002909772603973351,0.1,36.0,1.0,1,0,0,0,-1,1,0,-1,2026-03-16,-0.03407931365286262,-1300.0,-1.0,2026-03-20,-0.028760152175262687,-1100.0,-1.0,2026-03-25,-0.012970350442627404,-500.0,-1.0,2026-04-09,0.05758787487296118,2300.0,1.0,2026-04-24,0.055151820075080064,2200.0,1.0,2026-05-09,0.022930941063916892,900.0,1.0,,,,
2026-03-11,Wed,38900.0,38900.0,38700.0,38400.0,37500.0,36500.0,38000.0,37500.0,36200.0,36000.0,34500.0,-400.0,2026-03-11,1.0,2,36200.0,36000.0,34500.0,38480.0,35566.666666666664,2913.3333333333358,3900.0,4200.0,-0.1281285542158948,-0.024577516773717924,-0.25972720957746437,2026-03-09,51800.0,0.04138521616285428,0.07618913835754638,43900.0,0.020714204387563235,0.025376217493374535,44500.0,0.02272825107755609,0.02733655416375042,2,-0.13385686048744447,1.0966886934813231,2026-03-10,IS7H26,376.0,0.0,21.0,False,-0.0026560440581162963,-0.03551960446356972,-0.010582109330537066,-0.010582109330537062,-0.007933174635962761,-0.010575184098801468,,0.0,0.0,1.0,1.0,3.0,0.0029587943806980064,0.1,36.0,1.0,1,0,0,0,-1,1,0,-1,2026-03-16,-0.023716526617316044,-900.0,-1.0,2026-03-21,-0.010471299867295366,-400.0,-1.0,2026-03-26,-0.0052219439811517126,-200.0,-1.0,2026-04-10,0.06307260345507495,2500.0,1.0,2026-04-25,0.06551460711062657,2600.0,1.0,2026-05-11,0.030771658666753687,1200.0,1.0,,,,
2026-03-12,Thu,38600.0,38600.0,38300.0,38000.0,37000.0,36200.0,37500.0,37000.0,36000.0,35800.0,34300.0,-400.0,2026-03-12,1.0,2,36000.0,35800.0,34300.0,38100.0,35366.666666666664,2733.3333333333358,3700.0,4000.0,-0.4200670321761631,-0.355114970655655,-0.556655632425422,2026-03-09,51800.0,0.04138521616285428,0.07618913835754638,43900.0,0.020714204387563235,0.025376217493374535,44500.0,0.02272825107755609,0.02733655416375042,3,-0.14432816035473986,0.5392814459775715,2026-03-11,IS7H26,376.0,3.0,21.0,False,0.0,-0.03551960446356972,-0.010582109330537066,-0.010582109330537062,-0.007933174635962761,-0.010575184098801468,,0.0,0.0,1.0,1.0,3.0,0.00295938246083113,0.05,36.0,0.0,1,0,0,0,0,1,0,-1,2026-03-17,0.0,0.0,0.0,2026-03-23,0.007863736460214451,300.0,1.0,2026-03-27,0.007863736460214451,300.0,1.0,2026-04-11,0.07109592168373026,2800.0,1.0,2026-04-27,0.07598590697792205,3000.0,1.0,2026-05-11,0.041242958534049,1600.0,1.0,,,,
2026-03-13,Fri,38500.0,38500.0,38200.0,37900.0,36900.0,36200.0,37400.0,36900.0,36200.0,36000.0,34500.0,-100.0,2026-03-13,1.0,2,36200.0,36000.0,34500.0,38000.0,35566.666666666664,2433.3333333333358,3400.0,3700.0,-0.9005557809509582,-0.8434443694112665,-0.9959987203956683,2026-03-12,52100.0,0.04716001565673828,0.07573338810079423,44400.0,0.03904054920360024,0.03436764350420782,44500.0,0.0250297480658353,0.0319661920624925,1,-0.15828835734979835,-0.18306709959951864,2026-03-12,IS7H26,376.0,12.0,21.0,False,0.0,-0.03551960446356972,-0.007947061692531954,-0.010582109330537062,-0.007933174635962761,-0.010575184098801468,,0.0,0.0,1.0,1.0,3.0,0.00295938246083113,0.1,36.0,0.0,1,0,0,0,0,1,0,-1,2026-03-18,-0.005291017634415548,-200.0,-1.0,2026-03-23,0.01049878409821957,400.0,1.0,2026-03-28,0.02088848794735553,800.0,1.0,2026-04-13,0.08105700941380833,3200.0,1.0,2026-04-27,0.07862095461592708,3100.0,1.0,2026-05-12,0.03881470421550747,1500.0,1.0,2026-06-15,0.01049878409821957,400.0,1.0
2026-03-14,Sat,38300.0,38300.0,38000.0,37700.0,36700.0,36200.0,37000.0,36500.0,36200.0,36000.0,34500.0,-200.0,2026-03-14,1.0,2,36200.0,36000.0,34500.0,37800.0,35566.666666666664,2233.3333333333358,3200.0,3500.0,-1.2025673099010987,-1.1437415776214697,-1.2617763614771005,2026-03-13,52300.0,0.05907229002223287,0.07956481041235029,44300.0,0.03444657446333893,0.032112851117118674,44800.0,0.03636764417087479,0.027150989065950898,1,-0.16132458259712487,-0.3198885543374652,2026-03-13,IS7H26,377.0,6.0,38.0,False,0.0026560440581162104,-0.03286356040545351,-0.0026490081715770455,-0.007926065272420851,-0.0026281224062695984,-0.007919140040685259,,0.0,0.0,1.0,1.0,3.0,0.00295938246083113,0.15,36.0,0.0,1,1,1,1,0,1,0,-1,2026-03-19,0.0,0.0,0.0,2026-03-25,0.015789801732635292,600.0,1.0,2026-03-30,0.04410572184992309,1700.0,1.0,2026-04-13,0.08634802704822392,3400.0,1.0,2026-04-28,0.07656799799458433,3000.0,1.0,2026-05-13,0.033901551675681416,1300.0,1.0,2026-06-15,0.015789801732635292,600.0,1.0
2026-03-16,Mon,38100.0,38100.0,37800.0,37500.0,36700.0,36200.0,37100.0,36600.0,36000.0,35800.0,34300.0,-200.0,2026-03-16,2.0,2,36000.0,35800.0,34300.0,37640.0,35366.666666666664,2273.3333333333358,3200.0,3500.0,-1.1041136449093167,-1.1126157622356354,-1.2234350455182799,2026-03-14,52300.0,0.05907229002223287,0.07956481041235029,44200.0,0.03922071315328133,0.01596385098901399,44600.0,0.03421086191631632,0.01581953894489281,2,-0.16438385610728734,-0.4651777481629914,2026-03-13,IS7H26,377.0,6.0,38.0,False,0.0026560440581162104,-0.03286356040545351,-0.0026490081715770455,-0.007926065272420851,-0.0026281224062695984,-0.007919140040685259,,0.0,0.0,1.0,1.0,3.0,0.00295938246083113,0.15,36.0,0.0,3,1,1,1,0,1,0,-1,2026-03-21,0.013245226750020723,500.0,1.0,2026-03-26,0.01849458263616431,700.0,1.0,2026-03-31,0.0769610411361284,3000.0,1.0,2026-04-15,0.08923113372794261,3500.0,1.0,2026-04-30,0.06703540133615829,2600.0,1.0,2026-05-15,0.03407931365286258,1300.0,1.0,2026-06-15,0.021108963210235265,800.0,1.0
2026-03-17,Tue,38600.0,38600.0,38300.0,38000.0,37300.0,36500.0,37700.0,37200.0,36400.0,36200.0,34700.0,500.0,2026-03-17,1.0,2,36400.0,36200.0,34700.0,38160.0,35766.666666666664,2393.3333333333358,3300.0,3600.0,-0.882609012936465,-0.9202870495420072,-1.0398802134917289,2026-03-16,52300.0,0.05907229002223287,0.07543257312743964,44200.0,0.03922071315328133,0.009090971701252105,44600.0,0.03653374333245607,0.01581953894489281,1,-0.1511386293572666,0.26152749214964915,2026-03-16,IS7H26,377.0,0.0,38.0,False,0.0,-0.03286356040545351,-9.280770596475918e-17,-0.007926065272420851,-0.0026281224062695984,-0.007919140040685259,,0.0,0.0,1.0,1.0,3.0,0.0029872802752684193,0.2,36.0,1.0,1,0,0,1,0,1,0,-1,2026-03-23,0.007863736460214451,300.0,1.0,2026-03-27,0.007863736460214451,300.0,1.0,2026-04-01,0.06371581438610778,2500.0,1.0,2026-04-16,0.07109592168373026,2800.0,1.0,2026-05-01,0.0587653092262516,2300.0,1.0,2026-05-16,0.028536307264934297,1100.0,1.0,2026-06-15,0.007863736460214451,300.0,1.0
2026-03-18,Wed,38400.0,38400.0,38100.0,37700.0,37100.0,36500.0,37400.0,36900.0,36200.0,36000.0,34500.0,-300.0,2026-03-18,1.0,2,36200.0,36000.0,34500.0,37940.0,35566.666666666664,2373.3333333333358,3200.0,3600.0,-0.8946848718561474,-1.0596447911693065,-1.013854548898442,2026-03-17,52300.0,0.06110274757261477,0.07337284016442917,44200.0,0.04393770303142011,0.01596385098901399,44600.0,0.04119575643826733,0.01581953894489281,1,-0.1590646946296874,-0.14604430476705713,2026-03-17,IS7H26,377.0,0.0,38.0,False,0.0,-0.03286356040545351,0.0026560440581162035,-0.007926065272420851,-0.0026281224062695984,-0.007919140040685259,,0.0,0.0,1.0,1.0,3.0,0.0029872802752684193,0.2,28.5,1.0,1,0,1,1,0,1,0,-1,2026-03-23,0.015789801732635292,600.0,1.0,2026-03-28,0.026179505581771078,1000.0,1.0,2026-04-02,0.08391197225034265,3300.0,1.0,2026-04-17,0.07656799799458433,3000.0,1.0,2026-05-02,0.07164187965852839,2800.0,1.0,2026-05-18,0.03901665234245172,1500.0,1.0,2026-06-16,0.015789801732635292,600.0,1.0
2026-03-19,Thu,38400.0,38400.0,38100.0,37700.0,37000.0,36300.0,37400.0,36900.0,36200.0,36000.0,34500.0,0.0,2026-03-19,1.0,2,36200.0,36000.0,34500.0,37920.0,35566.666666666664,2353.3333333333358,3200.0,3600.0,-0.8965038496835128,-1.0253269764645823,-0.9808722198893014,2026-03-17,52300.0,0.06110274757261477,0.07337284016442917,44200.0,0.04393770303142011,0.01596385098901399,44600.0,0.04119575643826733,0.01581953894489281,2,-0.1590646946296874,-0.1234170237652431,2026-03-18,IS7H26,376.0,0.0,38.0,False,-0.0026560440581162963,-0.035519604463569804,-9.280770596475918e-17,-0.010582109330537147,-0.005284166464385894,-0.010575184098801555,,0.0,0.0,1.0,1.0,3.0,0.0029872802752684193,0.2,28.5,1.0,1,0,1,0,0,1,0,-1,2026-03-25,0.015789801732635292,600.0,1.0,2026-03-30,0.04410572184992309,1700.0,1.0,2026-04-03,0.07410797215372183,2900.0,1.0,2026-04-18,0.07902198695615098,3100.0,1.0,2026-05-04,0.07410797215372183,2900.0,1.0,2026-05-18,0.03901665234245172,1500.0,1.0,2026-06-17,0.007926065272420723,300.0,1.0
2026-03-20,Fri,38400.0,38400.0,38100.0,37700.0,37000.0,36500.0,37500.0,37000.0,36800.0,36600.0,35100.0,0.0,2026-03-20,1.0,2,36800.0,36600.0,35100.0,37920.0,36166.666666666664,1753.3333333333358,2600.0,3000.0,-1.8271478234205267,-1.962204096915598,-1.8257489636075128,2026-03-17,52300.0,0.06110274757261477,0.07337284016442917,44200.0,0.04393770303142011,0.01596385098901399,44600.0,0.04119575643826733,0.01581953894489281,3,-0.1590646946296874,-0.11272212948269639,2026-03-19,IS7H26,378.0,3.0,38.0,False,0.005305052229693098,-0.030214552233876705,0.005305052229693005,-0.0026420094628389354,0.0026769298234234993,-0.005270131869108456,,0.0,0.0,1.0,1.0,3.0,0.0030420906459623673,0.2,28.5,0.0,1,1,1,1,0,1,0,1,2026-03-25,0.015789801732635292,600.0,1.0,2026-03-30,0.04410572184992309,1700.0,1.0,2026-04-04,0.07902198695615098,3100.0,1.0,2026-04-20,0.07656799799458433,3000.0,1.0,2026-05-04,0.07410797215372183,2900.0,1.0,2026-05-19,0.028760152175262652,1100.0,1.0,2026-06-18,0.0,0.0,0.0
2026-03-21,Sat,38700.0,38700.0,38400.0,38000.0,37300.0,37000.0,37700.0,37200.0,36700.0,36500.0,35000.0,300.0,2026-03-21,1.0,2,36700.0,36500.0,35000.0,38220.0,36066.666666666664,2153.3333333333358,3000.0,3400.0,-1.1449830770144132,-1.2682684883845694,-1.1951154706142972,2026-03-20,52100.0,0.057271325261058714,0.06338755227849488,44000.0,0.037041271680349076,0.006841531816716784,44300.0,0.039130423775765234,0.004524894598289724,1,-0.1466034741918754,0.5788899838865927,2026-03-20,IS7H26,378.0,0.0,38.0,False,0.0,-0.030214552233876705,0.002649008171576795,-2.393918396847994e-16,-0.00790517950711351,-0.005270131869108456,,0.0,0.0,1.0,1.0,3.0,0.003238304884547466,0.25,28.5,1.0,1,1,1,1,0,1,0,-1,2026-03-26,0.005249355886143745,200.0,1.0,2026-03-31,0.06371581438610778,2500.0,1.0,2026-04-06,0.09291496907836996,3700.0,1.0,2026-04-20,0.06864193272216364,2700.0,1.0,2026-05-05,0.06618190688130118,2600.0,1.0,2026-05-20,0.0130720815673527,500.0,1.0,2026-06-19,-0.01324522675002068,-500.0,-1.0
2026-03-23,Mon,38900.0,38900.0,38600.0,38300.0,37600.0,37200.0,38900.0,37400.0,36700.0,36500.0,35000.0,300.0,2026-03-23,2.0,2,36700.0,36500.0,35000.0,38460.0,36066.666666666664,2393.3333333333358,3300.0,3600.0,-0.7151562074159944,-0.7346282482124089,-0.8610660467155262,2026-03-20,52100.0,0.057271325261058714,0.06338755227849488,44000.0,0.037041271680349076,0.006841531816716784,44300.0,0.039130423775765234,0.004524894598289724,3,-0.13873973773166082,0.9911099696326151,2026-03-20,IS7H26,378.0,0.0,38.0,False,0.0,-0.030214552233876705,0.002649008171576795,-2.393918396847994e-16,-0.00790517950711351,-0.005270131869108456,,0.0,0.0,1.0,1.0,3.0,0.003238304884547466,0.25,28.5,1.0,3,0,0,0,0,1,0,-1,2026-03-28,0.010389703849135868,400.0,1.0,2026-04-02,0.06812217051770751,2700.0,1.0,2026-04-07,0.08983593074149177,3600.0,1.0,2026-04-22,0.06812217051770751,2700.0,1.0,2026-05-07,0.04841709943837499,1900.0,1.0,2026-05-22,0.00520834510713826,200.0,1.0,2026-06-22,-0.026456569536830468,-1000.0,-1.0
2026-03-25,Wed,38900.0,38900.0,38600.0,38300.0,37600.0,37200.0,37900.0,37400.0,36700.0,36500.0,35000.0,0.0,2026-03-25,2.0,2,36700.0,36500.0,35000.0,38460.0,36066.666666666664,2393.3333333333358,3300.0,3600.0,-0.6893242142614452,-0.7084889652771608,-0.8333413856698637,2026-03-24,52100.0,0.059305913958846414,0.04514996472871391,43900.0,0.04424470179775742,0.03241024415075454,44300.0,0.04383631481317784,0.015927526696101278,1,-0.13646442389452534,1.0915933618453697,2026-03-24,IS7H26,378.0,0.0,38.0,False,0.0,-0.030214552233876705,0.002649008171576795,0.0053050522296930105,-0.00527705710084404,-0.0026281224062697597,,0.0,0.0,0.0,1.0,3.0,0.0019739175295449734,0.2,28.5,1.0,1,0,0,0,-1,1,0,-1,2026-03-30,0.028315920117287858,1100.0,1.0,2026-04-04,0.0632321852235157,2500.0,1.0,2026-04-09,0.07055822531558854,2800.0,1.0,2026-04-24,0.06812217051770751,2700.0,1.0,2026-05-09,0.035901291506544385,1400.0,1.0,2026-05-25,-0.0026143805740708207,-100.0,-1.0,2026-06-23,-0.03723834514011876,-1400.0,-1.0
2026-03-26,Thu,38700.0,38700.0,38500.0,38200.0,37400.0,37200.0,37600.0,37200.0,36700.0,36500.0,35000.0,-100.0,2026-03-26,1.0,2,36700.0,36500.0,35000.0,38300.0,36066.666666666664,2233.3333333333358,3200.0,3500.0,-0.9407822189068574,-0.8543497617728079,-0.9614258919333194,2026-03-25,52100.0,0.005774799493883958,0.04514996472871391,43900.0,-0.0045454623716746105,0.016073824831061054,44400.0,0.006779686985378769,0.013605652055778678,1,-0.13907880446859613,0.9127202571964295,2026-03-25,IS7H26,379.0,0.0,38.0,False,0.002642009462838576,-0.027572542771038128,0.007947061692531667,0.007947061692531586,-0.0026350476380054637,1.3887056568816225e-05,,0.0,0.0,0.0,1.0,3.0,0.001903678669297449,0.2,28.5,1.0,1,0,0,0,0,0,0,-1,2026-03-31,0.05846645849996394,2300.0,1.0,2026-04-06,0.08766561319222618,3500.0,1.0,2026-04-10,0.06829454743622666,2700.0,1.0,2026-04-25,0.07073655109177827,2800.0,1.0,2026-05-11,0.03599360264790545,1400.0,1.0,2026-05-25,0.0,0.0,0.0,2026-06-24,-0.03733767043764424,-1400.0,-1.0
2026-03-27,Fri,38800.0,38800.0,38600.0,38300.0,37200.0,37000.0,37600.0,37200.0,36900.0,36700.0,35200.0,100.0,2026-03-27,1.0,2,36900.0,36700.0,35200.0,38340.0,36266.666666666664,2073.3333333333358,3100.0,3400.0,-1.194163737213448,-1.001462994729302,-1.0889594496329547,2026-03-26,52100.0,0.005774799493883958,0.04514996472871391,43900.0,0.0,0.01839132297142367,44300.0,-0.004504512121104541,0.015927526696101278,1,-0.13646442389452534,1.0256398923044452,2026-03-26,IS7H26,384.0,0.0,38.0,False,0.013106347505300583,-0.014466195265737544,0.015748356968139154,0.02105340919783217,0.01047129986729512,0.0131202345618694,,0.0,0.0,0.0,1.0,2.0,0.0020115621557714155,0.2,28.5,1.0,1,1,1,1,-1,0,0,1,2026-04-01,0.05585207792589321,2200.0,1.0,2026-04-06,0.08505123261815546,3400.0,1.0,2026-04-11,0.0632321852235157,2500.0,1.0,2026-04-27,0.06812217051770751,2700.0,1.0,2026-05-11,0.03337922207383461,1300.0,1.0,2026-05-26,0.00520834510713826,200.0,1.0,2026-06-25,-0.0426731411260757,-1600.0,-1.0
2026-03-28,Sat,39300.0,39300.0,39000.0,38700.0,37700.0,37300.0,37900.0,37500.0,37100.0,36900.0,35400.0,400.0,2026-03-28,1.0,2,37100.0,36900.0,35400.0,38800.0,36466.666666666664,2333.3333333333358,3300.0,3600.0,-0.6972586583845674,-0.6175746245487482,-0.7389091824988303,2026-03-26,52100.0,0.005774799493883958,0.04514996472871391,43900.0,0.0,0.01839132297142367,44300.0,-0.004504512121104541,0.015927526696101278,2,-0.12607472004538953,1.5613676622102222,2026-03-27,IS7J26,399.0,5.0,35.0,True,,-0.014466195265737544,0.015748356968139154,0.01839736513971596,0.01047129986729512,,,1.0,1.0,1.0,2.0,3.0,0.0035800792148762447,0.2,28.5,0.0,1,0,0,0,-1,0,0,1,2026-04-02,0.05773246666857171,2300.0,1.0,2026-04-07,0.07944622689235599,3200.0,1.0,2026-04-13,0.06016852146645291,2400.0,1.0,2026-04-27,0.05773246666857171,2300.0,1.0,2026-05-12,0.017926216268152113,700.0,1.0,2026-05-27,0.005154650588664422,200.0,1.0,2026-06-26,-0.05579135962841554,-2100.0,-1.0
2026-03-30,Mon,39900.0,39900.0,39700.0,39400.0,38400.0,37700.0,38600.0,38200.0,37700.0,37500.0,36000.0,700.0,2026-03-30,2.0,2,37700.0,37500.0,36000.0,39460.0,37066.666666666664,2393.3333333333358,3400.0,3700.0,-0.5628893643913071,-0.4126862514776499,-0.5517269735665844,2026-03-28,52500.0,0.01342302033214077,0.05480823649499495,44800.0,0.0202938193398139,0.04100802372737704,45200.0,0.015607897665990968,0.03833614874354703,2,-0.12844232311705137,1.3748253874902747,2026-03-27,IS7J26,399.0,5.0,35.0,True,,-0.014466195265737544,0.015748356968139154,0.01839736513971596,0.01047129986729512,,,1.0,1.0,1.0,2.0,3.0,0.0035800792148762447,0.2,28.5,0.0,3,0,0,0,-1,1,0,1,2026-04-04,0.03491626510622788,1400.0,1.0,2026-04-09,0.04224230519830075,1700.0,1.0,2026-04-14,0.051927610932764476,2100.0,1.0,2026-04-29,0.02258565264874907,900.0,1.0,2026-05-14,-0.020513539833102903,-800.0,-1.0,2026-05-29,-0.007643349312568012,-300.0,-1.0,2026-06-29,-0.06826797112900286,-2600.0,-1.0
2026-03-31,Tue,41000.0,41000.0,40800.0,40500.0,39500.0,38700.0,39700.0,39200.0,38000.0,37800.0,36300.0,1100.0,2026-03-31,1.0,2,38000.0,37800.0,36300.0,40560.0,37366.666666666664,3193.3333333333358,4200.0,4500.0,0.9571619518974687,1.0956333735809074,0.7962472644942463,2026-03-30,52500.0,0.007648220838256819,0.05480823649499495,45900.0,0.033225647628320386,0.07226619683192068,45200.0,0.015607897665990968,0.04063764573182626,1,-0.12516314295400605,1.5053059518569765,2026-03-30,IS7J26,407.0,0.0,35.0,False,0.01985176855273153,0.005385573286993985,0.03560012552087068,0.03824913369244749,0.030323068420026647,,,1.0,1.0,1.0,2.0,3.0,0.0036760019709248574,0.25,28.5,1.0,1,0,-1,0,-1,1,0,1,2026-04-06,0.02919915469226235,1200.0,1.0,2026-04-10,0.009828088936262693,400.0,1.0,2026-04-15,0.012270092591814401,500.0,1.0,2026-04-30,-0.00992563979996993,-400.0,-1.0,2026-05-15,-0.042881727483265686,-1700.0,-1.0,2026-05-30,-0.03517950712117334,-1400.0,-1.0,2026-06-29,-0.09580412893760819,-3700.0,-1.0
2026-04-01,Wed,41000.0,41000.0,40800.0,40500.0,39500.0,38700.0,39700.0,39200.0,38700.0,38500.0,37200.0,0.0,2026-04-01,1.0,2,38700.0,38500.0,37200.0,40560.0,38133.333333333336,2426.6666666666642,3300.0,3600.0,-0.47124446365776823,-0.5718453909526799,-0.6926984714670115,2026-03-31,52300.0,0.0,0.05907229002223287,46200.0,0.04199512103660324,0.07644169549994212,46300.0,0.03293382167124885,0.0693014658421238,1,-0.1316778239751997,1.1106307482429822,2026-03-31,IS7J26,407.0,0.0,35.0,False,0.0,0.005385573286993985,0.03560012552087068,0.03824913369244749,0.03032306842002665,,,1.0,1.0,1.0,2.0,3.0,0.005747962763668483,0.25,29.5,1.0,1,0,0,0,-1,0,0,1,2026-04-06,0.02919915469226235,1200.0,1.0,2026-04-11,0.00738010729762246,300.0,1.0,2026-04-16,0.00738010729762246,300.0,1.0,2026-05-01,-0.004950505159856203,-200.0,-1.0,2026-05-16,-0.03517950712117334,-1400.0,-1.0,2026-06-01,-0.04030772348809287,-1600.0,-1.0,2026-06-30,-0.08230864746272364,-3200.0,-1.0
2026-04-02,Thu,41600.0,41600.0,41300.0,41000.0,40000.0,39200.0,40300.0,39800.0,39200.0,39000.0,37700.0,500.0,2026-04-02,1.0,2,39200.0,39000.0,37700.0,41100.0,38633.333333333336,2466.6666666666642,3300.0,3600.0,-0.36890532503475165,-0.5479497383720451,-0.6669736607127817,2026-04-01,,,,46800.0,0.05715841383994862,0.09637912699322983,46600.0,0.04386668210558172,0.07807754402189818,1,-0.13231113621929325,1.0407627699997555,2026-04-01,IS7J26,407.0,0.0,35.0,False,0.0,0.005385573286993985,0.03295811605803211,0.04090517775056378,0.03032306842002665,,,1.0,1.0,1.0,2.0,3.0,0.005747962763668483,0.25,36.5,1.0,1,0,0,0,-1,0,0,1,2026-04-07,0.02171376022378426,900.0,1.0,2026-04-13,0.002436054797881121,100.0,1.0,2026-04-17,-0.007343974255758506,-300.0,-1.0,2026-05-02,-0.01227009259181436,-500.0,-1.0,2026-05-18,-0.04489531990789099,-1800.0,-1.0,2026-06-01,-0.05257781607990724,-2100.0,-1.0,2026-07-01,-0.0972633054252069,-3800.0,-1.0
2026-04-03,Fri,41200.0,41200.0,41000.0,40600.0,39600.0,39000.0,39800.0,39300.0,39000.0,38800.0,37300.0,-400.0,2026-04-03,1.0,2,39000.0,38800.0,37300.0,40720.0,38366.666666666664,2353.3333333333358,3300.0,3700.0,-0.5718477239213879,-0.5231896538227102,-0.4655514559483513,2026-04-02,55200.0,0.05396658221217236,0.11303887223440529,47400.0,0.06989743961737833,0.10911815277065962,47800.0,0.0692917804713919,0.10582552380384797,1,-0.15485416209334388,-0.17629331786602948,2026-04-02,IS7J26,406.0,9.0,0.0,False,-0.0024600258408623114,0.002925547446131674,0.017391742711869215,0.033140099680008375,0.03049809021716945,,,1.0,1.0,1.0,2.0,3.0,0.005747962763668483,0.25,36.5,0.0,1,0,0,0,0,1,0,1,2026-04-08,0.031517760320405104,1300.0,1.0,2026-04-13,0.012240054894502006,500.0,1.0,2026-04-18,0.004914014802429163,200.0,1.0,2026-05-04,0.0,0.0,0.0,2026-05-18,-0.03509131981127006,-1400.0,-1.0,2026-06-02,-0.04792846657195084,-1900.0,-1.0,2026-07-02,-0.09015109699429745,-3500.0,-1.0
2026-04-04,Sat,41400.0,41400.0,41100.0,40800.0,39600.0,39200.0,40200.0,39600.0,39400.0,39200.0,37700.0,200.0,2026-04-04,1.0,2,39400.0,39200.0,37700.0,40860.0,38766.666666666664,2093.3333333333358,3100.0,3400.0,-1.103944421188346,-0.9104050440412096,-0.9923833892647644,2026-04-03,55200.0,0.05396658221217236,0.11303887223440529,46900.0,0.059292886368581245,0.10323058940000134,47600.0,0.0650989022113559,0.10629465864962322,1,-0.1393355940421176,0.6293385593713241,2026-04-02,IS7J26,406.0,9.0,0.0,False,-0.0024600258408623114,0.002925547446131674,0.017391742711869215,0.033140099680008375,0.03049809021716945,,,1.0,1.0,1.0,2.0,3.0,0.005747962763668483,0.25,36.5,0.0,2,1,0,0,0,1,0,1,2026-04-09,0.007326040092072881,300.0,1.0,2026-04-14,0.017011345826536538,700.0,1.0,2026-04-20,-0.002453988961566703,-100.0,-1.0,2026-05-04,-0.00491401480242904,-200.0,-1.0,2026-05-19,-0.05026183478088831,-2000.0,-1.0,2026-06-03,-0.052842481374379933,-2100.0,-1.0,2026-07-03,-0.1004705303636345,-3900.0,-1.0
2026-04-06,Mon,42200.0,42200.0,42000.0,41700.0,41100.0,39800.0,41000.0,40500.0,40000.0,39800.0,38300.0,900.0,2026-04-06,2.0,2,40000.0,39800.0,38300.0,41840.0,39366.666666666664,2473.3333333333358,3400.0,3700.0,-0.25346167479348547,-0.25662622506114274,-0.40312602733008346,2026-04-04,55200.0,0.05396658221217236,0.11506932978478729,47700.0,0.08074176397603428,0.11778303565638346,47400.0,0.06763755164994092,0.10676797542570614,2,-0.13443026908953973,0.873981616317427,2026-04-02,IS7J26,406.0,9.0,0.0,False,-0.0024600258408623114,0.002925547446131674,0.017391742711869215,0.033140099680008375,0.03049809021716945,,,1.0,1.0,1.0,2.0,3.0,0.005747962763668483,0.25,36.5,0.0,4,0,0,0,0,1,0,1,2026-04-11,-0.021819047394639725,-900.0,-1.0,2026-04-16,-0.021819047394639725,-900.0,-1.0,2026-04-21,-0.02427303635620642,-1000.0,-1.0,2026-05-06,-0.036634133179780384,-1500.0,-1.0,2026-05-22,-0.07984288751101719,-3200.0,-1.0,2026-06-05,-0.07984288751101719,-3200.0,-1.0,2026-07-06,-0.1304528883974352,-5100.0,-1.0
2026-04-07,Tue,42400.0,42400.0,42200.0,41900.0,40500.0,40000.0,41100.0,40500.0,40200.0,40000.0,38500.0,200.0,2026-04-07,1.0,2,40200.0,40000.0,38500.0,41880.0,39566.666666666664,2313.3333333333358,3400.0,3700.0,-0.5793791852662119,-0.23278760996380554,-0.3786527245164208,2026-04-06,55200.0,0.057798004523728484,0.11506932978478729,48300.0,0.09551724057740124,0.13976194237515863,47400.0,0.06763755164994092,0.11147386646311876,1,-0.1421457337304349,0.41590676883361394,2026-04-06,IS7J26,406.0,0.0,35.0,False,0.0,0.002925547446131674,0.017391742711869215,0.033140099680008375,0.033140099680008146,,,0.0,1.0,1.0,2.0,3.0,0.005740941430787523,0.3,36.5,1.0,1,0,0,0,0,1,0,1,2026-04-13,-0.019277705425903076,-800.0,-1.0,2026-04-17,-0.029057734479542782,-1200.0,-1.0,2026-04-22,-0.021713760223784247,-900.0,-1.0,2026-05-07,-0.041418831303116625,-1700.0,-1.0,2026-05-22,-0.08462758563435353,-3400.0,-1.0,,,,,2026-07-06,-0.13523758652077145,-5300.0,-1.0
2026-04-08,Wed,42400.0,42400.0,42200.0,41900.0,40500.0,40000.0,41100.0,40500.0,39500.0,39300.0,37800.0,0.0,2026-04-08,1.0,2,39500.0,39300.0,37800.0,41880.0,38866.666666666664,3013.3333333333358,4100.0,4400.0,1.0166356150653664,1.3118539067252242,1.0057799083619479,2026-04-07,55200.0,0.057798004523728484,0.1171039184825748,48600.0,0.10170921082532242,0.09716374845364767,49000.0,0.09858082867244759,0.10536051565782635,1,-0.14833770397835602,0.020304229027970914,2026-04-07,IS7J26,410.0,3.0,35.0,False,0.009804000096620835,0.012729547542752509,0.0073439742557585164,0.04294409977662921,0.04559310794820594,0.035038920269515696,,0.0,1.0,1.0,1.0,3.0,0.005663832868594613,0.3,36.5,0.0,1,-1,-1,-1,0,1,0,1,2026-04-13,-0.019277705425903076,-800.0,-1.0,2026-04-18,-0.02660374551797602,-1100.0,-1.0,2026-04-23,-0.019277705425903076,-800.0,-1.0,2026-05-08,-0.05141891463770007,-2100.0,-1.0,2026-05-23,-0.09245031131556249,-3700.0,-1.0,,,,,2026-07-07,-0.13797356633964625,-5400.0,-1.0
2026-04-09,Thu,41600.0,41600.0,41400.0,41100.0,40000.0,39300.0,40500.0,40000.0,39200.0,39000.0,37500.0,-800.0,2026-04-09,1.0,2,39200.0,39000.0,37500.0,41140.0,38566.666666666664,2573.3333333333358,3600.0,3900.0,0.04291783230290651,0.23759625032563753,0.049429409495838836,2026-04-08,55400.0,0.06141464499391688,0.06718944448780083,48600.0,0.10170921082532242,0.10170921082532242,49500.0,0.1109879925235547,0.10648348040245013,1,-0.16761540940425917,-1.1648008793990503,2026-04-08,IS7J26,409.0,0.0,35.0,False,-0.0024420036555517443,0.010287543887200764,0.004901970600206772,0.04050209612107747,0.045807148350770495,0.03522503902023342,,0.0,1.0,1.0,1.0,3.0,0.005844844771530753,0.35,36.5,1.0,1,0,0,0,1,1,1,1,2026-04-14,0.009685305734463679,400.0,1.0,2026-04-20,-0.009780029053639606,-400.0,-1.0,2026-04-24,-0.0024360547978811158,-100.0,-1.0,2026-05-09,-0.03465693380904415,-1400.0,-1.0,2026-05-25,-0.07317260588965945,-2900.0,-1.0,,,,,2026-07-08,-0.11051027632730366,-4300.0,-1.0
2026-04-10,Fri,41400.0,41400.0,41200.0,40900.0,39800.0,39000.0,40100.0,39600.0,39100.0,38900.0,37500.0,-200.0,2026-04-10,1.0,2,39100.0,38900.0,37500.0,40940.0,38500.0,2440.0,3400.0,3700.0,-0.2390694111203441,-0.18029666400779357,-0.3258630489318468,2026-04-09,55400.0,0.06141464499391688,0.06718944448780083,48600.0,0.08141539148550864,0.10170921082532242,48300.0,0.06633447382034155,0.0819423714863325,1,-0.172493467857692,-1.4456651693128673,2026-04-09,IS7J26,408.0,0.0,35.0,False,-0.0024479816386400017,0.007839562248560762,0.0024539889615667705,0.03541210501959889,0.04335916671213049,0.032777057381593415,,0.0,1.0,1.0,1.0,3.0,0.005834756727280641,0.35,36.5,1.0,1,0,0,0,1,1,1,1,2026-04-15,0.002442003655551809,100.0,1.0,2026-04-20,-0.0049019706002067795,-200.0,-1.0,2026-04-25,0.002442003655551809,100.0,1.0,2026-05-11,-0.03230094478832118,-1300.0,-1.0,2026-05-25,-0.0682945474362266,-2700.0,-1.0,,,,,2026-07-09,-0.10021215040453167,-3900.0,-1.0
2026-04-11,Sat,41300.0,41300.0,41100.0,40800.0,39500.0,39000.0,39800.0,39300.0,39000.0,38800.0,37300.0,-100.0,2026-04-11,1.0,2,39000.0,38800.0,37300.0,40800.0,38366.666666666664,2433.3333333333358,3500.0,3800.0,-0.2260767215119979,0.08129332208270258,-0.08760762674515579,2026-04-10,55200.0,0.050149783685471516,0.06357280401761234,46400.0,0.010834342165710146,0.044059989794030495,47100.0,0.04117591418418657,0.05678381185017754,1,-0.1286173778220936,1.189626189276615,2026-04-10,IS7J26,406.0,12.0,31.0,False,-0.00491401480242904,0.0029255474461317215,4.163336342344337e-17,0.017391742711869267,0.03844515190970145,0.027863042579164374,,0.0,1.0,1.0,1.0,3.0,0.005917393630847118,0.3,36.5,0.0,1,0,0,0,-1,1,0,1,2026-04-16,0.0,0.0,0.0,2026-04-21,-0.002453988961566703,-100.0,-1.0,2026-04-27,0.00488998529419177,200.0,1.0,2026-05-11,-0.02985296314968116,-1200.0,-1.0,2026-05-26,-0.0580238401163775,-2300.0,-1.0,,,,,2026-07-10,-0.09776416876589157,-3800.0,-1.0
2026-04-13,Mon,41600.0,41600.0,41400.0,41100.0,39700.0,39100.0,40200.0,39700.0,39300.0,39100.0,37600.0,300.0,2026-04-13,2.0,2,39300.0,39100.0,37600.0,41080.0,38666.666666666664,2413.3333333333358,3500.0,3800.0,-0.24816315923086987,0.11120874674456675,-0.05771057846267857,2026-04-10,55200.0,0.050149783685471516,0.06357280401761234,46400.0,0.010834342165710146,0.044059989794030495,47100.0,0.04117591418418657,0.05678381185017754,3,-0.12129133773002065,1.5827188099435316,2026-04-10,IS7J26,406.0,12.0,31.0,False,-0.00491401480242904,0.0029255474461317215,4.163336342344337e-17,0.017391742711869267,0.03844515190970145,0.027863042579164374,,0.0,1.0,1.0,1.0,3.0,0.005917393630847118,0.3,36.5,0.0,3,0,0,0,-1,1,0,1,2026-04-18,-0.007326040092072898,-300.0,-1.0,2026-04-23,0.0,0.0,0.0,2026-04-28,-0.009780029053639606,-400.0,-1.0,2026-05-13,-0.052446475372542545,-2100.0,-1.0,2026-05-28,-0.04478360262697331,-1800.0,-1.0,2026-06-15,-0.07055822531558864,-2800.0,-1.0,2026-07-13,-0.09701479485241907,-3800.0,-1.0
2026-04-14,Tue,42000.0,42000.0,41800.0,41500.0,40100.0,39100.0,40600.0,40100.0,39500.0,39300.0,37800.0,400.0,2026-04-14,1.0,2,39500.0,39300.0,37800.0,41480.0,38866.666666666664,2613.3333333333358,3700.0,4000.0,0.2925144611042407,0.6330263046042752,0.4207370744276266,2026-04-13,55100.0,0.048336546561290744,0.05598476739954761,46400.0,0.00431966114451638,0.04631478218111959,46500.0,0.004310351501122263,0.03724417317237118,1,-0.111606031995557,2.084014606452762,2026-04-13,IS7J26,405.0,0.0,31.0,False,-0.002466092495193554,0.0004594549509381674,-0.0024660924951935125,0.014925650216675712,0.03332301535639168,0.025396950083970825,,0.0,0.0,1.0,1.0,3.0,0.00612637575562106,0.3,36.5,1.0,1,0,0,0,-1,1,0,1,2026-04-20,-0.01946533478810335,-800.0,-1.0,2026-04-24,-0.01212136053234485,-500.0,-1.0,2026-04-29,-0.02934195828401532,-1200.0,-1.0,2026-05-14,-0.07244115076586749,-2900.0,-1.0,2026-05-29,-0.05957096024533254,-2400.0,-1.0,2026-06-15,-0.08024353105005236,-3200.0,-1.0,2026-07-13,-0.10670010058688277,-4200.0,-1.0
2026-04-15,Wed,41600.0,41600.0,41300.0,41000.0,39500.0,39200.0,40000.0,39500.0,39000.0,38800.0,37300.0,-500.0,2026-04-15,1.0,2,39000.0,38800.0,37300.0,41000.0,38366.666666666664,2633.3333333333358,3700.0,4000.0,0.4006145597756964,0.6926126235231469,0.47837619969837547,2026-04-14,54800.0,0.04669382288309265,0.04669382288309265,45900.0,-0.019418085857101627,0.03774032798284711,46300.0,-0.0064585800394118195,0.037408102066170006,1,-0.11289305036219166,1.903025992349282,2026-04-14,IS7J26,404.0,3.0,28.0,False,-0.002472189145389037,-0.0020127341944508694,-0.014742281737203385,-0.007398307481444858,0.030850826211002644,0.022924760938581788,,0.0,0.0,1.0,1.0,3.0,0.006209130298396803,0.25,36.5,0.0,1,0,0,0,-1,0,0,1,2026-04-20,-0.007343974255758506,-300.0,-1.0,2026-04-25,0.0,0.0,0.0,2026-04-30,-0.022195732391784323,-900.0,-1.0,2026-05-15,-0.0551518200750801,-2200.0,-1.0,2026-05-30,-0.04744959971298776,-1900.0,-1.0,2026-06-15,-0.06812217051770744,-2700.0,-1.0,2026-07-14,-0.08656801630845894,-3400.0,-1.0
2026-04-16,Thu,41500.0,41500.0,40300.0,40800.0,39400.0,39000.0,39800.0,39300.0,38700.0,38500.0,37000.0,-200.0,2026-04-16,1.0,2,38700.0,38500.0,37000.0,40700.0,38066.666666666664,2633.3333333333358,3800.0,3300.0,0.44473909467540607,1.000189349838301,-1.1854035141751778,2026-04-14,54800.0,0.04669382288309265,0.04669382288309265,45900.0,-0.019418085857101627,0.03774032798284711,46300.0,-0.0064585800394118195,0.037408102066170006,2,-0.11778303565638351,1.5447374242985012,2026-04-15,IS7J26,403.0,0.0,28.0,False,-0.00247831601446709,-0.004491050208917959,-0.01477859409611873,-0.009876623495911948,0.028372510196535555,0.020446444924114696,,0.0,0.0,1.0,1.0,3.0,0.006273494045461385,0.3,36.5,1.0,1,0,-1,1,-1,0,0,1,2026-04-21,-0.002453988961566703,-100.0,-1.0,2026-04-27,0.00488998529419177,200.0,1.0,2026-05-01,-0.012330612457478674,-500.0,-1.0,2026-05-16,-0.04255961441879589,-1700.0,-1.0,2026-06-01,-0.04768783078571535,-1900.0,-1.0,2026-06-15,-0.06323218522351572,-2500.0,-1.0,2026-07-15,-0.07373096932173531,-2900.0,-1.0
2026-04-17,Fri,41300.0,41300.0,41100.0,40700.0,39200.0,39000.0,39600.0,39000.0,38700.0,38500.0,37000.0,-100.0,2026-04-17,1.0,2,38700.0,38500.0,37000.0,40720.0,38066.666666666664,2653.3333333333358,3700.0,4100.0,0.5247959148420211,0.744020362399346,0.8315098656102862,2026-04-14,54800.0,0.04669382288309265,0.04669382288309265,45900.0,-0.019418085857101627,0.03774032798284711,46300.0,-0.0064585800394118195,0.037408102066170006,3,-0.12023702461795013,1.3525316921123085,2026-04-16,IS7J26,403.0,0.0,28.0,False,0.0,-0.004491050208917959,-0.01233061245747873,-0.009876623495911948,0.03102855425465185,0.020446444924114696,,0.0,0.0,1.0,1.0,3.0,0.006334596807553424,0.3,35.0,1.0,1,0,0,0,-1,0,0,1,2026-04-22,0.007343974255758505,300.0,1.0,2026-04-27,0.007343974255758505,300.0,1.0,2026-05-02,-0.004926118336055889,-200.0,-1.0,2026-05-18,-0.03755134565213248,-1500.0,-1.0,2026-06-01,-0.04523384182414873,-1800.0,-1.0,2026-06-16,-0.060778196261949045,-2400.0,-1.0,2026-07-16,-0.06864193272216358,-2700.0,-1.0
2026-04-18,Sat,41300.0,41300.0,41100.0,40800.0,39100.0,38700.0,39700.0,39000.0,38700.0,38500.0,37000.0,100.0,2026-04-18,1.0,2,38700.0,38500.0,37000.0,40720.0,38066.666666666664,2653.3333333333358,3800.0,4100.0,0.5502406963655219,1.0280338430977873,0.8571115687442448,2026-04-17,54300.0,-0.016438726343159835,0.03752785586901264,44600.0,-0.06088836967501237,0.00900906994236591,45300.0,-0.05371860700842195,0.015573173462969887,1,-0.0890517776159024,2.977203766057597,2026-04-17,IS7J26,402.0,6.0,28.0,False,-0.002484473327661945,-0.006975523536579905,-0.009901070982711632,-0.00990107098271158,0.02323902869729681,0.020597019234457864,,0.0,0.0,1.0,1.0,3.0,0.006266887183798168,0.3,35.0,0.0,1,0,-1,0,-1,-1,-1,1,2026-04-23,0.007326040092072881,300.0,1.0,2026-04-28,-0.002453988961566703,-100.0,-1.0,2026-05-04,-0.00491401480242904,-200.0,-1.0,2026-05-18,-0.04000533461369913,-1600.0,-1.0,2026-06-02,-0.052842481374379933,-2100.0,-1.0,2026-06-17,-0.07109592168373022,-2800.0,-1.0,2026-07-17,-0.07109592168373022,-2800.0,-1.0
2026-04-20,Mon,41300.0,41300.0,41100.0,40700.0,39000.0,38700.0,39700.0,39000.0,38700.0,38500.0,37000.0,-100.0,2026-04-20,2.0,2,38700.0,38500.0,37000.0,40680.0,38066.666666666664,2613.3333333333358,3700.0,4100.0,0.46589763106157384,0.7780455409357346,0.8951231997131747,2026-04-18,54300.0,-0.016438726343159835,0.03752785586901264,44700.0,-0.04804417383271049,0.011248712535870667,45300.0,-0.04952572874838604,0.015573173462969887,2,-0.09374540917097386,2.497300431162739,2026-04-17,IS7J26,402.0,6.0,28.0,False,-0.002484473327661945,-0.006975523536579905,-0.009901070982711632,-0.00990107098271158,0.02323902869729681,0.020597019234457864,,0.0,0.0,1.0,1.0,3.0,0.006266887183798168,0.3,35.0,0.0,3,0,0,0,-1,-1,-1,1,2026-04-25,0.007343974255758505,300.0,1.0,2026-04-30,-0.014851758136025814,-600.0,-1.0,2026-05-05,-0.0024600258408623114,-100.0,-1.0,2026-05-20,-0.055569851154810765,-2200.0,-1.0,2026-06-04,-0.050388492412813145,-2000.0,-1.0,2026-06-19,-0.08188715947218415,-3200.0,-1.0,2026-07-20,-0.0581706328548681,-2300.0,-1.0
2026-04-21,Tue,41300.0,41300.0,41100.0,40700.0,39000.0,38700.0,39600.0,38900.0,38400.0,38200.0,36700.0,0.0,2026-04-21,1.0,2,38400.0,38200.0,36700.0,40680.0,37766.666666666664,2913.3333333333358,4000.0,4400.0,1.4121597370481762,1.6329355141588322,1.7305336107328335,2026-04-20,54000.0,-0.02197890671877523,0.0319876754933971,44900.0,-0.06049360314608695,0.020248160829947494,45300.0,-0.04531519621204249,0.022322355437898487,1,-0.09820970229965931,2.1346279464242035,2026-04-20,IS7J26,402.0,0.0,28.0,False,0.0,-0.006975523536579905,-0.007434978487518078,-0.00990107098271158,0.02323902869729681,0.023239028697296563,,0.0,0.0,1.0,1.0,3.0,0.006268116552171417,0.3,35.0,1.0,1,-1,-1,-1,-1,-1,-1,1,2026-04-27,0.007343974255758505,300.0,1.0,2026-05-01,-0.009876623495911976,-400.0,-1.0,2026-05-06,-0.012361096823573975,-500.0,-1.0,2026-05-22,-0.055569851154810765,-2200.0,-1.0,2026-06-05,-0.055569851154810765,-2200.0,-1.0,2026-06-20,-0.08723476579877948,-3400.0,-1.0,2026-07-20,-0.0581706328548681,-2300.0,-1.0
2026-04-22,Wed,41500.0,41500.0,41300.0,41000.0,39300.0,38900.0,39800.0,39200.0,38700.0,38500.0,37000.0,300.0,2026-04-22,1.0,2,38700.0,38500.0,37000.0,40920.0,38066.666666666664,2853.3333333333358,4000.0,4300.0,1.2382529037971481,1.6329355141588322,1.4825372820426745,2026-04-21,53300.0,-0.035026622111250814,0.022771382412477597,44600.0,-0.07969770163250857,0.01581953894489281,45100.0,-0.049739982192398106,0.017897569457542666,1,-0.08416179232171059,2.6672712824463853,2026-04-21,IS7J26,402.0,0.0,28.0,False,0.0,-0.006975523536579905,-0.004962789342129041,-0.019705071079332413,0.02323902869729681,0.025888036868873514,,0.0,0.0,1.0,1.0,2.0,0.006268116552171417,0.3,35.0,1.0,1,-1,-1,-1,-1,-1,-1,1,2026-04-27,0.0,0.0,0.0,2026-05-02,-0.01227009259181436,-500.0,-1.0,2026-05-07,-0.019705071079332444,-800.0,-1.0,2026-05-22,-0.06291382541056932,-2500.0,-1.0,,,,,2026-06-22,-0.09457874005453791,-3700.0,-1.0,2026-07-21,-0.06551460711062657,-2600.0,-1.0
2026-04-23,Thu,41800.0,41800.0,41600.0,41100.0,39400.0,39100.0,39900.0,39300.0,38700.0,38500.0,37000.0,100.0,2026-04-23,1.0,2,38700.0,38500.0,37000.0,41140.0,38066.666666666664,3073.3333333333358,4100.0,4600.0,1.926440926326798,1.876136456963662,2.2839087858495257,2026-04-21,53300.0,-0.035026622111250814,0.022771382412477597,44600.0,-0.07969770163250857,0.01581953894489281,45100.0,-0.049739982192398106,0.017897569457542666,2,-0.08172573752382947,2.5884858320414135,2026-04-22,IS7J26,402.0,0.0,28.0,False,0.0,-0.006975523536579905,-0.002484473327661952,-0.01726306742378067,0.02323902869729681,0.02854408092698981,,0.0,0.0,1.0,1.0,2.0,0.006268116552171417,0.3,35.0,1.0,1,-1,-1,-1,-1,-1,-1,1,2026-04-28,-0.009780029053639606,-400.0,-1.0,2026-05-04,-0.01224005489450195,-500.0,-1.0,2026-05-08,-0.03214120921179686,-1300.0,-1.0,2026-05-23,-0.07317260588965945,-2900.0,-1.0,,,,,2026-06-22,-0.09701479485241907,-3800.0,-1.0,2026-07-22,-0.06534988020845042,-2600.0,-1.0
2026-04-24,Fri,41700.0,41700.0,41500.0,41000.0,39400.0,38700.0,40000.0,39300.0,38700.0,38500.0,37000.0,-100.0,2026-04-24,1.0,2,38700.0,38500.0,37000.0,41060.0,38066.666666666664,2993.3333333333358,4000.0,4500.0,1.6759146053370295,1.586348458578132,1.9930425753504695,2026-04-21,53300.0,-0.035026622111250814,0.022771382412477597,44600.0,-0.07969770163250857,0.01581953894489281,45100.0,-0.049739982192398106,0.017897569457542666,3,-0.08416179232171059,2.3101963931215344,2026-04-23,IS7J26,403.0,0.0,28.0,False,0.0024844733276619658,-0.004491050208917938,1.3877787807814457e-17,-0.012330612457478705,0.0230814925621202,0.031028554254651775,,0.0,0.0,1.0,1.0,2.0,0.006268116552171417,0.3,35.0,1.0,1,-1,-1,-1,-1,-1,-1,1,2026-04-29,-0.01722059775167052,-700.0,-1.0,2026-05-04,-0.009804000096620856,-400.0,-1.0,2026-05-09,-0.032220879011163106,-1300.0,-1.0,2026-05-25,-0.07073655109177825,-2800.0,-1.0,,,,,2026-06-23,-0.10536051565782628,-4100.0,-1.0,2026-07-23,-0.06291382541056932,-2500.0,-1.0
2026-04-25,Sat,41600.0,41600.0,41300.0,41000.0,39300.0,38900.0,39800.0,39000.0,38900.0,38700.0,37200.0,0.0,2026-04-25,1.0,2,38900.0,38700.0,37200.0,40960.0,38266.666666666664,2693.3333333333358,3800.0,4100.0,0.7593209476914239,1.0455478476992233,0.9347898804741142,2026-04-24,53400.0,-0.03315220731690051,0.024645797206827948,45500.0,-0.06591120494954333,0.03579800587577903,46400.0,-0.054520838878417,0.044059989794030495,1,-0.1041402592525969,1.3770635435353609,2026-04-24,IS7J26,403.0,0.0,28.0,False,0.0,-0.004491050208917938,0.002484473327661959,-0.007416597655049663,0.009975145056819616,0.031028554254651775,,0.0,0.0,1.0,1.0,2.0,0.0062662392875533915,0.3,35.0,1.0,1,0,-1,0,-1,-1,-1,1,2026-04-30,-0.022195732391784323,-900.0,-1.0,2026-05-05,-0.009804000096620856,-400.0,-1.0,2026-05-11,-0.034742948443872976,-1400.0,-1.0,2026-05-25,-0.07073655109177825,-2800.0,-1.0,,,,,2026-06-24,-0.10807422152942253,-4200.0,-1.0,2026-07-24,-0.06291382541056932,-2500.0,-1.0
2026-04-27,Mon,41600.0,41600.0,41300.0,41000.0,39300.0,38900.0,39800.0,39000.0,38900.0,38700.0,37200.0,0.0,2026-04-27,2.0,2,38900.0,38700.0,37200.0,40960.0,38266.666666666664,2693.3333333333358,3800.0,4100.0,0.7741046415368639,1.0455478476992233,0.9539634924599498,2026-04-25,53300.0,-0.038643262581439256,0.022771382412477597,45300.0,-0.07031649841745971,0.03139271240786264,45600.0,-0.08206495305430417,0.02892303946925045,2,-0.09973496578468058,1.501510567652435,2026-04-24,IS7J26,403.0,0.0,28.0,False,0.0,-0.004491050208917938,0.002484473327661959,-0.007416597655049663,0.009975145056819616,0.031028554254651775,,0.0,0.0,1.0,1.0,2.0,0.0062662392875533915,0.3,35.0,1.0,3,0,-1,0,-1,-1,-1,1,2026-05-02,-0.01227009259181436,-500.0,-1.0,2026-05-07,-0.019705071079332444,-800.0,-1.0,2026-05-12,-0.039806250400419706,-1600.0,-1.0,2026-05-27,-0.05257781607990724,-2100.0,-1.0,2026-06-15,-0.06812217051770744,-2700.0,-1.0,2026-06-26,-0.11352382629698722,-4400.0,-1.0,2026-07-27,-0.06291382541056932,-2500.0,-1.0
2026-04-28,Tue,41400.0,41400.0,41100.0,40700.0,39100.0,38900.0,39600.0,39000.0,38700.0,38500.0,37000.0,-300.0,2026-04-28,1.0,2,38700.0,38500.0,37000.0,40740.0,38066.666666666664,2673.3333333333358,3700.0,4100.0,0.7119275618953501,0.7607790697301802,0.9539634924599498,2026-04-27,52800.0,-0.048068403041022334,0.013346241952894486,45300.0,-0.07031649841745971,0.011098893068048765,45600.0,-0.057523844138186606,0.008810629682154906,1,-0.107078940040439,1.1600374244133216,2026-04-27,IS7K26,407.0,0.0,28.0,True,,-0.004491050208917938,0.002484473327661959,-0.004950505159856109,0.009975145056819616,,,1.0,1.0,1.0,2.0,3.0,0.00556681620005129,0.3,33.0,1.0,1,0,0,0,-1,-1,-1,1,2026-05-04,-0.0024600258408623114,-100.0,-1.0,2026-05-08,-0.0223611801581573,-900.0,-1.0,2026-05-13,-0.04266644631890283,-1700.0,-1.0,2026-05-28,-0.0350035735733337,-1400.0,-1.0,2026-06-15,-0.060778196261949045,-2400.0,-1.0,2026-06-27,-0.10345133738802476,-4000.0,-1.0,2026-07-27,-0.055569851154810765,-2200.0,-1.0
2026-04-29,Wed,41200.0,41200.0,41000.0,40300.0,38900.0,38700.0,39300.0,38800.0,38500.0,38300.0,36800.0,-400.0,2026-04-29,1.0,2,38500.0,38300.0,36800.0,40520.0,37866.666666666664,2653.3333333333358,3500.0,4200.0,0.6426960135072443,0.20933140990006083,1.2124842066993076,2026-04-28,52500.0,-0.05014978368547156,0.0,45300.0,-0.023992426743221194,-0.013158084577511088,45300.0,-0.03896596853338372,0.0022099456508028917,1,-0.11695556353635105,0.734931012682694,2026-04-28,IS7K26,412.0,0.0,28.0,False,0.012210163906931337,0.0077191136980133985,0.014694637234593296,0.009731847892464264,0.002333540411019422,,,1.0,1.0,1.0,2.0,3.0,0.00556681620005129,0.25,31.0,1.0,1,0,0,-1,0,-1,0,1,2026-05-04,0.007416597655049619,300.0,1.0,2026-05-09,-0.015000281259492598,-600.0,-1.0,2026-05-14,-0.043099192481852074,-1700.0,-1.0,2026-05-29,-0.030229001961317156,-1200.0,-1.0,2026-06-15,-0.05090157276603702,-2000.0,-1.0,2026-06-29,-0.09085362377775211,-3500.0,-1.0,2026-07-28,-0.03793122232340956,-1500.0,-1.0
2026-04-30,Thu,41000.0,41000.0,40800.0,40100.0,38700.0,38700.0,39100.0,38700.0,38700.0,38500.0,37000.0,-200.0,2026-04-30,1.0,2,38700.0,38500.0,37000.0,40320.0,38066.666666666664,2253.3333333333358,3100.0,3800.0,-0.6222338187185975,-0.8914009184023939,0.11452183218074694,2026-04-29,51800.0,-0.06175956689343141,-0.013423020332140661,44700.0,-0.037325957612686436,-0.03300629646816997,44900.0,-0.03501451784510203,-0.030704166343979735,1,-0.10859716730699964,1.0508584234061644,2026-04-29,IS7K26,416.0,0.0,28.0,False,0.00966191091173689,0.017381024609750287,0.024356548146330186,0.021872074818668243,0.011995451322756312,,,1.0,1.0,1.0,2.0,3.0,0.004201559112701126,0.25,29.5,1.0,1,0,0,0,-1,-1,-1,1,2026-05-05,0.012391732295163457,500.0,1.0,2026-05-11,-0.01254721605208864,-500.0,-1.0,2026-05-15,-0.03295608768329572,-1300.0,-1.0,2026-05-30,-0.025253867321203417,-1000.0,-1.0,2026-06-15,-0.045926438125923175,-1800.0,-1.0,2026-06-29,-0.08587848913763824,-3300.0,-1.0,2026-07-29,-0.02781468818287703,-1100.0,-1.0
2026-05-01,Fri,41200.0,41200.0,40800.0,40300.0,38900.0,38800.0,39300.0,38900.0,38700.0,38500.0,37000.0,200.0,2026-05-01,1.0,2,38700.0,38500.0,37000.0,40480.0,38066.666666666664,2413.3333333333358,3300.0,3800.0,-0.11768026435461501,-0.34546525634074265,0.11012692442648074,2026-04-29,51800.0,-0.06175956689343141,-0.013423020332140661,44700.0,-0.037325957612686436,-0.03300629646816997,44900.0,-0.03501451784510203,-0.030704166343979735,2,-0.1036220326668859,1.219686778340403,2026-04-30,IS7K26,416.0,0.0,28.0,False,0.0,0.017381024609750287,0.021872074818668222,0.021872074818668243,0.011995451322756312,,,1.0,1.0,1.0,2.0,3.0,0.004736511268110959,0.25,28.0,1.0,1,0,0,0,-1,-1,-1,1,2026-05-06,-0.002484473327661945,-100.0,-1.0,2026-05-11,-0.01752235069220249,-700.0,-1.0,2026-05-16,-0.030229001961317156,-1200.0,-1.0,2026-06-01,-0.035357218328236684,-1400.0,-1.0,2026-06-15,-0.05090157276603702,-2000.0,-1.0,2026-06-30,-0.07735814230286749,-3000.0,-1.0,2026-07-30,-0.03278982282299084,-1300.0,-1.0
2026-05-02,Sat,41400.0,41400.0,41100.0,40500.0,39100.0,38800.0,39500.0,39000.0,38700.0,38500.0,37000.0,200.0,2026-05-02,1.0,2,38700.0,38500.0,37000.0,40700.0,38066.666666666664,2633.3333333333358,3500.0,4100.0,0.5542070167091168,0.1813488418838569,0.8933494848262339,2026-05-01,51500.0,-0.0621083862842794,-0.01541456340118673,45100.0,-0.01758287055786682,-0.037000956414968374,45500.0,-0.017429635135283648,-0.02388821517469549,1,-0.10758027239613926,1.0231389213575355,2026-05-01,IS7K26,416.0,0.0,19.0,False,0.0,0.017381024609750287,0.021872074818668222,0.02435654814633019,0.014455477163618623,,,1.0,1.0,1.0,2.0,3.0,0.004736511268110959,0.25,28.0,1.0,1,0,0,0,-1,-1,-1,1,2026-05-07,-0.00743497848751809,-300.0,-1.0,2026-05-12,-0.02753615780860529,-1100.0,-1.0,2026-05-18,-0.03262522731607661,-1300.0,-1.0,2026-06-01,-0.04030772348809287,-1600.0,-1.0,2026-06-16,-0.055852077925893195,-2200.0,-1.0,2026-07-01,-0.08499321283339259,-3300.0,-1.0,2026-07-31,-0.050643732818754915,-2000.0,-1.0
2026-05-04,Mon,41400.0,41400.0,41100.0,40600.0,39200.0,38800.0,39600.0,39100.0,38900.0,38700.0,37200.0,100.0,2026-05-04,2.0,2,38900.0,38700.0,37200.0,40740.0,38266.666666666664,2473.3333333333358,3400.0,3900.0,0.025239388438113027,-0.12004946994832001,0.3322215320585783,2026-05-02,51500.0,-0.05294241927019927,-0.06938114561335913,45200.0,0.013363227812167158,-0.047525141862845295,45600.0,0.006600684031352093,-0.04711792297706985,2,-0.1073290202304986,1.0025133806711355,2026-05-01,IS7K26,416.0,0.0,19.0,False,0.0,0.017381024609750287,0.021872074818668222,0.02435654814633019,0.014455477163618623,,,1.0,1.0,1.0,2.0,3.0,0.004736511268110959,0.25,28.0,1.0,3,0,0,0,-1,0,0,1,2026-05-09,-0.02241687891454226,-900.0,-1.0,2026-05-14,-0.050515790136901835,-2000.0,-1.0,2026-05-19,-0.045347819978459145,-1800.0,-1.0,2026-06-03,-0.04792846657195084,-1900.0,-1.0,2026-06-18,-0.07410797215372185,-2900.0,-1.0,2026-07-03,-0.09555651556120552,-3700.0,-1.0,2026-08-03,-0.05310982531394841,-2100.0,-1.0
2026-05-05,Tue,41300.0,41300.0,41000.0,40600.0,39200.0,38900.0,39700.0,39100.0,38900.0,38700.0,37200.0,0.0,2026-05-05,1.0,2,38900.0,38700.0,37200.0,40680.0,38266.666666666664,2413.3333333333358,3400.0,3800.0,-0.198767062400103,-0.15194186117010353,0.03614306664447884,2026-05-04,51500.0,-0.05294241927019927,-0.06938114561335913,45300.0,0.013333530869465168,-0.03471064296324532,45600.0,0.006600684031352093,-0.042925044717033886,1,-0.10953896588130135,0.879796762002658,2026-05-04,IS7K26,416.0,0.0,19.0,False,0.0,0.017381024609750287,0.021872074818668222,0.02435654814633019,0.014455477163618623,,,0.0,1.0,1.0,2.0,3.0,0.004680605608957408,0.2,28.0,1.0,1,0,0,0,0,0,0,1,2026-05-11,-0.024938948347252066,-1000.0,-1.0,2026-05-15,-0.045347819978459145,-1800.0,-1.0,2026-05-20,-0.05310982531394841,-2100.0,-1.0,2026-06-04,-0.04792846657195084,-1900.0,-1.0,2026-06-19,-0.07942713363132178,-3100.0,-1.0,2026-07-04,-0.10099131154716243,-3900.0,-1.0,2026-08-03,-0.05310982531394841,-2100.0,-1.0
2026-05-06,Wed,41000.0,41000.0,40700.0,40200.0,39000.0,38800.0,39400.0,39000.0,38900.0,38700.0,37200.0,-400.0,2026-05-06,1.0,2,38900.0,38700.0,37200.0,40380.0,38266.666666666664,2113.3333333333358,3000.0,3500.0,-1.2085376350836312,-1.329408625411321,-0.8027823428283825,2026-05-05,51500.0,-0.047402238894583906,-0.06938114561335913,45300.0,0.00886923774077979,-0.05162436540530718,45600.0,0.006600684031352093,-0.03871451218069039,1,-0.11944003686401299,0.4307379386012276,2026-05-05,IS7K26,416.0,0.0,19.0,False,0.0,0.017381024609750287,0.009661910911736883,0.02435654814633019,0.004651477066997789,,,0.0,1.0,1.0,2.0,3.0,0.004680605608957408,0.2,28.0,1.0,1,1,1,0,0,0,0,1,2026-05-11,-0.015037877364540559,-600.0,-1.0,2026-05-16,-0.027744528633655334,-1100.0,-1.0,2026-05-22,-0.04320875433123681,-1700.0,-1.0,2026-06-05,-0.04320875433123681,-1700.0,-1.0,2026-06-20,-0.07487366897520546,-2900.0,-1.0,2026-07-06,-0.09381875521765486,-3600.0,-1.0,2026-08-04,-0.030305349495328922,-1200.0,-1.0
2026-05-07,Thu,40900.0,40900.0,40600.0,40200.0,39000.0,38700.0,39400.0,38900.0,38700.0,38500.0,37000.0,0.0,2026-05-07,1.0,2,38700.0,38500.0,37000.0,40320.0,38066.666666666664,2253.3333333333358,3200.0,3600.0,-0.7543971573304954,-0.7514048752324858,-0.5437094298903822,2026-05-05,51500.0,-0.047402238894583906,-0.06938114561335913,45300.0,0.00886923774077979,-0.05162436540530718,45600.0,0.006600684031352093,-0.03871451218069039,2,-0.11944003686401299,0.409609762785934,2026-05-06,IS7K26,416.0,0.0,19.0,False,0.0,0.017381024609750287,0.0,0.02435654814633019,0.007093480722549533,,,0.0,1.0,1.0,2.0,3.0,0.004137135416528401,0.15,28.0,1.0,1,0,0,0,0,0,0,1,2026-05-12,-0.020101179321087265,-800.0,-1.0,2026-05-18,-0.02519024882855852,-1000.0,-1.0,2026-05-22,-0.04320875433123681,-1700.0,-1.0,,,,,2026-06-22,-0.07487366897520546,-2900.0,-1.0,2026-07-06,-0.09381875521765486,-3600.0,-1.0,2026-08-05,-0.02519024882855852,-1000.0,-1.0
2026-05-08,Fri,40600.0,40600.0,40300.0,39800.0,38500.0,38500.0,39000.0,38500.0,38500.0,38300.0,36800.0,-400.0,2026-05-08,1.0,2,38500.0,38300.0,36800.0,39960.0,37866.666666666664,2093.3333333333358,3000.0,3500.0,-1.3447050721861797,-1.3680382464433825,-0.8689673278241884,2026-05-05,51500.0,-0.047402238894583906,-0.06938114561335913,45300.0,0.00886923774077979,-0.05162436540530718,45600.0,0.006600684031352093,-0.03871451218069039,3,-0.12944012019859627,-0.04156618913453804,2026-05-07,IS7K26,415.0,0.0,19.0,False,-0.0024067400305649764,0.01497428457918531,-0.0024067400305649834,0.019465334788103247,0.007134722330624557,,,0.0,1.0,1.0,2.0,3.0,0.004086652324045412,0.15,28.0,1.0,1,1,1,0,0,0,0,1,2026-05-13,-0.02030526616074557,-800.0,-1.0,2026-05-18,-0.01519016549397512,-600.0,-1.0,2026-05-23,-0.04103139667786247,-1600.0,-1.0,,,,,2026-06-22,-0.06487358564062216,-2500.0,-1.0,2026-07-07,-0.08655465170194616,-3300.0,-1.0,2026-08-06,-0.01519016549397512,-600.0,-1.0
2026-05-09,Sat,40500.0,40500.0,40200.0,39700.0,38500.0,38400.0,39000.0,38500.0,38300.0,38100.0,36600.0,-100.0,2026-05-09,1.0,2,38300.0,38100.0,36600.0,39880.0,37666.666666666664,2213.3333333333358,3100.0,3600.0,-0.9560309727208676,-1.0869969625336031,-0.6099334990963584,2026-05-05,51500.0,-0.047402238894583906,-0.06938114561335913,45300.0,0.00886923774077979,-0.05162436540530718,45600.0,0.006600684031352093,-0.03871451218069039,4,-0.13195584479584357,-0.17253871577819566,2026-05-08,IS7K26,414.0,0.0,19.0,False,-0.002412546405383878,0.012561738173801431,-0.004819286435948861,0.01705278838271937,0.00963619072766972,,,0.0,1.0,1.0,2.0,3.0,0.004085081187113151,0.15,28.0,1.0,1,0,1,0,0,0,0,1,2026-05-14,-0.02809891122235953,-1100.0,-1.0,2026-05-19,-0.022930941063917017,-900.0,-1.0,2026-05-25,-0.03851567208061519,-1500.0,-1.0,,,,,2026-06-23,-0.07313963664666322,-2800.0,-1.0,2026-07-08,-0.07585334251825944,-2900.0,-1.0,2026-08-07,-0.012674440896727824,-500.0,-1.0
2026-05-11,Mon,40400.0,40400.0,40100.0,39600.0,38400.0,38300.0,38900.0,38400.0,38200.0,38000.0,36500.0,-100.0,2026-05-11,2.0,2,38200.0,38000.0,36500.0,39780.0,37566.666666666664,2213.3333333333358,3100.0,3600.0,-0.992557246809014,-1.1125106961438476,-0.6447217744240298,2026-05-09,50600.0,-0.05198475487837898,-0.08701137698962981,43700.0,-0.020385756924473863,-0.10008345855698253,44500.0,-0.013393057336438136,-0.06313303952883631,2,-0.09851898384110964,1.2849080714164738,2026-05-08,IS7K26,414.0,0.0,19.0,False,-0.002412546405383878,0.012561738173801431,-0.004819286435948861,0.01705278838271937,0.00963619072766972,,,0.0,1.0,1.0,2.0,3.0,0.004085081187113151,0.15,28.0,1.0,3,0,1,0,-1,-1,-1,1,2026-05-16,-0.012706651269114801,-500.0,-1.0,2026-05-22,-0.028170876966696335,-1100.0,-1.0,2026-05-26,-0.028170876966696335,-1100.0,-1.0,,,,,2026-06-25,-0.07605236319991024,-2900.0,-1.0,2026-07-10,-0.06791120561621039,-2600.0,-1.0,2026-08-10,-0.028170876966696335,-1100.0,-1.0
2026-05-12,Tue,40200.0,40200.0,39900.0,39400.0,38400.0,38200.0,38800.0,38400.0,38200.0,38000.0,36500.0,-200.0,2026-05-12,1.0,2,38200.0,38000.0,36500.0,39620.0,37566.666666666664,2053.3333333333358,2900.0,3400.0,-1.5862277393254807,-1.730071824252153,-1.2761171181801307,2026-05-09,50600.0,-0.05198475487837898,-0.08701137698962981,43700.0,-0.020385756924473863,-0.10008345855698253,44500.0,-0.013393057336438136,-0.06313303952883631,3,-0.10358228579765635,1.0188708540749642,2026-05-11,IS7K26,413.0,0.0,19.0,False,-0.002418380864281638,0.010143357309519794,-0.0072376673002305,0.01463440751843773,0.009683902358581636,0.02460955257525734,,0.0,0.0,1.0,1.0,3.0,0.0039429742930683276,0.1,28.0,1.0,1,1,1,1,-1,-1,-1,1,2026-05-18,-0.005089069507471293,-200.0,-1.0,2026-05-22,-0.023107575010149605,-900.0,-1.0,2026-05-27,-0.012771565679487505,-500.0,-1.0,2026-06-15,-0.028315920117287854,-1100.0,-1.0,2026-06-26,-0.07371757589656756,-2800.0,-1.0,2026-07-11,-0.06284790365966364,-2400.0,-1.0,2026-08-10,-0.023107575010149605,-900.0,-1.0
2026-05-13,Wed,39900.0,39900.0,39600.0,39000.0,38100.0,37800.0,38500.0,38000.0,37400.0,37200.0,35700.0,-400.0,2026-05-13,1.0,2,37400.0,37200.0,35700.0,39300.0,36766.666666666664,2533.3333333333358,3300.0,3900.0,0.12904230670357555,-0.5103721017538746,0.23374209598055457,2026-05-12,50600.0,-0.053859169672729315,-0.08701137698962981,43300.0,-0.04955969094846062,-0.11547089589800393,43900.0,-0.05538513915108396,-0.10990597802950097,1,-0.10459098887879778,0.9431217692301613,2026-05-12,IS7K26,413.0,0.0,19.0,False,0.0,0.010143357309519794,-0.0072376673002305,0.002424243611506394,0.012156091503970673,0.004757784022525809,,0.0,0.0,1.0,1.0,3.0,0.003940990226278849,0.1,28.0,1.0,1,0,0,0,0,-1,0,1,2026-05-18,0.005115100666770409,200.0,1.0,2026-05-23,-0.02072613051711697,-800.0,-1.0,2026-05-28,0.007662872745569097,300.0,1.0,2026-06-15,-0.01811174994304617,-700.0,-1.0,2026-06-27,-0.060784891069121855,-2300.0,-1.0,2026-07-13,-0.04456831947987652,-1700.0,-1.0,2026-08-11,-0.012903404835907841,-500.0,-1.0
2026-05-14,Thu,39400.0,39400.0,39100.0,38600.0,37600.0,37000.0,38000.0,37300.0,36400.0,36200.0,34700.0,-400.0,2026-05-14,1.0,2,36400.0,36200.0,34700.0,38820.0,35766.666666666664,3053.3333333333358,3900.0,4400.0,1.9872515232350532,1.2982408652292665,1.752352666044669,2026-05-12,50600.0,-0.053859169672729315,-0.08701137698962981,43300.0,-0.04955969094846062,-0.11547089589800393,43900.0,-0.05538513915108396,-0.10990597802950097,2,-0.11490035853765901,0.4648033492001619,2026-05-13,IS7K26,413.0,0.0,19.0,False,0.0,0.010143357309519794,-0.0072376673002305,-0.007237667300230496,0.014634407518437764,0.004757784022525809,,0.0,0.0,1.0,1.0,3.0,0.0038773690722808266,0.05,28.0,1.0,1,-1,-1,-1,0,-1,0,1,2026-05-19,0.005167970158442598,200.0,1.0,2026-05-25,-0.010416760858255715,-400.0,-1.0,2026-05-29,0.012870190520534956,500.0,1.0,2026-06-15,-0.007802380284184899,-300.0,-1.0,2026-06-29,-0.04775443129589999,-1800.0,-1.0,2026-07-13,-0.03425894982101533,-1300.0,-1.0,,,,
2026-05-15,Fri,39600.0,39600.0,39300.0,38800.0,37800.0,37200.0,38200.0,37500.0,36400.0,36200.0,34700.0,200.0,2026-05-15,1.0,2,36400.0,36200.0,34700.0,39020.0,35766.666666666664,3253.3333333333358,4100.0,4600.0,2.5972644185499005,1.8587761852647857,2.279613277868816,2026-05-14,49700.0,-0.06993139806921583,-0.1085746606506551,42700.0,-0.05910811225440942,-0.12942461067186914,43200.0,-0.05406722127027582,-0.13613217432458005,1,-0.0957786736053511,1.3076798093770745,2026-05-14,IS7K26,413.0,0.0,19.0,False,0.0,0.010143357309519794,-0.004830927269665523,-0.007237667300230496,0.014634407518437764,0.004757784022525809,,0.0,0.0,1.0,1.0,3.0,0.003807706335468079,0.05,28.0,1.0,1,-1,-1,-1,-1,-1,-1,1,2026-05-20,-0.007762005335489189,-300.0,-1.0,2026-05-25,-0.015584731016698203,-600.0,-1.0,2026-05-30,0.007702220362092303,300.0,1.0,2026-06-15,-0.012970350442627404,-500.0,-1.0,2026-06-29,-0.05292240145434255,-2000.0,-1.0,2026-07-14,-0.03141619623337893,-1200.0,-1.0,,,,
2026-05-16,Sat,40000.0,40000.0,39700.0,39100.0,38100.0,37200.0,38500.0,37800.0,36700.0,36500.0,35000.0,300.0,2026-05-16,1.0,2,36700.0,36500.0,35000.0,39380.0,36066.666666666664,3313.3333333333358,4100.0,4700.0,2.642823030799978,1.7943647805282426,2.447647269242055,2026-05-15,49700.0,-0.06050625760963275,-0.1085746606506551,42700.0,-0.05910811225440942,-0.12942461067186914,43300.0,-0.05175508151189622,-0.10927892565008289,1,-0.08807645324325876,1.6154091551128869,2026-05-15,IS7K26,413.0,0.0,19.0,False,0.0,0.010143357309519794,-0.002418380864281645,-0.007237667300230496,0.017118880846099707,0.00721780986338812,,0.0,0.0,1.0,1.0,3.0,0.003807706335468079,0.05,28.0,1.0,1,-1,-1,-1,-1,-1,-1,1,2026-05-22,-0.01546422569758159,-600.0,-1.0,2026-05-26,-0.01546422569758159,-600.0,-1.0,2026-06-01,-0.0051282163669194554,-200.0,-1.0,2026-06-15,-0.0206725708047198,-800.0,-1.0,2026-06-30,-0.047129140341550246,-1800.0,-1.0,2026-07-15,-0.031171354902939395,-1200.0,-1.0,,,,
2026-05-18,Mon,40000.0,40000.0,39700.0,39200.0,38200.0,37200.0,38500.0,37900.0,37000.0,36800.0,35300.0,100.0,2026-05-18,2.0,2,37000.0,36800.0,35300.0,39420.0,36366.666666666664,3053.3333333333358,3900.0,4400.0,1.6645922186583124,1.1705085813904084,1.486712499739973,2026-05-15,49700.0,-0.06050625760963275,-0.1085746606506551,42700.0,-0.05910811225440942,-0.12942461067186914,43300.0,-0.05175508151189622,-0.10927892565008289,3,-0.085522173438162,1.6978645455806989,2026-05-15,IS7K26,413.0,0.0,19.0,False,0.0,0.010143357309519794,-0.002418380864281645,-0.007237667300230496,0.017118880846099707,0.00721780986338812,,0.0,0.0,1.0,1.0,3.0,0.003807706335468079,0.05,28.0,1.0,3,-1,-1,-1,-1,-1,-1,1,2026-05-23,-0.025841231183887328,-1000.0,-1.0,2026-05-28,0.002547772078798783,100.0,1.0,2026-06-02,-0.012837146760680719,-500.0,-1.0,2026-06-17,-0.03109058707003112,-1200.0,-1.0,2026-07-02,-0.05505977718302743,-2100.0,-1.0,2026-07-17,-0.03109058707003112,-1200.0,-1.0,,,,
2026-05-19,Tue,39800.0,39800.0,39500.0,38800.0,37800.0,37200.0,38300.0,37600.0,37000.0,36800.0,35300.0,-400.0,2026-05-19,1.0,2,37000.0,36800.0,35300.0,39140.0,36366.666666666664,2773.3333333333358,3500.0,4200.0,0.7423417701047959,0.023240373930067216,0.8976920582588295,2026-05-18,49400.0,-0.06086274540370121,-0.11101252908917283,42700.0,-0.05910811225440942,-0.08310053899763074,43100.0,-0.04978403537928626,-0.08875000391266993,1,-0.0957786736053511,1.1938517857364501,2026-05-18,IS7K26,413.0,0.0,19.0,False,0.0,0.010143357309519794,0.0,-0.007237667300230496,0.017118880846099707,0.00721780986338812,,0.0,0.0,1.0,1.0,3.0,0.0037316258913098433,0.0,28.0,1.0,1,0,0,0,-1,-1,-1,1,2026-05-25,-0.015584731016698203,-600.0,-1.0,2026-05-29,0.007702220362092303,300.0,1.0,2026-06-03,-0.0025806465934916254,-100.0,-1.0,2026-06-18,-0.028760152175262687,-1100.0,-1.0,2026-07-03,-0.05020869558274631,-1900.0,-1.0,2026-07-18,-0.015584731016698203,-600.0,-1.0,,,,
2026-05-20,Wed,39300.0,39300.0,39000.0,38500.0,37500.0,36800.0,38000.0,37200.0,36500.0,36300.0,34800.0,-300.0,2026-05-20,1.0,2,36500.0,36300.0,34800.0,38720.0,35866.666666666664,2853.3333333333358,3700.0,4200.0,0.9841970983945971,0.5920249516876221,0.883754575166148,2026-05-19,49100.0,-0.05353111446496249,-0.11529068135839392,42600.0,-0.04811924834419846,-0.0854452059568848,43300.0,-0.03628515973976448,-0.0712996775848665,1,-0.10119601198158613,0.9302231551971334,2026-05-19,IS7K26,413.0,0.0,19.0,False,0.0,0.010143357309519794,0.0,-0.007237667300230496,0.017118880846099707,-0.0025861902332327143,,0.0,0.0,1.0,1.0,2.0,0.0037316258913098433,0.0,23.5,1.0,1,0,0,0,0,-1,0,1,2026-05-25,-0.007822725681209045,-300.0,-1.0,2026-05-30,0.015464225697581553,600.0,1.0,2026-06-04,0.0051813587419975845,200.0,1.0,2026-06-19,-0.026317308317373417,-1000.0,-1.0,2026-07-04,-0.04788148623321397,-1800.0,-1.0,2026-07-20,-0.0026007817000573675,-100.0,-1.0,,,,
2026-05-22,Fri,39400.0,39400.0,39100.0,38500.0,37400.0,36700.0,38100.0,37200.0,36700.0,36500.0,35000.0,0.0,2026-05-22,2.0,2,36700.0,36500.0,35000.0,38760.0,36066.666666666664,2693.3333333333358,3500.0,4100.0,0.49280201488184233,0.0374233931581356,0.6107942102673768,2026-05-21,48800.0,-0.05385149481058901,-0.10679391408078823,42500.0,-0.0615930109078144,-0.048229783095647266,43000.0,-0.05870760082677792,-0.05210691679542595,1,-0.0988458346366326,1.0055579317452534,2026-05-21,IS7K26,412.0,0.0,16.0,False,-0.0024242436115063915,0.007719113698013402,-0.0024242436115063984,-0.0072551708811719115,0.012210163906931353,-0.00012044855054735987,,0.0,0.0,1.0,1.0,2.0,0.0037316258913098433,0.05,19.0,1.0,1,0,0,0,-1,-1,-1,1,2026-05-27,0.010336009330662073,400.0,1.0,2026-06-01,0.010336009330662073,400.0,1.0,,,,,2026-06-22,-0.03166491464396869,-1200.0,-1.0,2026-07-06,-0.05061000088641799,-1900.0,-1.0,2026-07-21,-0.0026007817000573675,-100.0,-1.0,,,,
2026-05-23,Sat,39000.0,39000.0,38700.0,38200.0,37100.0,36700.0,37700.0,37000.0,36200.0,36000.0,34500.0,-300.0,2026-05-23,1.0,2,36200.0,36000.0,34500.0,38400.0,35566.666666666664,2833.3333333333358,3700.0,4200.0,0.9412513676961978,0.6247580176717349,0.883754575166148,2026-05-22,48700.0,-0.055902777581146375,-0.1088451968513456,42600.0,-0.061452779213663565,-0.04811924834419846,42800.0,-0.06336961393258926,-0.05676892990123717,1,-0.1090187376627953,0.5562645065853049,2026-05-22,IS7K26,412.0,0.0,16.0,False,0.0,0.007719113698013402,-0.0024242436115063984,-0.004842624475788034,0.012210163906931353,0.00479356625188168,,0.0,0.0,1.0,1.0,2.0,0.003785441290010356,0.05,19.0,1.0,1,0,0,0,0,-1,0,1,2026-05-28,0.02838900326268611,1100.0,1.0,2026-06-02,0.01300408442320661,500.0,1.0,,,,,2026-06-22,-0.023842188962759636,-900.0,-1.0,2026-07-07,-0.0455232550240837,-1700.0,-1.0,2026-07-22,0.007822725681209078,300.0,1.0,,,,
2026-05-25,Mon,39000.0,39000.0,38700.0,38200.0,37000.0,36500.0,37700.0,37000.0,35900.0,35700.0,34200.0,0.0,2026-05-25,2.0,2,35900.0,35700.0,34200.0,38380.0,35266.666666666664,3113.3333333333358,4000.0,4500.0,1.7934863044140454,1.4767007690422824,1.6650568819511244,2026-05-22,48700.0,-0.055902777581146375,-0.1088451968513456,42600.0,-0.061452779213663565,-0.04811924834419846,42800.0,-0.06336961393258926,-0.05676892990123717,3,-0.1090187376627953,0.5344506587900812,2026-05-22,IS7K26,412.0,0.0,16.0,False,0.0,0.007719113698013402,-0.0024242436115063984,-0.004842624475788034,0.012210163906931353,0.00479356625188168,,0.0,0.0,1.0,1.0,2.0,0.003785441290010356,0.05,19.0,1.0,3,-1,-1,-1,0,-1,0,1,2026-05-30,0.023286951378790693,900.0,1.0,2026-06-04,0.01300408442320661,500.0,1.0,,,,,2026-06-24,-0.03733767043764424,-1400.0,-1.0,2026-07-09,-0.031917602968305085,-1200.0,-1.0,2026-07-24,0.007822725681209078,300.0,1.0,,,,
2026-05-26,Tue,39300.0,39300.0,39000.0,38500.0,37500.0,36500.0,38000.0,37300.0,36400.0,36200.0,34700.0,300.0,2026-05-26,1.0,2,36400.0,36200.0,34700.0,38720.0,35766.666666666664,2953.3333333333358,3800.0,4300.0,1.2349451889614693,0.8652170105298368,1.0772309595830465,2026-05-25,48000.0,-0.0703807967617995,-0.11778303565638351,42400.0,-0.06615867025107625,-0.05728943251029654,42600.0,-0.06805346324501564,-0.061452779213663565,1,-0.09649012094417349,1.0365944964270954,2026-05-22,IS7K26,412.0,0.0,16.0,False,0.0,0.007719113698013402,-0.0024242436115063984,-0.004842624475788034,0.012210163906931353,0.00479356625188168,,0.0,0.0,1.0,1.0,2.0,0.003785441290010356,0.05,19.0,1.0,4,-1,0,-1,-1,-1,-1,1,2026-06-01,0.010336009330662073,400.0,1.0,2026-06-05,0.0,0.0,0.0,,,,,2026-06-25,-0.04788148623321397,-1800.0,-1.0,2026-07-10,-0.03974032864951411,-1500.0,-1.0,2026-07-25,0.0,0.0,0.0,,,,
2026-05-27,Wed,39600.0,39600.0,39300.0,38900.0,37800.0,36800.0,38300.0,37600.0,36700.0,36500.0,35000.0,400.0,2026-05-27,1.0,2,36700.0,36500.0,35000.0,39040.0,36066.666666666664,2973.3333333333358,3900.0,4300.0,1.2526592234285303,1.1159671078270357,1.0418282465886555,2026-05-25,48000.0,-0.0703807967617995,-0.11778303565638351,42400.0,-0.06615867025107625,-0.05728943251029654,42600.0,-0.06805346324501564,-0.061452779213663565,2,-0.08615411161351141,1.4497378411401618,2026-05-26,IS7M26,400.0,0.0,16.0,True,,0.007719113698013402,-0.0024242436115063984,-0.002424243611506396,0.012210163906931353,,,1.0,1.0,1.0,2.0,3.0,0.003785441290010356,0.05,19.0,1.0,1,-1,-1,-1,-1,-1,-1,1,2026-06-01,0.0,0.0,0.0,,,,,2026-06-15,-0.015544354437800344,-600.0,-1.0,2026-06-26,-0.06094601021708007,-2300.0,-1.0,2026-07-11,-0.0500763379801762,-1900.0,-1.0,2026-07-27,-0.01033600933066206,-400.0,-1.0,,,,
2026-05-28,Thu,40000.0,40000.0,39800.0,39300.0,38300.0,37000.0,38700.0,38000.0,36700.0,36500.0,35000.0,400.0,2026-05-28,1.0,2,36700.0,36500.0,35000.0,39480.0,36066.666666666664,3413.3333333333358,4300.0,4800.0,2.5139225506157516,2.190469020444313,2.3051780234411607,2026-05-27,48700.0,-0.03827254620487576,-0.09025730108325473,43500.0,-0.004587164006906043,-0.024972920931379934,43500.0,-0.022728251077556175,-0.036121308413994295,1,-0.10153641921942283,0.7466530565135738,2026-05-27,IS7M26,400.0,0.0,16.0,False,0.0,0.007719113698013402,-0.0024242436115063984,-0.0024242436115063954,1.3010426069826053e-17,,,1.0,1.0,1.0,2.0,3.0,0.003785441290010356,0.05,19.0,1.0,1,-1,-1,-1,0,-1,0,1,2026-06-02,-0.015384918839479456,-600.0,-1.0,,,,,2026-06-15,-0.025774622688615252,-1000.0,-1.0,2026-06-27,-0.068447763814691,-2600.0,-1.0,2026-07-13,-0.052231192225445706,-2000.0,-1.0,2026-07-27,-0.02056627758147697,-800.0,-1.0,,,,
2026-05-29,Fri,39800.0,39800.0,39600.0,39100.0,38100.0,37000.0,38500.0,37800.0,36800.0,36800.0,35300.0,-200.0,2026-05-29,1.0,2,36800.0,36800.0,35300.0,39280.0,36300.0,2980.0,3800.0,4300.0,1.124131231826708,0.7286297338203712,0.9213295925593561,2026-05-27,48700.0,-0.03827254620487576,-0.09025730108325473,43500.0,-0.004587164006906043,-0.024972920931379934,43500.0,-0.022728251077556175,-0.036121308413994295,2,-0.10663847110331838,0.49566171317665186,2026-05-28,IS7M26,400.0,0.0,16.0,False,0.0,0.007719113698013402,-0.0024242436115063984,-0.0024242436115063954,-0.009661910911736876,,,1.0,1.0,1.0,2.0,3.0,0.0025461389428335906,0.05,19.0,1.0,1,-1,0,0,0,-1,0,-1,2026-06-03,-0.01028286695558392,-400.0,-1.0,,,,,2026-06-15,-0.0206725708047198,-800.0,-1.0,2026-06-29,-0.060624621816434854,-2300.0,-1.0,2026-07-13,-0.047129140341550246,-1800.0,-1.0,2026-07-28,-0.007702220362092351,-300.0,-1.0,,,,
2026-05-30,Sat,39800.0,39800.0,39600.0,39100.0,38100.0,37200.0,38500.0,37700.0,37100.0,37100.0,35600.0,0.0,2026-05-30,1.0,2,37100.0,37100.0,35600.0,39280.0,36600.0,2680.0,3500.0,4000.0,0.2459496230437,-0.10306441212150462,0.14161167281095766,2026-05-29,48500.0,-0.04238777834998233,-0.09624694802271165,43500.0,0.004608303086194181,-0.044951387862266275,43500.0,-0.009153381986487248,-0.06453852113757118,1,-0.10663847110331838,0.4698224278041936,2026-05-29,IS7M26,400.0,0.0,10.0,False,0.0,0.007719113698013402,0.0,-0.0024242436115063954,-0.009661910911736876,,,1.0,1.0,1.0,2.0,3.0,0.0010117369599243107,0.05,19.0,1.0,1,0,0,0,0,0,0,-1,2026-06-04,-0.01028286695558392,-400.0,-1.0,,,,,2026-06-15,-0.0206725708047198,-800.0,-1.0,2026-06-29,-0.060624621816434854,-2300.0,-1.0,2026-07-14,-0.03911841659547125,-1500.0,-1.0,2026-07-29,-0.002560820861673704,-100.0,-1.0,,,,
2026-06-01,Mon,39700.0,39700.0,39500.0,38900.0,37800.0,37200.0,38300.0,37500.0,37000.0,37000.0,35500.0,-200.0,2026-06-01,2.0,2,37000.0,37000.0,35500.0,39120.0,36500.0,2620.0,3400.0,4000.0,0.06255871777287764,-0.3881031889500895,0.1257347111091621,2026-05-30,48300.0,-0.028573372444056,-0.09850477051327183,42900.0,0.004672905699392423,-0.0544352065550171,43400.0,0.004618945856294458,-0.04944827541398126,2,-0.09787757530957063,0.8515746917889044,2026-05-29,IS7M26,400.0,0.0,10.0,False,0.0,0.007719113698013402,0.0,-0.0024242436115063954,-0.009661910911736876,,,1.0,1.0,1.0,2.0,3.0,0.0010117369599243107,0.05,19.0,1.0,3,0,0,0,0,0,0,-1,,,,,2026-06-15,-0.015544354437800344,-600.0,-1.0,2026-06-16,-0.015544354437800344,-600.0,-1.0,2026-07-01,-0.04468548934529972,-1700.0,-1.0,2026-07-16,-0.023408090898014846,-900.0,-1.0,2026-07-31,-0.01033600933066206,-400.0,-1.0,,,,
2026-06-02,Tue,39400.0,39400.0,39200.0,38700.0,37200.0,37000.0,38100.0,37100.0,36600.0,36600.0,35100.0,-200.0,2026-06-02,1.0,2,36600.0,36600.0,35100.0,38780.0,36100.0,2680.0,3600.0,4100.0,0.20083514108171904,0.12432810150508869,0.353086159794969,2026-06-01,48000.0,-0.03480392219469212,-0.0953101798043249,42700.0,0.0,-0.05910811225440942,43300.0,0.0,-0.05175508151189622,1,-0.09835932019884273,0.8052048490596847,2026-06-01,IS7M26,400.0,0.0,10.0,False,0.0,0.007719113698013402,0.0,-0.0024242436115063954,-0.009661910911736876,,,1.0,1.0,1.0,2.0,3.0,0.0010117369599243107,0.05,19.0,1.0,1,0,0,0,0,0,0,-1,,,,,2026-06-15,-0.010389703849135798,-400.0,-1.0,2026-06-17,-0.018253440309350347,-700.0,-1.0,2026-07-02,-0.0422226304223467,-1600.0,-1.0,2026-07-17,-0.018253440309350347,-700.0,-1.0,2026-08-01,-0.010389703849135798,-400.0,-1.0,,,,
2026-06-03,Wed,39400.0,39400.0,39200.0,38700.0,37200.0,37000.0,38100.0,37100.0,36700.0,36700.0,35200.0,0.0,2026-06-03,1.0,2,36700.0,36700.0,35200.0,38780.0,36200.0,2580.0,3500.0,4000.0,-0.12343860971977204,-0.19560674171909667,0.05846910624812119,2026-06-02,48000.0,-0.028749413285985938,-0.08961215868968717,42700.0,0.0,-0.05910811225440942,43000.0,-0.0023228814161396385,-0.05210691679542595,1,-0.09835932019884273,0.7780460973901291,2026-06-02,IS7M26,401.0,0.0,10.0,False,0.002496880198587146,0.010215993896600547,0.002496880198587139,7.263658708075039e-05,-0.00716503071314973,,,0.0,1.0,1.0,2.0,3.0,0.0010117369599243107,0.05,19.0,1.0,1,0,0,0,0,0,0,-1,,,,,2026-06-15,-0.010389703849135798,-400.0,-1.0,2026-06-18,-0.026179505581771054,-1000.0,-1.0,2026-07-03,-0.04762804898925459,-1800.0,-1.0,2026-07-18,-0.013004084423206573,-500.0,-1.0,2026-08-03,-0.005181358741997629,-200.0,-1.0,,,,
2026-06-04,Thu,39500.0,39500.0,39200.0,38700.0,37200.0,37000.0,38200.0,37000.0,36800.0,36800.0,35300.0,0.0,2026-06-04,1.0,2,36800.0,36800.0,35300.0,38820.0,36300.0,2520.0,3400.0,3900.0,-0.3146757907789073,-0.5012657130309107,-0.23146423661065754,2026-06-03,47300.0,-0.03734873930258764,-0.09087985376755014,42700.0,0.0023446669592540547,-0.045774581384944286,42800.0,-0.011614532420693002,-0.04789969216045745,1,-0.09835932019884273,0.750837936360942,2026-06-03,IS7M26,402.0,0.0,10.0,False,0.0024906613124518304,0.012706655209052377,0.00498754151103897,0.0025632978995325808,-0.0046743694006979,,,0.0,1.0,1.0,2.0,3.0,0.0012218094317865643,0.05,19.0,1.0,1,0,0,0,0,0,0,-1,,,,,2026-06-15,-0.010389703849135798,-400.0,-1.0,2026-06-19,-0.03149866705937105,-1200.0,-1.0,2026-07-04,-0.053062844975211555,-2000.0,-1.0,2026-07-20,-0.007782140442054963,-300.0,-1.0,2026-08-03,-0.005181358741997629,-200.0,-1.0,,,,
2026-06-05,Fri,39300.0,39300.0,39000.0,38500.0,37200.0,37000.0,38000.0,37000.0,,,,-200.0,2026-06-05,1.0,2,36800.0,36800.0,35300.0,38660.0,36300.0,2360.0,3200.0,3700.0,-0.807329027083912,-1.099488300567765,-0.7968696755142577,2026-06-03,47300.0,-0.03734873930258764,-0.09087985376755014,42700.0,0.0023446669592540547,-0.045774581384944286,42800.0,-0.011614532420693002,-0.04789969216045745,2,-0.10354067894084033,0.46853546897484744,2026-06-04,IS7M26,403.0,0.0,10.0,False,0.0024844733276619658,0.015191128536714343,0.007472014838700935,0.0050477712271945465,-0.0021898960730359343,,,0.0,1.0,1.0,2.0,3.0,0.001386965504109655,0.05,19.0,1.0,1,0,1,0,0,0,0,-1,,,,,2026-06-15,-0.005208345107138235,-200.0,-1.0,2026-06-20,-0.03166491464396869,-1200.0,-1.0,2026-07-06,-0.05061000088641799,-1900.0,-1.0,2026-07-20,-0.0026007817000573675,-100.0,-1.0,2026-08-04,0.012903404835907782,500.0,1.0,,,,
2026-06-15,Mon,39000.0,39000.0,38800.0,38300.0,37500.0,,37600.0,37100.0,36800.0,36600.0,35300.0,-200.0,2026-06-15,10.0,2,36800.0,36600.0,35300.0,38520.0,36233.333333333336,2286.6666666666642,3000.0,3500.0,-1.0429472777816005,-1.6911411977342754,-1.3693916962422656,2026-06-13,46500.0,-0.04211148535012685,-0.08449926370010921,42300.0,-0.02797385204240618,-0.023365548956211884,42700.0,-0.018562017860059538,-0.02771539984654677,2,-0.099337189865632,0.6550671077992372,2026-06-12,IS7M26,406.0,9.0,19.0,False,0.0,0.02260772619176397,0.004938281640582621,0.014888612493750567,0.012464368882244187,0.005226701582013684,,0.0,0.0,1.0,1.0,3.0,0.0016115785434539585,0.05,16.0,0.0,3,1,1,1,0,-1,0,1,2026-06-20,-0.026456569536830468,-1000.0,-1.0,2026-06-25,-0.0426731411260757,-1600.0,-1.0,2026-06-30,-0.026456569536830468,-1000.0,-1.0,2026-07-15,-0.010498784098219695,-400.0,-1.0,2026-07-30,0.018111749943046103,700.0,1.0,,,,,,,,
2026-06-16,Tue,39000.0,39000.0,38800.0,38300.0,37500.0,,37600.0,37100.0,36800.0,36600.0,35300.0,0.0,2026-06-16,1.0,2,36800.0,36600.0,35300.0,38520.0,36233.333333333336,2286.6666666666642,3000.0,3500.0,-1.0701547001757252,-1.6733331471076287,-1.3838877819838518,2026-06-15,46300.0,-0.042289599566338654,-0.07086297201039465,42100.0,-0.01882408524563559,-0.014151179546243151,42700.0,-0.01626052087178029,-0.011641575015485755,1,-0.09459784450173539,0.8689746740137946,2026-06-15,IS7M26,401.0,0.0,19.0,False,-0.012391732295163497,0.010215993896600474,-0.009925639799969948,0.0024968801985870703,7.263658708069054e-05,-0.007165030713149813,,0.0,0.0,1.0,1.0,3.0,0.0016115785434539585,0.1,16.0,1.0,1,1,1,1,0,-1,0,1,2026-06-22,-0.026456569536830468,-1000.0,-1.0,2026-06-26,-0.04540165577927974,-1700.0,-1.0,2026-07-01,-0.029141134907499467,-1100.0,-1.0,2026-07-16,-0.007863736460214576,-300.0,-1.0,2026-07-31,0.00520834510713826,200.0,1.0,,,,,,,,
2026-06-17,Wed,38700.0,38700.0,38500.0,38000.0,37200.0,,37300.0,36800.0,36300.0,36100.0,34800.0,-300.0,2026-06-17,1.0,2,36300.0,36100.0,34800.0,38220.0,35733.333333333336,2486.6666666666642,3200.0,3700.0,-0.4466733091318183,-1.0524385964154102,-0.8152983254024274,2026-06-16,46100.0,-0.04038806090528806,-0.07519198309998024,42100.0,-0.014151179546243151,-0.014151179546243151,42500.0,-0.018648559078072977,-0.018648559078072977,1,-0.10246158096194996,0.44504290955924913,2026-06-16,IS7M26,400.0,0.0,19.0,False,-0.0024968801985871545,0.0077191136980133196,-0.01488861249375057,-0.0024968801985872295,-0.002424243611506464,-0.009661910911736966,,0.0,0.0,1.0,1.0,3.0,0.0034032742142967713,0.1,13.0,1.0,1,0,1,0,0,-1,0,-1,2026-06-22,-0.018592833076615856,-700.0,-1.0,2026-06-27,-0.034809404665861174,-1300.0,-1.0,2026-07-02,-0.023969190112996277,-900.0,-1.0,2026-07-17,0.0,0.0,0.0,2026-08-01,0.007863736460214451,300.0,1.0,,,,,,,,
2026-06-18,Thu,38500.0,38500.0,38200.0,37700.0,36700.0,,37000.0,36200.0,36000.0,35800.0,34500.0,-300.0,2026-06-18,1.0,2,36000.0,35800.0,34500.0,37920.0,35433.333333333336,2486.6666666666642,3200.0,3700.0,-0.4527999252022184,-1.0351730477730106,-0.8152983254024274,2026-06-17,46100.0,-0.04038806090528806,-0.06913747419127401,42100.0,-0.014151179546243151,-0.014151179546243151,42500.0,-0.011696039763191298,-0.014018921179330929,1,-0.11038764623437067,0.024144058974781307,2026-06-17,IS7M26,400.0,9.0,19.0,False,0.0,0.0077191136980133196,-0.01734863833461297,-0.00498754151103906,-0.002424243611506464,-0.009661910911736966,,0.0,0.0,1.0,1.0,3.0,0.003451298722395819,0.1,13.0,0.0,1,0,1,0,0,-1,0,-1,2026-06-23,-0.021448543407483627,-800.0,-1.0,2026-06-29,-0.024162249279079822,-900.0,-1.0,2026-07-03,-0.021448543407483627,-800.0,-1.0,2026-07-18,0.013175421158564328,500.0,1.0,2026-08-03,0.020998146839773402,800.0,1.0,,,,,,,,
2026-06-19,Fri,38200.0,38200.0,38000.0,37500.0,36300.0,,37000.0,36000.0,36000.0,35800.0,34500.0,-200.0,2026-06-19,1.0,2,36000.0,35800.0,34500.0,37640.0,35433.333333333336,2206.6666666666642,3000.0,3500.0,-1.3174250943442316,-1.592687703768,-1.3502503344435681,2026-06-18,45900.0,-0.030045178431387817,-0.06739391773397546,41800.0,-0.021302580703868264,-0.01895791374461416,42300.0,-0.011751016535518853,-0.023365548956211884,1,-0.10855540655434553,0.10489160536055801,2026-06-18,IS7M26,403.0,0.0,19.0,False,0.0074720148387010564,0.015191128536714376,-0.007416597655049602,3.0357660829594124e-17,0.0050477712271945925,-0.002189896073035911,,0.0,0.0,1.0,1.0,3.0,0.003451298722395819,0.15,13.0,1.0,1,1,1,1,0,-1,0,1,2026-06-24,-0.018843087801479943,-700.0,-1.0,2026-06-29,-0.018843087801479943,-700.0,-1.0,2026-07-04,-0.021564177915840525,-800.0,-1.0,2026-07-20,0.023716526617316065,900.0,1.0,2026-08-03,0.026317308317373358,1000.0,1.0,,,,,,,,
2026-06-20,Sat,38000.0,38000.0,37800.0,37300.0,36100.0,,36800.0,35800.0,35900.0,35700.0,34400.0,-200.0,2026-06-20,1.0,2,35900.0,35700.0,34400.0,37440.0,35333.333333333336,2106.6666666666642,2900.0,3400.0,-1.6056015097780683,-1.8392266742405954,-1.6175799861071005,2026-06-18,45900.0,-0.030045178431387817,-0.06739391773397546,41800.0,-0.021302580703868264,-0.01895791374461416,42300.0,-0.011751016535518853,-0.023365548956211884,2,-0.11390301288094072,-0.18845624676238187,2026-06-18,IS7M26,403.0,0.0,19.0,False,0.0074720148387010564,0.015191128536714376,-0.007416597655049602,3.0357660829594124e-17,0.0050477712271945925,-0.002189896073035911,,0.0,0.0,1.0,1.0,3.0,0.003451298722395819,0.15,13.0,1.0,2,1,1,1,0,-1,0,1,2026-06-25,-0.01621657158924528,-600.0,-1.0,2026-06-30,0.0,0.0,0.0,2026-07-06,-0.018945086242449304,-700.0,-1.0,2026-07-20,0.029064132943911334,1100.0,1.0,2026-08-04,0.0445683194798766,1700.0,1.0,,,,,,,,
2026-06-22,Mon,38000.0,38000.0,37800.0,37300.0,36100.0,,36800.0,35800.0,35800.0,35600.0,34400.0,0.0,2026-06-22,2.0,2,35800.0,35600.0,34400.0,37440.0,35266.666666666664,2173.3333333333358,2900.0,3400.0,-1.3506400946060195,-1.7771366602968208,-1.5883049382237444,2026-06-18,45900.0,-0.030045178431387817,-0.06739391773397546,41800.0,-0.021302580703868264,-0.01895791374461416,42300.0,-0.011751016535518853,-0.023365548956211884,4,-0.11390301288094072,-0.20643532328628392,2026-06-18,IS7M26,403.0,0.0,19.0,False,0.0074720148387010564,0.015191128536714376,-0.007416597655049602,3.0357660829594124e-17,0.0050477712271945925,-0.002189896073035911,,0.0,0.0,1.0,1.0,3.0,0.003451298722395819,0.15,13.0,1.0,4,1,1,1,0,-1,0,1,2026-06-27,-0.01621657158924528,-600.0,-1.0,2026-07-02,-0.005376357036380406,-200.0,-1.0,2026-07-07,-0.021681066061324052,-800.0,-1.0,2026-07-22,0.0316649146439687,1200.0,1.0,2026-08-06,0.04968342014664703,1900.0,1.0,,,,,,,,
2026-06-23,Tue,37600.0,37600.0,37400.0,36900.0,36000.0,,36300.0,35700.0,35400.0,35200.0,33800.0,-400.0,2026-06-23,1.0,2,35400.0,35200.0,33800.0,37100.0,34800.0,2300.0,3100.0,3600.0,-0.9412751920103692,-1.1706594131064298,-1.0056875573756572,2026-06-22,45900.0,-0.027928775525010264,-0.06126519579260206,41200.0,-0.033415996919844065,-0.033415996919844065,42000.0,-0.021202207650602937,-0.03048301672507588,1,-0.11022670530899915,-0.053571908877227736,2026-06-22,IS7M26,402.0,0.0,19.0,False,-0.002484473327661945,0.01270665520905243,-0.009901070982711547,-0.004962789342128914,0.004987541511039039,-0.0022676293701328794,,0.0,0.0,1.0,1.0,3.0,0.0038672815504467426,0.1,13.0,1.0,1,0,1,1,0,-1,0,1,2026-06-29,-0.002713705871596273,-100.0,-1.0,2026-07-03,0.0,0.0,0.0,2026-07-08,-0.002713705871596273,-100.0,-1.0,2026-07-23,0.04244669024725705,1600.0,1.0,2026-08-07,0.060465195749935356,2300.0,1.0,,,,,,,,
2026-06-24,Wed,37500.0,37500.0,37300.0,36800.0,36000.0,,36300.0,35700.0,35500.0,35300.0,34000.0,-100.0,2026-06-24,1.0,2,35500.0,35300.0,34000.0,37020.0,34933.333333333336,2086.6666666666642,2800.0,3300.0,-1.6253840482618163,-1.9937793129468886,-1.8521794879138127,2026-06-22,45900.0,-0.027928775525010264,-0.06126519579260206,41200.0,-0.033415996919844065,-0.033415996919844065,42000.0,-0.021202207650602937,-0.03048301672507588,2,-0.1129404111805954,-0.2333661150632106,2026-06-23,IS7M26,402.0,0.0,19.0,False,0.0,0.01270665520905243,0.00249066131245195,-0.007434978487517988,0.004987541511039039,0.00014491703525099878,,0.0,0.0,1.0,1.0,3.0,0.0038696329214873617,0.1,13.0,1.0,1,1,1,1,0,-1,0,1,2026-06-29,0.0,0.0,0.0,2026-07-04,-0.0027210901143606132,-100.0,-1.0,2026-07-09,0.005420067469339113,200.0,1.0,2026-07-24,0.045160396118853335,1700.0,1.0,2026-08-10,0.045160396118853335,1700.0,1.0,,,,,,,,
2026-06-25,Thu,37400.0,37400.0,37200.0,36700.0,36000.0,,36300.0,35500.0,35500.0,35300.0,34000.0,-100.0,2026-06-25,1.0,2,35500.0,35300.0,34000.0,36940.0,34933.333333333336,2006.6666666666642,2700.0,3200.0,-1.816020534595189,-2.17170603400838,-2.0598376005714827,2026-06-22,45900.0,-0.027928775525010264,-0.06126519579260206,41200.0,-0.033415996919844065,-0.033415996919844065,42000.0,-0.021202207650602937,-0.03048301672507588,3,-0.11566150129495606,-0.41232920691965524,2026-06-24,IS7M26,401.0,0.0,19.0,False,-0.002490661312451919,0.010215993896600512,0.002496880198587186,-0.012391732295163374,0.0024968801985871206,7.263658708071786e-05,,0.0,0.0,0.0,1.0,2.0,0.0038696329214873617,0.1,13.0,1.0,1,1,1,1,0,-1,0,1,2026-06-30,0.01621657158924529,600.0,1.0,2026-07-06,-0.0027285146532040625,-100.0,-1.0,2026-07-10,0.008141157583699866,300.0,1.0,2026-07-25,0.047881486233214005,1800.0,1.0,2026-08-10,0.047881486233214005,1800.0,1.0,,,,,,,,
2026-06-26,Fri,37400.0,37400.0,37200.0,36600.0,36000.0,,36200.0,35400.0,35500.0,35300.0,34000.0,-100.0,2026-06-26,1.0,2,35500.0,35300.0,34000.0,36920.0,34933.333333333336,1986.6666666666642,2600.0,3200.0,-1.8229833350948672,-2.3186274527674007,-1.9764253074037705,2026-06-25,45500.0,-0.034560675065467325,-0.07001798690219681,40900.0,-0.03601829918915598,-0.03837401288161504,41600.0,-0.03077165866675366,-0.03309994842634484,1,-0.11108182264143548,-0.18290449224225755,2026-06-25,IS7M26,400.0,0.0,19.0,False,-0.0024968801985871545,0.007719113698013358,3.122502256758253e-17,-0.017348638334612927,-3.426078865054194e-17,-0.0024242436115064366,,0.0,0.0,0.0,1.0,2.0,0.0038164048584435886,0.1,13.0,1.0,1,1,1,1,0,-1,0,-1,2026-07-01,0.016260520871780326,600.0,1.0,2026-07-06,0.0,0.0,0.0,2026-07-11,0.010869672236903891,400.0,1.0,2026-07-27,0.05061000088641792,1900.0,1.0,2026-08-10,0.05061000088641792,1900.0,1.0,,,,,,,,
2026-06-27,Sat,37400.0,37400.0,37200.0,36700.0,36000.0,,36300.0,35400.0,35500.0,35300.0,34000.0,100.0,2026-06-27,1.0,2,35500.0,35300.0,34000.0,36940.0,34933.333333333336,2006.6666666666642,2700.0,3200.0,-1.6890997765090654,-1.9524835501467197,-1.886037106414213,2026-06-26,45500.0,-0.028170876966696335,-0.06796670413163935,40700.0,-0.03619212859341679,-0.04562616082677541,41500.0,-0.030844675351098527,-0.030844675351098527,1,-0.10345133738802476,0.2393732081459026,2026-06-26,IS7N26,383.0,0.0,19.0,True,,0.007719113698013358,-0.007472014838701025,-0.014888612493750616,-3.426078865054194e-17,,,1.0,1.0,1.0,2.0,3.0,0.00386127948585553,0.1,13.0,1.0,1,1,1,1,0,-1,0,-1,2026-07-02,0.010840214552864807,400.0,1.0,2026-07-07,-0.0054644944720787375,-200.0,-1.0,2026-07-13,0.01621657158924529,600.0,1.0,2026-07-27,0.047881486233214005,1800.0,1.0,2026-08-11,0.047881486233214005,1800.0,1.0,,,,,,,,
2026-06-29,Mon,37500.0,37500.0,37300.0,36800.0,35800.0,,36500.0,35600.0,35500.0,35300.0,34000.0,100.0,2026-06-29,2.0,2,35500.0,35300.0,34000.0,36980.0,34933.333333333336,2046.6666666666642,2800.0,3300.0,-1.5087256978021852,-1.6155621357146253,-1.5553935685519173,2026-06-27,45300.0,-0.02183492860320007,-0.05789397841890262,40600.0,-0.029128272923023713,-0.04338029563022517,41400.0,-0.028573372444056,-0.028573372444056,2,-0.09827022143280172,0.5639500309751936,2026-06-26,IS7N26,383.0,0.0,19.0,True,,0.007719113698013358,-0.007472014838701025,-0.014888612493750616,-3.426078865054194e-17,,,1.0,1.0,1.0,2.0,3.0,0.00386127948585553,0.1,13.0,1.0,3,1,1,1,0,-1,0,-1,2026-07-04,-0.0027210901143606132,-100.0,-1.0,2026-07-09,0.005420067469339113,200.0,1.0,2026-07-14,0.021506205220963682,800.0,1.0,2026-07-29,0.058063800954761116,2200.0,1.0,,,,,,,,,,,,
2026-06-30,Tue,38000.0,38000.0,37800.0,37300.0,36300.0,,37000.0,36000.0,35700.0,35500.0,34200.0,500.0,2026-06-30,1.0,2,35700.0,35500.0,34200.0,37480.0,35133.333333333336,2346.6666666666642,3100.0,3600.0,-0.619933886899469,-0.8443906897617708,-0.7805625757432906,2026-06-27,45300.0,-0.02183492860320007,-0.05789397841890262,40600.0,-0.029128272923023713,-0.04338029563022517,41400.0,-0.028573372444056,-0.028573372444056,3,-0.08477473995791705,1.8021364548004641,2026-06-29,IS7N26,383.0,0.0,19.0,False,0.0,0.007719113698013358,-0.004987541511039081,-0.014888612493750616,-3.426078865054194e-17,,,1.0,1.0,1.0,2.0,3.0,0.00396708755533078,0.1,13.0,1.0,1,0,0,0,-1,-1,-1,-1,2026-07-06,-0.018945086242449304,-700.0,-1.0,2026-07-10,-0.008075414005545418,-300.0,-1.0,2026-07-15,0.015957785438610816,600.0,1.0,2026-07-30,0.0445683194798766,1700.0,1.0,,,,,,,,,,,,
2026-07-01,Wed,37900.0,37900.0,37700.0,37200.0,36000.0,,36900.0,35700.0,35700.0,35500.0,34200.0,-100.0,2026-07-01,1.0,2,35700.0,35500.0,34200.0,37340.0,35133.333333333336,2206.6666666666642,3000.0,3500.0,-1.00771275089841,-1.0602401248366264,-1.0119111789796862,2026-06-27,45300.0,-0.02183492860320007,-0.05789397841890262,40600.0,-0.029128272923023713,-0.04338029563022517,41400.0,-0.028573372444056,-0.028573372444056,4,-0.08745930532858609,1.5165125397712367,2026-06-30,IS7N26,383.0,0.0,19.0,False,0.0,0.007719113698013358,-0.004987541511039081,-0.0024968801985871198,-3.426078865054194e-17,,,1.0,1.0,1.0,2.0,3.0,0.00396708755533078,0.1,13.0,1.0,1,1,1,1,-1,-1,-1,-1,2026-07-06,-0.01626052087178029,-600.0,-1.0,2026-07-11,-0.005390848634876423,-200.0,-1.0,2026-07-16,0.02127739844728488,800.0,1.0,2026-07-31,0.03434948001463764,1300.0,1.0,,,,,,,,,,,,
2026-07-02,Thu,37800.0,37800.0,37600.0,37100.0,36000.0,,36500.0,35500.0,35700.0,35500.0,34200.0,-100.0,2026-07-02,1.0,2,35700.0,35500.0,34200.0,37260.0,35133.333333333336,2126.6666666666642,2900.0,3400.0,-1.2141887846161619,-1.2654260361106011,-1.2328978552470924,2026-07-01,45100.0,-0.030570066084678004,-0.07679678357991143,40600.0,-0.04101901944454527,-0.06899287148695143,41800.0,-0.03294415571935403,-0.03986459856392782,1,-0.09015109699429745,1.2253865689094403,2026-07-01,IS7N26,383.0,0.0,19.0,False,0.0,0.007719113698013358,-0.0024968801985871614,3.469446951953614e-17,-0.00249688019858718,,,1.0,1.0,1.0,2.0,3.0,0.00396708755533078,0.1,14.5,1.0,1,1,1,1,-1,-1,-1,-1,2026-07-07,-0.016304709024943582,-600.0,-1.0,2026-07-13,0.005376357036380496,200.0,1.0,2026-07-17,0.023969190112996402,900.0,1.0,2026-08-01,0.031832926573210754,1200.0,1.0,,,,,,,,,,,,
2026-07-03,Fri,37600.0,37600.0,37400.0,36900.0,35900.0,,36400.0,35400.0,35100.0,34900.0,33400.0,-200.0,2026-07-03,1.0,2,35100.0,34900.0,33400.0,37080.0,34466.666666666664,2613.3333333333358,3500.0,4000.0,0.16348446407239528,0.1701668639314623,0.2341018678917206,2026-07-02,45100.0,-0.030570066084678004,-0.07268155143480481,40800.0,-0.03610500464211632,-0.0640788566845224,41300.0,-0.033336420267591836,-0.05189843812765137,1,-0.1004705303636345,0.2603153218228548,2026-07-02,IS7N26,383.0,0.0,16.0,False,0.0,0.007719113698013358,0.0,3.469446951953614e-17,-0.0049875415110390104,,,1.0,1.0,1.0,2.0,3.0,0.003920867027722516,0.1,19.0,1.0,1,0,0,0,0,-1,0,-1,2026-07-08,-0.002713705871596273,-100.0,-1.0,2026-07-13,0.010781775603288413,400.0,1.0,2026-07-18,0.03462396456604808,1300.0,1.0,2026-08-03,0.04244669024725705,1600.0,1.0,,,,,,,,,,,,
2026-07-04,Sat,37400.0,37400.0,37200.0,36700.0,35500.0,,36200.0,35200.0,35000.0,34800.0,33300.0,-200.0,2026-07-04,1.0,2,35000.0,34800.0,33300.0,36840.0,34366.666666666664,2473.3333333333358,3400.0,3900.0,-0.22138654412844092,-0.05431778243617754,-0.00396782826935083,2026-07-02,45100.0,-0.030570066084678004,-0.07268155143480481,40800.0,-0.03610500464211632,-0.0640788566845224,41300.0,-0.033336420267591836,-0.05189843812765137,2,-0.1059053263495914,-0.24598158958328575,2026-07-02,IS7N26,383.0,0.0,16.0,False,0.0,0.007719113698013358,0.0,3.469446951953614e-17,-0.0049875415110390104,,,1.0,1.0,1.0,2.0,3.0,0.003920867027722516,0.1,19.0,1.0,2,0,0,0,0,-1,0,-1,2026-07-09,0.008141157583699866,300.0,1.0,2026-07-14,0.02422729533532427,900.0,1.0,2026-07-20,0.045280704533156496,1700.0,1.0,2026-08-03,0.047881486233214005,1800.0,1.0,,,,,,,,,,,,
2026-07-06,Mon,37300.0,37300.0,37100.0,36600.0,35200.0,,36000.0,35000.0,34700.0,34500.0,33000.0,-100.0,2026-07-06,2.0,2,34700.0,34500.0,33000.0,36700.0,34066.666666666664,2633.3333333333358,3600.0,4100.0,0.22690291561955736,0.42963328013999746,0.4565062148965029,2026-07-02,45100.0,-0.030570066084678004,-0.07268155143480481,40800.0,-0.03610500464211632,-0.0640788566845224,41300.0,-0.033336420267591836,-0.05189843812765137,4,-0.10863384100279541,-0.5168315368959784,2026-07-02,IS7N26,383.0,0.0,16.0,False,0.0,0.007719113698013358,0.0,3.469446951953614e-17,-0.0049875415110390104,,,1.0,1.0,1.0,2.0,3.0,0.003920867027722516,0.1,19.0,1.0,4,0,0,0,0,-1,0,-1,2026-07-11,0.010869672236903891,400.0,1.0,2026-07-16,0.03753791931906524,1400.0,1.0,2026-07-21,0.04800921918636066,1800.0,1.0,2026-08-05,0.06862850638909636,2600.0,1.0,,,,,,,,,,,,
2026-07-07,Tue,37200.0,37200.0,37000.0,36500.0,35200.0,,35800.0,34700.0,34500.0,34300.0,32800.0,-100.0,2026-07-07,1.0,2,34500.0,34300.0,32800.0,36620.0,33866.666666666664,2753.3333333333358,3700.0,4200.0,0.5586633146997815,0.6693449915487265,0.6988988953725219,2026-07-06,45100.0,-0.02625971458355577,-0.06854931414989432,40000.0,-0.05116828657439949,-0.06999237182003502,40900.0,-0.04306885718582286,-0.05932937805760315,1,-0.0915671935254905,1.0440645083911524,2026-07-06,IS7N26,380.0,0.0,16.0,False,-0.007863736460214576,-0.00014462276220121844,-0.007863736460214583,-0.015335751298915599,-0.015335751298915552,,,0.0,1.0,1.0,2.0,3.0,0.0038696329214873647,0.1,19.0,1.0,1,0,0,0,-1,-1,-1,-1,2026-07-13,0.021681066061323948,800.0,1.0,2026-07-17,0.0402738991379399,1500.0,1.0,2026-07-22,0.053345980705292714,2000.0,1.0,2026-08-06,0.07136448620797106,2700.0,1.0,,,,,,,,,,,,
2026-07-08,Wed,37500.0,37500.0,37300.0,36800.0,35300.0,,36100.0,35100.0,35000.0,34800.0,33300.0,300.0,2026-07-08,1.0,2,35000.0,34800.0,33300.0,36880.0,34366.666666666664,2513.3333333333358,3500.0,4000.0,-0.10729632409961457,0.20418558831119493,0.20957856567529798,2026-07-07,45100.0,-0.021930703493970118,-0.06231876439925827,39900.0,-0.05367141679251791,-0.06782259633876106,40300.0,-0.05315260697773384,-0.07180116605580689,1,-0.08087847872093258,2.052636876288678,2026-07-07,IS7N26,377.0,0.0,16.0,False,-0.007926065272420716,-0.008070688034621933,-0.0157898017326353,-0.02077734324367437,-0.025740132585803266,,,0.0,1.0,1.0,2.0,3.0,0.004177518355538086,0.1,19.0,1.0,1,0,0,0,-1,-1,-1,-1,2026-07-13,0.013495481474884509,500.0,1.0,2026-07-18,0.03733767043764431,1400.0,1.0,2026-07-23,0.045160396118853335,1700.0,1.0,2026-08-07,0.06317890162153167,2400.0,1.0,,,,,,,,,,,,
2026-07-09,Thu,37700.0,37700.0,37500.0,37000.0,36000.0,,36500.0,35500.0,35200.0,35200.0,33700.0,200.0,2026-07-09,1.0,2,35200.0,35200.0,33700.0,37180.0,34700.0,2480.0,3300.0,3800.0,-0.19444679189887507,-0.260081910101595,-0.2704026842633086,2026-07-08,45100.0,-0.021930703493970118,-0.06231876439925827,39700.0,-0.05869655299519097,-0.0728477325414341,40200.0,-0.05563708030539573,-0.06733312006858708,1,-0.0704332750489203,2.9248584443273073,2026-07-08,IS7N26,377.0,0.0,16.0,False,0.0,-0.008070688034621933,-0.0157898017326353,-0.02077734324367437,-0.02821232173119234,,,0.0,1.0,1.0,2.0,3.0,0.0043989722276341625,0.1,19.0,1.0,1,0,0,0,-1,-1,-1,-1,2026-07-14,0.016086137751624444,600.0,1.0,2026-07-20,0.037139546949456786,1400.0,1.0,2026-07-24,0.03974032864951412,1500.0,1.0,2026-08-10,0.03974032864951412,1500.0,1.0,,,,,,,,,,,,
2026-07-10,Fri,37700.0,37700.0,37500.0,37000.0,36000.0,,36500.0,35500.0,35100.0,34900.0,33400.0,0.0,2026-07-10,1.0,2,35100.0,34900.0,33400.0,37180.0,34466.666666666664,2713.3333333333358,3600.0,4100.0,0.47140560133973347,0.48478681481749597,0.48590194742345516,2026-07-09,45100.0,-0.01758287055786682,-0.04762804898925459,39700.0,-0.05154515183756588,-0.0728477325414341,40300.0,-0.048435617099594944,-0.06018663363511385,1,-0.0704332750489203,2.699391806761688,2026-07-09,IS7N26,377.0,0.0,16.0,False,0.0,-0.008070688034621933,-0.0157898017326353,-0.018286681931222452,-0.030678414226385807,-0.015789801732635337,,0.0,1.0,1.0,1.0,3.0,0.004315253728446244,0.1,19.0,1.0,1,0,0,0,-1,-1,-1,-1,2026-07-15,0.024033199444156193,900.0,1.0,2026-07-20,0.037139546949456786,1400.0,1.0,2026-07-25,0.03974032864951412,1500.0,1.0,2026-08-10,0.03974032864951412,1500.0,1.0,,,,,,,,,,,,
2026-07-11,Sat,37700.0,37700.0,37500.0,37000.0,36000.0,,36500.0,35400.0,35100.0,35100.0,33600.0,0.0,2026-07-11,1.0,2,35100.0,35100.0,33600.0,37180.0,34600.0,2580.0,3400.0,3900.0,0.10838680822736801,0.02035814098330813,0.004108363552691859,2026-07-10,45100.0,-0.01758287055786682,-0.04551164608287702,39700.0,-0.03708706866233596,-0.07050306558217999,40200.0,-0.04380262265839289,-0.06500483030899588,1,-0.0704332750489203,2.574700214419643,2026-07-10,IS7N26,376.0,0.0,16.0,False,-0.0026560440581162963,-0.01072673209273823,-0.018445845790751595,-0.01844584579075159,-0.035794484125364505,-0.018445845790751633,,0.0,1.0,1.0,1.0,3.0,0.004225978971565087,0.1,19.0,1.0,1,0,0,0,-1,-1,-1,-1,2026-07-16,0.026668247082161273,1000.0,1.0,2026-07-21,0.037139546949456786,1400.0,1.0,2026-07-27,0.03974032864951412,1500.0,1.0,2026-08-10,0.03974032864951412,1500.0,1.0,,,,,,,,,,,,
2026-07-13,Mon,38000.0,38000.0,37800.0,37300.0,36300.0,,36600.0,35600.0,35000.0,35000.0,33500.0,300.0,2026-07-13,2.0,2,35000.0,35000.0,33500.0,37480.0,34500.0,2980.0,3800.0,4300.0,1.2702669964099182,1.0535775231417581,1.0461942769542651,2026-07-11,45100.0,-0.008830079448272037,-0.04339075451373939,39700.0,-0.029778875355611356,-0.0657971745447673,40300.0,-0.0317486983145803,-0.06252035698133393,2,-0.06235786104337488,3.1185855719228996,2026-07-10,IS7N26,376.0,0.0,16.0,False,-0.0026560440581162963,-0.01072673209273823,-0.018445845790751595,-0.01844584579075159,-0.035794484125364505,-0.018445845790751633,,0.0,1.0,1.0,1.0,3.0,0.004225978971565087,0.1,19.0,1.0,3,-1,-1,-1,-1,-1,-1,-1,2026-07-18,0.023842188962759657,900.0,1.0,2026-07-23,0.0316649146439687,1200.0,1.0,2026-07-28,0.03942691997945792,1500.0,1.0,,,,,,,,,,,,,,,,
2026-07-14,Tue,38300.0,38300.0,38100.0,37600.0,36600.0,,37000.0,36000.0,34800.0,34800.0,33300.0,300.0,2026-07-14,1.0,2,34800.0,34800.0,33300.0,37780.0,34300.0,3480.0,4300.0,4800.0,2.693656641716182,2.342410513611402,2.3465822442544546,2026-07-13,45100.0,-0.008830079448272037,-0.037000956414968374,39600.0,-0.027398974188114388,-0.06359110278153123,40300.0,-0.02934195828401532,-0.06018663363511385,1,-0.05182506786458602,3.68956672532387,2026-07-13,IS7N26,375.0,0.0,16.0,False,-0.002663117419483662,-0.013389849512221892,-0.01324522675002068,-0.02110896321023525,-0.03599757570398586,-0.021108963210235296,,0.0,0.0,1.0,1.0,3.0,0.004113420208804348,0.1,19.0,1.0,1,-1,-1,-1,-1,-1,-1,-1,2026-07-20,0.021053409197832263,800.0,1.0,2026-07-24,0.02365419089788981,900.0,1.0,2026-07-29,0.036557595733797514,1400.0,1.0,,,,,,,,,,,,,,,,
2026-07-15,Wed,38600.0,38600.0,38400.0,37900.0,36700.0,,37300.0,36000.0,35300.0,35300.0,33800.0,300.0,2026-07-15,1.0,2,35300.0,35300.0,33800.0,38040.0,34800.0,3240.0,4100.0,4600.0,1.8668587191988666,1.7511032314862078,1.7308405060352143,2026-07-14,45100.0,-0.004424785980355695,-0.02625971458355577,39800.0,-0.019901154317294913,-0.04902942724031864,39900.0,-0.03690455693545098,-0.065477929379507,1,-0.048915800202011396,3.4696335899189172,2026-07-14,IS7N26,374.0,0.0,16.0,False,-0.0026702285558789208,-0.01606007806810081,-0.007989390033478885,-0.023779191766114174,-0.038667804259864776,-0.023779191766114215,,0.0,0.0,1.0,1.0,3.0,0.004115263893212367,0.1,19.0,1.0,1,-1,-1,-1,-1,-1,-1,-1,2026-07-20,0.013106347505300583,500.0,1.0,2026-07-25,0.015707129205357877,600.0,1.0,2026-07-30,0.028610534041265838,1100.0,1.0,,,,,,,,,,,,,,,,
2026-07-16,Thu,38700.0,38700.0,38500.0,38000.0,36800.0,,37300.0,36200.0,35500.0,35500.0,34000.0,100.0,2026-07-16,1.0,2,35500.0,35500.0,34000.0,38140.0,35000.0,3140.0,4000.0,4500.0,1.5313068180940366,1.468960013991106,1.43226025805206,2026-07-15,45100.0,0.0,-0.030570066084678004,39900.0,-0.01739174271186922,-0.058410762156414484,40300.0,-0.03654487057807335,-0.06948902629742736,1,-0.048790164169432056,3.122126890100844,2026-07-15,IS7N26,374.0,0.0,16.0,False,0.0,-0.01606007806810081,-0.007989390033478885,-0.023779191766114174,-0.02627607196470128,-0.023779191766114215,,0.0,0.0,1.0,1.0,3.0,0.004092499345023058,0.05,19.0,1.0,1,-1,-1,-1,-1,0,0,-1,2026-07-21,0.010471299867295437,400.0,1.0,2026-07-27,0.0130720815673527,500.0,1.0,2026-07-31,0.0130720815673527,500.0,1.0,,,,,,,,,,,,,,,,
2026-07-17,Fri,38700.0,38700.0,38500.0,38000.0,36800.0,,37200.0,36000.0,35900.0,35900.0,34400.0,0.0,2026-07-17,1.0,2,35900.0,35900.0,34400.0,38140.0,35400.0,2740.0,3600.0,4100.0,0.45559566216531555,0.487138992239817,0.4492323901754766,2026-07-16,45100.0,0.0,-0.030570066084678004,40000.0,-0.019802627296179754,-0.05590763193829595,40500.0,-0.019560525854493596,-0.052896946122085356,1,-0.05129329438755058,2.7030188901137837,2026-07-16,IS7N26,374.0,0.0,16.0,False,0.0,-0.01606007806810081,-0.007989390033478885,-0.023779191766114174,-0.023779191766114125,-0.026276071964701362,,0.0,0.0,1.0,1.0,3.0,0.003251282237476146,0.05,19.0,1.0,1,0,0,0,-1,0,0,-1,2026-07-22,0.0130720815673527,500.0,1.0,2026-07-27,0.0130720815673527,500.0,1.0,2026-08-01,0.007863736460214451,300.0,1.0,,,,,,,,,,,,,,,,
2026-07-18,Sat,38900.0,38900.0,38700.0,38200.0,37100.0,,37500.0,36300.0,35900.0,35700.0,34200.0,200.0,2026-07-18,1.0,2,35900.0,35700.0,34200.0,38360.0,35266.666666666664,3093.3333333333358,4000.0,4500.0,1.3578968946293877,1.431582887949456,1.4021286230974137,2026-07-16,45100.0,0.0,-0.030570066084678004,40000.0,-0.019802627296179754,-0.05590763193829595,40500.0,-0.019560525854493596,-0.052896946122085356,2,-0.046043938501406846,2.80139932664861,2026-07-17,IS7N26,373.0,0.0,16.0,False,-0.002677377770716403,-0.018737455838817214,-0.008010723746078993,-0.026456569536830576,-0.026456569536830527,-0.031444111047869594,,0.0,0.0,1.0,1.0,3.0,0.0032542164143609144,0.05,19.0,1.0,1,-1,-1,-1,-1,0,0,-1,2026-07-23,0.007822725681209078,300.0,1.0,2026-07-28,0.01558473101669833,600.0,1.0,2026-08-03,0.007822725681209078,300.0,1.0,,,,,,,,,,,,,,,,
2026-07-20,Mon,39100.0,39100.0,38900.0,38400.0,37300.0,,37700.0,36500.0,35800.0,35800.0,34300.0,200.0,2026-07-20,2.0,2,35800.0,35800.0,34300.0,38560.0,35300.0,3260.0,4100.0,4600.0,1.733087720795148,1.6131903010034836,1.5867204547123193,2026-07-18,45500.0,0.008830079448271995,-0.017429635135283648,40400.0,0.009950330853168092,-0.041217955721231374,40800.0,-0.0024479816386400017,-0.045516838824462905,2,-0.05077232537342326,2.3468182885513946,2026-07-17,IS7N26,373.0,0.0,16.0,False,-0.002677377770716403,-0.018737455838817214,-0.008010723746078993,-0.026456569536830576,-0.026456569536830527,-0.031444111047869594,,0.0,0.0,1.0,1.0,3.0,0.0032542164143609144,0.05,19.0,1.0,3,-1,-1,-1,-1,1,0,-1,2026-07-25,0.0026007817000574403,100.0,1.0,2026-07-30,0.015504186535965254,600.0,1.0,2026-08-04,0.015504186535965254,600.0,1.0,,,,,,,,,,,,,,,,
2026-07-21,Tue,39100.0,39100.0,38900.0,38400.0,37300.0,,37700.0,36500.0,35800.0,35800.0,34300.0,0.0,2026-07-21,1.0,2,35800.0,35800.0,34300.0,38560.0,35300.0,3260.0,4100.0,4600.0,1.658986375689216,1.5497663509976751,1.5251360000496708,2026-07-20,45900.0,0.01758287055786688,-0.004347832936103398,40200.0,0.007490671729157659,-0.046180745063360396,40900.0,0.014778594096118683,-0.03837401288161504,1,-0.04580953603129422,2.4494182342048108,2026-07-20,IS7N26,373.0,0.0,16.0,False,0.0,-0.018737455838817214,-0.00534760632659533,-0.018592833076616,-0.03392858437553158,-0.03392858437553156,,0.0,0.0,1.0,1.0,3.0,0.0032549794249578856,0.0,19.0,1.0,1,-1,-1,-1,-1,1,0,-1,2026-07-27,0.0026007817000574403,100.0,1.0,2026-07-31,0.0026007817000574403,100.0,1.0,2026-08-05,0.02061928720273561,800.0,1.0,,,,,,,,,,,,,,,,
2026-07-22,Wed,39200.0,39200.0,39000.0,38500.0,37000.0,,37600.0,36600.0,35600.0,35600.0,33600.0,100.0,2026-07-22,1.0,2,35600.0,35600.0,33600.0,38580.0,34933.333333333336,3646.6666666666642,4900.0,5400.0,2.5362369428898086,3.2987730935910244,3.276822858040389,2026-07-21,45900.0,0.01758287055786688,-0.004347832936103398,40200.0,0.012515807931830599,-0.046180745063360396,40900.0,0.01726306742378077,-0.03837401288161504,1,-0.04320875433123681,2.4164501726895393,2026-07-21,IS7N26,373.0,13.0,29.0,False,0.0,-0.018737455838817214,-0.00267737777071641,-0.010666767804195286,-0.03144411104786964,-0.03640690038999856,,0.0,0.0,1.0,1.0,3.0,0.002484728129516899,0.0,17.5,0.0,1,-1,-1,-1,-1,1,0,-1,2026-07-27,0.0,0.0,0.0,2026-08-01,-0.005208345107138235,-200.0,-1.0,2026-08-06,0.018018505502678212,700.0,1.0,,,,,,,,,,,,,,,,
2026-07-23,Thu,39200.0,39200.0,39000.0,38500.0,37200.0,,37600.0,36600.0,35200.0,35200.0,33200.0,0.0,2026-07-23,1.0,2,35200.0,35200.0,33200.0,38620.0,34533.333333333336,4086.6666666666642,5300.0,5800.0,3.384308044861126,3.8123016370464184,3.794441936510599,2026-07-21,45900.0,0.01758287055786688,-0.004347832936103398,40200.0,0.012515807931830599,-0.046180745063360396,40900.0,0.01726306742378077,-0.03837401288161504,2,-0.04320875433123681,2.2660545566592356,2026-07-22,IS7N26,372.0,29.0,53.0,False,-0.002684565370668987,-0.021422021209486202,-0.005361943141385397,-0.013351333174864272,-0.03412867641853863,-0.041563654906056624,,0.0,0.0,1.0,1.0,3.0,0.00251114593589098,0.05,16.0,0.0,1,-1,-1,-1,-1,1,0,-1,2026-07-28,0.007762005335489109,300.0,1.0,2026-08-03,0.0,0.0,0.0,2026-08-07,0.018018505502678212,700.0,1.0,,,,,,,,,,,,,,,,
2026-07-24,Fri,39200.0,39200.0,39000.0,38500.0,37200.0,,37700.0,36500.0,35000.0,35000.0,33000.0,0.0,2026-07-24,1.0,2,35000.0,35000.0,33000.0,38620.0,34333.333333333336,4286.666666666664,5500.0,6000.0,3.4729126982526837,3.734204107929342,3.721527274952457,2026-07-23,46100.0,0.021930703493970208,0.0043478329361034225,39800.0,0.0025157245972473705,-0.04902942724031864,40500.0,0.004950505159856205,-0.04348511193973878,1,-0.03320867099665346,2.5707733079083144,2026-07-23,IS7N26,372.0,0.0,53.0,False,0.0,-0.021422021209486202,-0.005361943141385397,-0.013351333174864272,-0.03163801510608671,-0.04402974740125009,,0.0,0.0,1.0,1.0,2.0,0.002488275746120886,0.1,16.0,1.0,1,-1,-1,-1,-1,1,0,-1,2026-07-29,0.012903404835907782,500.0,1.0,2026-08-03,0.0,0.0,0.0,2026-08-10,0.0,0.0,0.0,,,,,,,,,,,,,,,,
2026-07-25,Sat,39200.0,39200.0,39000.0,38500.0,37200.0,,38700.0,36500.0,34800.0,34600.0,32600.0,0.0,2026-07-25,1.0,2,34800.0,34600.0,32600.0,38620.0,34000.0,4620.0,5900.0,6400.0,3.7832283538931204,3.9904251501967334,3.9828567326424555,2026-07-23,46100.0,0.021930703493970208,0.0043478329361034225,39800.0,0.0025157245972473705,-0.04902942724031864,40500.0,0.004950505159856205,-0.04348511193973878,2,-0.03320867099665346,2.4083531745328393,2026-07-24,IS7N26,372.0,0.0,53.0,False,0.0,-0.021422021209486202,-0.002684565370668994,-0.010695289116747976,-0.029141134907499554,-0.04648977324211249,,0.0,0.0,1.0,1.0,2.0,0.002515121873438819,0.1,16.0,1.0,1,-1,-1,-1,-1,1,0,-1,2026-07-30,0.012903404835907782,500.0,1.0,2026-08-04,0.012903404835907782,500.0,1.0,2026-08-10,0.0,0.0,0.0,,,,,,,,,,,,,,,,
2026-07-27,Mon,39200.0,39200.0,39000.0,38500.0,37200.0,,37800.0,36600.0,35000.0,34800.0,32800.0,0.0,2026-07-27,2.0,2,35000.0,34800.0,32800.0,38620.0,34200.0,4420.0,5700.0,6200.0,2.995677936791807,3.18860947300823,3.185800039700472,2026-07-25,46500.0,0.03057006608467793,0.012987195526811112,40300.0,0.015000281259492598,-0.022086787402843398,41000.0,0.019705071079332337,-0.02409755157906053,2,-0.04569322765889874,1.7667952403126865,2026-07-24,IS7N26,372.0,0.0,53.0,False,0.0,-0.021422021209486202,-0.002684565370668994,-0.010695289116747976,-0.029141134907499554,-0.04648977324211249,,0.0,0.0,1.0,1.0,2.0,0.002515121873438819,0.1,16.0,1.0,3,-1,-1,-1,-1,1,0,-1,2026-08-01,-0.005208345107138235,-200.0,-1.0,2026-08-06,0.018018505502678212,700.0,1.0,2026-08-11,0.0,0.0,0.0,,,,,,,,,,,,,,,,
2026-07-28,Tue,39500.0,39500.0,39300.0,38800.0,37500.0,,38000.0,36800.0,35300.0,35300.0,33300.0,300.0,2026-07-28,1.0,2,35300.0,35300.0,33300.0,38920.0,34633.333333333336,4286.666666666664,5500.0,6000.0,2.5361647463512584,2.6244885653554793,2.621563446456314,2026-07-27,46800.0,0.037000956414968304,0.028170876966696224,40700.0,0.024876904755404477,-0.0049019706002067795,41200.0,0.022086787402843505,-0.009661910911736859,1,-0.04780784581932154,1.6205770037945275,2026-07-27,IS7Q26,387.0,0.0,53.0,True,,-0.021422021209486202,-0.002684565370668994,-0.008032171697264313,-0.029141134907499554,,,1.0,1.0,1.0,2.0,3.0,0.002534407125522585,0.1,16.0,1.0,1,-1,-1,-1,-1,1,0,-1,2026-08-03,-0.007762005335489189,-300.0,-1.0,2026-08-07,0.010256500167189061,400.0,1.0,,,,,,,,,,,,,,,,,,,,
2026-07-29,Wed,39700.0,39700.0,39500.0,39000.0,37500.0,,38100.0,37100.0,35300.0,35300.0,,200.0,2026-07-29,1.0,2,35300.0,35300.0,33300.0,39080.0,34633.333333333336,4446.666666666664,5700.0,6200.0,2.6277805505850225,2.7101779634916747,2.7091767087196077,2026-07-28,47100.0,0.04339075451373948,0.03456067506546743,41100.0,0.03717900324175403,0.0097800290536397,42000.0,0.04131814933073107,0.01197619104671562,1,-0.052446475372542545,1.3857634656907043,2026-07-28,IS7Q26,387.0,0.0,53.0,False,0.0,-0.021422021209486202,-0.002684565370668994,-0.005361943141385394,-0.029141134907499554,,,1.0,1.0,1.0,2.0,3.0,0.002534407125522585,0.1,16.0,1.0,1,-1,-1,-1,-1,1,0,-1,2026-08-03,-0.012903404835907841,-500.0,-1.0,2026-08-10,-0.012903404835907841,-500.0,-1.0,,,,,,,,,,,,,,,,,,,,
2026-07-30,Thu,39700.0,39700.0,39500.0,39000.0,37800.0,,38000.0,37000.0,35000.0,35000.0,33000.0,0.0,2026-07-30,1.0,2,35000.0,35000.0,33000.0,39140.0,34333.333333333336,4806.666666666664,6000.0,6500.0,2.998177522854261,2.8944985360206386,2.895749076477047,2026-07-28,47100.0,0.04339075451373948,0.03456067506546743,41100.0,0.03717900324175403,0.0097800290536397,42000.0,0.04131814933073107,0.01197619104671562,2,-0.052446475372542545,1.3363451604784797,2026-07-29,IS7Q26,387.0,0.0,53.0,False,0.0,-0.021422021209486202,0.0,-0.005361943141385394,-0.029141134907499554,,,1.0,1.0,1.0,2.0,3.0,0.002534407125522585,0.1,16.0,1.0,1,-1,-1,-1,-1,1,0,-1,2026-08-04,0.0,0.0,0.0,2026-08-10,-0.012903404835907841,-500.0,-1.0,,,,,,,,,,,,,,,,,,,,
2026-07-31,Fri,39200.0,39200.0,39000.0,38500.0,37500.0,,37800.0,36800.0,34500.0,34500.0,32500.0,-500.0,2026-07-31,1.0,2,34500.0,34500.0,32500.0,38680.0,33833.333333333336,4846.666666666664,6000.0,6500.0,2.8203445586918994,2.6732965052501796,2.6748156912417236,2026-07-30,48000.0,0.06231876439925819,0.05789397841890267,40600.0,0.01990115431729502,0.0,41300.0,0.034486176071169404,-0.002418380864281638,1,-0.05310982531394841,1.2629356588524152,2026-07-30,IS7Q26,387.0,9.0,62.0,False,0.0,-0.021422021209486202,0.0,-0.005361943141385394,-0.029141134907499554,,,1.0,1.0,1.0,2.0,3.0,0.002534407125522585,0.1,16.0,0.0,1,-1,-1,-1,-1,1,0,-1,2026-08-05,0.018018505502678212,700.0,1.0,2026-08-10,0.0,0.0,0.0,,,,,,,,,,,,,,,,,,,,
2026-08-01,Sat,39000.0,39000.0,38800.0,38300.0,37300.0,,37500.0,36500.0,34500.0,34500.0,32500.0,-200.0,2026-08-01,1.0,2,34500.0,34500.0,32500.0,38480.0,33833.333333333336,4646.666666666664,5800.0,6300.0,2.3336001362536765,2.256876238084476,2.2566996838890505,2026-07-31,47800.0,0.05814339298877758,0.05814339298877758,40300.0,0.009975145056819524,-0.007416597655049707,41100.0,0.019656652549551592,-0.01688821802852174,1,-0.05090157276603702,1.3057773274920867,2026-07-31,IS7Q26,387.0,9.0,53.0,False,0.0,-0.021422021209486202,0.0,-0.0026845653706689906,-0.029141134907499554,,,1.0,1.0,1.0,2.0,3.0,0.002534407125522585,0.15,16.0,0.0,1,-1,-1,-1,-1,1,0,-1,2026-08-06,0.023226850609816555,900.0,1.0,2026-08-11,0.00520834510713826,200.0,1.0,,,,,,,,,,,,,,,,,,,,
2026-08-03,Mon,39200.0,39200.0,39000.0,38500.0,37500.0,,37700.0,36500.0,34500.0,34500.0,32500.0,200.0,2026-08-03,2.0,2,34500.0,34500.0,32500.0,38680.0,33833.333333333336,4846.666666666664,6000.0,6500.0,2.4593088060744357,2.349525776884298,2.350099159368764,2026-07-31,47800.0,0.05814339298877758,0.05814339298877758,40300.0,0.009975145056819524,-0.007416597655049707,41100.0,0.019656652549551592,-0.01688821802852174,3,-0.04569322765889874,1.4655846081884554,2026-07-31,IS7Q26,387.0,9.0,53.0,False,0.0,-0.021422021209486202,0.0,-0.0026845653706689906,-0.029141134907499554,,,1.0,1.0,1.0,2.0,3.0,0.002534407125522585,0.15,16.0,0.0,3,-1,-1,-1,-1,1,0,-1,2026-08-10,0.0,0.0,0.0,,,,,,,,,,,,,,,,,,,,,,,,
2026-08-04,Tue,39700.0,39700.0,39500.0,39000.0,37500.0,,38000.0,37000.0,35000.0,35000.0,33000.0,500.0,2026-08-04,1.0,2,35000.0,35000.0,33000.0,39080.0,34333.333333333336,4746.666666666664,6000.0,6500.0,2.189962876703571,2.2165442084522082,2.216844458772952,2026-08-03,48000.0,0.06231876439925819,0.06231876439925819,40900.0,0.022250608934819723,0.0024479816386400372,41100.0,0.014706147389695487,-0.004854378464798199,1,-0.047568416919109686,1.339024818499997,2026-08-03,IS7Q26,381.0,0.0,53.0,False,-0.01562531790308087,-0.03704733911256707,-0.015625317903080877,-0.018309883273749862,-0.03690271635036585,,,0.0,1.0,1.0,2.0,3.0,0.002534407125522585,0.2,16.0,1.0,1,-1,-1,-1,-1,1,0,-1,2026-08-10,-0.012903404835907841,-500.0,-1.0,,,,,,,,,,,,,,,,,,,,,,,,
2026-08-05,Wed,39900.0,39900.0,39700.0,39200.0,37700.0,,38200.0,37000.0,35200.0,35200.0,33200.0,200.0,2026-08-05,1.0,2,35200.0,35200.0,33200.0,39280.0,34533.333333333336,4746.666666666664,6000.0,6500.0,2.0813825700796684,2.1000684938214382,2.1027032327737905,2026-08-04,48000.0,0.05348868495098622,0.06231876439925819,40900.0,0.012300278081651687,0.022250608934819723,41500.0,0.017011345826536538,0.01456336418789651,1,-0.04245331625233923,1.488352044012104,2026-08-04,IS7Q26,381.0,0.0,53.0,False,0.0,-0.03704733911256707,-0.015625317903080877,-0.018309883273749862,-0.028976651077945132,,,0.0,1.0,1.0,2.0,3.0,0.0038797978378405625,0.2,16.0,1.0,1,-1,-1,-1,-1,1,0,-1,2026-08-10,-0.018018505502678365,-700.0,-1.0,,,,,,,,,,,,,,,,,,,,,,,,
2026-08-06,Thu,39900.0,39900.0,39700.0,39200.0,37700.0,,38300.0,37000.0,35200.0,35000.0,33200.0,0.0,2026-08-06,1.0,2,35200.0,35000.0,33200.0,39280.0,34466.666666666664,4813.333333333336,6000.0,6500.0,2.054264401438117,1.993139397862029,1.9953686596804732,2026-08-04,48000.0,0.05348868495098622,0.06231876439925819,40900.0,0.012300278081651687,0.022250608934819723,41500.0,0.017011345826536538,0.01456336418789651,2,-0.04245331625233923,1.4352309102086611,2026-08-05,IS7Q26,379.0,0.0,53.0,False,-0.005263170044274644,-0.042310509156841716,-0.02088848794735552,-0.020888487947355518,-0.03423982112221977,,,0.0,1.0,1.0,2.0,3.0,0.0036179396881443004,0.2,16.0,1.0,1,-1,-1,-1,-1,1,0,-1,2026-08-11,-0.018018505502678365,-700.0,-1.0,,,,,,,,,,,,,,,,,,,,,,,,
2026-08-07,Fri,39900.0,39900.0,39700.0,39200.0,37700.0,,38300.0,37000.0,35000.0,35000.0,33000.0,0.0,2026-08-07,1.0,2,35000.0,35000.0,33000.0,39280.0,34333.333333333336,4946.666666666664,6200.0,6700.0,2.0977316590365604,2.0815450016557397,2.0850976063295623,2026-08-06,48000.0,0.04473589384139152,0.06231876439925819,41200.0,0.024571260730505327,0.03206193245966288,41800.0,0.021766276481954505,0.036544870578073346,1,-0.049761509559063825,1.1142312445001132,2026-08-06,IS7Q26,379.0,0.0,53.0,False,0.0,-0.042310509156841716,-0.02088848794735552,-0.020888487947355518,-0.03423982112221977,,,0.0,1.0,1.0,2.0,3.0,0.003695343969210305,0.2,22.5,1.0,1,-1,-1,-1,-1,1,0,-1,,,,,,,,,,,,,,,,,,,,,,,,,,,,
2026-08-10,Mon,39200.0,39200.0,39000.0,38500.0,37000.0,,37500.0,36500.0,34800.0,34800.0,32800.0,-700.0,2026-08-10,3.0,2,34800.0,34800.0,32800.0,38580.0,34133.333333333336,4446.666666666664,5700.0,6200.0,1.4515447864932536,1.5218703731827716,1.5235850732433038,2026-08-08,48000.0,0.04038806090528803,0.06231876439925819,40900.0,0.027263150758363996,0.02977887535561139,41300.0,0.019560525854493572,0.024511031014349784,2,-0.06047182175501757,0.6862796640873853,2026-08-07,IS7Q26,378.0,0.0,53.0,False,-0.0026420094628386965,-0.044952518619680415,-0.023530497410194216,-0.023530497410194213,-0.03422578652694218,,,0.0,1.0,1.0,2.0,3.0,0.003695343969210305,0.2,41.0,1.0,3,-1,-1,-1,0,1,0,-1,,,,,,,,,,,,,,,,,,,,,,,,,,,,
2026-08-11,Tue,39200.0,39200.0,39000.0,38500.0,37000.0,,37500.0,36500.0,34800.0,34800.0,32800.0,0.0,2026-08-11,1.0,2,34800.0,34800.0,32800.0,38580.0,34133.333333333336,4446.666666666664,5700.0,6200.0,1.398273215010349,1.4637286149697388,1.4657930587674595,2026-08-10,47800.0,0.02757332690409977,0.05814339298877758,40600.0,0.007416597655049619,0.022416878914542273,41100.0,0.002436054797881121,0.0221411258772135,1,-0.05310982531394841,0.9323819146947812,2026-08-10,IS7Q26,377.0,0.0,53.0,False,-0.002649008171576953,-0.04760152679125737,-0.010554187678690301,-0.026179505581771168,-0.034211677279035464,-0.055320640489270725,,0.0,0.0,1.0,1.0,3.0,0.0036951651886247263,0.2,53.0,1.0,1,-1,-1,-1,0,1,0,-1,,,,,,,,,,,,,,,,,,,,,,,,,,,,
