Date,Day,14ANI,12ANI,10ANI,8ANI,6ANI,4ANI,5kg,2kg,1kgr,Att,Melt,8ANI d/d,date,gap_days,continuous_segment,1kgr_age,1kgr_filled,Att_age,Att_filled,Melt_age,Melt_filled,plate_avg,melt_avg,plate_melt,plate_melt_z60,own_mom_10d,ret_1q,ewma_vol,unchanged_20,turkey_date,Symbol,Latest,Volume,Open Int,roll,roll_adjusted_return,roll_adjusted_index,turkey_mom5,turkey_mom10,turkey_rv10,turkey_zero_range20,turkey_zero_oi20,turkey_age,turkey_stale,turkey_quality,local_date,local_tmt,local_ingot,local_billet,local_tmt_mom10,local_ingot_mom10,local_billet_mom10,local_age,local_stale,local_quality,scrap_ingot_log_basis,scrap_ingot_z60,common_feature_quality,target_end_5,target_ret_5,target_change_5,target_dir_5,target_end_10,target_ret_10,target_change_10,target_dir_10,target_end_15,target_ret_15,target_change_15,target_dir_15,target_end_30,target_ret_30,target_change_30,target_dir_30,target_end_45,target_ret_45,target_change_45,target_dir_45,target_end_60,target_ret_60,target_change_60,target_dir_60,target_end_90,target_ret_90,target_change_90,target_dir_90
2023-12-11,Mon,42200.0,42200.0,42000.0,41500.0,40100.0,39100.0,40800.0,39800.0,38000.0,37800.0,36300.0,,2023-12-11,,0,0,38000.0,0,37800.0,0,36300.0,41600.0,37366.666666666664,4233.333333333336,,,,,,2023-12-08,IS7Z23,426.0,0.0,83.0,False,0.007067167223092353,104.83100356799089,0.05055227916283125,,0.01237498494223307,0.9,0.0,3,False,True,2023-12-09,49300.0,43900.0,44100.0,-0.018090945649039073,0.002280502698725303,0.006825965070399891,2,False,True,-0.05622089284447299,,False,,,,,2023-12-23,-0.034317092924129156,-1400.0,-1.0,2023-12-26,-0.04686430897621772,-1900.0,-1.0,2024-01-10,-0.05446890836143703,-2200.0,-1.0,2024-01-25,-0.06727318060742486,-2700.0,-1.0,2024-02-09,-0.05192761093276449,-2100.0,-1.0,2024-03-12,-0.05957096024533254,-2400.0,-1.0
2023-12-13,Wed,42300.0,42300.0,42100.0,41600.0,40200.0,39200.0,40900.0,39900.0,37700.0,37500.0,36000.0,100.0,2023-12-13,2.0,0,0,37700.0,0,37500.0,0,36000.0,41700.0,37066.666666666664,4633.333333333336,,,0.002406740030565402,,,2023-12-12,IS7Z23,423.0,0.0,83.0,False,-0.00236127618567982,104.09275706399094,0.009501259124140215,0.0534107517397087,0.011496901367772906,0.9,0.0,1,False,True,2023-12-11,49900.0,43900.0,44300.0,-0.005994023940210525,0.01376168507268153,0.004524894598289724,2,False,True,-0.053814152813908014,,False,,,,,2023-12-23,-0.03672383295469408,-1500.0,-1.0,2023-12-28,-0.05179949536014146,-2100.0,-1.0,2024-01-12,-0.05687564839200208,-2300.0,-1.0,2024-01-27,-0.07226056723148144,-2900.0,-1.0,2024-02-12,-0.0543343509633295,-2200.0,-1.0,2024-03-12,-0.061977700275897524,-2500.0,-1.0
2023-12-23,Sat,40800.0,40800.0,40600.0,40100.0,38500.0,37500.0,39000.0,37900.0,36700.0,36500.0,35000.0,-1500.0,2023-12-23,10.0,0,0,36700.0,0,36500.0,0,35000.0,40160.0,36066.666666666664,4093.3333333333358,,-0.03672383295469408,-0.03672383295469395,0.002406740030565402,,2023-12-22,IS7Z23,422.0,0.0,80.0,False,0.0,103.84667489599097,0.0023724803536303955,-0.009434032233358642,0.0032311858723673057,0.8,0.0,1,False,True,2023-12-22,49000.0,42400.0,42800.0,0.012320484388040657,-0.009389740349839032,-0.009302392662313561,1,False,True,-0.05577202792538853,,False,2023-12-28,-0.015075662405447273,-600.0,-1.0,2024-01-02,-0.0050000104167057515,-200.0,-1.0,2024-01-08,-0.015075662405447273,-600.0,-1.0,2024-01-24,-0.03295608768329572,-1300.0,-1.0,2024-02-06,-0.017610518008635393,-700.0,-1.0,2024-02-21,-0.010025146619378818,-400.0,-1.0,,,,
2023-12-25,Mon,40700.0,40700.0,40500.0,40000.0,38400.0,37400.0,38900.0,37800.0,36600.0,36400.0,34900.0,-100.0,2023-12-25,2.0,0,0,36600.0,0,36400.0,0,34900.0,40060.0,35966.666666666664,4093.3333333333358,,-0.03922071315328127,-0.0024968801985885136,0.009293182884959188,,2023-12-22,IS7Z23,422.0,0.0,80.0,False,0.0,103.84667489599097,0.0023724803536303955,-0.009434032233358642,0.0032311858723673057,0.8,0.0,3,False,True,2023-12-22,49000.0,42400.0,42800.0,0.012320484388040657,-0.009389740349839032,-0.009302392662313561,3,False,True,-0.05826890812397576,,False,2023-12-30,-0.01005033585350145,-400.0,-1.0,2024-01-04,0.0,0.0,0.0,2024-01-09,-0.015113637810048184,-600.0,-1.0,2024-01-24,-0.030459207484708574,-1200.0,-1.0,2024-02-08,-0.015113637810048184,-600.0,-1.0,2024-02-23,-0.012578782206860073,-500.0,-1.0,,,,
2023-12-26,Tue,40400.0,40400.0,40100.0,39600.0,38000.0,37000.0,38500.0,37400.0,36400.0,36200.0,34700.0,-400.0,2023-12-26,1.0,0,0,36400.0,0,36200.0,0,34700.0,39700.0,35766.666666666664,3933.3333333333358,,-0.049271049006782794,-0.010050335853501124,0.00903080937064152,,2023-12-22,IS7Z23,422.0,0.0,80.0,False,0.0,103.84667489599097,0.0023724803536303955,-0.009434032233358642,0.0032311858723673057,0.8,0.0,4,False,True,2023-12-22,49000.0,42400.0,42800.0,0.012320484388040657,-0.009389740349839032,-0.009302392662313561,4,False,True,-0.0683192439774772,,False,2024-01-01,0.010050335853501506,400.0,1.0,2024-01-05,0.007547205635382904,300.0,1.0,2024-01-10,-0.007604599385219304,-300.0,-1.0,2024-01-25,-0.020408871631207123,-800.0,-1.0,2024-02-09,-0.005063301956546762,-200.0,-1.0,2024-02-24,-0.005063301956546762,-200.0,-1.0,,,,
2023-12-27,Wed,40200.0,40200.0,40000.0,39500.0,37800.0,36800.0,38400.0,37200.0,36400.0,36200.0,34700.0,-100.0,2023-12-27,1.0,0,0,36400.0,0,36200.0,0,34700.0,39540.0,35766.666666666664,3773.3333333333358,,-0.05179949536014146,-0.002528446353357694,0.009095204333143092,,2023-12-26,IS7F24,419.0,0.0,80.0,True,,103.84667489599097,,,,0.8,0.0,1,False,True,2023-12-26,48800.0,42300.0,42900.0,0.008230499136515444,-0.023365548956211884,-0.01388911216066715,1,False,True,-0.06848641414515609,,False,2024-01-01,0.012578782206860185,500.0,1.0,2024-01-06,0.0025284463533586906,100.0,1.0,2024-01-11,-0.005076153031860661,-200.0,-1.0,2024-01-27,-0.02046107187134006,-800.0,-1.0,2024-02-10,-0.0025348556031880663,-100.0,-1.0,2024-02-26,-0.0025348556031880663,-100.0,-1.0,,,,
2023-12-28,Thu,40200.0,40200.0,40000.0,39500.0,37800.0,36800.0,38400.0,37200.0,36400.0,36200.0,34700.0,0.0,2023-12-28,1.0,0,0,36400.0,0,36200.0,0,34700.0,39540.0,35766.666666666664,3773.3333333333358,,,0.0,0.008839850666591369,,2023-12-27,IS7F24,419.0,0.0,80.0,False,0.0,103.84667489599097,,,,0.8,0.0,1,False,True,2023-12-26,48800.0,42300.0,42900.0,0.008230499136515444,-0.023365548956211884,-0.01388911216066715,2,False,True,-0.06848641414515609,,False,2024-01-02,0.01007565198874164,400.0,1.0,2024-01-08,0.0,0.0,0.0,2024-01-12,-0.005076153031860661,-200.0,-1.0,2024-01-27,-0.02046107187134006,-800.0,-1.0,2024-02-12,-0.0025348556031880663,-100.0,-1.0,2024-02-26,-0.0025348556031880663,-100.0,-1.0,,,,
2023-12-29,Fri,40200.0,40200.0,40000.0,39500.0,37800.0,36800.0,38500.0,37200.0,36200.0,36000.0,34500.0,0.0,2023-12-29,1.0,0,0,36200.0,0,36000.0,0,34500.0,39540.0,35566.666666666664,3973.3333333333358,,,0.0,0.008570553203800657,,2023-12-28,IS7F24,414.0,0.0,69.0,False,-0.012004946096823375,102.60745443183833,,,,0.8,0.0,1,False,True,2023-12-28,48500.0,42100.0,42500.0,-0.01636028310520691,-0.04186657939278989,-0.036955706522429126,1,False,True,-0.06374706878125953,,False,2024-01-03,0.0050505157860685716,200.0,1.0,2024-01-08,0.0,0.0,0.0,2024-01-13,-0.005076153031860661,-200.0,-1.0,2024-01-29,-0.012739025777429714,-500.0,-1.0,2024-02-12,-0.0025348556031880663,-100.0,-1.0,2024-02-27,-0.007623925110659371,-300.0,-1.0,,,,
2023-12-30,Sat,40300.0,40300.0,40100.0,39600.0,37900.0,36900.0,38600.0,37400.0,36200.0,36000.0,34500.0,100.0,2023-12-30,1.0,0,0,36200.0,0,36000.0,0,34500.0,39640.0,35566.666666666664,4073.3333333333358,,,0.002528446353357694,0.008309459626595886,,2023-12-29,IS7F24,414.0,0.0,69.0,False,0.0,102.60745443183833,,,,0.8,0.0,1,False,True,2023-12-28,48500.0,42100.0,42500.0,-0.01636028310520691,-0.04186657939278989,-0.036955706522429126,2,False,True,-0.06121862242790085,,False,2024-01-04,0.010050335853501506,400.0,1.0,2024-01-09,-0.005063301956546762,-200.0,-1.0,2024-01-15,-0.007604599385219304,-300.0,-1.0,2024-01-29,-0.01526747213078842,-600.0,-1.0,2024-02-13,-0.010152371464017962,-400.0,-1.0,2024-02-28,-0.01526747213078842,-600.0,-1.0,,,,
2024-01-01,Mon,40700.0,40700.0,40500.0,40000.0,38300.0,37300.0,39000.0,37700.0,36500.0,36300.0,34800.0,400.0,2024-01-01,2.0,0,0,36500.0,0,36300.0,0,34800.0,40040.0,35866.666666666664,4173.333333333336,,,0.010050335853501124,0.008080091248653935,,2023-12-29,IS7F24,414.0,0.0,69.0,False,0.0,102.60745443183833,,,,0.8,0.0,3,False,True,2023-12-30,48500.0,42400.0,42800.0,-0.0284572048140355,-0.034765957843213555,-0.034446574463338896,2,False,True,-0.05826890812397576,,False,2024-01-06,-0.01005033585350145,-400.0,-1.0,2024-01-11,-0.01765493523872071,-700.0,-1.0,2024-01-16,-0.02275698712261618,-900.0,-1.0,2024-01-31,-0.012578782206860073,-500.0,-1.0,2024-02-15,-0.012578782206860073,-500.0,-1.0,2024-03-01,-0.020202707317519466,-800.0,-1.0,,,,
2024-01-02,Tue,40600.0,40600.0,40400.0,39900.0,38200.0,37200.0,38900.0,37700.0,36400.0,36200.0,34700.0,-100.0,2024-01-02,1.0,0,0,36400.0,0,36200.0,0,34700.0,39940.0,35766.666666666664,4173.333333333336,,-0.0050000104167057515,-0.002503130218117988,0.008211647651809574,0.2,2023-12-29,IS7F24,414.0,0.0,69.0,False,0.0,102.60745443183833,,,,0.8,0.0,4,False,True,2023-12-30,48500.0,42400.0,42800.0,-0.0284572048140355,-0.034765957843213555,-0.034446574463338896,3,False,True,-0.06077203834209432,,False,2024-01-08,-0.010075651988741587,-400.0,-1.0,2024-01-12,-0.01515180502060222,-600.0,-1.0,2024-01-17,-0.02538207327141716,-1000.0,-1.0,2024-02-01,-0.010075651988741587,-400.0,-1.0,2024-02-16,-0.012610507591929696,-500.0,-1.0,2024-03-02,-0.017699577099400975,-700.0,-1.0,,,,
2024-01-03,Wed,40400.0,40400.0,40200.0,39700.0,38100.0,37100.0,38800.0,37600.0,36200.0,36000.0,34500.0,-200.0,2024-01-03,1.0,0,0,36200.0,0,36000.0,0,34500.0,39760.0,35566.666666666664,4193.333333333336,,-0.010025146619378818,-0.005025136202672087,0.007985062766275091,0.18181818181818182,2024-01-02,IS7F24,414.0,0.0,69.0,False,0.0,102.60745443183833,,,,0.8,0.0,1,False,True,2023-12-30,48500.0,42400.0,42800.0,-0.0284572048140355,-0.034765957843213555,-0.034446574463338896,4,False,True,-0.0657971745447673,,False,2024-01-08,-0.0050505157860685915,-200.0,-1.0,2024-01-13,-0.01012666881792916,-400.0,-1.0,2024-01-19,-0.020356937068744085,-800.0,-1.0,2024-02-02,-0.0050505157860685915,-200.0,-1.0,2024-02-17,-0.0050505157860685915,-200.0,-1.0,2024-03-04,-0.012674440896727824,-500.0,-1.0,,,,
2024-01-04,Thu,40700.0,40700.0,40500.0,40000.0,38400.0,37400.0,39100.0,37900.0,36500.0,36300.0,34800.0,300.0,2024-01-04,1.0,0,0,36500.0,0,36300.0,0,34800.0,40060.0,35866.666666666664,4193.333333333336,,0.0,0.007528266420790075,0.007839047988741745,0.16666666666666666,2024-01-03,IS7F24,414.0,0.0,69.0,False,0.0,102.60745443183833,-0.012004946096823375,,,0.85,0.0,1,False,True,2024-01-03,49100.0,43300.0,43100.0,-0.014155949230132298,-0.01376168507268149,-0.022936785343098155,1,False,True,-0.0792731808945079,,False,2024-01-09,-0.015113637810048184,-600.0,-1.0,2024-01-15,-0.01765493523872071,-700.0,-1.0,2024-01-19,-0.027885203489535663,-1100.0,-1.0,2024-02-03,-0.012578782206860073,-500.0,-1.0,2024-02-19,-0.012578782206860073,-500.0,-1.0,2024-03-04,-0.020202707317519466,-800.0,-1.0,,,,
2024-01-05,Fri,40600.0,40600.0,40400.0,39900.0,38200.0,37200.0,39000.0,37800.0,36500.0,36300.0,34800.0,-100.0,2024-01-05,1.0,0,0,36500.0,0,36300.0,0,34800.0,39940.0,35866.666666666664,4073.3333333333358,,0.007547205635382904,-0.002503130218117988,0.007820749368554905,0.15384615384615385,2024-01-04,IS7F24,414.0,0.0,69.0,False,0.0,102.60745443183833,-0.012004946096823375,,,0.85,0.0,1,False,True,2024-01-04,49100.0,43700.0,44100.0,-0.014155949230132298,-0.002285715280855951,-0.002265006630852125,1,False,True,-0.09097177820572676,,False,2024-01-10,-0.01515180502060222,-600.0,-1.0,2024-01-15,-0.01515180502060222,-600.0,-1.0,2024-01-20,-0.02538207327141716,-1000.0,-1.0,2024-02-05,-0.010075651988741587,-400.0,-1.0,2024-02-19,-0.010075651988741587,-400.0,-1.0,2024-03-05,-0.017699577099400975,-700.0,-1.0,,,,
2024-01-06,Sat,40300.0,40300.0,40100.0,39600.0,37900.0,36900.0,38700.0,37500.0,36200.0,36000.0,34500.0,-300.0,2024-01-06,1.0,0,0,36200.0,0,36000.0,0,34500.0,39640.0,35566.666666666664,4073.3333333333358,,0.0025284463533586906,-0.007547205635383136,0.007607247406121229,0.14285714285714285,2024-01-05,IS7F24,414.0,0.0,69.0,False,0.0,102.60745443183833,0.0,,,0.85,0.0,1,False,True,2024-01-05,49500.0,43500.0,43900.0,-0.006042314455962586,-0.002296212260350268,-0.006810469002526752,1,False,True,-0.0939318198342035,,False,2024-01-11,-0.007604599385219304,-300.0,-1.0,2024-01-16,-0.012706651269114801,-500.0,-1.0,2024-01-24,-0.020408871631207123,-800.0,-1.0,2024-02-05,-0.0025284463533586377,-100.0,-1.0,2024-02-20,0.002522069432709939,100.0,1.0,2024-03-06,-0.010152371464017962,-400.0,-1.0,,,,
2024-01-08,Mon,40200.0,40200.0,40000.0,39500.0,37800.0,36800.0,39600.0,37400.0,35700.0,35500.0,34000.0,-100.0,2024-01-08,2.0,0,0,35700.0,0,35500.0,0,34000.0,39540.0,35066.666666666664,4473.333333333336,,0.0,-0.002528446353357694,0.0076036582699531815,0.13333333333333333,2024-01-05,IS7F24,414.0,0.0,69.0,False,0.0,102.60745443183833,0.0,,,0.85,0.0,3,False,True,2024-01-05,49500.0,43500.0,43900.0,-0.006042314455962586,-0.002296212260350268,-0.006810469002526752,3,False,True,-0.09646026618756222,,False,2024-01-13,-0.005076153031860661,-200.0,-1.0,2024-01-19,-0.015306421282675545,-600.0,-1.0,2024-01-24,-0.01788042527784841,-700.0,-1.0,2024-02-07,-0.0025348556031880663,-100.0,-1.0,2024-02-22,0.0,0.0,0.0,2024-03-08,-0.007623925110659371,-300.0,-1.0,,,,
2024-01-09,Tue,40100.0,40100.0,39900.0,39400.0,37700.0,36700.0,38500.0,37300.0,35700.0,35500.0,34000.0,-100.0,2024-01-09,1.0,0,0,35700.0,0,35500.0,0,34000.0,39440.0,35066.666666666664,4373.333333333336,,-0.005063301956546762,-0.0025348556031890013,0.007397990564927901,0.125,2024-01-08,IS7F24,419.0,0.0,69.0,False,0.0120049460968234,103.84667489599097,0.0120049460968234,,0.004537443124990026,0.85,0.0,1,False,True,2024-01-05,49500.0,43500.0,43900.0,-0.006042314455962586,-0.002296212260350268,-0.006810469002526752,4,False,True,-0.09899512179075032,,False,2024-01-15,-0.0025412974286725325,-100.0,-1.0,2024-01-19,-0.012771565679487505,-500.0,-1.0,2024-01-24,-0.015345569674660421,-600.0,-1.0,2024-02-08,0.0,0.0,0.0,2024-02-23,0.0025348556031881157,100.0,1.0,2024-03-09,-0.005089069507471293,-200.0,-1.0,,,,
2024-01-10,Wed,40000.0,40000.0,39800.0,39300.0,37600.0,36600.0,38400.0,37200.0,35700.0,35500.0,34000.0,-100.0,2024-01-10,1.0,0,0,35700.0,0,35500.0,0,34000.0,39340.0,35066.666666666664,4273.333333333336,,-0.007604599385219304,-0.0025412974286727064,0.007199442902793078,0.11764705882352941,2024-01-09,IS7F24,419.0,0.0,69.0,False,0.0,103.84667489599097,0.0120049460968234,,0.00641691360585746,0.85,0.0,1,False,True,2024-01-09,49100.0,43000.0,43500.0,-0.012145898302108115,0.002328289759591168,-0.004587164006906043,1,False,True,-0.0899755968183469,,False,2024-01-15,0.0,0.0,0.0,2024-01-20,-0.010230268250814922,-400.0,-1.0,2024-01-25,-0.01280427224598774,-500.0,-1.0,2024-02-09,0.002541297428672548,100.0,1.0,2024-02-24,0.002541297428672548,100.0,1.0,2024-03-12,-0.00510205188389551,-200.0,-1.0,,,,
2024-01-11,Thu,40000.0,40000.0,39800.0,39300.0,37600.0,36600.0,38500.0,37200.0,35700.0,35500.0,34000.0,0.0,2024-01-11,1.0,0,0,35700.0,0,35500.0,0,34000.0,39340.0,35066.666666666664,4273.333333333336,,-0.01765493523872071,0.0,0.007007820701273804,0.1111111111111111,2024-01-10,IS7F24,416.0,0.0,69.0,False,-0.007185659660874486,103.1031426174994,0.004819286435948922,-0.007185659660874486,0.006002473048411694,0.85,0.0,1,False,True,2024-01-10,48800.0,43400.0,43500.0,-0.01626052087178029,0.018605187831034486,0.004608303086194181,1,False,True,-0.09923492223114361,,False,2024-01-16,-0.00510205188389551,-200.0,-1.0,2024-01-24,-0.01280427224598774,-500.0,-1.0,2024-01-27,-0.015384918839479456,-600.0,-1.0,2024-02-10,0.002541297428672548,100.0,1.0,2024-02-26,0.002541297428672548,100.0,1.0,2024-03-12,-0.00510205188389551,-200.0,-1.0,,,,
2024-01-12,Fri,40000.0,40000.0,39800.0,39300.0,37500.0,36500.0,38300.0,37100.0,35700.0,35500.0,34000.0,0.0,2024-01-12,1.0,0,0,35700.0,0,35500.0,0,34000.0,39320.0,35066.666666666664,4253.333333333336,,-0.01515180502060222,0.0,0.006794334251590038,0.15789473684210525,2024-01-11,IS7F24,417.0,0.0,21.0,False,0.002400961537538268,103.35098671032993,0.007220247973487097,-0.0047846981233362704,0.0060983403558399684,0.85,0.0,1,False,True,2024-01-10,48800.0,43400.0,43500.0,-0.01626052087178029,0.018605187831034486,0.004608303086194181,2,False,True,-0.09923492223114361,,False,2024-01-17,-0.010230268250814922,-400.0,-1.0,2024-01-24,-0.01280427224598774,-500.0,-1.0,2024-01-27,-0.015384918839479456,-600.0,-1.0,2024-02-12,0.002541297428672548,100.0,1.0,2024-02-26,0.002541297428672548,100.0,1.0,2024-03-12,-0.00510205188389551,-200.0,-1.0,,,,
2024-01-13,Sat,40000.0,40000.0,39800.0,39300.0,37400.0,36400.0,38300.0,37100.0,35700.0,35500.0,34000.0,0.0,2024-01-13,1.0,0,0,35700.0,0,35500.0,0,34000.0,39300.0,35066.666666666664,4233.333333333336,,-0.01012666881792916,0.0,0.006587351459197375,0.2,2024-01-12,IS7F24,419.0,0.0,69.0,False,0.004784698123336253,103.84667489599097,0.0120049460968234,0.0120049460968234,0.006176536687144535,0.9,0.0,1,False,True,2024-01-12,48500.0,43300.0,43600.0,-0.01636028310520691,0.021004272770531997,0.01618532442101735,1,False,True,-0.09692811613322865,,False,2024-01-19,-0.010230268250814922,-400.0,-1.0,2024-01-24,-0.01280427224598774,-500.0,-1.0,2024-01-29,-0.007662872745569137,-300.0,-1.0,2024-02-12,0.002541297428672548,100.0,1.0,2024-02-27,-0.0025477720787986644,-100.0,-1.0,2024-03-13,-0.010230268250814922,-400.0,-1.0,,,,
2024-01-15,Mon,40000.0,40000.0,39800.0,39300.0,37400.0,36400.0,38300.0,37100.0,35700.0,35500.0,34000.0,0.0,2024-01-15,2.0,0,0,35700.0,0,35500.0,0,34000.0,39300.0,35066.666666666664,4233.333333333336,,-0.01515180502060222,0.0,0.006386674196494635,0.25,2024-01-12,IS7F24,419.0,0.0,69.0,False,0.004784698123336253,103.84667489599097,0.0120049460968234,0.0120049460968234,0.006176536687144535,0.9,0.0,3,False,True,2024-01-12,48500.0,43300.0,43600.0,-0.01636028310520691,0.021004272770531997,0.01618532442101735,3,False,True,-0.09692811613322865,,False,2024-01-20,-0.010230268250814922,-400.0,-1.0,2024-01-25,-0.01280427224598774,-500.0,-1.0,2024-01-30,0.0,0.0,0.0,2024-02-14,-0.0025477720787986644,-100.0,-1.0,2024-02-29,-0.0025477720787986644,-100.0,-1.0,2024-03-15,-0.017972242404430367,-700.0,-1.0,,,,
2024-01-16,Tue,39800.0,39800.0,39600.0,39100.0,37300.0,36300.0,38100.0,37000.0,35700.0,35500.0,34000.0,-200.0,2024-01-16,1.0,0,0,35700.0,0,35500.0,0,34000.0,39120.0,35066.666666666664,4053.3333333333358,,-0.012706651269114801,-0.005102051883895342,0.006192110371645532,0.3,2024-01-12,IS7F24,419.0,0.0,69.0,False,0.004784698123336253,103.84667489599097,0.0120049460968234,0.0120049460968234,0.006176536687144535,0.9,0.0,4,False,True,2024-01-12,48500.0,43300.0,43600.0,-0.01636028310520691,0.021004272770531997,0.01618532442101735,4,False,True,-0.10203016801712404,,False,2024-01-24,-0.007702220362092351,-300.0,-1.0,2024-01-27,-0.01028286695558392,-400.0,-1.0,2024-01-31,0.010178204915756052,400.0,1.0,2024-02-15,0.010178204915756052,400.0,1.0,2024-03-01,0.0025542798050967007,100.0,1.0,2024-03-16,-0.012870190520534907,-500.0,-1.0,,,,
2024-01-17,Wed,39600.0,39600.0,39400.0,38900.0,37100.0,36100.0,38000.0,37000.0,35500.0,35300.0,33800.0,-200.0,2024-01-17,1.0,0,0,35500.0,0,35300.0,0,33800.0,38920.0,34866.666666666664,4053.3333333333358,,-0.0178348676360342,-0.005128216366919958,0.006132173595791247,0.3,2024-01-16,IS7F24,420.0,15.0,78.0,False,0.0023837913552761975,104.09451898882149,0.0023837913552761975,0.01438873745209967,0.004830441835173928,0.9,0.0,1,False,True,2024-01-16,48400.0,43100.0,43600.0,-0.012320484388040624,0.016374634871790104,0.01851904776723753,1,False,True,-0.10252874648530153,,False,2024-01-24,-0.0025740039951728773,-100.0,-1.0,2024-01-27,-0.0051546505886645375,-200.0,-1.0,2024-02-01,0.015306421282675507,600.0,1.0,2024-02-16,0.01277156567948754,500.0,1.0,2024-03-02,0.007682496172016211,300.0,1.0,2024-03-18,-0.007741974153615397,-300.0,-1.0,,,,
2024-01-19,Fri,39600.0,39600.0,39400.0,38900.0,37000.0,36000.0,38100.0,37000.0,35500.0,35300.0,33800.0,0.0,2024-01-19,2.0,0,0,35500.0,0,35300.0,0,33800.0,38900.0,34866.666666666664,4033.3333333333358,,-0.012771565679487505,0.0,0.00607661550657444,0.3,2024-01-18,IS7F24,420.0,0.0,78.0,False,-0.0023781224049674358,104.09451898882149,0.009569451016150672,0.01438873745209967,0.004803188251771417,0.95,0.0,1,False,True,2024-01-18,48300.0,43200.0,43300.0,-0.010298752200574473,0.021053409197832263,0.009280809074472783,1,False,True,-0.10484624462566408,,False,2024-01-24,-0.0025740039951728773,-100.0,-1.0,2024-01-29,0.0025673955052457334,100.0,1.0,2024-02-03,0.015306421282675507,600.0,1.0,2024-02-19,0.015306421282675507,600.0,1.0,2024-03-04,0.007682496172016211,300.0,1.0,2024-03-19,-0.007741974153615397,-300.0,-1.0,,,,
2024-01-20,Sat,39600.0,39600.0,39400.0,38900.0,37000.0,36000.0,38100.0,37000.0,35500.0,35300.0,33800.0,0.0,2024-01-20,1.0,0,0,35500.0,0,35300.0,0,33800.0,38900.0,34866.666666666664,4033.3333333333358,,-0.010230268250814922,0.0,0.005891497318496927,0.35,2024-01-19,IS7F24,421.0,0.0,78.0,False,0.0023781224049674193,104.34236308165204,0.00954661188357991,0.016766859857067107,0.004951994042927556,0.95,0.0,1,False,True,2024-01-18,48300.0,43200.0,43300.0,-0.010298752200574473,0.021053409197832263,0.009280809074472783,2,False,True,-0.10484624462566408,,False,2024-01-25,-0.0025740039951728773,-100.0,-1.0,2024-01-30,0.010230268250815043,400.0,1.0,2024-02-05,0.015306421282675507,600.0,1.0,2024-02-19,0.015306421282675507,600.0,1.0,2024-03-05,0.007682496172016211,300.0,1.0,,,,,,,,
2024-01-24,Wed,39500.0,39500.0,39300.0,38800.0,37000.0,36000.0,38000.0,37000.0,35500.0,35300.0,33800.0,-100.0,2024-01-24,4.0,0,0,35500.0,0,35300.0,0,33800.0,38820.0,34866.666666666664,3953.3333333333358,,-0.01280427224598774,-0.002574003995171381,0.005712018576179974,0.4,2024-01-23,IS7F24,421.0,0.0,78.0,False,0.0,104.34236308165204,0.0023781224049674193,0.004761913760243785,0.004932280166679852,0.9,0.0,1,False,True,2024-01-23,48000.0,42200.0,43500.0,-0.010362787035546547,0.0023724803536303955,0.023256862164267183,1,False,True,-0.08399997441273842,,False,2024-01-29,0.005141399500418652,200.0,1.0,2024-02-03,0.017880425277848364,700.0,1.0,2024-02-08,0.01534556967466032,600.0,1.0,2024-02-23,0.017880425277848364,700.0,1.0,2024-03-09,0.010256500167189061,400.0,1.0,,,,,,,,
2024-01-25,Thu,39500.0,39500.0,39300.0,38800.0,37000.0,36000.0,38000.0,37000.0,35300.0,35100.0,33600.0,0.0,2024-01-25,1.0,0,0,35300.0,0,35100.0,0,33600.0,38820.0,34666.666666666664,4153.333333333336,,-0.01280427224598774,0.0,0.005573782973508842,0.35,2024-01-24,IS7F24,422.0,0.0,78.0,False,0.0023724803536303955,104.59020717448256,0.0023724803536303955,0.007134394113874111,0.003344530106119016,0.85,0.0,1,False,True,2024-01-23,48000.0,42200.0,43500.0,-0.010362787035546547,0.0023724803536303955,0.023256862164267183,2,False,True,-0.08399997441273842,,False,2024-01-30,0.01280427224598775,500.0,1.0,2024-02-05,0.017880425277848364,700.0,1.0,2024-02-09,0.01534556967466032,600.0,1.0,2024-02-24,0.01534556967466032,600.0,1.0,2024-03-12,0.007702220362092303,300.0,1.0,,,,,,,,
2024-01-27,Sat,39500.0,39500.0,39200.0,38700.0,37000.0,36000.0,38000.0,37000.0,35200.0,35000.0,33500.0,-100.0,2024-01-27,2.0,0,0,35200.0,0,35000.0,0,33500.0,38780.0,34566.666666666664,4213.333333333336,,-0.0051546505886645375,-0.0025806465934916645,0.005403983090057782,0.35,2024-01-26,IS7G24,413.0,0.0,78.0,True,,104.59020717448256,,,,0.85,0.0,1,False,True,2024-01-23,48000.0,42200.0,43500.0,-0.010362787035546547,0.0023724803536303955,0.023256862164267183,4,False,True,-0.08658062100623003,,False,2024-02-01,0.020461071871340025,800.0,1.0,2024-02-06,0.017926216268152113,700.0,1.0,2024-02-12,0.017926216268152113,700.0,1.0,2024-02-26,0.017926216268152113,700.0,1.0,2024-03-12,0.010282866955584056,400.0,1.0,,,,,,,,
2024-01-29,Mon,39800.0,39800.0,39500.0,39000.0,37300.0,36300.0,38300.0,37300.0,35500.0,35300.0,33800.0,300.0,2024-01-29,2.0,0,0,35500.0,0,35300.0,0,33800.0,39080.0,34866.666666666664,4213.333333333336,,0.0025673955052457334,0.007722046093910251,0.005277351177797687,0.35,2024-01-26,IS7G24,413.0,0.0,78.0,True,,104.59020717448256,,,,0.85,0.0,3,False,True,2024-01-23,48000.0,42200.0,43500.0,-0.010362787035546547,0.0023724803536303955,0.023256862164267183,6,True,False,-0.0788585749123197,,False,2024-02-03,0.012739025777429712,500.0,1.0,2024-02-08,0.010204170174241668,400.0,1.0,2024-02-13,0.005115100666770409,200.0,1.0,2024-02-28,0.0,0.0,0.0,2024-03-14,-0.0025673955052458097,-100.0,-1.0,,,,,,,,
2024-01-30,Tue,40100.0,40100.0,39800.0,39300.0,37600.0,36600.0,38600.0,37600.0,35700.0,35500.0,34000.0,300.0,2024-01-30,1.0,0,0,35700.0,0,35500.0,0,34000.0,39380.0,35066.666666666664,4313.333333333336,,0.010230268250815043,0.0076628727455680945,0.005455016872491133,0.35,2024-01-29,IS7G24,420.0,0.0,78.0,False,0.01680711831638119,106.36292255032124,,,,0.85,0.0,1,False,True,2024-01-23,48000.0,42200.0,43500.0,-0.010362787035546547,0.0023724803536303955,0.023256862164267183,7,True,False,-0.07119570216675056,,False,2024-02-05,0.005076153031860568,200.0,1.0,2024-02-09,0.002541297428672548,100.0,1.0,2024-02-14,-0.0025477720787986644,-100.0,-1.0,2024-02-29,-0.0025477720787986644,-100.0,-1.0,2024-03-15,-0.017972242404430367,-700.0,-1.0,,,,,,,,
2024-01-31,Wed,40300.0,40300.0,40000.0,39500.0,37900.0,36900.0,38800.0,37800.0,36000.0,35800.0,34300.0,200.0,2024-01-31,1.0,0,0,36000.0,0,35800.0,0,34300.0,39600.0,35366.666666666664,4233.333333333336,,0.015306421282675507,0.005076153031861708,0.005612036498215188,0.35,2024-01-30,IS7G24,420.0,0.0,78.0,False,0.0,106.36292255032124,,,,0.8,0.0,1,False,True,2024-01-23,48000.0,42200.0,43500.0,-0.010362787035546547,0.0023724803536303955,0.023256862164267183,8,True,False,-0.06611954913488999,,False,2024-02-05,0.0,0.0,0.0,2024-02-10,-0.0025348556031880663,-100.0,-1.0,2024-02-15,0.0,0.0,0.0,2024-03-01,-0.007623925110659371,-300.0,-1.0,2024-03-16,-0.023048395436291017,-900.0,-1.0,,,,,,,,
2024-02-01,Thu,40300.0,40300.0,40000.0,39500.0,37900.0,36900.0,38800.0,37800.0,35700.0,35500.0,34000.0,0.0,2024-02-01,1.0,0,0,35700.0,0,35500.0,0,34000.0,39600.0,35066.666666666664,4533.333333333336,,0.015306421282675507,0.0,0.0055813346265955206,0.35,2024-01-31,IS7G24,420.0,0.0,78.0,False,0.0,106.36292255032124,,,,0.85,0.0,1,False,True,2024-01-31,47900.0,42900.0,43400.0,-0.012448293526567917,0.011723463696059234,0.013921338518608014,1,False,True,-0.08257115402689508,,False,2024-02-06,-0.0025348556031880663,-100.0,-1.0,2024-02-12,-0.0025348556031880663,-100.0,-1.0,2024-02-16,-0.0025348556031880663,-100.0,-1.0,2024-03-02,-0.007623925110659371,-300.0,-1.0,2024-03-18,-0.023048395436291017,-900.0,-1.0,,,,,,,,
2024-02-02,Fri,40300.0,40300.0,40000.0,39500.0,37900.0,36900.0,38800.0,37800.0,35500.0,35300.0,33800.0,0.0,2024-02-02,1.0,0,0,35500.0,0,35300.0,0,33800.0,39600.0,34866.666666666664,4733.333333333336,,0.015306421282675507,0.0,0.005411304689369478,0.4,2024-02-01,IS7G24,420.0,0.0,57.0,False,0.0,106.36292255032124,,,,0.85,0.0,1,False,True,2024-02-01,47900.0,42800.0,43300.0,-0.0247435303836054,-0.011614532420693002,0.004629637898741976,1,False,True,-0.08023743068067496,,False,2024-02-07,-0.0025348556031880663,-100.0,-1.0,2024-02-12,-0.0025348556031880663,-100.0,-1.0,2024-02-17,0.0,0.0,0.0,2024-03-04,-0.007623925110659371,-300.0,-1.0,2024-03-18,-0.023048395436291017,-900.0,-1.0,,,,,,,,
2024-02-03,Sat,40300.0,40300.0,40000.0,39500.0,37900.0,36900.0,38800.0,37800.0,35500.0,35300.0,33800.0,0.0,2024-02-03,1.0,0,0,35500.0,0,35300.0,0,33800.0,39600.0,34866.666666666664,4733.333333333336,,0.017880425277848364,0.0,0.0052464545489997886,0.45,2024-02-02,IS7G24,420.0,0.0,57.0,False,0.0,106.36292255032124,0.01680711831638119,,,0.85,0.0,1,False,True,2024-02-02,47900.0,42500.0,43000.0,-0.0247435303836054,-0.027844026171173344,-0.025259666759237877,1,False,True,-0.07320340402329494,,False,2024-02-08,-0.0025348556031880663,-100.0,-1.0,2024-02-13,-0.007623925110659371,-300.0,-1.0,2024-02-19,0.0,0.0,0.0,2024-03-04,-0.007623925110659371,-300.0,-1.0,2024-03-19,-0.023048395436291017,-900.0,-1.0,,,,,,,,
2024-02-05,Mon,40300.0,40300.0,40000.0,39500.0,37900.0,36900.0,38800.0,37800.0,35500.0,35300.0,33800.0,0.0,2024-02-05,2.0,0,0,35500.0,0,35300.0,0,33800.0,39600.0,34866.666666666664,4733.333333333336,,0.017880425277848364,0.0,0.005086626408007309,0.5,2024-02-02,IS7G24,420.0,0.0,57.0,False,0.0,106.36292255032124,0.01680711831638119,,,0.85,0.0,3,False,True,2024-02-02,47900.0,42500.0,43000.0,-0.0247435303836054,-0.027844026171173344,-0.025259666759237877,3,False,True,-0.07320340402329494,,False,2024-02-10,-0.0025348556031880663,-100.0,-1.0,2024-02-15,0.0,0.0,0.0,2024-02-20,0.0050505157860685716,200.0,1.0,2024-03-06,-0.007623925110659371,-300.0,-1.0,,,,,,,,,,,,
2024-02-06,Tue,40200.0,40200.0,39900.0,39400.0,37800.0,36800.0,38700.0,37700.0,35500.0,35300.0,33800.0,-100.0,2024-02-06,1.0,0,0,35500.0,0,35300.0,0,33800.0,39500.0,34866.666666666664,4633.333333333336,,0.017926216268152113,-0.0025348556031890013,0.004931667276059801,0.55,2024-02-05,IS7G24,420.0,0.0,57.0,False,0.0,106.36292255032124,0.0,,,0.85,0.0,1,False,True,2024-02-05,47900.0,42700.0,43000.0,-0.03285716515777505,-0.018562017860059538,-0.02071420438756322,1,False,True,-0.08043310393069071,,False,2024-02-12,0.0,0.0,0.0,2024-02-16,0.0,0.0,0.0,2024-02-21,0.007585371389256564,300.0,1.0,2024-03-07,-0.005089069507471293,-200.0,-1.0,,,,,,,,,,,,
2024-02-07,Wed,40200.0,40200.0,39900.0,39400.0,37800.0,36800.0,38700.0,37700.0,35300.0,35100.0,33600.0,0.0,2024-02-07,1.0,0,0,35300.0,0,35100.0,0,33600.0,39500.0,34666.666666666664,4833.333333333336,,0.017926216268152113,0.0,0.004821575590011492,0.55,2024-02-06,IS7G24,420.0,0.0,57.0,False,0.0,106.36292255032124,0.0,,,0.85,0.0,1,False,True,2024-02-06,47800.0,42400.0,42900.0,-0.026833395303064576,-0.014051753455650302,-0.01388911216066715,1,False,True,-0.07338254593402399,,False,2024-02-12,0.0,0.0,0.0,2024-02-17,0.0025348556031881157,100.0,1.0,2024-02-22,0.0025348556031881157,100.0,1.0,2024-03-08,-0.005089069507471293,-200.0,-1.0,,,,,,,,,,,,
2024-02-08,Thu,40200.0,40200.0,39900.0,39400.0,37800.0,36800.0,38700.0,37500.0,35300.0,35100.0,33600.0,0.0,2024-02-08,1.0,0,0,35300.0,0,35100.0,0,33600.0,39500.0,34666.666666666664,4833.333333333336,,0.010204170174241668,0.0,0.0046746909737417925,0.6,2024-02-07,IS7G24,420.0,0.0,57.0,False,0.0,106.36292255032124,0.0,,0.006352493617254747,0.85,0.0,1,False,True,2024-02-06,47800.0,42400.0,42900.0,-0.026833395303064576,-0.014051753455650302,-0.01388911216066715,2,False,True,-0.07338254593402399,,False,2024-02-13,-0.005089069507471293,-200.0,-1.0,2024-02-19,0.0025348556031881157,100.0,1.0,2024-02-23,0.0025348556031881157,100.0,1.0,2024-03-09,-0.005089069507471293,-200.0,-1.0,,,,,,,,,,,,
2024-02-09,Fri,40200.0,40200.0,39900.0,39400.0,37800.0,36800.0,38900.0,37700.0,35300.0,35100.0,33600.0,0.0,2024-02-09,1.0,0,0,35300.0,0,35100.0,0,33600.0,39500.0,34666.666666666664,4833.333333333336,,0.002541297428672548,0.0,0.004532281054610802,0.6,2024-02-08,IS7G24,420.0,0.0,57.0,False,0.0,106.36292255032124,0.0,,0.005942213666858884,0.85,0.0,1,False,True,2024-02-06,47800.0,42400.0,42900.0,-0.026833395303064576,-0.014051753455650302,-0.01388911216066715,3,False,True,-0.07338254593402399,,False,2024-02-14,-0.005089069507471293,-200.0,-1.0,2024-02-19,0.0025348556031881157,100.0,1.0,2024-02-24,0.0,0.0,0.0,2024-03-12,-0.007643349312568012,-300.0,-1.0,,,,,,,,,,,,
2024-02-10,Sat,40200.0,40200.0,39900.0,39400.0,37800.0,36800.0,38900.0,37700.0,35300.0,35100.0,33600.0,0.0,2024-02-10,1.0,0,0,35300.0,0,35100.0,0,33600.0,39500.0,34666.666666666664,4833.333333333336,,-0.0025348556031880663,0.0,0.004394209515317284,0.6,2024-02-09,IS7G24,420.0,0.0,57.0,False,0.0,106.36292255032124,0.0,0.01680711831638119,0.005602372772127063,0.85,0.0,1,False,True,2024-02-06,47800.0,42400.0,42900.0,-0.026833395303064576,-0.014051753455650302,-0.01388911216066715,4,False,True,-0.07338254593402399,,False,2024-02-15,0.0025348556031881157,100.0,1.0,2024-02-20,0.007585371389256564,300.0,1.0,2024-02-26,0.0,0.0,0.0,2024-03-12,-0.007643349312568012,-300.0,-1.0,,,,,,,,,,,,
2024-02-12,Mon,40200.0,40200.0,39900.0,39400.0,37800.0,36800.0,38700.0,37500.0,35200.0,35000.0,33700.0,0.0,2024-02-12,2.0,0,0,35200.0,0,35000.0,0,33700.0,39500.0,34633.333333333336,4866.666666666664,,-0.0025348556031880663,0.0,0.0042603441913341535,0.6,2024-02-09,IS7G24,420.0,0.0,57.0,False,0.0,106.36292255032124,0.0,0.01680711831638119,0.005602372772127063,0.85,0.0,3,False,True,2024-02-10,47700.0,42400.0,42800.0,-0.022798914964806013,-0.02331107886844711,-0.01622283550688726,2,False,True,-0.07338254593402399,,False,2024-02-17,0.0025348556031881157,100.0,1.0,2024-02-22,0.0025348556031881157,100.0,1.0,2024-02-27,-0.005089069507471293,-200.0,-1.0,2024-03-13,-0.012771565679487505,-500.0,-1.0,,,,,,,,,,,,
2024-02-13,Tue,40000.0,40000.0,39700.0,39200.0,37600.0,36600.0,38500.0,37300.0,35000.0,34800.0,33500.0,-200.0,2024-02-13,1.0,0,0,35000.0,0,34800.0,0,33500.0,39300.0,34433.333333333336,4866.666666666664,,-0.007623925110659371,-0.005089069507471677,0.004130556944398247,0.6,2024-02-12,IS7G24,420.0,0.0,57.0,False,0.0,106.36292255032124,0.0,0.0,0.005314877478369902,0.85,0.0,1,False,True,2024-02-10,47700.0,42400.0,42800.0,-0.022798914964806013,-0.02331107886844711,-0.01622283550688726,3,False,True,-0.07847161544149521,,False,2024-02-19,0.007623925110659366,300.0,1.0,2024-02-23,0.007623925110659366,300.0,1.0,2024-02-28,-0.005115100666770377,-200.0,-1.0,2024-03-14,-0.007682496172016282,-300.0,-1.0,,,,,,,,,,,,
2024-02-14,Wed,40000.0,40000.0,39700.0,39200.0,37600.0,36600.0,38500.0,37300.0,35200.0,35000.0,33700.0,0.0,2024-02-14,1.0,0,0,35200.0,0,35000.0,0,33700.0,39300.0,34633.333333333336,4666.666666666664,,-0.007623925110659371,0.0,0.004194249436761513,0.6,2024-02-13,IS7G24,420.0,0.0,57.0,False,0.0,106.36292255032124,0.0,0.0,0.0,0.85,0.0,1,False,True,2024-02-13,47700.0,42300.0,42700.0,-0.016632400049142033,-0.023365548956211884,-0.02085823012040981,1,False,True,-0.07611033925581542,,False,2024-02-19,0.007623925110659366,300.0,1.0,2024-02-24,0.005089069507471228,200.0,1.0,2024-02-29,0.0,0.0,0.0,2024-03-15,-0.015424470325631639,-600.0,-1.0,,,,,,,,,,,,
2024-02-15,Thu,40300.0,40300.0,40000.0,39500.0,38000.0,37000.0,38900.0,37600.0,35400.0,35200.0,33900.0,300.0,2024-02-15,1.0,0,0,35400.0,0,35200.0,0,33900.0,39620.0,34833.333333333336,4786.666666666664,,0.0,0.007623925110660679,0.004066475702313714,0.65,2024-02-14,IS7G24,420.0,0.0,57.0,False,0.0,106.36292255032124,0.0,0.0,0.0,0.85,0.0,1,False,True,2024-02-13,47700.0,42300.0,42700.0,-0.016632400049142033,-0.023365548956211884,-0.02085823012040981,2,False,True,-0.06848641414515609,,False,2024-02-20,0.0050505157860685716,200.0,1.0,2024-02-26,-0.0025348556031880663,-100.0,-1.0,2024-03-01,-0.007623925110659371,-300.0,-1.0,2024-03-16,-0.023048395436291017,-900.0,-1.0,,,,,,,,,,,,
2024-02-16,Fri,40300.0,40300.0,40000.0,39400.0,37900.0,38900.0,38800.0,37500.0,35400.0,35200.0,33900.0,-100.0,2024-02-16,1.0,0,0,35400.0,0,35200.0,0,33900.0,39580.0,34833.333333333336,4746.666666666664,,0.0,-0.0025348556031890013,0.0043625113415136346,0.6,2024-02-15,IS7G24,420.0,0.0,57.0,False,0.0,106.36292255032124,0.0,0.0,0.0,0.85,0.0,1,False,True,2024-02-13,47700.0,42300.0,42700.0,-0.016632400049142033,-0.023365548956211884,-0.02085823012040981,3,False,True,-0.07102126974834413,,False,2024-02-21,0.007585371389256564,300.0,1.0,2024-02-26,0.0,0.0,0.0,2024-03-02,-0.005089069507471293,-200.0,-1.0,2024-03-18,-0.020513539833102903,-800.0,-1.0,,,,,,,,,,,,
2024-02-17,Sat,40300.0,40300.0,40000.0,39500.0,38000.0,37000.0,38900.0,37600.0,35500.0,35300.0,34000.0,100.0,2024-02-17,1.0,0,0,35500.0,0,35300.0,0,34000.0,39620.0,34933.333333333336,4686.666666666664,,0.0025348556031881157,0.0025348556031890013,0.0042749437970909165,0.55,2024-02-16,IS7G24,420.0,0.0,57.0,False,0.0,106.36292255032124,0.0,0.0,0.0,0.85,0.0,1,False,True,2024-02-16,47500.0,42400.0,42900.0,-0.018770102681990492,-0.016374634871790066,-0.016185324421017305,1,False,True,-0.0708476903308359,,False,2024-02-22,0.0,0.0,0.0,2024-02-27,-0.007623925110659371,-300.0,-1.0,2024-03-04,-0.007623925110659371,-300.0,-1.0,2024-03-18,-0.023048395436291017,-900.0,-1.0,,,,,,,,,,,,
2024-02-19,Mon,40300.0,40300.0,40000.0,39500.0,38000.0,37000.0,38900.0,37500.0,35500.0,35300.0,34000.0,0.0,2024-02-19,2.0,0,0,35500.0,0,35300.0,0,34000.0,39620.0,34933.333333333336,4686.666666666664,,0.0025348556031881157,0.0,0.004190962344847548,0.55,2024-02-16,IS7G24,420.0,0.0,57.0,False,0.0,106.36292255032124,0.0,0.0,0.0,0.85,0.0,3,False,True,2024-02-17,47300.0,42600.0,43000.0,-0.020921265160639684,-0.01398624197473984,-0.0069525193148817525,2,False,True,-0.0755535813682486,,False,2024-02-24,-0.0025348556031880663,-100.0,-1.0,2024-02-29,-0.007623925110659371,-300.0,-1.0,2024-03-05,-0.007623925110659371,-300.0,-1.0,,,,,,,,,,,,,,,,
2024-02-20,Tue,40500.0,40500.0,40200.0,39700.0,38200.0,37200.0,39100.0,37700.0,35700.0,35500.0,,200.0,2024-02-20,1.0,0,0,35700.0,0,35500.0,1,34000.0,39820.0,35066.666666666664,4753.333333333336,,0.007585371389256564,0.005050515786068743,0.004063288748461553,0.55,2024-02-16,IS7G24,420.0,0.0,57.0,False,0.0,106.36292255032124,0.0,0.0,0.0,0.85,0.0,4,False,True,2024-02-17,47300.0,42600.0,43000.0,-0.020921265160639684,-0.01398624197473984,-0.0069525193148817525,3,False,True,-0.07050306558217999,,False,2024-02-26,-0.007585371389256612,-300.0,-1.0,2024-03-01,-0.012674440896727824,-500.0,-1.0,2024-03-06,-0.012674440896727824,-500.0,-1.0,,,,,,,,,,,,,,,,
2024-02-21,Wed,40500.0,40500.0,40200.0,39700.0,38200.0,37200.0,39100.0,37700.0,35500.0,35300.0,34000.0,0.0,2024-02-21,1.0,0,0,35500.0,0,35300.0,0,34000.0,39820.0,34933.333333333336,4886.666666666664,,0.007585371389256564,0.0,0.0041291838307941165,0.55,2024-02-20,IS7G24,419.0,0.0,57.0,False,-0.0023837913552762504,106.10967749663001,-0.0023837913552762504,-0.0023837913552762504,0.0,0.85,0.0,1,False,True,2024-02-20,47300.0,43000.0,43300.0,-0.014690715410003594,0.018779894651596275,-0.004608303086194219,1,False,True,-0.07984892800041775,,False,2024-02-26,-0.007585371389256612,-300.0,-1.0,2024-03-02,-0.012674440896727824,-500.0,-1.0,2024-03-07,-0.012674440896727824,-500.0,-1.0,,,,,,,,,,,,,,,,
2024-02-22,Thu,40300.0,40300.0,40000.0,39500.0,38000.0,37000.0,38900.0,37500.0,35300.0,35100.0,33800.0,-200.0,2024-02-22,1.0,0,0,35300.0,0,35100.0,0,33800.0,39620.0,34733.333333333336,4886.666666666664,,0.0025348556031881157,-0.005050515786068743,0.004003392256821967,0.6,2024-02-21,IS7G24,419.0,0.0,57.0,False,0.0,106.10967749663001,-0.0023837913552762504,-0.0023837913552762504,0.0007538210149292591,0.9,0.0,1,False,True,2024-02-21,47300.0,43000.0,43300.0,-0.012605208918982279,0.002328289759591168,-0.0023068060979150595,1,False,True,-0.08489944378648627,,False,2024-02-27,-0.007623925110659371,-300.0,-1.0,2024-03-04,-0.007623925110659371,-300.0,-1.0,2024-03-08,-0.007623925110659371,-300.0,-1.0,,,,,,,,,,,,,,,,
2024-02-23,Fri,40300.0,40300.0,40000.0,39500.0,38000.0,37000.0,38900.0,37600.0,35200.0,35000.0,33700.0,0.0,2024-02-23,1.0,0,0,35200.0,0,35000.0,0,33700.0,39620.0,34633.333333333336,4986.666666666664,,0.007623925110659366,0.0,0.0040738167816659265,0.6,2024-02-22,IS7G24,418.0,0.0,57.0,False,-0.002389487397381467,105.85643244293874,-0.00477327875265766,-0.00477327875265766,0.0007538210149292591,0.95,0.0,1,False,True,2024-02-22,47600.0,42800.0,43300.0,-0.00628274317949518,0.0,0.0,1,False,True,-0.08023743068067496,,False,2024-02-28,-0.012739025777429714,-500.0,-1.0,2024-03-04,-0.007623925110659371,-300.0,-1.0,2024-03-09,-0.007623925110659371,-300.0,-1.0,,,,,,,,,,,,,,,,
2024-02-24,Sat,40300.0,40300.0,40000.0,39400.0,37900.0,36900.0,38900.0,37600.0,35200.0,35000.0,33700.0,-100.0,2024-02-24,1.0,0,0,35200.0,0,35000.0,0,33700.0,39580.0,34633.333333333336,4946.666666666664,,0.005089069507471228,-0.0025348556031890013,0.003949711911057306,0.65,2024-02-23,IS7H24,395.0,6.0,57.0,True,,105.85643244293874,,,,0.95,0.0,1,False,True,2024-02-23,48000.0,43100.0,43400.0,0.002085506491021361,0.014018921179330996,0.009259325412796726,1,False,True,-0.08975718080581398,,False,2024-02-29,-0.005089069507471293,-200.0,-1.0,2024-03-05,-0.005089069507471293,-200.0,-1.0,2024-03-12,-0.007643349312568012,-300.0,-1.0,,,,,,,,,,,,,,,,
2024-02-26,Mon,40300.0,40300.0,40000.0,39400.0,37900.0,36800.0,38900.0,37400.0,35200.0,35000.0,33700.0,0.0,2024-02-26,2.0,0,0,35200.0,0,35000.0,0,33700.0,39580.0,34633.333333333336,4946.666666666664,,0.0,0.0,0.0038793994774021655,0.6,2024-02-23,IS7H24,395.0,6.0,57.0,True,,105.85643244293874,,,,0.95,0.0,3,False,True,2024-02-23,48000.0,43100.0,43400.0,0.002085506491021361,0.014018921179330996,0.009259325412796726,3,False,True,-0.08975718080581398,,False,2024-03-02,-0.005089069507471293,-200.0,-1.0,2024-03-07,-0.005089069507471293,-200.0,-1.0,2024-03-12,-0.007643349312568012,-300.0,-1.0,,,,,,,,,,,,,,,,
2024-02-27,Tue,40100.0,40100.0,39800.0,39200.0,37700.0,36700.0,38600.0,37100.0,35000.0,34800.0,33500.0,-200.0,2024-02-27,1.0,0,0,35000.0,0,34800.0,0,33500.0,39380.0,34433.333333333336,4946.666666666664,,-0.007623925110659371,-0.005089069507471677,0.0037612173410947825,0.6,2024-02-26,IS7H24,395.0,0.0,57.0,False,0.0,105.85643244293874,,,,0.95,0.0,1,False,True,2024-02-23,48000.0,43100.0,43400.0,0.002085506491021361,0.014018921179330996,0.009259325412796726,4,False,True,-0.0948462503132853,,False,2024-03-04,0.0,0.0,0.0,2024-03-08,0.0,0.0,0.0,2024-03-13,-0.007682496172016282,-300.0,-1.0,,,,,,,,,,,,,,,,
2024-02-28,Wed,39900.0,39900.0,39600.0,39000.0,37500.0,36300.0,38400.0,36700.0,35000.0,34800.0,33500.0,-200.0,2024-02-28,1.0,0,0,35000.0,0,34800.0,0,33500.0,39180.0,34433.333333333336,4746.666666666664,,-0.012739025777429714,-0.0051151006667691234,0.0038538121698971865,0.55,2024-02-27,IS7H24,395.0,0.0,57.0,False,0.0,105.85643244293874,,,,0.95,0.0,1,False,True,2024-02-27,48300.0,42600.0,43300.0,0.008316056241657386,-0.0023446669592541345,0.006952519314881663,1,False,True,-0.08829260714567831,,False,2024-03-04,0.005115100666770409,200.0,1.0,2024-03-09,0.005115100666770409,200.0,1.0,2024-03-14,-0.0025673955052458097,-100.0,-1.0,,,,,,,,,,,,,,,,
2024-02-29,Thu,40100.0,40100.0,39800.0,39200.0,37700.0,36600.0,38700.0,37000.0,35100.0,34900.0,33600.0,200.0,2024-02-29,1.0,0,0,35100.0,0,34900.0,0,33600.0,39380.0,34533.333333333336,4846.666666666664,,-0.007623925110659371,0.0051151006667691234,0.003940889675729037,0.5,2024-02-28,IS7H24,395.0,0.0,57.0,False,0.0,105.85643244293874,,,,1.0,0.0,1,False,True,2024-02-27,48300.0,42600.0,43300.0,0.008316056241657386,-0.0023446669592541345,0.006952519314881663,2,False,True,-0.08317750647890793,,False,2024-03-05,0.0,0.0,0.0,2024-03-12,-0.0025542798050967423,-100.0,-1.0,2024-03-15,-0.015424470325631639,-600.0,-1.0,,,,,,,,,,,,,,,,
2024-03-01,Fri,40100.0,40100.0,39800.0,39200.0,37700.0,36700.0,38700.0,37000.0,35200.0,35000.0,33700.0,0.0,2024-03-01,1.0,0,0,35200.0,0,35000.0,0,33700.0,39380.0,34633.333333333336,4746.666666666664,,-0.012674440896727824,0.0,0.004021023506517037,0.5,2024-02-29,IS7H24,395.0,0.0,57.0,False,0.0,105.85643244293874,,,,1.0,0.0,1,False,True,2024-02-29,48300.0,43300.0,43500.0,0.01040592116111682,0.021004272770531997,0.013889112160667093,1,False,True,-0.09947588821202731,,False,2024-03-06,0.0,0.0,0.0,2024-03-12,-0.0025542798050967423,-100.0,-1.0,2024-03-16,-0.015424470325631639,-600.0,-1.0,,,,,,,,,,,,,,,,
2024-03-02,Sat,40100.0,40100.0,39800.0,39200.0,37600.0,36600.0,38600.0,36700.0,35100.0,34900.0,33600.0,0.0,2024-03-02,1.0,0,0,35100.0,0,34900.0,0,33600.0,39360.0,34533.333333333336,4826.666666666664,,-0.012674440896727824,0.0,0.0038985269317480436,0.5,2024-03-01,IS7H24,390.0,0.0,33.0,False,-0.012739025777429714,104.5164776018889,-0.012739025777429714,,,1.0,0.0,1,False,True,2024-02-29,48300.0,43300.0,43500.0,0.01040592116111682,0.021004272770531997,0.013889112160667093,2,False,True,-0.09947588821202731,,False,2024-03-07,0.0,0.0,0.0,2024-03-12,-0.0025542798050967423,-100.0,-1.0,2024-03-18,-0.015424470325631639,-600.0,-1.0,,,,,,,,,,,,,,,,
2024-03-04,Mon,40100.0,40100.0,39800.0,39200.0,37500.0,36500.0,38500.0,36600.0,35100.0,34900.0,33600.0,0.0,2024-03-04,2.0,0,0,35100.0,0,34900.0,0,33600.0,39340.0,34533.333333333336,4806.666666666664,,-0.007623925110659371,0.0,0.003779762096126015,0.5,2024-03-01,IS7H24,390.0,0.0,33.0,False,-0.012739025777429714,104.5164776018889,-0.012739025777429714,,,1.0,0.0,3,False,True,2024-02-29,48300.0,43300.0,43500.0,0.01040592116111682,0.021004272770531997,0.013889112160667093,4,False,True,-0.09947588821202731,,False,2024-03-09,0.0,0.0,0.0,2024-03-14,-0.007682496172016282,-300.0,-1.0,2024-03-19,-0.015424470325631639,-600.0,-1.0,,,,,,,,,,,,,,,,
2024-03-05,Tue,40100.0,40100.0,39800.0,39200.0,37500.0,36500.0,38500.0,36600.0,35200.0,35000.0,33700.0,0.0,2024-03-05,1.0,0,0,35200.0,0,35000.0,0,33700.0,39340.0,34633.333333333336,4706.666666666664,0.7118784240692613,-0.005089069507471293,0.0,0.0036646153158431606,0.5,2024-03-04,IS7H24,382.0,0.0,33.0,False,-0.02072613051711697,102.37254985620912,-0.03346515629454664,,,0.95,0.0,1,False,True,2024-02-29,48300.0,43300.0,43500.0,0.01040592116111682,0.021004272770531997,0.013889112160667093,5,True,False,-0.09947588821202731,-1.3563898793394307,False,2024-03-12,-0.0025542798050967423,-100.0,-1.0,2024-03-15,-0.015424470325631639,-600.0,-1.0,,,,,,,,,,,,,,,,,,,,
2024-03-06,Wed,40100.0,40100.0,39800.0,39200.0,37500.0,36500.0,38500.0,36500.0,35200.0,35000.0,33700.0,0.0,2024-03-06,1.0,0,0,35200.0,0,35000.0,0,33700.0,39340.0,34633.333333333336,4706.666666666664,0.6891872209649025,-0.005089069507471293,0.0,0.0035529763703584538,0.5,2024-03-05,IS7H24,376.0,0.0,33.0,False,-0.015831465216680628,100.76460404694929,-0.04929662151122739,,,0.95,0.0,1,False,True,2024-02-29,48300.0,43300.0,43500.0,0.01040592116111682,0.021004272770531997,0.013889112160667093,6,True,False,-0.09947588821202731,-1.3193801352897006,False,2024-03-12,-0.0025542798050967423,-100.0,-1.0,2024-03-16,-0.015424470325631639,-600.0,-1.0,,,,,,,,,,,,,,,,,,,,
2024-03-07,Thu,40100.0,40100.0,39800.0,39200.0,37500.0,36500.0,38500.0,36500.0,35200.0,35000.0,33700.0,0.0,2024-03-07,1.0,0,0,35200.0,0,35000.0,0,33700.0,39340.0,34633.333333333336,4706.666666666664,0.6843730259971921,-0.005089069507471293,0.0,0.003444738396892571,0.5,2024-03-06,IS7H24,378.0,0.0,33.0,False,0.005305052229693098,101.30058598336925,-0.043991569281534186,,0.009085934959519109,0.9,0.0,1,False,True,2024-03-06,48700.0,42900.0,43300.0,0.020747632194248498,0.011723463696059234,0.011614532420693083,1,False,True,-0.0901950791375544,-0.6101702614108152,False,2024-03-12,-0.0025542798050967423,-100.0,-1.0,2024-03-18,-0.015424470325631639,-600.0,-1.0,,,,,,,,,,,,,,,,,,,,
2024-03-08,Fri,40100.0,40100.0,39800.0,39200.0,37500.0,36500.0,38500.0,36500.0,35200.0,35000.0,33700.0,0.0,2024-03-08,1.0,0,0,35200.0,0,35000.0,0,33700.0,39340.0,34633.333333333336,4706.666666666664,0.6593964116354362,0.0,0.0,0.003339797788136946,0.55,2024-03-07,IS7H24,379.0,0.0,33.0,False,0.002642009462838576,101.56857695157919,-0.041349559818695515,,0.009477242388674516,0.9,0.0,1,False,True,2024-03-06,48700.0,42900.0,43300.0,0.020747632194248498,0.011723463696059234,0.011614532420693083,2,False,True,-0.0901950791375544,-0.5851882232823623,False,2024-03-13,-0.007682496172016282,-300.0,-1.0,2024-03-18,-0.015424470325631639,-600.0,-1.0,,,,,,,,,,,,,,,,,,,,
2024-03-09,Sat,40100.0,40100.0,39800.0,39200.0,37500.0,36500.0,38500.0,36500.0,35200.0,35000.0,33700.0,0.0,2024-03-09,1.0,0,0,35200.0,0,35000.0,0,33700.0,39340.0,34633.333333333336,4706.666666666664,0.6347026867404506,0.005115100666770409,0.0,0.0032380540930790165,0.55,2024-03-08,IS7H24,380.0,0.0,33.0,False,0.002635047638005032,101.83656791978916,-0.025975486403260677,-0.03871451218069039,0.009271179233361074,0.9,0.0,1,False,True,2024-03-06,48700.0,42900.0,43300.0,0.020747632194248498,0.011723463696059234,0.011614532420693083,3,False,True,-0.0901950791375544,-0.5598488450992182,True,2024-03-14,-0.007682496172016282,-300.0,-1.0,2024-03-19,-0.015424470325631639,-600.0,-1.0,,,,,,,,,,,,,,,,,,,,
2024-03-12,Tue,40000.0,40000.0,39700.0,39100.0,37400.0,36400.0,38400.0,36400.0,35000.0,34800.0,33500.0,-100.0,2024-03-12,3.0,0,0,35000.0,0,34800.0,0,33500.0,39240.0,34433.333333333336,4806.666666666664,0.8970446541395821,-0.0025542798050967423,-0.002554279805096371,0.0031394099208487294,0.6,2024-03-11,IS7H24,380.0,0.0,33.0,False,0.0,101.83656791978916,-0.005249355886143678,-0.03871451218069039,0.009034972045426389,0.9,0.0,1,False,True,2024-03-11,49000.0,42800.0,43300.0,0.03109058707003118,0.009389740349839137,0.009280809074472783,1,False,True,-0.09041563559643107,-0.5535078814097857,True,2024-03-18,-0.012870190520534907,-500.0,-1.0,,,,,,,,,,,,,,,,,,,,,2024-06-14,0.1203373154614802,5000.0,1.0
2024-03-13,Wed,39700.0,39700.0,39400.0,38900.0,37100.0,36100.0,38100.0,36100.0,34500.0,34300.0,33000.0,-200.0,2024-03-13,1.0,0,0,34500.0,0,34300.0,0,33000.0,38960.0,33933.333333333336,5026.666666666664,1.529100922816486,-0.007682496172016282,-0.005128216366919958,0.0031074107696632916,0.6,2024-03-12,IS7H24,380.0,0.0,33.0,False,0.0,101.83656791978916,0.010582109330537008,-0.03871451218069039,0.009034972045426389,0.9,0.0,1,False,True,2024-03-12,48800.0,42600.0,43200.0,0.031220017361214127,0.0,0.004640379556502301,1,False,True,-0.09086000265092417,-0.5649134951495465,True,2024-03-18,-0.007741974153615397,-300.0,-1.0,,,,,,,,,,,,,,,,,,,,,2024-06-14,0.1254655318283997,5200.0,1.0
2024-03-14,Thu,39700.0,39700.0,39400.0,38900.0,37100.0,36100.0,38100.0,36100.0,34700.0,34500.0,33200.0,0.0,2024-03-14,1.0,0,0,34700.0,0,34500.0,0,33200.0,38960.0,34133.333333333336,4826.666666666664,0.8932377462615037,-0.007682496172016282,0.0,0.0032641320096299708,0.6,2024-03-13,IS7H24,380.0,6.0,33.0,False,0.0,101.83656791978916,0.005277057100843819,-0.03871451218069039,0.009034972045426389,0.9,0.0,1,False,True,2024-03-12,48800.0,42600.0,43200.0,0.031220017361214127,0.0,0.004640379556502301,2,False,True,-0.09086000265092417,-0.5408998485593559,True,2024-03-19,-0.007741974153615397,-300.0,-1.0,,,,,,,,,,,,,,,,,,,,,2024-06-14,0.1254655318283997,5200.0,1.0
2024-03-15,Fri,39500.0,39500.0,39200.0,38600.0,36800.0,35800.0,37800.0,35800.0,34700.0,34500.0,33200.0,-300.0,2024-03-15,1.0,0,0,34700.0,0,34500.0,0,33200.0,38720.0,34133.333333333336,4586.666666666664,0.12170222962629412,-0.015424470325631639,-0.007741974153613995,0.003164693399006218,0.6,2024-03-14,IS7H24,380.0,0.0,33.0,False,0.0,101.83656791978916,0.002635047638005032,-0.03871451218069039,0.009034972045426389,0.9,0.0,1,False,True,2024-03-14,48800.0,42400.0,42900.0,0.031220017361214127,-0.014051753455650302,-0.009280809074472856,1,False,True,-0.09389608576712694,-0.762568671687191,True,,,,,,,,,,,,,,,,,,,,,,,,,2024-06-14,0.1332075059820152,5500.0,1.0
2024-03-16,Sat,39500.0,39500.0,39200.0,38600.0,36600.0,35600.0,37700.0,35600.0,34700.0,34500.0,33200.0,0.0,2024-03-16,1.0,0,0,34700.0,0,34500.0,0,33200.0,38680.0,34133.333333333336,4546.666666666664,-0.02951365774424394,-0.015424470325631639,0.0,0.0036070288436390895,0.6,2024-03-15,IS7H24,380.0,0.0,33.0,False,0.0,101.83656791978916,0.0,-0.025975486403260677,0.009034972045426389,0.9,0.0,1,False,True,2024-03-14,48800.0,42400.0,42900.0,0.031220017361214127,-0.014051753455650302,-0.009280809074472856,2,False,True,-0.09389608576712694,-0.7381152089062656,True,,,,,,,,,,,,,,,,,,,,,,,,,2024-06-14,0.1332075059820152,5500.0,1.0
2024-03-18,Mon,39700.0,39700.0,39400.0,38600.0,36800.0,35800.0,37900.0,35800.0,35000.0,34800.0,33500.0,0.0,2024-03-18,2.0,0,0,35000.0,0,34800.0,0,33500.0,38840.0,34433.333333333336,4406.666666666664,-0.49821096240514556,-0.015424470325631639,0.0,0.0034971442140857858,0.6,2024-03-15,IS7H24,380.0,0.0,33.0,False,0.0,101.83656791978916,0.0,-0.025975486403260677,0.009034972045426389,0.9,0.0,3,False,True,2024-03-14,48800.0,42400.0,42900.0,0.031220017361214127,-0.014051753455650302,-0.009280809074472856,4,False,True,-0.09389608576712694,-0.717147035275215,True,,,,,,,,,,,,,,,,,,,,,,,,,,,,
2024-03-19,Tue,39700.0,39700.0,39400.0,38600.0,36800.0,35800.0,37900.0,35700.0,34800.0,34600.0,33600.0,0.0,2024-03-19,1.0,0,0,34800.0,0,34600.0,0,33600.0,38840.0,34333.333333333336,4506.666666666664,-0.19254130799580726,-0.015424470325631639,0.0,0.003390607113020744,0.65,2024-03-18,IS7H24,380.0,0.0,33.0,False,0.0,101.83656791978916,0.0,-0.005249355886143678,0.008529702723405188,0.9,0.0,1,False,True,2024-03-18,48700.0,42200.0,42700.0,0.029168734590656716,-0.01877989465159636,-0.01395371477386532,1,False,True,-0.08916794457118093,-0.2671983851069323,True,,,,,,,,,,,,,,,,,,,,,,,,,,,,
2024-06-14,Fri,44800.0,44700.0,44600.0,44100.0,42600.0,41600.0,43100.0,42100.0,39200.0,39000.0,38000.0,5500.0,2024-06-14,87.0,1,0,39200.0,0,39000.0,0,38000.0,44160.0,38733.333333333336,5426.666666666664,,,,,,2024-06-13,IS7M24,385.0,0.0,6.0,False,-0.0025940351770466466,101.57274261429741,0.007822725681209078,0.0,0.00885299342155009,0.75,0.0,1,False,True,2024-06-13,51000.0,45500.0,45900.0,-0.03846628082779605,-0.030305349495328922,-0.027928775525010264,1,False,True,-0.031252543504104426,,False,,,,,,,,,,,,,,,,,,,,,,,,,,,,
2024-09-18,Wed,40000.0,40000.0,40000.0,39500.0,38000.0,37000.0,38900.0,37900.0,34300.0,34100.0,32800.0,-4600.0,2024-09-18,96.0,2,0,34300.0,0,34100.0,0,32800.0,39500.0,33733.333333333336,5766.666666666664,,,,,,2024-08-19,IS7U24,364.0,6.0,6.0,False,0.0027510333718897976,100.10565145628863,-0.019048194970694474,-0.037740327982847086,0.0071607765380913985,0.8,0.0,30,True,False,2024-09-17,46300.0,39400.0,39800.0,-0.004310351501122212,-0.032462276144661156,-0.03457134406508867,1,False,True,0.0025348556031881157,,False,2024-09-24,0.02005079704556122,800.0,1.0,2024-09-28,0.03238140950303978,1300.0,1.0,2024-10-03,0.0372713947972316,1500.0,1.0,2024-10-18,0.025001302205417186,1000.0,1.0,2024-11-04,0.0,0.0,0.0,2024-11-18,0.0,0.0,0.0,2024-12-17,0.0,0.0,0.0
2024-09-20,Fri,40100.0,40100.0,40100.0,39600.0,38100.0,37100.0,39000.0,38000.0,34700.0,34500.0,33200.0,100.0,2024-09-20,2.0,2,0,34700.0,0,34500.0,0,33200.0,39600.0,34133.333333333336,5466.666666666664,,,0.002528446353357694,,,2024-08-19,IS7U24,364.0,6.0,6.0,False,0.0027510333718897976,100.10565145628863,-0.019048194970694474,-0.037740327982847086,0.0071607765380913985,0.8,0.0,32,True,False,2024-09-17,46300.0,39400.0,39800.0,-0.004310351501122212,-0.032462276144661156,-0.03457134406508867,3,False,True,0.0050633019565466345,,False,2024-09-26,0.02985296314968113,1200.0,1.0,2024-09-30,0.02985296314968113,1200.0,1.0,2024-10-05,0.03474294844387284,1400.0,1.0,2024-10-21,0.022472855852058576,900.0,1.0,2024-11-04,-0.0025284463533586377,-100.0,-1.0,2024-11-19,-0.0025284463533586377,-100.0,-1.0,2024-12-19,-0.0025284463533586377,-100.0,-1.0
2024-09-21,Sat,40400.0,40400.0,40400.0,39900.0,38400.0,37400.0,39400.0,38400.0,35200.0,35000.0,33700.0,300.0,2024-09-21,1.0,2,0,35200.0,0,35000.0,0,33700.0,39900.0,34633.333333333336,5266.666666666664,,,0.007547205635383136,0.002528446353357694,,2024-08-19,IS7U24,364.0,6.0,6.0,False,0.0027510333718897976,100.10565145628863,-0.019048194970694474,-0.037740327982847086,0.0071607765380913985,0.8,0.0,33,True,False,2024-09-17,46300.0,39400.0,39800.0,-0.004310351501122212,-0.032462276144661156,-0.03457134406508867,4,False,True,0.012610507591929733,,False,2024-09-26,0.022305757514298186,900.0,1.0,2024-10-01,0.027195742808490082,1100.0,1.0,2024-10-07,0.034486176071169404,1400.0,1.0,2024-10-21,0.014925650216675792,600.0,1.0,2024-11-05,-0.010075651988741587,-400.0,-1.0,2024-11-20,-0.010075651988741587,-400.0,-1.0,2024-12-20,-0.010075651988741587,-400.0,-1.0
2024-09-24,Tue,40800.0,40800.0,40800.0,40300.0,38800.0,37800.0,39800.0,38800.0,35700.0,35500.0,34200.0,400.0,2024-09-24,3.0,2,0,35700.0,0,35500.0,0,34200.0,40300.0,35133.333333333336,5166.666666666664,,,0.009975145056818846,0.0030703545851033056,,2024-08-19,IS7U24,364.0,6.0,6.0,False,0.0027510333718897976,100.10565145628863,-0.019048194970694474,-0.037740327982847086,0.0071607765380913985,0.8,0.0,36,True,False,2024-09-21,46500.0,40400.0,40800.0,0.0,-0.009852296443011594,-0.009756174945364685,3,False,True,-0.00247831601446709,,False,2024-09-30,0.012330612457478725,500.0,1.0,2024-10-04,0.024511031014349784,1000.0,1.0,2024-10-09,0.019656652549551592,800.0,1.0,2024-10-24,-0.022585652648749153,-900.0,-1.0,2024-11-08,-0.009975145056819509,-400.0,-1.0,2024-11-23,-0.020050797045561078,-800.0,-1.0,2024-12-23,-0.020050797045561078,-800.0,-1.0
2024-09-26,Thu,41300.0,41300.0,41300.0,40800.0,39300.0,38300.0,40300.0,39300.0,36700.0,36500.0,35200.0,500.0,2024-09-26,2.0,2,0,36700.0,0,36500.0,0,35200.0,40800.0,36133.333333333336,4666.666666666664,,,0.012330612457478907,0.003851189916875517,,2024-09-25,IS7V24,370.0,120.0,120.0,True,,100.10565145628863,,,,0.85,0.0,1,False,True,2024-09-24,47100.0,41900.0,41900.0,0.006389798098770988,0.0192777054259031,0.0120049460968234,2,False,True,-0.02660374551797602,,False,2024-10-01,0.00488998529419177,200.0,1.0,2024-10-07,0.012180418556871013,500.0,1.0,2024-10-11,-0.007380107297622534,-300.0,-1.0,2024-10-26,-0.03238140950303983,-1300.0,-1.0,2024-11-11,-0.007380107297622534,-300.0,-1.0,2024-11-25,-0.03238140950303983,-1300.0,-1.0,2024-12-25,-0.03238140950303983,-1300.0,-1.0
2024-09-27,Fri,41300.0,41300.0,41300.0,40800.0,39300.0,38300.0,40300.0,39300.0,36700.0,36500.0,35200.0,0.0,2024-09-27,1.0,2,0,36700.0,0,36500.0,0,35200.0,40800.0,36133.333333333336,4666.666666666664,,,0.0,0.0048025414276073744,,2024-09-26,IS7V24,373.0,0.0,60.0,False,0.008075414005545331,100.9173189005288,,,,0.9,0.0,1,False,True,2024-09-26,47800.0,42500.0,42900.0,0.02757332690409977,0.04327598348182187,0.04529975922966352,1,False,True,-0.040821994520255166,,False,2024-10-03,0.00488998529419177,200.0,1.0,2024-10-07,0.012180418556871013,500.0,1.0,2024-10-14,-0.007380107297622534,-300.0,-1.0,2024-10-28,-0.03238140950303983,-1300.0,-1.0,2024-11-11,-0.007380107297622534,-300.0,-1.0,2024-11-26,-0.03238140950303983,-1300.0,-1.0,2024-12-26,-0.03238140950303983,-1300.0,-1.0
2024-09-28,Sat,41300.0,41300.0,41300.0,40800.0,39300.0,38300.0,40300.0,39300.0,36700.0,36500.0,35200.0,0.0,2024-09-28,1.0,2,0,36700.0,0,36500.0,0,35200.0,40800.0,36133.333333333336,4666.666666666664,,0.03238140950303978,0.0,0.004656236668603946,,2024-09-27,IS7V24,375.0,0.0,120.0,False,0.005347606326595277,101.45843053002226,,,,0.9,0.0,1,False,True,2024-09-26,47800.0,42500.0,42900.0,0.02757332690409977,0.04327598348182187,0.04529975922966352,2,False,True,-0.040821994520255166,,False,2024-10-03,0.00488998529419177,200.0,1.0,2024-10-08,0.012180418556871013,500.0,1.0,2024-10-14,-0.007380107297622534,-300.0,-1.0,2024-10-28,-0.03238140950303983,-1300.0,-1.0,2024-11-12,-0.007380107297622534,-300.0,-1.0,2024-11-27,-0.03238140950303983,-1300.0,-1.0,2024-12-30,-0.03238140950303983,-1300.0,-1.0
2024-09-30,Mon,41300.0,41300.0,41300.0,40800.0,39300.0,38300.0,40300.0,39300.0,36700.0,36500.0,35000.0,0.0,2024-09-30,2.0,2,0,36700.0,0,36500.0,0,35000.0,40800.0,36066.666666666664,4733.333333333336,,0.02985296314968113,0.0,0.004514388941950932,,2024-09-27,IS7V24,375.0,0.0,120.0,False,0.005347606326595277,101.45843053002226,,,,0.9,0.0,3,False,True,2024-09-28,48000.0,42200.0,42600.0,0.03174869831458027,0.04111824692947276,0.03584613177313588,2,False,True,-0.033738139631850114,,False,2024-10-05,0.00488998529419177,200.0,1.0,2024-10-10,0.0,0.0,0.0,2024-10-15,0.0,0.0,0.0,2024-10-30,-0.03238140950303983,-1300.0,-1.0,2024-11-14,-0.027330893716971304,-1100.0,-1.0,2024-11-29,-0.03238140950303983,-1300.0,-1.0,2024-12-30,-0.03238140950303983,-1300.0,-1.0
2024-10-01,Tue,41500.0,41500.0,41500.0,41000.0,39500.0,38500.0,40500.0,39500.0,37000.0,36800.0,35300.0,200.0,2024-10-01,1.0,2,0,37000.0,0,36800.0,0,35300.0,41000.0,36366.666666666664,4633.333333333336,,0.027195742808490082,0.0048899852941932664,0.004376862468487709,,2024-09-30,IS7V24,387.0,0.0,120.0,False,0.031498667059371016,104.70510030698297,,,,0.95,0.0,1,False,True,2024-09-28,48000.0,42200.0,42600.0,0.03174869831458027,0.04111824692947276,0.03584613177313588,3,False,True,-0.028848154337658277,,False,2024-10-07,0.007290433262679274,300.0,1.0,2024-10-11,-0.01227009259181436,-500.0,-1.0,2024-10-16,-0.004889985294191792,-200.0,-1.0,2024-11-04,-0.037271394797231655,-1500.0,-1.0,2024-11-15,-0.032220879011163106,-1300.0,-1.0,2024-11-30,-0.037271394797231655,-1500.0,-1.0,2024-12-30,-0.037271394797231655,-1500.0,-1.0
2024-10-03,Thu,41500.0,41500.0,41500.0,41000.0,39500.0,38500.0,40500.0,39500.0,36700.0,36500.0,35000.0,0.0,2024-10-03,2.0,2,0,36700.0,0,36500.0,0,35000.0,41000.0,36066.666666666664,4933.333333333336,,0.027195742808490082,0.0,0.004409334069291929,,2024-10-02,IS7V24,386.0,0.0,120.0,False,-0.0025873235649509123,104.43454449223624,0.042334363826560736,,,0.9,0.0,1,False,True,2024-09-28,48000.0,42200.0,42600.0,0.03174869831458027,0.04111824692947276,0.03584613177313588,5,True,False,-0.028848154337658277,,False,2024-10-08,0.007290433262679274,300.0,1.0,2024-10-14,-0.01227009259181436,-500.0,-1.0,2024-10-18,-0.01227009259181436,-500.0,-1.0,2024-11-04,-0.037271394797231655,-1500.0,-1.0,2024-11-18,-0.037271394797231655,-1500.0,-1.0,2024-12-02,-0.042347547829092294,-1700.0,-1.0,2025-01-01,-0.037271394797231655,-1500.0,-1.0
2024-10-04,Fri,41800.0,41800.0,41800.0,41300.0,39800.0,38800.0,40800.0,39800.0,37000.0,36800.0,35300.0,300.0,2024-10-04,1.0,2,0,37000.0,0,36800.0,0,35300.0,41300.0,36366.666666666664,4933.333333333336,,0.024511031014349784,0.00729043326267842,0.004275007990465212,0.4,2024-10-03,IS7V24,385.0,0.0,50.0,False,-0.0025940351770466466,104.1639886774895,0.0316649146439687,,,0.9,0.0,1,False,True,2024-10-03,49700.0,43400.0,43700.0,0.06655262050927244,0.07162965613925486,0.06621803905278849,1,False,True,-0.04959694113937206,,False,2024-10-09,-0.004854378464798199,-200.0,-1.0,2024-10-14,-0.019560525854493596,-800.0,-1.0,2024-10-19,-0.019560525854493596,-800.0,-1.0,2024-11-04,-0.0445618280599109,-1800.0,-1.0,2024-11-18,-0.0445618280599109,-1800.0,-1.0,2024-12-04,-0.0445618280599109,-1800.0,-1.0,2025-01-02,-0.0445618280599109,-1800.0,-1.0
2024-10-05,Sat,41600.0,41600.0,41600.0,41000.0,39600.0,38600.0,40600.0,39600.0,36800.0,36600.0,35100.0,-300.0,2024-10-05,1.0,2,0,36800.0,0,36600.0,0,35100.0,41080.0,36166.666666666664,4913.333333333336,,0.017220597751670556,-0.00729043326267842,0.004513111648173908,0.36363636363636365,2024-10-04,IS7V24,395.0,0.0,120.0,False,0.025642430613337652,106.86954682495677,0.05195973893071096,,,0.9,0.0,1,False,True,2024-10-04,49700.0,43500.0,43800.0,0.06655262050927244,0.06653284564608901,0.0709517359722844,1,False,True,-0.05918887139033065,,False,2024-10-10,-0.004889985294191792,-200.0,-1.0,2024-10-15,-0.004889985294191792,-200.0,-1.0,2024-10-21,-0.01227009259181436,-500.0,-1.0,2024-11-04,-0.037271394797231655,-1500.0,-1.0,2024-11-19,-0.037271394797231655,-1500.0,-1.0,2024-12-04,-0.037271394797231655,-1500.0,-1.0,2025-01-03,-0.037271394797231655,-1500.0,-1.0
2024-10-07,Mon,41800.0,41800.0,41800.0,41300.0,39800.0,38800.0,40800.0,39800.0,37000.0,36800.0,35300.0,300.0,2024-10-07,2.0,2,0,37000.0,0,36800.0,0,35300.0,41300.0,36366.666666666664,4933.333333333336,,0.012180418556871013,0.00729043326267842,0.004726003721264309,0.3333333333333333,2024-10-04,IS7V24,395.0,0.0,120.0,False,0.025642430613337652,106.86954682495677,0.05195973893071096,,,0.9,0.0,3,False,True,2024-10-04,49700.0,43500.0,43800.0,0.06655262050927244,0.06653284564608901,0.0709517359722844,3,False,True,-0.05189843812765137,,False,2024-10-14,-0.019560525854493596,-800.0,-1.0,2024-10-17,-0.012180418556871072,-500.0,-1.0,2024-10-22,-0.031983045853050764,-1300.0,-1.0,2024-11-06,-0.036995587676595096,-1500.0,-1.0,2024-11-21,-0.0445618280599109,-1800.0,-1.0,2024-12-06,-0.0445618280599109,-1800.0,-1.0,2025-01-06,-0.0445618280599109,-1800.0,-1.0
2024-10-08,Tue,41800.0,41800.0,41800.0,41300.0,39800.0,38800.0,40800.0,39800.0,37000.0,36800.0,35300.0,0.0,2024-10-08,1.0,2,0,37000.0,0,36800.0,0,35300.0,41300.0,36366.666666666664,4933.333333333336,,0.012180418556871013,0.0,0.004917726053010062,0.3076923076923077,2024-10-07,IS7V24,398.0,0.0,120.0,False,0.0075662403833158766,107.68121426919697,0.028027312254655875,,0.01382167378114248,0.9,0.0,1,False,True,2024-10-07,50100.0,43400.0,43900.0,0.07456869549750847,0.07908310679383576,0.07568622763257635,1,False,True,-0.04959694113937206,,False,2024-10-14,-0.019560525854493596,-800.0,-1.0,2024-10-18,-0.019560525854493596,-800.0,-1.0,2024-10-23,-0.0395113122738423,-1600.0,-1.0,2024-11-07,-0.036995587676595096,-1500.0,-1.0,2024-11-22,-0.0395113122738423,-1600.0,-1.0,2024-12-07,-0.0445618280599109,-1800.0,-1.0,2025-01-06,-0.0445618280599109,-1800.0,-1.0
2024-10-09,Wed,41600.0,41600.0,41600.0,41100.0,39600.0,38600.0,40600.0,39600.0,36700.0,36500.0,35000.0,-200.0,2024-10-09,1.0,2,0,36700.0,0,36500.0,0,35000.0,41100.0,36066.666666666664,5033.333333333336,,0.007326040092072881,-0.00485437846479897,0.004767912306293677,0.35714285714285715,2024-10-08,IS7V24,393.0,0.0,120.0,False,-0.012642393415176468,106.32843519546333,0.015384918839479456,,0.012811747765556512,0.9,0.0,1,False,True,2024-10-07,50100.0,43400.0,43900.0,0.07456869549750847,0.07908310679383576,0.07568622763257635,2,False,True,-0.0544513196041703,,False,2024-10-14,-0.014706147389695449,-600.0,-1.0,2024-10-19,-0.014706147389695449,-600.0,-1.0,2024-10-24,-0.04224230519830074,-1700.0,-1.0,2024-11-08,-0.029631797606371114,-1200.0,-1.0,2024-11-23,-0.03970744959511269,-1600.0,-1.0,2024-12-09,-0.03970744959511269,-1600.0,-1.0,2025-01-07,-0.03970744959511269,-1600.0,-1.0
2024-10-10,Thu,41300.0,41300.0,41300.0,40800.0,39300.0,38300.0,40300.0,39300.0,36200.0,36000.0,34500.0,-300.0,2024-10-10,1.0,2,0,36200.0,0,36000.0,0,34500.0,40800.0,35566.666666666664,5233.333333333336,,0.0,-0.0073260400920727164,0.004773144446970627,0.3333333333333333,2024-10-09,IS7V24,394.0,0.0,120.0,False,0.002541297428672548,106.59899101021004,0.02051353983310303,0.0628479036596637,0.014008534529213964,0.85,0.0,1,False,True,2024-10-07,50100.0,43400.0,43900.0,0.07456869549750847,0.07908310679383576,0.07568622763257635,3,False,True,-0.06177735969624312,,False,2024-10-15,0.0,0.0,0.0,2024-10-21,-0.007380107297622534,-300.0,-1.0,2024-10-25,-0.03238140950303983,-1300.0,-1.0,2024-11-09,-0.014815085785140587,-600.0,-1.0,2024-11-25,-0.03238140950303983,-1300.0,-1.0,2024-12-09,-0.03238140950303983,-1300.0,-1.0,2025-01-08,-0.03238140950303983,-1300.0,-1.0
2024-10-11,Fri,41000.0,41000.0,41000.0,40500.0,39000.0,38000.0,40000.0,39000.0,35700.0,35500.0,34000.0,-300.0,2024-10-11,1.0,2,0,35700.0,0,35500.0,0,34000.0,40500.0,35066.666666666664,5433.333333333336,,-0.01227009259181436,-0.007380107297622729,0.004963485191152196,0.3125,2024-10-10,IS7V24,390.0,0.0,50.0,False,-0.010204170174241736,105.51676775122314,0.012903404835907782,0.0445683194798766,0.01327270858555423,0.85,0.0,1,False,True,2024-10-07,50100.0,43400.0,43900.0,0.07456869549750847,0.07908310679383576,0.07568622763257635,4,False,True,-0.06915746699386571,,False,2024-10-16,0.00738010729762246,300.0,1.0,2024-10-21,0.0,0.0,0.0,2024-10-26,-0.02500130220541727,-1000.0,-1.0,2024-11-11,0.0,0.0,0.0,2024-11-25,-0.02500130220541727,-1000.0,-1.0,2024-12-10,-0.02500130220541727,-1000.0,-1.0,2025-01-09,-0.02500130220541727,-1000.0,-1.0
2024-10-14,Mon,41000.0,41000.0,41000.0,40500.0,39000.0,38000.0,40000.0,39000.0,35900.0,35700.0,34200.0,0.0,2024-10-14,3.0,2,0,35900.0,0,35700.0,0,34200.0,40500.0,35266.666666666664,5233.333333333336,,-0.019560525854493596,0.0,0.005140619919006401,0.29411764705882354,2024-10-11,IS7V24,387.0,0.0,120.0,False,-0.007722046093910278,104.70510030698297,-0.02046107187134006,0.031498667059371016,0.014223409130618803,0.85,0.0,3,False,True,2024-10-07,50100.0,43400.0,43900.0,0.07456869549750847,0.07908310679383576,0.07568622763257635,7,True,False,-0.06915746699386571,,False,2024-10-19,0.0,0.0,0.0,2024-10-24,-0.02753615780860529,-1100.0,-1.0,2024-10-30,-0.02500130220541727,-1000.0,-1.0,2024-11-13,-0.00743497848751809,-300.0,-1.0,2024-11-28,-0.02500130220541727,-1000.0,-1.0,2024-12-13,-0.02500130220541727,-1000.0,-1.0,2025-01-13,-0.03007745523727795,-1200.0,-1.0
2024-10-15,Tue,41300.0,41300.0,41300.0,40800.0,39300.0,38300.0,40300.0,39300.0,36200.0,36000.0,34500.0,300.0,2024-10-15,1.0,2,0,36200.0,0,36000.0,0,34500.0,40800.0,35566.666666666664,5233.333333333336,,-0.004889985294191792,0.007380107297622729,0.0049840159272000984,0.3333333333333333,2024-10-14,IS7V24,389.0,6.0,117.0,False,0.005154650588664422,105.24621193647641,-0.022872661665991455,0.005154650588664422,0.014724123500037808,0.85,0.0,1,False,True,2024-10-14,50100.0,43200.0,43400.0,0.07887904699863076,0.08953982334298849,0.07659244548138387,1,False,True,-0.05715841383994864,,False,2024-10-21,-0.007380107297622534,-300.0,-1.0,2024-10-25,-0.03238140950303983,-1300.0,-1.0,2024-10-30,-0.03238140950303983,-1300.0,-1.0,2024-11-14,-0.027330893716971304,-1100.0,-1.0,2024-11-29,-0.03238140950303983,-1300.0,-1.0,2024-12-14,-0.03238140950303983,-1300.0,-1.0,2025-01-13,-0.03745756253490044,-1500.0,-1.0
2024-10-16,Wed,41300.0,41300.0,41300.0,40800.0,39300.0,38300.0,40300.0,39300.0,36200.0,36000.0,34500.0,0.0,2024-10-16,1.0,2,0,36200.0,0,36000.0,0,34500.0,40800.0,35566.666666666664,5233.333333333336,,-0.004889985294191792,0.0,0.005159258561101067,0.3157894736842105,2024-10-15,IS7V24,384.0,0.0,117.0,False,-0.01293679103071945,103.89343286274277,-0.023167059281534418,-0.007782140442054963,0.010965411641237049,0.8,0.0,1,False,True,2024-10-14,50100.0,43200.0,43400.0,0.07887904699863076,0.08953982334298849,0.07659244548138387,2,False,True,-0.05715841383994864,,False,2024-10-21,-0.007380107297622534,-300.0,-1.0,2024-10-26,-0.03238140950303983,-1300.0,-1.0,2024-11-04,-0.03238140950303983,-1300.0,-1.0,2024-11-15,-0.027330893716971304,-1100.0,-1.0,2024-11-30,-0.03238140950303983,-1300.0,-1.0,2024-12-16,-0.03238140950303983,-1300.0,-1.0,2025-01-15,-0.03238140950303983,-1300.0,-1.0
2024-10-17,Thu,41300.0,41300.0,41300.0,40800.0,39300.0,,40300.0,39300.0,36200.0,36000.0,34500.0,0.0,2024-10-17,1.0,2,0,36200.0,0,36000.0,0,34500.0,40800.0,35566.666666666664,5233.333333333336,,-0.012180418556871072,0.0,0.005002086761170479,0.35,2024-10-16,IS7V24,382.0,0.0,117.0,False,-0.0052219439811517126,103.35232123324933,-0.030930300691358614,-0.010416760858255715,0.011766825804455655,0.75,0.0,1,False,True,2024-10-14,50100.0,43200.0,43400.0,0.07887904699863076,0.08953982334298849,0.07659244548138387,3,False,True,-0.05715841383994864,,False,2024-10-22,-0.019802627296179754,-800.0,-1.0,2024-10-28,-0.03238140950303983,-1300.0,-1.0,2024-11-04,-0.03238140950303983,-1300.0,-1.0,2024-11-16,-0.03238140950303983,-1300.0,-1.0,2024-12-02,-0.03745756253490044,-1500.0,-1.0,2024-12-16,-0.03238140950303983,-1300.0,-1.0,2025-01-15,-0.03238140950303983,-1300.0,-1.0
2024-10-18,Fri,41000.0,41000.0,41000.0,40500.0,39000.0,38000.0,40000.0,39000.0,36200.0,36000.0,34500.0,-300.0,2024-10-18,1.0,2,0,36200.0,0,36000.0,0,34500.0,40500.0,35566.666666666664,4933.333333333336,,-0.019560525854493596,-0.007380107297622729,0.004849703047435003,0.4,2024-10-17,IS7V24,379.0,0.0,60.0,False,-0.00788440352414887,102.54065378900914,-0.028610534041265775,-0.01570712920535788,0.011841093425638742,0.75,0.0,1,False,True,2024-10-17,49900.0,42700.0,43100.0,0.0748790416652846,0.07284773254143406,0.0721466627971786,1,False,True,-0.052896946122085356,,False,2024-10-23,-0.019950786419348682,-800.0,-1.0,2024-10-28,-0.02500130220541727,-1000.0,-1.0,2024-11-04,-0.02500130220541727,-1000.0,-1.0,2024-11-18,-0.02500130220541727,-1000.0,-1.0,2024-12-02,-0.03007745523727795,-1200.0,-1.0,2024-12-17,-0.02500130220541727,-1000.0,-1.0,2025-01-16,-0.02500130220541727,-1000.0,-1.0
2024-10-19,Sat,41000.0,41000.0,41000.0,40500.0,39000.0,38000.0,40000.0,39000.0,36200.0,36000.0,34500.0,0.0,2024-10-19,1.0,2,0,36200.0,0,36000.0,0,34500.0,40500.0,35566.666666666664,4933.333333333336,,-0.014706147389695449,0.0,0.005037499527828047,0.4,2024-10-18,IS7V24,380.0,0.0,117.0,False,0.002635047638005032,102.81120960375587,-0.018253440309350347,-0.03871451218069039,0.012034754034114093,0.8,0.0,1,False,True,2024-10-17,49900.0,42700.0,43100.0,0.0748790416652846,0.07284773254143406,0.0721466627971786,2,False,True,-0.052896946122085356,,False,2024-10-24,-0.02753615780860529,-1100.0,-1.0,2024-10-30,-0.02500130220541727,-1000.0,-1.0,2024-11-04,-0.02500130220541727,-1000.0,-1.0,2024-11-18,-0.02500130220541727,-1000.0,-1.0,2024-12-04,-0.02500130220541727,-1000.0,-1.0,2024-12-18,-0.02500130220541727,-1000.0,-1.0,2025-01-17,-0.02500130220541727,-1000.0,-1.0
2024-10-21,Mon,41000.0,41000.0,41000.0,40500.0,39000.0,38000.0,40000.0,39000.0,35900.0,35700.0,34200.0,0.0,2024-10-21,2.0,2,0,35900.0,0,35700.0,0,34200.0,40500.0,35266.666666666664,5233.333333333336,,0.0,0.0,0.004884036998559258,0.45,2024-10-18,IS7V24,380.0,0.0,117.0,False,0.002635047638005032,102.81120960375587,-0.018253440309350347,-0.03871451218069039,0.012034754034114093,0.8,0.0,3,False,True,2024-10-17,49900.0,42700.0,43100.0,0.0748790416652846,0.07284773254143406,0.0721466627971786,4,False,True,-0.052896946122085356,,False,2024-10-26,-0.02500130220541727,-1000.0,-1.0,2024-11-04,-0.02500130220541727,-1000.0,-1.0,2024-11-05,-0.02500130220541727,-1000.0,-1.0,2024-11-20,-0.02500130220541727,-1000.0,-1.0,2024-12-05,-0.02500130220541727,-1000.0,-1.0,2024-12-20,-0.02500130220541727,-1000.0,-1.0,2025-01-20,-0.02500130220541727,-1000.0,-1.0
2024-10-22,Tue,40500.0,40500.0,40500.0,40000.0,38600.0,37500.0,49500.0,38500.0,35300.0,35100.0,33600.0,-500.0,2024-10-22,1.0,2,0,35300.0,0,35100.0,0,33600.0,40020.0,34666.666666666664,5353.333333333336,,-0.012422519998557209,-0.012422519998557036,0.004735249556158364,0.5,2024-10-21,IS7V24,380.0,0.0,117.0,False,0.0,102.81120960375587,-0.023408090898014846,-0.046280752564006225,0.0076573640351250945,0.8,0.0,1,False,True,2024-10-21,47800.0,41800.0,42700.0,0.03188367840522198,0.05913052322682246,0.07033200794418688,1,False,True,-0.04401688541677433,,False,2024-10-28,-0.012578782206860073,-500.0,-1.0,2024-11-04,-0.012578782206860073,-500.0,-1.0,2024-11-06,-0.005012541823544286,-200.0,-1.0,2024-11-21,-0.012578782206860073,-500.0,-1.0,2024-12-06,-0.012578782206860073,-500.0,-1.0,2024-12-21,-0.012578782206860073,-500.0,-1.0,2025-01-20,-0.012578782206860073,-500.0,-1.0
2024-10-23,Wed,40200.0,40200.0,40200.0,39700.0,38200.0,37200.0,39200.0,38200.0,35000.0,34800.0,33300.0,-300.0,2024-10-23,1.0,2,0,35000.0,0,34800.0,0,33300.0,39700.0,34366.666666666664,5333.333333333336,,-0.019950786419348682,-0.007528266420790075,0.005507846516055534,0.5,2024-10-22,IS7V24,379.0,0.0,117.0,False,-0.0026350476380051138,102.54065378900914,-0.013106347505300547,-0.03627340678683487,0.006717800249333692,0.75,0.0,1,False,True,2024-10-22,49100.0,41800.0,41800.0,0.05440672220716426,0.03406655456360627,0.02421425812059453,1,False,True,-0.05154515183756588,,False,2024-10-28,-0.0050505157860685915,-200.0,-1.0,2024-11-04,-0.0050505157860685915,-200.0,-1.0,2024-11-07,0.0025157245972473705,100.0,1.0,2024-11-22,0.0,0.0,0.0,2024-12-07,-0.0050505157860685915,-200.0,-1.0,2024-12-23,-0.0050505157860685915,-200.0,-1.0,2025-01-21,-0.0050505157860685915,-200.0,-1.0
2024-10-24,Thu,39900.0,39900.0,39900.0,39400.0,37900.0,36900.0,38900.0,37900.0,34700.0,34500.0,33000.0,-300.0,2024-10-24,1.0,2,0,34700.0,0,34500.0,0,33000.0,39400.0,34066.666666666664,5333.333333333336,,-0.02753615780860529,-0.007585371389257745,0.005649484805529023,0.45,2024-10-23,IS7V24,379.0,0.0,117.0,False,0.0,102.54065378900914,-0.00788440352414887,-0.038814704215507416,0.006109080020726407,0.75,0.0,1,False,True,2024-10-22,49100.0,41800.0,41800.0,0.05440672220716426,0.03406655456360627,0.02421425812059453,2,False,True,-0.05913052322682246,,False,2024-10-30,0.0025348556031881157,100.0,1.0,2024-11-04,0.0025348556031881157,100.0,1.0,2024-11-08,0.012610507591929733,500.0,1.0,2024-11-23,0.0025348556031881157,100.0,1.0,2024-12-09,0.0025348556031881157,100.0,1.0,2024-12-23,0.0025348556031881157,100.0,1.0,2025-01-22,0.0025348556031881157,100.0,1.0
2024-10-25,Fri,40000.0,40000.0,40000.0,39500.0,38000.0,37000.0,39000.0,38000.0,34900.0,34700.0,33200.0,100.0,2024-10-25,1.0,2,0,34900.0,0,34700.0,0,33200.0,39500.0,34266.666666666664,5233.333333333336,,-0.03238140950303983,0.0025348556031890013,0.005783938917433975,0.4,2024-10-24,IS7V24,379.0,0.0,50.0,False,0.0,102.54065378900914,0.0,-0.028610534041265775,0.005872226658265122,0.75,0.0,1,False,True,2024-10-24,48800.0,40800.0,41500.0,0.03545731183672942,-0.02660374551797602,-0.009592399691439409,1,False,True,-0.03238140950303983,,False,2024-10-30,0.0,0.0,0.0,2024-11-04,0.0,0.0,0.0,2024-11-09,0.017566323717899283,700.0,1.0,2024-11-25,0.0,0.0,0.0,2024-12-09,0.0,0.0,0.0,2024-12-25,0.0,0.0,0.0,2025-01-23,0.0,0.0,0.0
2024-10-26,Sat,40000.0,40000.0,40000.0,39500.0,38000.0,37000.0,39000.0,38000.0,34900.0,34700.0,33200.0,0.0,2024-10-26,1.0,2,0,34900.0,0,34700.0,0,33200.0,39500.0,34266.666666666664,5233.333333333336,,-0.03238140950303983,0.0,0.0056420069135292615,0.35,2024-10-25,IS7V24,379.0,0.0,117.0,False,0.0,102.54065378900914,-0.0026350476380051138,-0.02088848794735542,0.005527951046078492,0.75,0.0,1,False,True,2024-10-24,48800.0,40800.0,41500.0,0.03545731183672942,-0.02660374551797602,-0.009592399691439409,2,False,True,-0.03238140950303983,,False,2024-11-04,0.0,0.0,0.0,2024-11-05,0.0,0.0,0.0,2024-11-11,0.025001302205417186,1000.0,1.0,2024-11-25,0.0,0.0,0.0,2024-12-10,0.0,0.0,0.0,2024-12-25,0.0,0.0,0.0,2025-01-24,0.0,0.0,0.0
2024-10-28,Mon,40000.0,40000.0,40000.0,39500.0,38000.0,37000.0,39000.0,38000.0,34900.0,34700.0,33200.0,0.0,2024-10-28,2.0,2,0,34900.0,0,34700.0,0,33200.0,39500.0,34266.666666666664,5233.333333333336,,-0.02500130220541727,0.0,0.005470128654023894,0.4,2024-10-25,IS7V24,379.0,0.0,117.0,False,0.0,102.54065378900914,-0.0026350476380051138,-0.02088848794735542,0.005527951046078492,0.75,0.0,3,False,True,2024-10-24,48800.0,40800.0,41500.0,0.03545731183672942,-0.02660374551797602,-0.009592399691439409,4,False,True,-0.03238140950303983,,False,2024-11-04,0.0,0.0,0.0,2024-11-07,0.0075662403833158766,300.0,1.0,2024-11-12,0.025001302205417186,1000.0,1.0,2024-11-27,0.0,0.0,0.0,2024-12-12,0.0,0.0,0.0,2024-12-30,0.0,0.0,0.0,2025-01-27,0.0,0.0,0.0
2024-10-30,Wed,40000.0,40000.0,40000.0,39500.0,38000.0,37000.0,39000.0,38000.0,35200.0,35000.0,33500.0,0.0,2024-10-30,2.0,2,0,35200.0,0,35000.0,0,33500.0,39500.0,34566.666666666664,4933.333333333336,,-0.02500130220541727,0.0,0.005303486498717505,0.4,2024-10-29,IS7X24,372.0,0.0,117.0,False,0.0,102.54065378900914,,,,0.8,0.0,1,False,True,2024-10-24,48800.0,40800.0,41500.0,0.03545731183672942,-0.02660374551797602,-0.009592399691439409,6,True,False,-0.03238140950303983,,False,2024-11-04,0.0,0.0,0.0,2024-11-09,0.017566323717899283,700.0,1.0,2024-11-14,0.0050505157860685716,200.0,1.0,2024-11-29,0.0,0.0,0.0,2024-12-14,0.0,0.0,0.0,2024-12-30,0.0,0.0,0.0,2025-01-28,0.0,0.0,0.0
2024-11-04,Mon,40000.0,40000.0,40000.0,39500.0,38000.0,37000.0,39000.0,38000.0,35200.0,35000.0,33500.0,0.0,2024-11-04,5.0,2,0,35200.0,0,35000.0,0,33500.0,39500.0,34566.666666666664,4933.333333333336,,0.0,0.0,0.00514192093478246,0.45,2024-11-01,IS7X24,379.0,0.0,107.0,False,0.0,104.47018222052276,,,,0.8,0.0,3,False,True,2024-10-30,48100.0,40800.0,41100.0,0.0062565376143051375,-0.040821994520255166,-0.04286370443178239,5,True,False,-0.03238140950303983,,False,2024-11-09,0.017566323717899283,700.0,1.0,2024-11-14,0.0050505157860685716,200.0,1.0,2024-11-19,0.0,0.0,0.0,2024-12-04,0.0,0.0,0.0,2024-12-19,0.0,0.0,0.0,2025-01-03,0.0,0.0,0.0,2025-02-03,0.0,0.0,0.0
2024-11-05,Tue,40000.0,40000.0,40000.0,39500.0,38000.0,37000.0,39000.0,38000.0,35200.0,35000.0,33500.0,0.0,2024-11-05,1.0,2,0,35200.0,0,35000.0,0,33500.0,39500.0,34566.666666666664,4933.333333333336,,0.0,0.0,0.004985277308794454,0.5,2024-11-04,IS7X24,382.0,0.0,107.0,False,0.007884403524148835,105.29712297688572,0.026526754333428604,,,0.8,0.0,1,False,True,2024-11-04,48100.0,40800.0,41200.0,0.002081166203824671,-0.033738139631850114,-0.033415996919844065,1,False,True,-0.03238140950303983,,False,2024-11-11,0.025001302205417186,1000.0,1.0,2024-11-15,0.0050505157860685716,200.0,1.0,2024-11-20,0.0,0.0,0.0,2024-12-05,0.0,0.0,0.0,2024-12-20,0.0,0.0,0.0,2025-01-04,0.0,0.0,0.0,2025-02-03,0.0,0.0,0.0
2024-11-06,Wed,40300.0,40300.0,40300.0,39800.0,38300.0,37300.0,39300.0,38300.0,35700.0,35500.0,34000.0,300.0,2024-11-06,1.0,2,0,35700.0,0,35500.0,0,34000.0,39800.0,35066.666666666664,4733.333333333336,,0.0075662403833158766,0.007566240383315659,0.004833405678695512,0.55,2024-11-05,IS7X24,381.0,0.0,107.0,False,-0.0026212334798741926,105.02147605809806,0.023905520853554386,,,0.75,0.0,1,False,True,2024-11-04,48100.0,40800.0,41200.0,0.002081166203824671,-0.033738139631850114,-0.033415996919844065,2,False,True,-0.02481516911972402,,False,2024-11-11,0.017435061822101347,700.0,1.0,2024-11-16,-0.007566240383315813,-300.0,-1.0,2024-11-21,-0.007566240383315813,-300.0,-1.0,2024-12-06,-0.007566240383315813,-300.0,-1.0,2024-12-21,-0.007566240383315813,-300.0,-1.0,2025-01-06,-0.007566240383315813,-300.0,-1.0,2025-02-04,-0.007566240383315813,-300.0,-1.0
2024-11-07,Thu,40300.0,40300.0,40300.0,39800.0,38300.0,37300.0,39300.0,38300.0,35700.0,35500.0,34000.0,0.0,2024-11-07,1.0,2,0,35700.0,0,35500.0,0,34000.0,39800.0,35066.666666666664,4733.333333333336,,0.0075662403833158766,0.0,0.005039343354033565,0.5,2024-11-06,IS7X24,379.0,0.0,107.0,False,-0.005263170044274644,104.47018222052276,0.0,,,0.8,0.0,1,False,True,2024-11-06,48000.0,41500.0,41600.0,-0.03480392219469212,-0.044766013869706536,-0.04924793483432682,1,False,True,-0.04182651494626064,,False,2024-11-12,0.017435061822101347,700.0,1.0,2024-11-18,-0.007566240383315813,-300.0,-1.0,2024-11-22,-0.002515724597247247,-100.0,-1.0,2024-12-07,-0.007566240383315813,-300.0,-1.0,2024-12-23,-0.007566240383315813,-300.0,-1.0,2025-01-06,-0.007566240383315813,-300.0,-1.0,2025-02-05,-0.007566240383315813,-300.0,-1.0
2024-11-08,Fri,40400.0,40400.0,40400.0,39900.0,38400.0,37400.0,39400.0,38400.0,36200.0,36000.0,34500.0,100.0,2024-11-08,1.0,2,0,36200.0,0,36000.0,0,34500.0,39900.0,35566.666666666664,4333.333333333336,,0.01007565198874164,0.0025094116054251714,0.004885824654390671,0.55,2024-11-07,IS7X24,379.0,0.0,40.0,False,0.0,104.47018222052276,0.0,,0.008109918914801539,0.8,0.0,1,False,True,2024-11-06,48000.0,41500.0,41600.0,-0.03480392219469212,-0.044766013869706536,-0.04924793483432682,2,False,True,-0.03931710334083481,,False,2024-11-13,0.007490671729157659,300.0,1.0,2024-11-18,-0.010075651988741587,-400.0,-1.0,2024-11-23,-0.010075651988741587,-400.0,-1.0,2024-12-09,-0.010075651988741587,-400.0,-1.0,2024-12-23,-0.010075651988741587,-400.0,-1.0,2025-01-07,-0.010075651988741587,-400.0,-1.0,2025-02-06,-0.010075651988741587,-400.0,-1.0
2024-11-09,Sat,40700.0,40700.0,40700.0,40200.0,38700.0,37700.0,39700.0,38700.0,36700.0,36500.0,35000.0,300.0,2024-11-09,1.0,2,0,36700.0,0,36500.0,0,35000.0,40200.0,36066.666666666664,4133.333333333336,,0.017566323717899283,0.007490671729158294,0.004776697017455804,0.55,2024-11-08,IS7X24,375.0,0.0,107.0,False,-0.010610179112015571,103.3675945453721,-0.010610179112015571,,0.007567135059271549,0.8,0.0,1,False,True,2024-11-06,48000.0,41500.0,41600.0,-0.03480392219469212,-0.044766013869706536,-0.04924793483432682,3,False,True,-0.031826431611677204,,False,2024-11-14,-0.012515807931830646,-500.0,-1.0,2024-11-19,-0.01756632371789917,-700.0,-1.0,2024-11-25,-0.01756632371789917,-700.0,-1.0,2024-12-09,-0.01756632371789917,-700.0,-1.0,2024-12-25,-0.01756632371789917,-700.0,-1.0,2025-01-08,-0.01756632371789917,-700.0,-1.0,2025-02-10,-0.030305349495328922,-1200.0,-1.0
2024-11-11,Mon,41000.0,41000.0,41000.0,40500.0,39000.0,38000.0,40000.0,39000.0,37200.0,37000.0,35500.0,300.0,2024-11-11,2.0,2,0,37200.0,0,37000.0,0,35500.0,40500.0,36566.666666666664,3933.3333333333358,,0.025001302205417186,0.00743497848751673,0.004981408847908149,0.55,2024-11-08,IS7X24,375.0,0.0,107.0,False,-0.010610179112015571,103.3675945453721,-0.010610179112015571,,0.007567135059271549,0.8,0.0,3,False,True,2024-11-09,48500.0,42300.0,42700.0,-0.024441135159145578,-0.02797385204240618,-0.025434897147821604,2,False,True,-0.04348511193973878,,False,2024-11-16,-0.02500130220541727,-1000.0,-1.0,2024-11-21,-0.02500130220541727,-1000.0,-1.0,2024-11-26,-0.02500130220541727,-1000.0,-1.0,2024-12-11,-0.02500130220541727,-1000.0,-1.0,2024-12-26,-0.02500130220541727,-1000.0,-1.0,2025-01-10,-0.03007745523727795,-1200.0,-1.0,2025-02-10,-0.037740327982847086,-1500.0,-1.0
2024-11-12,Tue,41000.0,41000.0,41000.0,40500.0,39000.0,38000.0,40000.0,39000.0,37000.0,36800.0,35300.0,0.0,2024-11-12,1.0,2,0,37000.0,0,36800.0,0,35300.0,40500.0,36366.666666666664,4133.333333333336,,0.025001302205417186,0.0,0.005161618192970759,0.5,2024-11-11,IS7X24,373.0,0.0,107.0,False,-0.005347606326595242,102.8163007077968,-0.023842188962759636,0.002684565370668983,0.008289152301700452,0.8,0.0,1,False,True,2024-11-09,48500.0,42300.0,42700.0,-0.024441135159145578,-0.02797385204240618,-0.025434897147821604,3,False,True,-0.04348511193973878,,False,2024-11-18,-0.02500130220541727,-1000.0,-1.0,2024-11-22,-0.019950786419348682,-800.0,-1.0,2024-11-27,-0.02500130220541727,-1000.0,-1.0,2024-12-12,-0.02500130220541727,-1000.0,-1.0,2024-12-30,-0.02500130220541727,-1000.0,-1.0,2025-01-11,-0.03262522731607661,-1300.0,-1.0,2025-02-10,-0.037740327982847086,-1500.0,-1.0
2024-11-13,Wed,40700.0,40700.0,40700.0,40200.0,38700.0,37700.0,39700.0,38700.0,36700.0,36500.0,35000.0,-300.0,2024-11-13,1.0,2,0,36700.0,0,36500.0,0,35000.0,40200.0,36066.666666666664,4133.333333333336,,0.017566323717899283,-0.00743497848751673,0.005004374509147604,0.55,2024-11-12,IS7X24,370.0,0.0,107.0,False,-0.008075414005545418,101.98935995143381,-0.029296369488430823,-0.005390848634876423,0.008060362492463294,0.85,0.0,1,False,True,2024-11-09,48500.0,42300.0,42700.0,-0.024441135159145578,-0.02797385204240618,-0.025434897147821604,4,False,True,-0.05092009042725687,,False,2024-11-18,-0.01756632371789917,-700.0,-1.0,2024-11-23,-0.01756632371789917,-700.0,-1.0,2024-11-28,-0.01756632371789917,-700.0,-1.0,2024-12-13,-0.01756632371789917,-700.0,-1.0,2024-12-30,-0.01756632371789917,-700.0,-1.0,2025-01-13,-0.022642476749759777,-900.0,-1.0,2025-02-12,-0.030305349495328922,-1200.0,-1.0
2024-11-14,Thu,40200.0,40200.0,40200.0,39700.0,38200.0,37200.0,39200.0,38200.0,36200.0,36000.0,34500.0,-500.0,2024-11-14,1.0,2,0,36200.0,0,36000.0,0,34500.0,39700.0,35566.666666666664,4133.333333333336,,0.0050505157860685716,-0.01251580793183038,0.005182458169703653,0.5,2024-11-13,IS7X24,365.0,0.0,107.0,False,-0.013605652055778598,100.61112535749552,-0.03763885149993481,-0.03763885149993481,0.008483656622344618,0.9,0.0,1,False,True,2024-11-13,48300.0,41900.0,42700.0,-0.03658944743229206,-0.03517361417826715,-0.02771539984654677,1,False,True,-0.0539346392349473,,False,2024-11-19,-0.0050505157860685915,-200.0,-1.0,2024-11-25,-0.0050505157860685915,-200.0,-1.0,2024-11-29,-0.0050505157860685915,-200.0,-1.0,2024-12-14,-0.0050505157860685915,-200.0,-1.0,2024-12-30,-0.0050505157860685915,-200.0,-1.0,2025-01-13,-0.01012666881792916,-400.0,-1.0,2025-02-12,-0.0177895415634983,-700.0,-1.0
2024-11-15,Fri,40200.0,40200.0,40200.0,39700.0,38200.0,37200.0,39200.0,38200.0,36000.0,35800.0,34300.0,0.0,2024-11-15,1.0,2,0,36000.0,0,35800.0,0,34300.0,39700.0,35366.666666666664,4333.333333333336,,0.0050505157860685716,0.0,0.0058860111460200745,0.45,2024-11-14,IS7X24,364.0,0.0,40.0,False,-0.0027434859457508326,100.33547843870787,-0.040382337445685694,-0.040382337445685694,0.006205429540297072,0.9,0.0,1,False,True,2024-11-13,48300.0,41900.0,42700.0,-0.03658944743229206,-0.03517361417826715,-0.02771539984654677,2,False,True,-0.0539346392349473,,False,2024-11-20,-0.0050505157860685915,-200.0,-1.0,2024-11-25,-0.0050505157860685915,-200.0,-1.0,2024-11-30,-0.0050505157860685915,-200.0,-1.0,2024-12-16,-0.0050505157860685915,-200.0,-1.0,2024-12-30,-0.0050505157860685915,-200.0,-1.0,2025-01-15,-0.0050505157860685915,-200.0,-1.0,2025-02-13,-0.0177895415634983,-700.0,-1.0
2024-11-16,Sat,40000.0,40000.0,40000.0,39500.0,38000.0,37000.0,39000.0,38000.0,36000.0,35800.0,34300.0,-200.0,2024-11-16,1.0,2,0,36000.0,0,35800.0,0,34300.0,39500.0,35366.666666666664,4133.333333333336,,-0.007566240383315813,-0.005050515786068743,0.005706699534617904,0.5,2024-11-15,IS7X24,367.0,0.0,107.0,False,0.008207980417829582,101.16241919507083,-0.021564177915840525,-0.03217435702785608,0.006079911490735043,0.9,0.0,1,False,True,2024-11-15,48000.0,41500.0,43000.0,-0.042819997182928185,-0.04014706801341202,-0.009259325412796712,1,False,True,-0.049392755329576474,,False,2024-11-21,0.0,0.0,0.0,2024-11-26,0.0,0.0,0.0,2024-12-02,-0.005076153031860661,-200.0,-1.0,2024-12-16,0.0,0.0,0.0,2024-12-31,0.0,0.0,0.0,2025-01-15,0.0,0.0,0.0,2025-02-14,-0.01788042527784841,-700.0,-1.0
2024-11-18,Mon,40000.0,40000.0,40000.0,39500.0,38000.0,37000.0,39000.0,38000.0,36000.0,35800.0,34300.0,0.0,2024-11-18,2.0,2,0,36000.0,0,35800.0,0,34300.0,39500.0,35366.666666666664,4133.333333333336,,-0.010075651988741587,0.0,0.005669470608974304,0.45,2024-11-15,IS7X24,367.0,0.0,107.0,False,0.008207980417829582,101.16241919507083,-0.021564177915840525,-0.03217435702785608,0.006079911490735043,0.9,0.0,3,False,True,2024-11-15,48000.0,41500.0,43000.0,-0.042819997182928185,-0.04014706801341202,-0.009259325412796712,3,False,True,-0.049392755329576474,,False,2024-11-23,0.0,0.0,0.0,2024-11-28,0.0,0.0,0.0,2024-12-04,0.0,0.0,0.0,2024-12-18,0.0,0.0,0.0,2025-01-02,0.0,0.0,0.0,2025-01-17,0.0,0.0,0.0,2025-02-17,-0.02564243061333767,-1000.0,-1.0
2024-11-19,Tue,40000.0,40000.0,40000.0,39500.0,38000.0,37000.0,39000.0,38000.0,36200.0,36000.0,34500.0,0.0,2024-11-19,1.0,2,0,36200.0,0,36000.0,0,34500.0,39500.0,35566.666666666664,3933.3333333333358,,-0.01756632371789917,0.0,0.005496755694667725,0.45,2024-11-18,IS7X24,367.0,3.0,107.0,False,0.0,101.16241919507083,-0.01621657158924528,-0.040058760552004864,0.007146197504019957,0.85,0.0,1,False,True,2024-11-15,48000.0,41500.0,43000.0,-0.042819997182928185,-0.04014706801341202,-0.009259325412796712,4,False,True,-0.049392755329576474,,False,2024-11-25,0.0,0.0,0.0,2024-11-29,0.0,0.0,0.0,2024-12-04,0.0,0.0,0.0,2024-12-19,0.0,0.0,0.0,2025-01-03,0.0,0.0,0.0,2025-01-18,0.0,0.0,0.0,2025-02-17,-0.02564243061333767,-1000.0,-1.0
2024-11-20,Wed,40000.0,40000.0,40000.0,39500.0,38000.0,37000.0,39000.0,38000.0,36200.0,36000.0,34500.0,0.0,2024-11-20,1.0,2,0,36200.0,0,36000.0,0,34500.0,39500.0,35566.666666666664,3933.3333333333358,,-0.01756632371789917,0.0,0.005329302372435846,0.5,2024-11-19,IS7X24,364.0,0.0,107.0,False,-0.008207980417829622,100.33547843870787,-0.01634913800152941,-0.04564550748996026,0.006150861956631657,0.9,0.0,1,False,True,2024-11-19,47500.0,41800.0,41700.0,-0.04929129171687751,-0.021302580703868264,-0.03302186830494631,1,False,True,-0.05659566762363445,,False,2024-11-25,0.0,0.0,0.0,2024-11-30,0.0,0.0,0.0,2024-12-05,0.0,0.0,0.0,2024-12-20,0.0,0.0,0.0,2025-01-04,0.0,0.0,0.0,2025-01-20,0.0,0.0,0.0,2025-02-18,-0.030850775720475933,-1200.0,-1.0
2024-11-21,Thu,40000.0,40000.0,40000.0,39500.0,38000.0,37000.0,39000.0,38000.0,36200.0,36000.0,34500.0,0.0,2024-11-21,1.0,2,0,36200.0,0,36000.0,0,34500.0,39500.0,35566.666666666664,3933.3333333333358,,-0.02500130220541727,0.0,0.005166950352987662,0.55,2024-11-20,IS7X24,360.0,0.0,107.0,False,-0.011049836186584935,99.23289076355722,-0.013793322132335873,-0.051432173632270706,0.006263804285682345,0.9,0.0,1,False,True,2024-11-19,47500.0,41800.0,41700.0,-0.04929129171687751,-0.021302580703868264,-0.03302186830494631,2,False,True,-0.05659566762363445,,False,2024-11-26,0.0,0.0,0.0,2024-12-02,-0.005076153031860661,-200.0,-1.0,2024-12-06,0.0,0.0,0.0,2024-12-21,0.0,0.0,0.0,2025-01-06,0.0,0.0,0.0,2025-01-20,0.0,0.0,0.0,2025-02-19,-0.030850775720475933,-1200.0,-1.0
2024-11-22,Fri,40200.0,40200.0,40200.0,39700.0,38200.0,37200.0,39200.0,38200.0,36400.0,36200.0,34700.0,200.0,2024-11-22,1.0,2,0,36400.0,0,36200.0,0,34700.0,39700.0,35766.666666666664,3933.3333333333358,,-0.019950786419348682,0.005050515786068743,0.005009544230089695,0.6,2024-11-21,IS7X24,360.0,0.0,40.0,False,0.0,99.23289076355722,-0.011049836186584935,-0.051432173632270706,0.006594100940714644,0.9,0.0,1,False,True,2024-11-19,47500.0,41800.0,41700.0,-0.04929129171687751,-0.021302580703868264,-0.03302186830494631,3,False,True,-0.05154515183756588,,False,2024-11-27,-0.0050505157860685915,-200.0,-1.0,2024-12-02,-0.01012666881792916,-400.0,-1.0,2024-12-07,-0.0050505157860685915,-200.0,-1.0,2024-12-23,-0.0050505157860685915,-200.0,-1.0,2025-01-06,-0.0050505157860685915,-200.0,-1.0,2025-01-21,-0.0050505157860685915,-200.0,-1.0,2025-02-20,-0.03590129150654442,-1400.0,-1.0
2024-11-23,Sat,40000.0,40000.0,40000.0,39500.0,38000.0,37000.0,39000.0,38000.0,36400.0,36200.0,34700.0,-200.0,2024-11-23,1.0,2,0,36400.0,0,36200.0,0,34700.0,39500.0,35766.666666666664,3733.3333333333358,,-0.01756632371789917,-0.005050515786068743,0.005012011968456504,0.6,2024-11-22,IS7Z24,353.0,3.0,107.0,True,,99.23289076355722,,,,0.9,0.0,1,False,True,2024-11-19,47500.0,41800.0,41700.0,-0.04929129171687751,-0.021302580703868264,-0.03302186830494631,4,False,True,-0.05659566762363445,,False,2024-11-28,0.0,0.0,0.0,2024-12-04,0.0,0.0,0.0,2024-12-09,0.0,0.0,0.0,2024-12-23,0.0,0.0,0.0,2025-01-07,0.0,0.0,0.0,2025-01-22,0.0,0.0,0.0,2025-02-21,-0.030850775720475933,-1200.0,-1.0
2024-11-25,Mon,40000.0,40000.0,40000.0,39500.0,38000.0,37000.0,39000.0,38000.0,36100.0,35900.0,34400.0,0.0,2024-11-25,2.0,2,0,36100.0,0,35900.0,0,34400.0,39500.0,35466.666666666664,4033.3333333333358,,-0.0050505157860685915,0.0,0.005014330535171563,0.55,2024-11-22,IS7Z24,353.0,3.0,107.0,True,,99.23289076355722,,,,0.9,0.0,3,False,True,2024-11-23,47300.0,42000.0,42400.0,-0.010515343999523008,0.0047732787526575905,-0.007050557996666799,2,False,True,-0.06136894637629213,,False,2024-11-30,0.0,0.0,0.0,2024-12-05,0.0,0.0,0.0,2024-12-10,0.0,0.0,0.0,2024-12-25,0.0,0.0,0.0,2025-01-09,0.0,0.0,0.0,2025-01-24,0.0,0.0,0.0,2025-02-24,-0.02824321231339505,-1100.0,-1.0
2024-11-26,Tue,40000.0,40000.0,40000.0,39500.0,38000.0,37000.0,39000.0,38000.0,36100.0,35900.0,34400.0,0.0,2024-11-26,1.0,2,0,36100.0,0,35900.0,0,34400.0,39500.0,35466.666666666664,4033.3333333333358,,0.0,0.0,0.0048615738267557655,0.55,2024-11-25,IS7Z24,353.0,0.0,107.0,False,0.0,99.23289076355722,,,,0.9,0.0,1,False,True,2024-11-23,47300.0,42000.0,42400.0,-0.010515343999523008,0.0047732787526575905,-0.007050557996666799,3,False,True,-0.06136894637629213,,False,2024-12-02,-0.005076153031860661,-200.0,-1.0,2024-12-06,0.0,0.0,0.0,2024-12-11,0.0,0.0,0.0,2024-12-26,0.0,0.0,0.0,2025-01-10,-0.005076153031860661,-200.0,-1.0,2025-01-27,0.0,0.0,0.0,2025-02-24,-0.02824321231339505,-1100.0,-1.0
2024-11-27,Wed,40000.0,40000.0,40000.0,39500.0,38000.0,37000.0,39000.0,38000.0,36100.0,35900.0,34400.0,0.0,2024-11-27,1.0,2,0,36100.0,0,35900.0,0,34400.0,39500.0,35466.666666666664,4033.3333333333358,,0.0,0.0,0.004713470703061269,0.55,2024-11-26,IS7Z24,352.0,0.0,107.0,False,-0.0028368813351997263,98.9517777585613,,,,0.9,0.0,1,False,True,2024-11-26,47600.0,41500.0,42200.0,-0.031026273563100618,-0.007202912294057997,0.009523881511255541,1,False,True,-0.049392755329576474,,False,2024-12-02,-0.005076153031860661,-200.0,-1.0,2024-12-07,0.0,0.0,0.0,2024-12-12,0.0,0.0,0.0,2024-12-30,0.0,0.0,0.0,2025-01-11,-0.007623925110659371,-300.0,-1.0,2025-01-27,0.0,0.0,0.0,2025-02-25,-0.02564243061333767,-1000.0,-1.0
2024-11-28,Thu,40000.0,40000.0,40000.0,39500.0,38000.0,37000.0,39000.0,38000.0,36200.0,36000.0,34500.0,0.0,2024-11-28,1.0,2,0,36200.0,0,36000.0,0,34500.0,39500.0,35566.666666666664,3933.3333333333358,,0.0,0.0,0.004569879397150419,0.55,2024-11-27,IS7Z24,350.0,0.0,40.0,False,-0.005698021114637779,98.38955174856949,,,,0.9,0.0,1,False,True,2024-11-26,47600.0,41500.0,42200.0,-0.031026273563100618,-0.007202912294057997,0.009523881511255541,2,False,True,-0.049392755329576474,,False,2024-12-04,0.0,0.0,0.0,2024-12-09,0.0,0.0,0.0,2024-12-13,0.0,0.0,0.0,2024-12-30,0.0,0.0,0.0,2025-01-13,-0.005076153031860661,-200.0,-1.0,2025-01-27,0.0,0.0,0.0,2025-02-26,-0.02564243061333767,-1000.0,-1.0
2024-11-29,Fri,40000.0,40000.0,40000.0,39500.0,38000.0,37000.0,39000.0,38000.0,36200.0,36000.0,34500.0,0.0,2024-11-29,1.0,2,0,36200.0,0,36000.0,0,34500.0,39500.0,35566.666666666664,3933.3333333333358,,0.0,0.0,0.004430662460877593,0.55,2024-11-27,IS7Z24,350.0,0.0,40.0,False,-0.005698021114637779,98.38955174856949,,,,0.9,0.0,2,False,True,2024-11-26,47600.0,41500.0,42200.0,-0.031026273563100618,-0.007202912294057997,0.009523881511255541,3,False,True,-0.049392755329576474,,False,2024-12-04,0.0,0.0,0.0,2024-12-09,0.0,0.0,0.0,2024-12-14,0.0,0.0,0.0,2024-12-30,0.0,0.0,0.0,2025-01-13,-0.005076153031860661,-200.0,-1.0,2025-01-28,0.0,0.0,0.0,2025-02-27,-0.02564243061333767,-1000.0,-1.0
2024-11-30,Sat,40000.0,40000.0,40000.0,39500.0,38000.0,37000.0,39000.0,38000.0,36200.0,36000.0,34500.0,0.0,2024-11-30,1.0,2,0,36200.0,0,36000.0,0,34500.0,39500.0,35566.666666666664,3933.3333333333358,,0.0,0.0,0.004295686633321394,0.6,2024-11-29,IS7Z24,350.0,0.0,97.0,False,0.0,98.38955174856949,,,,0.9,0.0,1,False,True,2024-11-26,47600.0,41500.0,42200.0,-0.031026273563100618,-0.007202912294057997,0.009523881511255541,4,False,True,-0.049392755329576474,,False,2024-12-05,0.0,0.0,0.0,2024-12-10,0.0,0.0,0.0,2024-12-16,0.0,0.0,0.0,2024-12-30,0.0,0.0,0.0,2025-01-15,0.0,0.0,0.0,2025-01-29,0.0,0.0,0.0,2025-02-28,-0.02564243061333767,-1000.0,-1.0
2024-12-02,Mon,39800.0,39800.0,39800.0,39300.0,38000.0,37000.0,39000.0,38000.0,36200.0,36000.0,34500.0,-200.0,2024-12-02,2.0,2,0,36200.0,0,36000.0,0,34500.0,39340.0,35566.666666666664,3773.3333333333358,,-0.01012666881792916,-0.005076153031861708,0.004164822713224938,0.6,2024-11-29,IS7Z24,350.0,0.0,97.0,False,0.0,98.38955174856949,,,,0.9,0.0,3,False,True,2024-11-26,47600.0,41500.0,42200.0,-0.031026273563100618,-0.007202912294057997,0.009523881511255541,6,True,False,-0.05446890836143703,,False,2024-12-07,0.005076153031860568,200.0,1.0,2024-12-12,0.005076153031860568,200.0,1.0,2024-12-17,0.005076153031860568,200.0,1.0,2025-01-01,0.005076153031860568,200.0,1.0,2025-01-16,0.005076153031860568,200.0,1.0,2025-01-31,0.005076153031860568,200.0,1.0,2025-03-03,-0.02056627758147697,-800.0,-1.0
2024-12-04,Wed,39800.0,39800.0,39800.0,39500.0,38000.0,37000.0,39000.0,38000.0,36200.0,36000.0,34500.0,200.0,2024-12-04,2.0,2,0,36200.0,0,36000.0,0,34500.0,39380.0,35566.666666666664,3813.3333333333358,,0.0,0.005076153031861708,0.004225049480753024,0.6,2024-12-03,IS7Z24,344.0,0.0,97.0,False,-0.0314761321020174,96.702873718594,-0.025826399559898423,,,0.9,0.0,1,False,True,2024-12-03,46900.0,41400.0,41800.0,-0.03971263740686777,0.014598799421152631,0.007202912294058016,1,False,True,-0.046980208924192496,,False,2024-12-09,0.0,0.0,0.0,2024-12-14,0.0,0.0,0.0,2024-12-19,0.0,0.0,0.0,2025-01-03,0.0,0.0,0.0,2025-01-18,0.0,0.0,0.0,2025-02-03,0.0,0.0,0.0,2025-03-04,-0.02564243061333767,-1000.0,-1.0
2024-12-05,Thu,40000.0,40000.0,40000.0,39500.0,38200.0,37200.0,39200.0,38200.0,36500.0,36300.0,34800.0,0.0,2024-12-05,1.0,2,0,36500.0,0,36300.0,0,34800.0,39540.0,35866.666666666664,3673.3333333333358,,0.0,0.0,0.004280890129879001,0.6,2024-12-04,IS7Z24,345.0,0.0,97.0,False,0.00290275965796141,96.98398672358992,-0.020086758566737344,,,0.9,0.0,1,False,True,2024-12-03,46900.0,41400.0,41800.0,-0.03971263740686777,0.014598799421152631,0.007202912294058016,2,False,True,-0.046980208924192496,,False,2024-12-10,0.0,0.0,0.0,2024-12-16,0.0,0.0,0.0,2024-12-20,0.0,0.0,0.0,2025-01-04,0.0,0.0,0.0,2025-01-20,0.0,0.0,0.0,2025-02-03,0.0,0.0,0.0,2025-03-05,-0.02564243061333767,-1000.0,-1.0
2024-12-06,Fri,40000.0,40000.0,40000.0,39500.0,38200.0,37200.0,39200.0,38200.0,36500.0,36300.0,34800.0,0.0,2024-12-06,1.0,2,0,36500.0,0,36300.0,0,34800.0,39540.0,35866.666666666664,3673.3333333333358,,0.0,0.0,0.00415047697088536,0.65,2024-12-05,IS7Z24,345.0,0.0,30.0,False,0.0,96.98398672358992,-0.014388737452099556,,0.013939282916165856,0.9,0.0,1,False,True,2024-12-03,46900.0,41400.0,41800.0,-0.03971263740686777,0.014598799421152631,0.007202912294058016,3,False,True,-0.046980208924192496,,False,2024-12-11,0.0,0.0,0.0,2024-12-16,0.0,0.0,0.0,2024-12-21,0.0,0.0,0.0,2025-01-06,0.0,0.0,0.0,2025-01-20,0.0,0.0,0.0,2025-02-04,0.0,0.0,0.0,2025-03-06,-0.023048395436291017,-900.0,-1.0
2024-12-07,Sat,40000.0,40000.0,40000.0,39500.0,38200.0,37200.0,39200.0,38200.0,36300.0,36100.0,34600.0,0.0,2024-12-07,1.0,2,0,36300.0,0,36100.0,0,34600.0,39540.0,35666.666666666664,3873.3333333333358,,0.0,0.0,0.00402403672208626,0.65,2024-12-06,IS7Z24,343.0,0.0,97.0,False,-0.005813969865419845,96.42176071359809,-0.020202707317519466,,0.012957102065934034,0.85,0.0,1,False,True,2024-12-03,46900.0,41400.0,41800.0,-0.03971263740686777,0.014598799421152631,0.007202912294058016,4,False,True,-0.046980208924192496,,False,2024-12-12,0.0,0.0,0.0,2024-12-17,0.0,0.0,0.0,2024-12-23,0.0,0.0,0.0,2025-01-06,0.0,0.0,0.0,2025-01-21,0.0,0.0,0.0,2025-02-05,0.0,0.0,0.0,2025-03-07,-0.023048395436291017,-900.0,-1.0
2024-12-09,Mon,40000.0,40000.0,40000.0,39500.0,38200.0,37200.0,39200.0,38200.0,35900.0,35700.0,34200.0,0.0,2024-12-09,2.0,2,0,35900.0,0,35700.0,0,34200.0,39540.0,35266.666666666664,4273.333333333336,-0.5827029950609842,0.0,0.0,0.0039014483526322386,0.7,2024-12-06,IS7Z24,343.0,0.0,97.0,False,-0.005813969865419845,96.42176071359809,-0.020202707317519466,,0.012957102065934034,0.85,0.0,3,False,True,2024-12-03,46900.0,41400.0,41800.0,-0.03971263740686777,0.014598799421152631,0.007202912294058016,6,True,False,-0.046980208924192496,-0.17620719982750913,False,2024-12-14,0.0,0.0,0.0,2024-12-19,0.0,0.0,0.0,2024-12-25,0.0,0.0,0.0,2025-01-08,0.0,0.0,0.0,2025-01-23,0.0,0.0,0.0,2025-02-10,-0.012739025777429714,-500.0,-1.0,2025-03-10,-0.023048395436291017,-900.0,-1.0
2024-12-10,Tue,40000.0,40000.0,40000.0,39500.0,38200.0,37200.0,39200.0,38200.0,35900.0,35700.0,34200.0,0.0,2024-12-10,1.0,2,0,35900.0,0,35700.0,0,34200.0,39540.0,35266.666666666664,4273.333333333336,-0.5576388960111113,0.0,0.0,0.0037825945187610842,0.75,2024-12-09,IS7Z24,345.0,3.0,97.0,False,0.005813969865419816,96.98398672358991,-0.028573372444056,-0.022923639901936965,0.012160043310489223,0.85,0.0,1,False,True,2024-12-09,47100.0,41600.0,42300.0,-0.021009176089343433,0.019418085857101516,0.028778964550043327,1,False,True,-0.05179949536014146,-0.44522140401053195,True,2024-12-16,0.0,0.0,0.0,2024-12-20,0.0,0.0,0.0,2024-12-25,0.0,0.0,0.0,2025-01-09,0.0,0.0,0.0,2025-01-24,0.0,0.0,0.0,2025-02-10,-0.012739025777429714,-500.0,-1.0,2025-03-10,-0.023048395436291017,-900.0,-1.0
2024-12-11,Wed,40000.0,40000.0,40000.0,39500.0,38200.0,37200.0,39200.0,38200.0,35700.0,35500.0,34000.0,0.0,2024-12-11,1.0,2,0,35700.0,0,35500.0,0,34000.0,39540.0,35066.666666666664,4473.333333333336,-0.17521984101893545,0.0,0.0,0.003667361451474304,0.75,2024-12-10,IS7Z24,343.0,0.0,97.0,False,-0.005813969865419845,96.42176071359809,-0.0029112102074584415,-0.028737609767356797,0.01181311550062559,0.85,0.0,1,False,True,2024-12-09,47100.0,41600.0,42300.0,-0.021009176089343433,0.019418085857101516,0.028778964550043327,2,False,True,-0.05179949536014146,-0.42301069964400934,True,2024-12-16,0.0,0.0,0.0,2024-12-21,0.0,0.0,0.0,2024-12-26,0.0,0.0,0.0,2025-01-10,-0.005076153031860661,-200.0,-1.0,2025-01-27,0.0,0.0,0.0,2025-02-10,-0.012739025777429714,-500.0,-1.0,2025-03-11,-0.023048395436291017,-900.0,-1.0
2024-12-12,Thu,40000.0,40000.0,40000.0,39500.0,38200.0,37200.0,39200.0,38200.0,35900.0,35700.0,34200.0,0.0,2024-12-12,1.0,2,0,35900.0,0,35700.0,0,34200.0,39540.0,35266.666666666664,4273.333333333336,-0.5155850680344412,0.005076153031860568,0.0,0.0035556388476354187,0.8,2024-12-11,IS7Z24,341.0,3.0,97.0,False,-0.0058479698824231,95.85953470360626,-0.011661939747842975,-0.0317486983145803,0.01183081584111489,0.85,0.0,1,False,True,2024-12-09,47100.0,41600.0,42300.0,-0.021009176089343433,0.019418085857101516,0.028778964550043327,3,False,True,-0.05179949536014146,-0.41228734596150735,True,2024-12-17,0.0,0.0,0.0,2024-12-23,0.0,0.0,0.0,2024-12-30,0.0,0.0,0.0,2025-01-11,-0.007623925110659371,-300.0,-1.0,2025-01-27,0.0,0.0,0.0,2025-02-10,-0.012739025777429714,-500.0,-1.0,2025-03-12,-0.023048395436291017,-900.0,-1.0
2024-12-13,Fri,40000.0,40000.0,40000.0,39500.0,38200.0,37200.0,39200.0,38200.0,35700.0,35500.0,34000.0,0.0,2024-12-13,1.0,2,0,35700.0,0,35500.0,0,34000.0,39540.0,35066.666666666664,4473.333333333336,-0.12776103385076898,0.005076153031860568,0.0,0.0034473197643858458,0.8,2024-12-12,IS7Z24,348.0,0.0,30.0,False,0.02032000249095753,97.82732573857766,0.008658062743114531,-0.005730674708984983,0.011868032338457998,0.85,0.0,1,False,True,2024-12-12,46800.0,42100.0,42200.0,-0.027398974188114388,0.031365659278219826,0.023981964686485405,1,False,True,-0.06374706878125953,-1.5372494745501235,True,2024-12-18,0.0,0.0,0.0,2024-12-23,0.0,0.0,0.0,2024-12-30,0.0,0.0,0.0,2025-01-13,-0.005076153031860661,-200.0,-1.0,2025-01-27,0.0,0.0,0.0,2025-02-12,-0.012739025777429714,-500.0,-1.0,2025-03-13,-0.023048395436291017,-900.0,-1.0
2024-12-14,Sat,40000.0,40000.0,40000.0,39500.0,38200.0,37200.0,39200.0,38200.0,35900.0,35700.0,34200.0,0.0,2024-12-14,1.0,2,0,35900.0,0,35700.0,0,34200.0,39540.0,35266.666666666664,4273.333333333336,-0.4870618624654506,0.0,0.0,0.0033423005167772936,0.8,2024-12-13,IS7Z24,348.0,0.0,97.0,False,0.0,97.82732573857766,0.014472032608534469,-0.005730674708984983,0.013926795523956403,0.8,0.0,1,False,True,2024-12-13,46800.0,41900.0,42300.0,-0.025317807984289897,0.009592399691439508,0.016686918785014736,1,False,True,-0.058985155021015825,-1.0390114569275375,True,2024-12-19,0.0,0.0,0.0,2024-12-25,0.0,0.0,0.0,2024-12-30,0.0,0.0,0.0,2025-01-13,-0.005076153031860661,-200.0,-1.0,2025-01-28,0.0,0.0,0.0,2025-02-12,-0.012739025777429714,-500.0,-1.0,2025-03-15,-0.023048395436291017,-900.0,-1.0
2024-12-16,Mon,40000.0,40000.0,40000.0,39500.0,38200.0,37200.0,39200.0,38200.0,36200.0,36000.0,34500.0,0.0,2024-12-16,2.0,2,0,36200.0,0,36000.0,0,34500.0,39540.0,35566.666666666664,3973.3333333333358,-1.0212939735721835,0.0,0.0,0.0032404805785226946,0.8,2024-12-13,IS7Z24,348.0,0.0,97.0,False,0.0,97.82732573857766,0.014472032608534469,-0.005730674708984983,0.013926795523956403,0.8,0.0,3,False,True,2024-12-13,46800.0,41900.0,42300.0,-0.025317807984289897,0.009592399691439508,0.016686918785014736,3,False,True,-0.058985155021015825,-1.0053248984233816,True,2024-12-21,0.0,0.0,0.0,2024-12-26,0.0,0.0,0.0,2024-12-31,0.0,0.0,0.0,2025-01-15,0.0,0.0,0.0,2025-01-30,0.0,0.0,0.0,2025-02-14,-0.01788042527784841,-700.0,-1.0,2025-03-17,-0.023048395436291017,-900.0,-1.0
2024-12-17,Tue,40000.0,40000.0,40000.0,39500.0,38200.0,37200.0,39200.0,38200.0,36200.0,36000.0,34500.0,0.0,2024-12-17,1.0,2,0,36200.0,0,36000.0,0,34500.0,39540.0,35566.666666666664,3973.3333333333358,-0.9922089846354339,0.0,0.0,0.0031417624857706557,0.8,2024-12-16,IS7Z24,347.0,0.0,97.0,False,-0.002877699827615169,97.54621273358174,0.005780362915499329,-0.022793009528556573,0.013926795523956403,0.8,0.0,1,False,True,2024-12-16,46800.0,42500.0,42500.0,-0.03568059501983645,0.004716989878138867,-0.004694844304207729,1,False,True,-0.07320340402329494,-2.3470789987041725,True,2024-12-23,0.0,0.0,0.0,2024-12-30,0.0,0.0,0.0,2025-01-01,0.0,0.0,0.0,2025-01-16,0.0,0.0,0.0,2025-01-31,0.0,0.0,0.0,2025-02-17,-0.02564243061333767,-1000.0,-1.0,2025-03-17,-0.023048395436291017,-900.0,-1.0
2024-12-18,Wed,40000.0,40000.0,40000.0,39500.0,38200.0,37200.0,39200.0,38200.0,36500.0,36300.0,34800.0,0.0,2024-12-18,1.0,2,0,36500.0,0,36300.0,0,34800.0,39540.0,35866.666666666664,3673.3333333333358,-1.5015889943805183,0.0,0.0,0.003046051743811333,0.85,2024-12-17,IS7Z24,351.0,0.0,97.0,False,0.011461443519006598,98.67066475356539,0.023055776299925796,0.020144566092467495,0.012927188933333002,0.85,0.0,1,False,True,2024-12-16,46800.0,42500.0,42500.0,-0.03568059501983645,0.004716989878138867,-0.004694844304207729,2,False,True,-0.07320340402329494,-2.225550866749094,True,2024-12-23,0.0,0.0,0.0,2024-12-30,0.0,0.0,0.0,2025-01-02,0.0,0.0,0.0,2025-01-17,0.0,0.0,0.0,2025-02-01,0.0,0.0,0.0,2025-02-17,-0.02564243061333767,-1000.0,-1.0,2025-03-18,-0.023048395436291017,-900.0,-1.0
2024-12-19,Thu,40000.0,40000.0,40000.0,39500.0,38200.0,37200.0,39200.0,38200.0,36700.0,36500.0,35000.0,0.0,2024-12-19,1.0,2,0,36700.0,0,36500.0,0,35000.0,39540.0,36066.666666666664,3473.3333333333358,-1.7995040464671825,0.0,0.0,0.0029532567366244164,0.9,2024-12-18,IS7Z24,351.0,0.0,97.0,False,0.0,98.67066475356539,0.028903746182348995,0.017241806434505954,0.008537495683617075,0.8,0.0,1,False,True,2024-12-16,46800.0,42500.0,42500.0,-0.03568059501983645,0.004716989878138867,-0.004694844304207729,3,False,True,-0.07320340402329494,-2.140577356571655,True,2024-12-25,0.0,0.0,0.0,2024-12-30,0.0,0.0,0.0,2025-01-03,0.0,0.0,0.0,2025-01-18,0.0,0.0,0.0,2025-02-03,0.0,0.0,0.0,2025-02-17,-0.02564243061333767,-1000.0,-1.0,2025-03-19,-0.023048395436291017,-900.0,-1.0
2024-12-20,Fri,40000.0,40000.0,40000.0,39500.0,38200.0,37200.0,39200.0,38200.0,36200.0,36000.0,34500.0,0.0,2024-12-20,1.0,2,0,36200.0,0,36000.0,0,34500.0,39540.0,35566.666666666664,3973.3333333333358,-0.8563323204380353,0.0,0.0,0.0028632886391826524,0.9,2024-12-19,IS7Z24,351.0,0.0,30.0,False,0.0,98.67066475356539,0.008583743691391435,0.017241806434505954,0.008553269970478575,0.8,0.0,1,False,True,2024-12-19,47600.0,43000.0,43400.0,-0.014598799421152636,0.025914288765470368,0.016260520871780326,1,False,True,-0.08489944378648627,-3.158395882212356,True,2024-12-25,0.0,0.0,0.0,2024-12-30,0.0,0.0,0.0,2025-01-04,0.0,0.0,0.0,2025-01-20,0.0,0.0,0.0,2025-02-03,0.0,0.0,0.0,2025-02-18,-0.030850775720475933,-1200.0,-1.0,2025-03-20,-0.015306421282675545,-600.0,-1.0
2024-12-21,Sat,40000.0,40000.0,40000.0,39500.0,38200.0,37200.0,39200.0,38200.0,36000.0,35800.0,34300.0,0.0,2024-12-21,1.0,2,0,36000.0,0,35800.0,0,34300.0,39540.0,35366.666666666664,4173.333333333336,-0.4829828238323353,0.0,0.0,0.002776061332426951,0.9,2024-12-20,IS7Z24,351.0,0.0,97.0,False,0.0,98.67066475356539,0.008583743691391435,0.023055776299925796,0.008553269970478575,0.8,0.0,1,False,True,2024-12-20,47800.0,42900.0,43300.0,-0.0041753714104806215,0.033178398697318603,0.006952519314881663,1,False,True,-0.08257115402689508,-2.67320875514132,True,2024-12-26,0.0,0.0,0.0,2024-12-31,0.0,0.0,0.0,2025-01-06,0.0,0.0,0.0,2025-01-20,0.0,0.0,0.0,2025-02-04,0.0,0.0,0.0,2025-02-19,-0.030850775720475933,-1200.0,-1.0,2025-03-21,-0.010178204915756153,-400.0,-1.0
2024-12-23,Mon,40000.0,40000.0,40000.0,39500.0,38200.0,37200.0,39200.0,38200.0,36000.0,35800.0,34300.0,0.0,2024-12-23,2.0,2,0,36000.0,0,35800.0,0,34300.0,39540.0,35366.666666666664,4173.333333333336,-0.4633589091865759,0.0,0.0,0.002691491320831693,0.9,2024-12-20,IS7Z24,351.0,0.0,97.0,False,0.0,98.67066475356539,0.008583743691391435,0.023055776299925796,0.008553269970478575,0.8,0.0,3,False,True,2024-12-21,47800.0,42700.0,43200.0,0.006295928456814831,0.021302580703868187,0.03533936644530886,2,False,True,-0.07789824832750265,-2.1193016861975456,True,2024-12-30,0.0,0.0,0.0,2025-01-02,0.0,0.0,0.0,2025-01-07,0.0,0.0,0.0,2025-01-22,0.0,0.0,0.0,2025-02-06,0.0,0.0,0.0,2025-02-21,-0.030850775720475933,-1200.0,-1.0,2025-03-24,-0.005076153031860661,-200.0,-1.0
2024-12-25,Wed,40000.0,40000.0,40000.0,39500.0,38200.0,37200.0,39200.0,38200.0,36200.0,36000.0,34500.0,0.0,2024-12-25,2.0,2,0,36200.0,0,36000.0,0,34500.0,39540.0,35566.666666666664,3973.3333333333358,-0.791711126383458,0.0,0.0,0.002609497652481334,0.9,2024-12-24,IS7Z24,346.0,0.0,97.0,False,0.0,97.26509972858582,-0.01434744840814154,0.008708327891784414,0.009577525123359826,0.75,0.0,1,False,True,2024-12-24,47800.0,42600.0,43300.0,0.010515343999522907,0.014184634991956381,0.021004272770531997,1,False,True,-0.0755535813682486,-1.8246160471511752,True,2024-12-30,0.0,0.0,0.0,2025-01-04,0.0,0.0,0.0,2025-01-09,0.0,0.0,0.0,2025-01-24,0.0,0.0,0.0,2025-02-10,-0.012739025777429714,-500.0,-1.0,2025-02-24,-0.02824321231339505,-1100.0,-1.0,2025-03-25,0.0,0.0,0.0
2024-12-26,Thu,40000.0,40000.0,40000.0,39500.0,38200.0,37200.0,39200.0,38200.0,36200.0,36000.0,34500.0,0.0,2024-12-26,1.0,2,0,36200.0,0,36000.0,0,34500.0,39540.0,35566.666666666664,3973.3333333333358,-0.7651096162747569,0.0,0.0,0.0025300018415817913,0.9,2024-12-24,IS7Z24,346.0,0.0,97.0,False,0.0,97.26509972858582,-0.01434744840814154,0.008708327891784414,0.009577525123359826,0.75,0.0,2,False,True,2024-12-24,47800.0,42600.0,43300.0,0.010515343999522907,0.014184634991956381,0.021004272770531997,2,False,True,-0.0755535813682486,-1.7436529705226513,True,2024-12-31,0.0,0.0,0.0,2025-01-06,0.0,0.0,0.0,2025-01-10,-0.005076153031860661,-200.0,-1.0,2025-01-27,0.0,0.0,0.0,2025-02-10,-0.012739025777429714,-500.0,-1.0,2025-02-24,-0.02824321231339505,-1100.0,-1.0,2025-03-26,0.0,0.0,0.0
2024-12-30,Mon,40000.0,40000.0,40000.0,39500.0,38200.0,37200.0,39200.0,38200.0,36200.0,36000.0,34500.0,0.0,2024-12-30,4.0,2,0,36200.0,0,36000.0,0,34500.0,39540.0,35566.666666666664,3973.3333333333358,-0.7383492491215009,0.0,0.0,0.0024529277933324533,0.9,2024-12-27,IS7Z24,346.0,0.0,97.0,False,0.0,97.26509972858582,-0.01434744840814154,-0.0057637047167501294,0.009050531233057222,0.75,0.0,3,False,True,2024-12-26,47800.0,42600.0,43700.0,0.004192878260035958,0.026160826038672057,0.03492788105957843,4,False,True,-0.0755535813682486,-1.6747772085828994,True,2025-01-04,0.0,0.0,0.0,2025-01-09,0.0,0.0,0.0,2025-01-15,0.0,0.0,0.0,2025-01-29,0.0,0.0,0.0,2025-02-13,-0.012739025777429714,-500.0,-1.0,2025-02-28,-0.02564243061333767,-1000.0,-1.0,2025-03-31,0.01007565198874164,400.0,1.0
2024-12-31,Tue,40000.0,40000.0,40000.0,39500.0,38200.0,37200.0,39200.0,38200.0,36200.0,36000.0,34500.0,0.0,2024-12-31,1.0,2,0,36200.0,0,36000.0,0,34500.0,39540.0,35566.666666666664,3973.3333333333358,-0.7118583065198953,0.0,0.0,0.0023782017310868837,0.95,2024-12-30,IS7F25,354.0,0.0,30.0,True,,97.26509972858582,,,,0.75,0.0,1,False,True,2024-12-30,47800.0,43300.0,43700.0,0.019007964045176542,0.04487175417717545,0.044451762570833796,1,False,True,-0.09185196310136796,-2.825187412896116,False,2025-01-06,0.0,0.0,0.0,2025-01-10,-0.005076153031860661,-200.0,-1.0,2025-01-15,0.0,0.0,0.0,2025-01-30,0.0,0.0,0.0,2025-02-14,-0.01788042527784841,-700.0,-1.0,2025-03-01,-0.02564243061333767,-1000.0,-1.0,2025-03-31,0.01007565198874164,400.0,1.0
2025-01-01,Wed,40000.0,40000.0,40000.0,39500.0,38200.0,37200.0,39200.0,38200.0,36000.0,35800.0,34300.0,0.0,2025-01-01,1.0,2,0,36000.0,0,35800.0,0,34300.0,39540.0,35366.666666666664,4173.333333333336,-0.32136104704634405,0.0,0.0,0.002305752125732506,1.0,2024-12-31,IS7F25,354.0,0.0,97.0,False,0.0,97.26509972858582,,,,0.75,0.0,1,False,True,2024-12-30,47800.0,43300.0,43700.0,0.019007964045176542,0.04487175417717545,0.044451762570833796,2,False,True,-0.09185196310136796,-2.6528261229082792,False,2025-01-06,0.0,0.0,0.0,2025-01-11,-0.007623925110659371,-300.0,-1.0,2025-01-16,0.0,0.0,0.0,2025-01-31,0.0,0.0,0.0,2025-02-17,-0.02564243061333767,-1000.0,-1.0,2025-03-03,-0.02564243061333767,-1000.0,-1.0,2025-04-01,0.015075662405447396,600.0,1.0
2025-01-02,Thu,40000.0,40000.0,40000.0,39500.0,38200.0,37200.0,39200.0,38200.0,36000.0,35800.0,34300.0,0.0,2025-01-02,1.0,2,0,36000.0,0,35800.0,0,34300.0,39540.0,35366.666666666664,4173.333333333336,-0.29556799035416076,0.0,0.0,0.0022355096272216705,1.0,2024-12-31,IS7F25,354.0,0.0,97.0,False,0.0,97.26509972858582,,,,0.75,0.0,2,False,True,2024-12-30,47800.0,43300.0,43700.0,0.019007964045176542,0.04487175417717545,0.044451762570833796,3,False,True,-0.09185196310136796,-2.5050617323446356,False,2025-01-07,0.0,0.0,0.0,2025-01-13,-0.005076153031860661,-200.0,-1.0,2025-01-17,0.0,0.0,0.0,2025-02-01,0.0,0.0,0.0,2025-02-17,-0.02564243061333767,-1000.0,-1.0,2025-03-03,-0.02564243061333767,-1000.0,-1.0,2025-04-02,0.015075662405447396,600.0,1.0
2025-01-03,Fri,40000.0,40000.0,40000.0,39500.0,38200.0,37200.0,39200.0,38200.0,36200.0,36000.0,34500.0,0.0,2025-01-03,1.0,2,0,36200.0,0,36000.0,0,34500.0,39540.0,35566.666666666664,3973.3333333333358,-0.6524700733511059,0.0,0.0,0.0021674069981885554,1.0,2025-01-02,IS7F25,354.0,0.0,20.0,False,0.0,97.26509972858582,,,,0.75,0.0,1,False,True,2025-01-02,47500.0,43600.0,44000.0,0.008456710018223458,0.04695698308777108,0.03940254786602883,1,False,True,-0.09875647844791251,-2.7848846687949838,False,2025-01-08,0.0,0.0,0.0,2025-01-13,-0.005076153031860661,-200.0,-1.0,2025-01-18,0.0,0.0,0.0,2025-02-03,0.0,0.0,0.0,2025-02-17,-0.02564243061333767,-1000.0,-1.0,2025-03-04,-0.02564243061333767,-1000.0,-1.0,2025-04-03,0.022529113060028104,900.0,1.0
2025-01-04,Sat,40000.0,40000.0,40000.0,39500.0,38200.0,37200.0,39200.0,38200.0,36000.0,35800.0,34300.0,0.0,2025-01-04,1.0,2,0,36000.0,0,35800.0,0,34300.0,39540.0,35366.666666666664,4173.333333333336,-0.23436848833138121,0.0,0.0,0.00210137904958837,1.0,2025-01-03,IS7F25,352.0,0.0,87.0,False,-0.005665737535677308,96.7155793911362,,,,0.8,0.0,1,False,True,2025-01-03,47300.0,43300.0,43900.0,0.010627092574286193,0.02810489432010852,0.03949409903915957,1,False,True,-0.09185196310136796,-2.167642992085686,False,2025-01-09,0.0,0.0,0.0,2025-01-15,0.0,0.0,0.0,2025-01-20,0.0,0.0,0.0,2025-02-03,0.0,0.0,0.0,2025-02-18,-0.030850775720475933,-1200.0,-1.0,2025-03-05,-0.02564243061333767,-1000.0,-1.0,2025-04-04,0.025001302205417186,1000.0,1.0
2025-01-06,Mon,40000.0,40000.0,40000.0,39500.0,38200.0,37200.0,39200.0,38200.0,35700.0,35500.0,34000.0,0.0,2025-01-06,2.0,2,0,35700.0,0,35500.0,0,34000.0,39540.0,35066.666666666664,4473.333333333336,0.40136589374284215,0.0,0.0,0.002037362578297242,1.0,2025-01-03,IS7F25,352.0,0.0,87.0,False,-0.005665737535677308,96.7155793911362,,,,0.8,0.0,3,False,True,2025-01-03,47300.0,43300.0,43900.0,0.010627092574286193,0.02810489432010852,0.03949409903915957,3,False,True,-0.09185196310136796,-2.0542787640051805,False,2025-01-11,-0.007623925110659371,-300.0,-1.0,2025-01-16,0.0,0.0,0.0,2025-01-21,0.0,0.0,0.0,2025-02-05,0.0,0.0,0.0,2025-02-20,-0.030850775720475933,-1200.0,-1.0,2025-03-07,-0.023048395436291017,-900.0,-1.0,2025-04-07,0.022529113060028104,900.0,1.0
2025-01-07,Tue,40000.0,40000.0,40000.0,39500.0,38200.0,37200.0,39200.0,38200.0,35700.0,35500.0,34000.0,0.0,2025-01-07,1.0,2,0,35700.0,0,35500.0,0,34000.0,39540.0,35066.666666666664,4473.333333333336,0.4227552781534288,0.0,0.0,0.001975296306613068,1.0,2025-01-06,IS7F25,352.0,0.0,87.0,False,0.0,96.7155793911362,,,,0.8,0.0,1,False,True,2025-01-06,47100.0,42900.0,43300.0,0.006389798098770988,0.02358599900587929,0.02336554895621191,1,False,True,-0.08257115402689508,-1.4348325163799132,False,2025-01-13,-0.005076153031860661,-200.0,-1.0,2025-01-17,0.0,0.0,0.0,2025-01-22,0.0,0.0,0.0,2025-02-06,0.0,0.0,0.0,2025-02-21,-0.030850775720475933,-1200.0,-1.0,2025-03-08,-0.023048395436291017,-900.0,-1.0,2025-04-07,0.022529113060028104,900.0,1.0
2025-01-08,Wed,40000.0,40000.0,40000.0,39500.0,38200.0,37200.0,39200.0,38200.0,35700.0,35500.0,34000.0,0.0,2025-01-08,1.0,2,0,35700.0,0,35500.0,0,34000.0,39540.0,35066.666666666664,4473.333333333336,0.44496227367304847,0.0,0.0,0.0019151208235994074,1.0,2025-01-07,IS7F25,352.0,0.0,87.0,False,0.0,96.7155793911362,-0.005665737535677308,,,0.85,0.0,1,False,True,2025-01-06,47100.0,42900.0,43300.0,0.006389798098770988,0.02358599900587929,0.02336554895621191,2,False,True,-0.08257115402689508,-1.3844628394001455,False,2025-01-13,-0.005076153031860661,-200.0,-1.0,2025-01-18,0.0,0.0,0.0,2025-01-23,0.0,0.0,0.0,2025-02-10,-0.012739025777429714,-500.0,-1.0,2025-02-22,-0.030850775720475933,-1200.0,-1.0,2025-03-10,-0.023048395436291017,-900.0,-1.0,2025-04-08,0.015075662405447396,600.0,1.0
2025-01-09,Thu,40000.0,40000.0,40000.0,39500.0,38200.0,37200.0,39200.0,38200.0,35200.0,35000.0,33500.0,0.0,2025-01-09,1.0,2,0,35200.0,0,35000.0,0,33500.0,39540.0,34566.666666666664,4973.333333333336,1.5659944559518721,0.0,0.0,0.0018567785282162835,1.0,2025-01-08,IS7F25,349.0,0.0,87.0,False,-0.008559253395669948,95.89129888496173,-0.014224990931347326,,,0.8,0.0,1,False,True,2025-01-08,47100.0,42500.0,43300.0,0.006389798098770988,0.0,0.018648559078072995,1,False,True,-0.07320340402329494,-0.8328736309705872,False,2025-01-15,0.0,0.0,0.0,2025-01-20,0.0,0.0,0.0,2025-01-24,0.0,0.0,0.0,2025-02-10,-0.012739025777429714,-500.0,-1.0,2025-02-24,-0.02824321231339505,-1100.0,-1.0,2025-03-10,-0.023048395436291017,-900.0,-1.0,2025-04-09,0.017566323717899283,700.0,1.0
2025-01-10,Fri,39800.0,39800.0,39800.0,39300.0,38000.0,37000.0,39000.0,38000.0,34900.0,34700.0,33200.0,-200.0,2025-01-10,1.0,2,0,34900.0,0,34700.0,0,33200.0,39340.0,34266.666666666664,5073.333333333336,1.846812849990041,-0.005076153031860661,-0.005076153031861708,0.001800213574183443,1.0,2025-01-09,IS7F25,347.0,0.0,0.0,False,-0.005747142255567959,95.3417785475121,-0.019972133186915243,,,0.8,0.0,1,False,False,2025-01-09,47100.0,41800.0,43000.0,-0.010559760215002217,-0.02830377616285182,-0.009259325412796712,1,False,True,-0.06167182065549511,-0.18593820488400817,False,2025-01-15,0.005076153031860568,200.0,1.0,2025-01-20,0.005076153031860568,200.0,1.0,2025-01-27,0.005076153031860568,200.0,1.0,2025-02-10,-0.007662872745569137,-300.0,-1.0,2025-02-24,-0.023167059281534418,-900.0,-1.0,2025-03-11,-0.017972242404430367,-700.0,-1.0,2025-04-10,0.022642476749759752,900.0,1.0
2025-01-11,Sat,39700.0,39700.0,39700.0,39200.0,37900.0,36900.0,38800.0,37800.0,34700.0,34500.0,33000.0,-100.0,2025-01-11,1.0,2,0,34700.0,0,34500.0,0,33000.0,39240.0,34066.666666666664,5173.333333333336,2.123099917440914,-0.007623925110659371,-0.002547772078798971,0.0021429798305365815,0.95,2025-01-10,IS7F25,349.0,0.0,87.0,False,0.005747142255568071,95.89129888496174,-0.008559253395669948,,0.0036834611321469152,0.75,0.05,1,False,True,2025-01-09,47100.0,41800.0,43000.0,-0.010559760215002217,-0.02830377616285182,-0.009259325412796712,2,False,True,-0.06421959273429377,-0.31411300313901513,False,2025-01-16,0.007623925110659366,300.0,1.0,2025-01-21,0.007623925110659366,300.0,1.0,2025-01-27,0.007623925110659366,300.0,1.0,2025-02-10,-0.005115100666770377,-200.0,-1.0,2025-02-25,-0.018018505502678365,-700.0,-1.0,2025-03-12,-0.015424470325631639,-600.0,-1.0,2025-04-11,0.0276747221562205,1100.0,1.0
2025-01-13,Mon,39800.0,39800.0,39800.0,39300.0,38000.0,37000.0,38800.0,37800.0,34700.0,34500.0,33000.0,100.0,2025-01-13,2.0,2,0,34700.0,0,34500.0,0,33000.0,39340.0,34066.666666666664,5273.333333333336,2.3898544057502664,-0.005076153031860661,0.002547772078798971,0.002169398385445112,0.9,2025-01-10,IS7F25,349.0,0.0,87.0,False,0.005747142255568071,95.89129888496174,-0.008559253395669948,,0.0036834611321469152,0.75,0.05,3,False,True,2025-01-09,47100.0,41800.0,43000.0,-0.010559760215002217,-0.02830377616285182,-0.009259325412796712,4,False,True,-0.06167182065549511,-0.1723079272528105,False,2025-01-18,0.005076153031860568,200.0,1.0,2025-01-23,0.005076153031860568,200.0,1.0,2025-01-28,0.005076153031860568,200.0,1.0,2025-02-12,-0.007662872745569137,-300.0,-1.0,2025-02-27,-0.02056627758147697,-800.0,-1.0,2025-03-15,-0.017972242404430367,-700.0,-1.0,2025-04-14,0.025126950077421644,1000.0,1.0
2025-01-15,Wed,40000.0,40000.0,40000.0,39500.0,38000.0,37000.0,39000.0,38000.0,34700.0,34500.0,33000.0,200.0,2025-01-15,2.0,2,0,34700.0,0,34500.0,0,33000.0,39500.0,34066.666666666664,5433.333333333336,2.746100427494212,0.0,0.005076153031861708,0.0021939417830507727,0.85,2025-01-14,IS7F25,347.0,0.0,87.0,False,-0.002877699827615169,95.3417785475121,-0.014306395651237858,-0.019972133186915243,0.004289311401100455,0.75,0.05,1,False,True,2025-01-14,46700.0,41900.0,42400.0,-0.023281474822558643,-0.023585999005879228,-0.021004272770532125,1,False,True,-0.058985155021015825,-0.0016291812367652367,True,2025-01-20,0.0,0.0,0.0,2025-01-27,0.0,0.0,0.0,2025-01-30,0.0,0.0,0.0,2025-02-14,-0.01788042527784841,-700.0,-1.0,2025-03-01,-0.02564243061333767,-1000.0,-1.0,2025-03-17,-0.023048395436291017,-900.0,-1.0,2025-04-15,0.015075662405447396,600.0,1.0
2025-01-16,Thu,40000.0,40000.0,40000.0,39500.0,38000.0,37000.0,39000.0,38000.0,34700.0,34500.0,33000.0,0.0,2025-01-16,1.0,2,0,34700.0,0,34500.0,0,33000.0,39500.0,34066.666666666664,5433.333333333336,2.6865466832825176,0.0,0.0,0.0024638623116448235,0.8,2025-01-15,IS7F25,348.0,0.0,87.0,False,0.0028776998276151956,95.61653871623693,-0.00286944242795282,-0.017094433359300068,0.004055817967473743,0.75,0.05,1,False,True,2025-01-15,46700.0,41900.0,42400.0,-0.023281474822558643,-0.018913093306486845,-0.01869213301215252,1,False,True,-0.058985155021015825,0.023045038343664264,True,2025-01-21,0.0,0.0,0.0,2025-01-27,0.0,0.0,0.0,2025-01-31,0.0,0.0,0.0,2025-02-17,-0.02564243061333767,-1000.0,-1.0,2025-03-03,-0.02564243061333767,-1000.0,-1.0,2025-03-17,-0.023048395436291017,-900.0,-1.0,2025-04-16,0.012578782206860185,500.0,1.0
2025-01-17,Fri,40000.0,40000.0,40000.0,39500.0,38000.0,37000.0,39000.0,38000.0,34700.0,34500.0,33000.0,0.0,2025-01-17,1.0,2,0,34700.0,0,34500.0,0,33000.0,39500.0,34066.666666666664,5433.333333333336,2.630264442643334,0.0,0.0,0.002388803139921569,0.8,2025-01-16,IS7F25,345.0,0.0,20.0,False,-0.008658062743114541,94.79225821006247,-0.005780362915499425,-0.02575249610241474,0.004307548103573994,0.7,0.05,1,False,True,2025-01-16,46700.0,42000.0,42400.0,-0.023281474822558643,-0.014184634991956413,-0.021004272770532125,1,False,True,-0.06136894637629213,-0.08677791865914473,True,2025-01-22,0.0,0.0,0.0,2025-01-27,0.0,0.0,0.0,2025-02-01,0.0,0.0,0.0,2025-02-17,-0.02564243061333767,-1000.0,-1.0,2025-03-03,-0.02564243061333767,-1000.0,-1.0,2025-03-18,-0.023048395436291017,-900.0,-1.0,2025-04-17,0.0075662403833158766,300.0,1.0
2025-01-18,Sat,40000.0,40000.0,40000.0,39500.0,38000.0,37000.0,39000.0,38000.0,34900.0,34700.0,33200.0,0.0,2025-01-18,1.0,2,0,34900.0,0,34700.0,0,33200.0,39500.0,34266.666666666664,5233.333333333336,2.0912804364699946,0.0,0.0,0.002316030572946134,0.8,2025-01-17,IS7F25,348.0,0.0,87.0,False,0.008658062743114531,95.61653871623693,-0.00286944242795282,-0.011428695823622744,0.004770972950879454,0.75,0.05,1,False,True,2025-01-16,46700.0,42000.0,42400.0,-0.023281474822558643,-0.014184634991956413,-0.021004272770532125,2,False,True,-0.06136894637629213,-0.06060261824039315,True,2025-01-23,0.0,0.0,0.0,2025-01-28,0.0,0.0,0.0,2025-02-03,0.0,0.0,0.0,2025-02-17,-0.02564243061333767,-1000.0,-1.0,2025-03-04,-0.02564243061333767,-1000.0,-1.0,2025-03-19,-0.023048395436291017,-900.0,-1.0,2025-04-18,0.0025284463533586906,100.0,1.0
2025-01-20,Mon,40000.0,40000.0,40000.0,39500.0,38000.0,37000.0,39000.0,38000.0,34900.0,34700.0,33200.0,0.0,2025-01-20,2.0,2,0,34900.0,0,34700.0,0,33200.0,39500.0,34266.666666666664,5233.333333333336,2.0420228518870336,0.005076153031860568,0.0,0.0022454749515262748,0.8,2025-01-17,IS7F25,348.0,0.0,87.0,False,0.008658062743114531,95.61653871623693,-0.00286944242795282,-0.011428695823622744,0.004770972950879454,0.75,0.05,3,False,True,2025-01-16,46700.0,42000.0,42400.0,-0.023281474822558643,-0.014184634991956413,-0.021004272770532125,4,False,True,-0.06136894637629213,-0.03331319203671331,True,2025-01-27,0.0,0.0,0.0,2025-01-30,0.0,0.0,0.0,2025-02-04,0.0,0.0,0.0,2025-02-19,-0.030850775720475933,-1200.0,-1.0,2025-03-06,-0.023048395436291017,-900.0,-1.0,2025-03-21,-0.010178204915756153,-400.0,-1.0,2025-04-21,-0.007623925110659371,-300.0,-1.0
2025-01-21,Tue,40000.0,40000.0,40000.0,39500.0,38000.0,37000.0,39000.0,38000.0,34900.0,34700.0,33200.0,0.0,2025-01-21,1.0,2,0,34900.0,0,34700.0,0,33200.0,39500.0,34266.666666666664,5233.333333333336,1.995437007359848,0.007623925110659366,0.0,0.0021770687385693657,0.8,2025-01-17,IS7F25,348.0,0.0,87.0,False,0.008658062743114531,95.61653871623693,-0.00286944242795282,-0.011428695823622744,0.004770972950879454,0.75,0.05,4,False,True,2025-01-16,46700.0,42000.0,42400.0,-0.023281474822558643,-0.014184634991956413,-0.021004272770532125,5,True,False,-0.06136894637629213,-0.004718096168483249,False,2025-01-27,0.0,0.0,0.0,2025-01-31,0.0,0.0,0.0,2025-02-05,0.0,0.0,0.0,2025-02-20,-0.030850775720475933,-1200.0,-1.0,2025-03-07,-0.023048395436291017,-900.0,-1.0,2025-03-22,-0.010178204915756153,-400.0,-1.0,2025-04-21,-0.007623925110659371,-300.0,-1.0
2025-01-22,Wed,40000.0,40000.0,40000.0,39500.0,38000.0,37000.0,39000.0,38000.0,34900.0,34700.0,33200.0,0.0,2025-01-22,1.0,2,0,34900.0,0,34700.0,0,33200.0,39500.0,34266.666666666664,5233.333333333336,1.9295763654752698,0.007623925110659366,0.0,0.002110746454434698,0.8,2025-01-21,IS7F25,346.0,0.0,87.0,False,-0.0057637047167501294,95.06701837878728,-0.0057637047167501294,-0.017192400540372875,0.005782912678749102,0.7,0.05,1,False,True,2025-01-16,46700.0,42000.0,42400.0,-0.023281474822558643,-0.014184634991956413,-0.021004272770532125,6,True,False,-0.06136894637629213,0.033889271844877514,False,2025-01-27,0.0,0.0,0.0,2025-02-01,0.0,0.0,0.0,2025-02-06,0.0,0.0,0.0,2025-02-21,-0.030850775720475933,-1200.0,-1.0,2025-03-08,-0.023048395436291017,-900.0,-1.0,2025-03-24,-0.005076153031860661,-200.0,-1.0,2025-04-24,0.0025284463533586906,100.0,1.0
2025-01-23,Thu,40000.0,40000.0,40000.0,39500.0,38000.0,37000.0,39000.0,38000.0,35200.0,35000.0,33500.0,0.0,2025-01-23,1.0,2,0,35200.0,0,35000.0,0,33500.0,39500.0,34566.666666666664,4933.333333333336,1.282947124000074,0.005076153031860568,0.0,0.0020464446142552037,0.8,2025-01-22,IS7F25,345.0,0.0,87.0,False,-0.002894358026364526,94.79225821006246,-0.005780362915499425,-0.020086758566737344,0.0059414050779354076,0.65,0.05,1,False,True,2025-01-16,46700.0,42000.0,42400.0,-0.023281474822558643,-0.014184634991956413,-0.021004272770532125,7,True,False,-0.06136894637629213,0.05543025061533008,False,2025-01-28,0.0,0.0,0.0,2025-02-03,0.0,0.0,0.0,2025-02-10,-0.012739025777429714,-500.0,-1.0,2025-02-22,-0.030850775720475933,-1200.0,-1.0,2025-03-10,-0.023048395436291017,-900.0,-1.0,2025-03-24,-0.005076153031860661,-200.0,-1.0,2025-04-24,0.0025284463533586906,100.0,1.0
2025-01-24,Fri,40000.0,40000.0,40000.0,39500.0,38000.0,37000.0,39000.0,38000.0,35200.0,35000.0,33500.0,0.0,2025-01-24,1.0,2,0,35200.0,0,35000.0,0,33500.0,39500.0,34566.666666666664,4933.333333333336,1.2465303966144183,0.005076153031860568,0.0,0.001984101667168616,0.8,2025-01-23,IS7F25,345.0,0.0,30.0,False,0.0,94.79225821006246,-0.008658062743114541,-0.011527505171067383,0.0059188027481920525,0.65,0.05,1,False,True,2025-01-16,46700.0,42000.0,42400.0,-0.023281474822558643,-0.014184634991956413,-0.021004272770532125,8,True,False,-0.06136894637629213,0.08072317476138983,False,2025-01-29,0.0,0.0,0.0,2025-02-03,0.0,0.0,0.0,2025-02-10,-0.012739025777429714,-500.0,-1.0,2025-02-24,-0.02824321231339505,-1100.0,-1.0,2025-03-10,-0.023048395436291017,-900.0,-1.0,2025-03-25,0.0,0.0,0.0,2025-04-24,0.0025284463533586906,100.0,1.0
2025-01-27,Mon,40000.0,40000.0,40000.0,39500.0,38000.0,37000.0,39000.0,38000.0,35200.0,35000.0,33500.0,0.0,2025-01-27,3.0,2,0,35200.0,0,35000.0,0,33500.0,39500.0,34566.666666666664,4933.333333333336,1.2063450810459515,0.0,0.0,0.0019236579373998913,0.8,2025-01-24,IS7F25,344.0,0.0,87.0,False,-0.002902759657961351,94.51749804133766,-0.002902759657961351,-0.008683122573460881,0.005467974076197443,0.65,0.05,3,False,True,2025-01-16,46700.0,42000.0,42400.0,-0.023281474822558643,-0.014184634991956413,-0.021004272770532125,11,True,False,-0.06136894637629213,0.11738867229218337,False,2025-02-01,0.0,0.0,0.0,2025-02-06,0.0,0.0,0.0,2025-02-12,-0.012739025777429714,-500.0,-1.0,2025-02-26,-0.02564243061333767,-1000.0,-1.0,2025-03-13,-0.023048395436291017,-900.0,-1.0,2025-03-28,0.0050505157860685716,200.0,1.0,2025-04-28,-0.007623925110659371,-300.0,-1.0
2025-01-28,Tue,40000.0,40000.0,40000.0,39500.0,38000.0,37000.0,39000.0,38000.0,35200.0,35000.0,33500.0,0.0,2025-01-28,1.0,2,0,35200.0,0,35000.0,0,33500.0,39500.0,34566.666666666664,4933.333333333336,1.1656779360971237,0.0,0.0,0.001865055567138499,0.8,2025-01-27,IS7G25,349.0,0.0,87.0,True,,94.51749804133766,,,,0.6,0.05,1,False,True,2025-01-27,47000.0,41900.0,42300.0,-0.01687803778735175,-0.016568426347232705,-0.03256101604931219,1,False,True,-0.058985155021015825,0.30540778372515587,False,2025-02-03,0.0,0.0,0.0,2025-02-10,-0.012739025777429714,-500.0,-1.0,2025-02-12,-0.012739025777429714,-500.0,-1.0,2025-02-27,-0.02564243061333767,-1000.0,-1.0,2025-03-15,-0.023048395436291017,-900.0,-1.0,2025-03-29,0.0050505157860685716,200.0,1.0,2025-04-28,-0.007623925110659371,-300.0,-1.0
2025-01-29,Wed,40000.0,40000.0,40000.0,39500.0,38000.0,37000.0,39000.0,38000.0,35400.0,35200.0,33700.0,0.0,2025-01-29,1.0,2,0,35400.0,0,35200.0,0,33700.0,39500.0,34766.666666666664,4733.333333333336,0.7551991078276553,0.0,0.0,0.0018082384611558977,0.8,2025-01-28,IS7G25,354.0,0.0,87.0,False,0.01422499093134726,95.87161692445136,,,,0.6,0.05,1,False,True,2025-01-28,47100.0,42200.0,42300.0,-0.014752638475038183,-0.025732413966478015,-0.03256101604931219,1,False,True,-0.06611954913488999,-0.17467977470973597,False,2025-02-03,0.0,0.0,0.0,2025-02-10,-0.012739025777429714,-500.0,-1.0,2025-02-13,-0.012739025777429714,-500.0,-1.0,2025-02-28,-0.02564243061333767,-1000.0,-1.0,2025-03-15,-0.023048395436291017,-900.0,-1.0,2025-03-31,0.01007565198874164,400.0,1.0,2025-04-29,-0.012739025777429714,-500.0,-1.0
2025-01-30,Thu,40000.0,40000.0,40000.0,39500.0,38000.0,37000.0,39000.0,38000.0,35400.0,35200.0,33700.0,0.0,2025-01-30,1.0,2,0,35400.0,0,35200.0,0,33700.0,39500.0,34766.666666666664,4733.333333333336,0.7339286325194843,0.0,0.0,0.001753152233110189,0.8,2025-01-29,IS7G25,356.0,0.0,87.0,False,0.005633817718256064,96.41326447769686,,,,0.6,0.05,1,False,True,2025-01-29,47100.0,42200.0,42600.0,-0.008456710018223509,-0.03263692931302255,-0.032335380642936465,1,False,True,-0.06611954913488999,-0.15787916417000952,False,2025-02-04,0.0,0.0,0.0,2025-02-10,-0.012739025777429714,-500.0,-1.0,2025-02-14,-0.01788042527784841,-700.0,-1.0,2025-03-01,-0.02564243061333767,-1000.0,-1.0,2025-03-17,-0.023048395436291017,-900.0,-1.0,2025-03-31,0.01007565198874164,400.0,1.0,2025-04-30,-0.012739025777429714,-500.0,-1.0
2025-01-31,Fri,40000.0,40000.0,40000.0,39500.0,38000.0,37000.0,39000.0,38000.0,35400.0,35200.0,33700.0,0.0,2025-01-31,1.0,2,0,35400.0,0,35200.0,0,33700.0,39500.0,34766.666666666664,4733.333333333336,0.7130650975764067,0.0,0.0,0.0016997441534865438,0.8,2025-01-30,IS7G25,360.0,0.0,10.0,False,0.011173300598125255,97.49655958418784,,,,0.6,0.05,1,False,True,2025-01-29,47100.0,42200.0,42600.0,-0.008456710018223509,-0.03263692931302255,-0.032335380642936465,2,False,True,-0.06611954913488999,-0.14405587010619414,False,2025-02-05,0.0,0.0,0.0,2025-02-10,-0.012739025777429714,-500.0,-1.0,2025-02-17,-0.02564243061333767,-1000.0,-1.0,2025-03-03,-0.02564243061333767,-1000.0,-1.0,2025-03-17,-0.023048395436291017,-900.0,-1.0,2025-04-01,0.015075662405447396,600.0,1.0,2025-05-01,-0.012739025777429714,-500.0,-1.0
2025-02-01,Sat,40000.0,40000.0,40000.0,39500.0,38000.0,37000.0,39000.0,38000.0,35400.0,35200.0,33700.0,0.0,2025-02-01,1.0,2,0,35400.0,0,35200.0,0,33700.0,39500.0,34766.666666666664,4733.333333333336,0.6977447037794998,0.0,0.0,0.0016479630991235773,0.8,2025-01-31,IS7G25,360.0,0.0,77.0,False,0.0,97.49655958418784,,,,0.6,0.05,1,False,True,2025-01-29,47100.0,42200.0,42600.0,-0.008456710018223509,-0.03263692931302255,-0.032335380642936465,3,False,True,-0.06611954913488999,-0.1301473369497897,False,2025-02-06,0.0,0.0,0.0,2025-02-12,-0.012739025777429714,-500.0,-1.0,2025-02-17,-0.02564243061333767,-1000.0,-1.0,2025-03-03,-0.02564243061333767,-1000.0,-1.0,2025-03-18,-0.023048395436291017,-900.0,-1.0,2025-04-02,0.015075662405447396,600.0,1.0,2025-05-02,-0.012739025777429714,-500.0,-1.0
2025-02-03,Mon,40000.0,40000.0,40000.0,39500.0,38000.0,37000.0,39000.0,38000.0,35100.0,34900.0,33400.0,0.0,2025-02-03,2.0,2,0,35100.0,0,34900.0,0,33400.0,39500.0,34466.666666666664,5033.333333333336,1.2309051134880868,0.0,0.0,0.001597759504277351,0.8,2025-01-31,IS7G25,360.0,0.0,77.0,False,0.0,97.49655958418784,,,,0.6,0.05,3,False,True,2025-01-29,47100.0,42200.0,42600.0,-0.008456710018223509,-0.03263692931302255,-0.032335380642936465,5,True,False,-0.06611954913488999,-0.11126910742342717,False,2025-02-10,-0.012739025777429714,-500.0,-1.0,2025-02-13,-0.012739025777429714,-500.0,-1.0,2025-02-18,-0.030850775720475933,-1200.0,-1.0,2025-03-05,-0.02564243061333767,-1000.0,-1.0,2025-03-20,-0.015306421282675545,-600.0,-1.0,2025-04-04,0.025001302205417186,1000.0,1.0,2025-05-05,-0.012739025777429714,-500.0,-1.0
2025-02-04,Tue,40000.0,40000.0,40000.0,39500.0,38000.0,37000.0,39000.0,38000.0,35000.0,34800.0,33300.0,0.0,2025-02-04,1.0,2,0,35000.0,0,34800.0,0,33300.0,39500.0,34366.666666666664,5133.333333333336,1.372819237646577,0.0,0.0,0.0015490853131761627,0.8,2025-02-03,IS7G25,360.0,0.0,77.0,False,0.0,97.49655958418784,0.03103210924772846,,,0.6,0.05,1,False,True,2025-02-03,47300.0,41300.0,42300.0,0.0,-0.047290135041457106,-0.03712723402889334,1,False,True,-0.0445618280599109,1.483409489090075,False,2025-02-10,-0.012739025777429714,-500.0,-1.0,2025-02-14,-0.01788042527784841,-700.0,-1.0,2025-02-19,-0.030850775720475933,-1200.0,-1.0,2025-03-06,-0.023048395436291017,-900.0,-1.0,2025-03-21,-0.010178204915756153,-400.0,-1.0,2025-04-05,0.022529113060028104,900.0,1.0,2025-05-05,-0.012739025777429714,-500.0,-1.0
2025-02-05,Wed,40000.0,40000.0,40000.0,39500.0,38000.0,37000.0,39000.0,38000.0,34700.0,34500.0,33000.0,0.0,2025-02-05,1.0,2,0,34700.0,0,34500.0,0,33000.0,39500.0,34066.666666666664,5433.333333333336,1.8658493821431428,0.0,0.0,0.0015018939340207098,0.8,2025-02-04,IS7G25,359.0,0.0,77.0,False,-0.0027816429618768026,97.2257358075651,0.014025475354504458,,,0.6,0.05,1,False,True,2025-02-04,47500.0,41300.0,41800.0,0.008456710018223458,-0.03800932596698417,-0.035256295477733485,1,False,True,-0.0445618280599109,1.4661298188162684,False,2025-02-10,-0.012739025777429714,-500.0,-1.0,2025-02-17,-0.02564243061333767,-1000.0,-1.0,2025-02-20,-0.030850775720475933,-1200.0,-1.0,2025-03-07,-0.023048395436291017,-900.0,-1.0,2025-03-22,-0.010178204915756153,-400.0,-1.0,2025-04-07,0.022529113060028104,900.0,1.0,2025-05-06,-0.012739025777429714,-500.0,-1.0
2025-02-06,Thu,40000.0,40000.0,40000.0,39500.0,38000.0,37000.0,39000.0,38000.0,34700.0,34500.0,33000.0,0.0,2025-02-06,1.0,2,0,34700.0,0,34500.0,0,33000.0,39500.0,34066.666666666664,5433.333333333336,1.7811847366639415,0.0,0.0,0.0014561401943855928,0.85,2025-02-05,IS7G25,359.0,0.0,77.0,False,0.0,97.2257358075651,0.00839165763624838,,,0.6,0.05,1,False,True,2025-02-04,47500.0,41300.0,41800.0,0.008456710018223458,-0.03800932596698417,-0.035256295477733485,2,False,True,-0.0445618280599109,1.4301171757666726,False,2025-02-12,-0.012739025777429714,-500.0,-1.0,2025-02-17,-0.02564243061333767,-1000.0,-1.0,2025-02-21,-0.030850775720475933,-1200.0,-1.0,2025-03-08,-0.023048395436291017,-900.0,-1.0,2025-03-24,-0.005076153031860661,-200.0,-1.0,2025-04-07,0.022529113060028104,900.0,1.0,2025-05-07,-0.007623925110659371,-300.0,-1.0
2025-02-10,Mon,39500.0,39500.0,39500.0,39000.0,37500.0,36000.0,38000.0,37000.0,34900.0,34700.0,33200.0,-500.0,2025-02-10,4.0,2,0,34900.0,0,34700.0,0,33200.0,39000.0,34266.666666666664,4733.333333333336,0.48978574508070216,-0.012739025777429714,-0.012739025777429802,0.0014117802979794671,0.9,2025-02-07,IS7G25,358.0,0.0,77.0,False,-0.0027894020875785254,96.95491203094235,-0.00557104504945536,,0.006174941841621631,0.55,0.05,3,False,True,2025-02-07,47300.0,41400.0,41800.0,0.0042372944755152174,-0.026223195099102443,-0.035256295477733485,3,False,True,-0.05971923470162231,0.3281455913285251,False,2025-02-17,-0.012903404835907841,-500.0,-1.0,2025-02-20,-0.01811174994304617,-700.0,-1.0,2025-02-25,-0.012903404835907841,-500.0,-1.0,2025-03-12,-0.010309369658861213,-400.0,-1.0,2025-03-27,0.01778954156349824,700.0,1.0,2025-04-11,0.03278982282299097,1300.0,1.0,2025-05-12,0.010204170174241668,400.0,1.0
2025-02-12,Wed,39500.0,39500.0,39500.0,39000.0,37500.0,36000.0,38000.0,36700.0,34700.0,34500.0,33000.0,0.0,2025-02-12,2.0,2,0,34700.0,0,34500.0,0,33000.0,39000.0,34066.666666666664,4933.333333333336,0.8177706252195049,-0.012739025777429714,0.0,0.003407418797074771,0.9,2025-02-11,IS7G25,357.0,0.0,77.0,False,-0.002797204621061254,96.6840882543196,-0.005586606708639823,0.008438868645864604,0.005865384688513155,0.6,0.0,1,False,True,2025-02-10,47600.0,42200.0,42300.0,0.010559760215002253,0.009523881511255541,-0.016413029641330144,2,False,True,-0.0788585749123197,-1.0164849481555813,True,2025-02-17,-0.012903404835907841,-500.0,-1.0,2025-02-22,-0.01811174994304617,-700.0,-1.0,2025-02-27,-0.012903404835907841,-500.0,-1.0,2025-03-15,-0.010309369658861213,-400.0,-1.0,2025-03-29,0.01778954156349824,700.0,1.0,2025-04-14,0.03278982282299097,1300.0,1.0,2025-05-14,0.010204170174241668,400.0,1.0
2025-02-13,Thu,39500.0,39500.0,39500.0,39000.0,37500.0,36000.0,38000.0,36700.0,34700.0,34500.0,33000.0,0.0,2025-02-13,1.0,2,0,34700.0,0,34500.0,0,33000.0,39000.0,34066.666666666664,4933.333333333336,0.7898143384834347,-0.012739025777429714,0.0,0.003303615093672229,0.95,2025-02-12,IS7G25,358.0,0.0,77.0,False,0.002797204621061219,96.95491203094235,-0.0027894020875785254,0.0056022555486697516,0.004381828045741475,0.6,0.0,1,False,True,2025-02-12,47700.0,41900.0,42300.0,0.021187233219443845,0.0,-0.00236127618567982,1,False,True,-0.07172418079844561,-0.48186287792568894,True,2025-02-18,-0.01811174994304617,-700.0,-1.0,2025-02-24,-0.015504186535965199,-600.0,-1.0,2025-02-28,-0.012903404835907841,-500.0,-1.0,2025-03-15,-0.010309369658861213,-400.0,-1.0,2025-03-31,0.022814677766171264,900.0,1.0,2025-04-14,0.03278982282299097,1300.0,1.0,2025-05-14,0.010204170174241668,400.0,1.0
2025-02-14,Fri,39300.0,39300.0,39300.0,38800.0,37300.0,35800.0,37900.0,36700.0,34500.0,34300.0,32800.0,-200.0,2025-02-14,1.0,2,0,34500.0,0,34300.0,0,32800.0,38800.0,33866.666666666664,4933.333333333336,0.7637350349133006,-0.01788042527784841,-0.005141399500418586,0.0032029736692502845,0.95,2025-02-13,IS7G25,358.0,0.0,10.0,False,0.0,96.95491203094235,-0.0027894020875785254,-0.00557104504945536,0.004121368819141482,0.55,0.0,1,False,True,2025-02-13,47700.0,41800.0,42300.0,0.021187233219443845,-0.002389487397381467,-0.00236127618567982,1,False,True,-0.07447609290148292,-0.6626959514731176,True,2025-02-19,-0.012970350442627404,-500.0,-1.0,2025-02-24,-0.010362787035546547,-400.0,-1.0,2025-03-01,-0.007762005335489189,-300.0,-1.0,2025-03-17,-0.005167970158442561,-200.0,-1.0,2025-03-31,0.027956077266589916,1100.0,1.0,2025-04-15,0.032956087683295845,1300.0,1.0,2025-05-16,0.01534556967466032,600.0,1.0
2025-02-17,Mon,39000.0,39000.0,39000.0,38500.0,37000.0,35500.0,37500.0,36200.0,34200.0,34000.0,32500.0,-300.0,2025-02-17,3.0,2,0,34200.0,0,34000.0,0,32500.0,38500.0,33566.666666666664,4933.333333333336,0.7381585520812382,-0.02564243061333767,-0.007762005335489874,0.003351050169085844,0.9,2025-02-14,IS7G25,358.0,0.0,77.0,False,0.0,96.95491203094235,0.0,-0.00557104504945536,0.0017658285642034967,0.55,0.0,3,False,True,2025-02-14,47600.0,41500.0,42200.0,0.019088596562522618,-0.01197619104671565,-0.004728141195946012,3,False,True,-0.07503518594291408,-0.6845933938894992,True,2025-02-22,-0.005208345107138235,-200.0,-1.0,2025-02-27,0.0,0.0,0.0,2025-03-04,0.0,0.0,0.0,2025-03-19,0.002594035177046528,100.0,1.0,2025-04-03,0.048171543673365756,1900.0,1.0,2025-04-18,0.028170876966696224,1100.0,1.0,2025-05-19,0.018018505502678212,700.0,1.0
2025-02-18,Tue,38800.0,38800.0,38800.0,38300.0,37000.0,35300.0,37400.0,36200.0,34200.0,34000.0,32500.0,-200.0,2025-02-18,1.0,2,0,34200.0,0,34000.0,0,32500.0,38340.0,33566.666666666664,4773.333333333336,0.43064410571570955,-0.030850775720475933,-0.0052083451071389675,0.0037643975097320483,0.85,2025-02-14,IS7G25,358.0,0.0,77.0,False,0.0,96.95491203094235,0.0,-0.00557104504945536,0.0017658285642034967,0.55,0.0,4,False,True,2025-02-17,47500.0,41500.0,42000.0,0.010582109330537008,-0.009592399691439409,-0.0071174677688639896,1,False,True,-0.08024353105005236,-1.0272128266763951,True,2025-02-24,0.0026075634070807695,100.0,1.0,2025-02-28,0.00520834510713826,200.0,1.0,2025-03-05,0.00520834510713826,200.0,1.0,2025-03-20,0.015544354437800379,600.0,1.0,2025-04-04,0.05585207792589321,2200.0,1.0,2025-04-21,0.023226850609816555,900.0,1.0,2025-05-19,0.023226850609816555,900.0,1.0
2025-02-19,Wed,38800.0,38800.0,38800.0,38300.0,37000.0,35300.0,37400.0,36200.0,34400.0,34200.0,32700.0,0.0,2025-02-19,1.0,2,0,34400.0,0,34200.0,0,32700.0,38340.0,33766.666666666664,4573.333333333336,0.05338306899636536,-0.030850775720475933,0.0,0.0038662719536917915,0.8,2025-02-18,IS7G25,358.0,0.0,77.0,False,0.0,96.95491203094235,0.0,-0.00557104504945536,0.0017658285642034967,0.5,0.0,1,False,True,2025-02-17,47500.0,41500.0,42000.0,0.010582109330537008,-0.009592399691439409,-0.0071174677688639896,2,False,True,-0.08024353105005236,-0.9938553061475979,True,2025-02-24,0.0026075634070807695,100.0,1.0,2025-03-01,0.00520834510713826,200.0,1.0,2025-03-06,0.0078023802841848,300.0,1.0,2025-03-21,0.020672570804719882,800.0,1.0,2025-04-05,0.05337988878050402,2100.0,1.0,2025-04-21,0.023226850609816555,900.0,1.0,2025-05-20,0.018111749943046103,700.0,1.0
2025-02-20,Thu,38800.0,38800.0,38800.0,38300.0,37000.0,35300.0,37300.0,36100.0,34400.0,34200.0,32700.0,0.0,2025-02-20,1.0,2,0,34400.0,0,34200.0,0,32700.0,38340.0,33766.666666666664,4573.333333333336,0.03475679834632768,-0.01811174994304617,0.0,0.003748489734641075,0.8,2025-02-19,IS7G25,358.0,0.0,77.0,False,0.0,96.95491203094235,0.002797204621061219,-0.0027894020875785254,0.0017658285642034967,0.5,0.0,1,False,True,2025-02-19,47400.0,41300.0,41800.0,0.0063492276786587445,-0.021557721074979105,-0.011890746521521674,1,False,True,-0.07541260378038675,-0.6177907638853729,True,2025-02-25,0.00520834510713826,200.0,1.0,2025-03-03,0.00520834510713826,200.0,1.0,2025-03-07,0.0078023802841848,300.0,1.0,2025-03-22,0.020672570804719882,800.0,1.0,2025-04-07,0.05337988878050402,2100.0,1.0,2025-04-21,0.023226850609816555,900.0,1.0,2025-05-21,0.012970350442627405,500.0,1.0
2025-02-21,Fri,38800.0,38800.0,38800.0,38300.0,37000.0,35300.0,37300.0,36100.0,34400.0,34200.0,32700.0,0.0,2025-02-21,1.0,2,0,34400.0,0,34200.0,0,32700.0,38340.0,33766.666666666664,4573.333333333336,0.015750520234050845,-0.01811174994304617,0.0,0.0036342956364702837,0.8,2025-02-20,IS7G25,357.0,0.0,10.0,False,-0.002797204621061254,96.6840882543196,-0.002797204621061254,-0.005586606708639823,0.0015864493895258135,0.5,0.0,1,False,True,2025-02-19,47400.0,41300.0,41800.0,0.0063492276786587445,-0.021557721074979105,-0.011890746521521674,2,False,True,-0.07541260378038675,-0.5929796791108354,True,2025-02-26,0.00520834510713826,200.0,1.0,2025-03-03,0.00520834510713826,200.0,1.0,2025-03-08,0.0078023802841848,300.0,1.0,2025-03-24,0.025774622688615155,1000.0,1.0,2025-04-07,0.05337988878050402,2100.0,1.0,2025-04-24,0.03337922207383461,1300.0,1.0,2025-05-22,0.0078023802841848,300.0,1.0
2025-02-22,Sat,38800.0,38800.0,38800.0,38300.0,37000.0,35300.0,37300.0,36000.0,34400.0,34200.0,32700.0,0.0,2025-02-22,1.0,2,0,34400.0,0,34200.0,0,32700.0,38340.0,33766.666666666664,4573.333333333336,-0.008636381640623277,-0.01811174994304617,0.0,0.0035235803505626103,0.8,2025-02-21,IS7G25,357.0,0.0,77.0,False,0.0,96.6840882543196,-0.002797204621061254,-0.005586606708639823,0.001768012306101739,0.55,0.0,1,False,True,2025-02-21,47300.0,41400.0,42400.0,0.0042372944755152174,-0.019139340210697395,-0.004705891037412617,1,False,True,-0.0778309846446684,-0.7450629191952755,True,2025-02-27,0.00520834510713826,200.0,1.0,2025-03-04,0.00520834510713826,200.0,1.0,2025-03-10,0.0078023802841848,300.0,1.0,2025-03-24,0.025774622688615155,1000.0,1.0,2025-04-08,0.04592643812592321,1800.0,1.0,2025-04-24,0.03337922207383461,1300.0,1.0,2025-05-23,0.0078023802841848,300.0,1.0
2025-02-24,Mon,38900.0,38900.0,38900.0,38400.0,37100.0,35400.0,37400.0,36100.0,34700.0,34500.0,33000.0,100.0,2025-02-24,2.0,2,0,34700.0,0,34500.0,0,33000.0,38440.0,34066.666666666664,4373.333333333336,-0.409331563656523,-0.010362787035546547,0.002607563407082125,0.0034162378982820667,0.8,2025-02-21,IS7G25,357.0,0.0,77.0,False,0.0,96.6840882543196,-0.002797204621061254,-0.005586606708639823,0.001768012306101739,0.55,0.0,3,False,True,2025-02-22,47300.0,41400.0,42400.0,0.0,0.0024183808642816527,0.0023612761856796854,2,False,True,-0.07522342123758752,-0.5273753180492954,True,2025-03-01,0.0026007817000574403,100.0,1.0,2025-03-06,0.00519481687710393,200.0,1.0,2025-03-11,0.00519481687710393,200.0,1.0,2025-03-26,0.02824321231339494,1100.0,1.0,2025-04-10,0.0458095360312942,1800.0,1.0,2025-04-28,0.02061928720273561,800.0,1.0,2025-05-26,0.00519481687710393,200.0,1.0
2025-02-25,Tue,39000.0,39000.0,39000.0,38500.0,37200.0,35500.0,37500.0,36200.0,34700.0,34500.0,33000.0,100.0,2025-02-25,1.0,2,0,34700.0,0,34500.0,0,33000.0,38540.0,34066.666666666664,4473.333333333336,-0.2490439992096011,-0.007762005335489189,0.0026007817000568423,0.0033731889526553913,0.75,2025-02-24,IS7H25,364.0,0.0,77.0,True,,96.6840882543196,,,,0.5,0.0,1,False,True,2025-02-22,47300.0,41400.0,42400.0,0.0,0.0024183808642816527,0.0023612761856796854,3,False,True,-0.07262263953753013,-0.30794654201682153,False,2025-03-03,0.0,0.0,0.0,2025-03-07,0.002594035177046528,100.0,1.0,2025-03-12,0.002594035177046528,100.0,1.0,2025-03-27,0.030692946399406198,1200.0,1.0,2025-04-11,0.04569322765889877,1800.0,1.0,2025-04-28,0.018018505502678212,700.0,1.0,2025-05-26,0.002594035177046528,100.0,1.0
2025-02-26,Wed,39000.0,39000.0,39000.0,38500.0,37200.0,35500.0,37500.0,36200.0,34700.0,34500.0,33000.0,0.0,2025-02-26,1.0,2,0,34700.0,0,34500.0,0,33000.0,38540.0,34066.666666666664,4473.333333333336,-0.2825400715690542,-0.007762005335489189,0.0,0.0033318978698000973,0.7,2025-02-25,IS7H25,364.0,0.0,77.0,False,0.0,96.6840882543196,,,,0.55,0.0,1,False,True,2025-02-25,47800.0,42000.0,42600.0,0.006295928456814831,0.01680711831638119,0.018957913744614207,1,False,True,-0.08701137698962981,-1.380948277093164,False,2025-03-03,0.0,0.0,0.0,2025-03-08,0.002594035177046528,100.0,1.0,2025-03-13,0.002594035177046528,100.0,1.0,2025-03-28,0.030692946399406198,1200.0,1.0,2025-04-12,0.04569322765889877,1800.0,1.0,2025-04-28,0.018018505502678212,700.0,1.0,2025-05-27,-0.0026007817000573675,-100.0,-1.0
2025-02-27,Thu,39000.0,39000.0,39000.0,38500.0,37200.0,35500.0,37500.0,36200.0,34900.0,34700.0,33200.0,0.0,2025-02-27,1.0,2,0,34900.0,0,34700.0,0,33200.0,38540.0,34266.666666666664,4273.333333333336,-0.712287296129124,0.0,0.0,0.003230394838079661,0.7,2025-02-26,IS7H25,364.0,0.0,77.0,False,0.0,96.6840882543196,,,,0.55,0.0,1,False,True,2025-02-25,47800.0,42000.0,42600.0,0.006295928456814831,0.01680711831638119,0.018957913744614207,2,False,True,-0.08701137698962981,-1.3420817854689249,False,2025-03-04,0.0,0.0,0.0,2025-03-10,0.002594035177046528,100.0,1.0,2025-03-15,0.002594035177046528,100.0,1.0,2025-03-29,0.030692946399406198,1200.0,1.0,2025-04-14,0.04569322765889877,1800.0,1.0,2025-04-28,0.018018505502678212,700.0,1.0,2025-05-28,-0.010443959161083262,-400.0,-1.0
2025-02-28,Fri,39000.0,39000.0,39000.0,38500.0,37200.0,35500.0,37500.0,36200.0,34900.0,34700.0,33200.0,0.0,2025-02-28,1.0,2,0,34900.0,0,34700.0,0,33200.0,38540.0,34266.666666666664,4273.333333333336,-0.7122872961291258,0.00520834510713826,0.0,0.003131983997612091,0.7,2025-02-27,IS7H25,364.0,0.0,10.0,False,0.0,96.6840882543196,,,,0.55,0.0,1,False,True,2025-02-27,48000.0,42400.0,42800.0,0.014690715410003592,0.023867481406643486,0.023641763057040494,1,False,True,-0.09649012094417349,-2.0453718606299405,False,2025-03-05,0.0,0.0,0.0,2025-03-10,0.002594035177046528,100.0,1.0,2025-03-15,0.002594035177046528,100.0,1.0,2025-03-31,0.035718082602079246,1400.0,1.0,2025-04-14,0.04569322765889877,1800.0,1.0,2025-04-29,0.012903404835907782,500.0,1.0,2025-05-29,-0.01570712920535788,-600.0,-1.0
2025-03-01,Sat,39000.0,39000.0,39000.0,38500.0,37200.0,35500.0,37500.0,36200.0,34900.0,34700.0,33200.0,0.0,2025-03-01,1.0,2,0,34900.0,0,34700.0,0,33200.0,38540.0,34266.666666666664,4273.333333333336,-0.7122872961291258,0.00520834510713826,0.0,0.003036571147794881,0.7,2025-02-28,IS7H25,364.0,0.0,70.0,False,0.0,96.6840882543196,,,,0.55,0.0,1,False,True,2025-02-27,48000.0,42400.0,42800.0,0.014690715410003592,0.023867481406643486,0.023641763057040494,2,False,True,-0.09649012094417349,-1.9559075720691566,False,2025-03-06,0.002594035177046528,100.0,1.0,2025-03-11,0.002594035177046528,100.0,1.0,2025-03-17,0.002594035177046528,100.0,1.0,2025-03-31,0.035718082602079246,1400.0,1.0,2025-04-15,0.04071809301878498,1600.0,1.0,2025-04-30,0.012903404835907782,500.0,1.0,2025-05-30,-0.02099814683977347,-800.0,-1.0
2025-03-03,Mon,39000.0,39000.0,39000.0,38500.0,37200.0,35500.0,37500.0,36200.0,34900.0,34700.0,33200.0,0.0,2025-03-03,2.0,2,0,34900.0,0,34700.0,0,33200.0,38540.0,34266.666666666664,4273.333333333336,-0.7031110067216423,0.00520834510713826,0.0,0.0029440649577553656,0.7,2025-02-28,IS7H25,364.0,0.0,70.0,False,0.0,96.6840882543196,,,,0.55,0.0,3,False,True,2025-02-27,48000.0,42400.0,42800.0,0.014690715410003592,0.023867481406643486,0.023641763057040494,4,False,True,-0.09649012094417349,-1.8757309586475717,False,2025-03-08,0.002594035177046528,100.0,1.0,2025-03-13,0.002594035177046528,100.0,1.0,2025-03-18,0.002594035177046528,100.0,1.0,2025-04-02,0.04071809301878498,1600.0,1.0,2025-04-17,0.03320867099665339,1300.0,1.0,2025-05-02,0.012903404835907782,500.0,1.0,2025-06-02,-0.026317308317373417,-1000.0,-1.0
2025-03-04,Tue,39000.0,39000.0,39000.0,38500.0,37200.0,35500.0,37500.0,36200.0,34900.0,34700.0,33200.0,0.0,2025-03-04,1.0,2,0,34900.0,0,34700.0,0,33200.0,38540.0,34266.666666666664,4273.333333333336,-0.703111006721646,0.00520834510713826,0.0,0.0028543768789271885,0.7,2025-03-03,IS7H25,364.0,0.0,70.0,False,0.0,96.6840882543196,0.0,,,0.55,0.0,1,False,True,2025-03-03,48500.0,42100.0,42600.0,0.018731036706063128,-0.0023724803536303565,0.007067167223092353,1,False,True,-0.08938949939459714,-1.2697508760044514,False,2025-03-10,0.002594035177046528,100.0,1.0,2025-03-15,0.002594035177046528,100.0,1.0,2025-03-19,0.002594035177046528,100.0,1.0,2025-04-03,0.048171543673365756,1900.0,1.0,2025-04-18,0.028170876966696224,1100.0,1.0,2025-05-05,0.012903404835907782,500.0,1.0,2025-06-02,-0.026317308317373417,-1000.0,-1.0
2025-03-05,Wed,39000.0,39000.0,39000.0,38500.0,37200.0,35500.0,37500.0,36200.0,35000.0,34800.0,33300.0,0.0,2025-03-05,1.0,2,0,35000.0,0,34800.0,0,33300.0,38540.0,34366.666666666664,4173.333333333336,-0.894820117515105,0.00520834510713826,0.0,0.0027674210602900433,0.7,2025-03-04,IS7H25,364.0,0.0,70.0,False,0.0,96.6840882543196,0.0,,,0.55,0.0,1,False,True,2025-03-04,48500.0,42100.0,42700.0,0.01663240004914205,0.004761913760243785,0.009411834182346597,1,False,True,-0.08938949939459714,-1.2260672415323939,False,2025-03-10,0.002594035177046528,100.0,1.0,2025-03-15,0.002594035177046528,100.0,1.0,2025-03-20,0.010336009330662073,400.0,1.0,2025-04-04,0.050643732818754936,2000.0,1.0,2025-04-21,0.018018505502678212,700.0,1.0,2025-05-05,0.012903404835907782,500.0,1.0,2025-06-03,-0.026317308317373417,-1000.0,-1.0
2025-03-06,Thu,39100.0,39100.0,39100.0,38600.0,37300.0,35600.0,37600.0,36300.0,35200.0,35000.0,33500.0,100.0,2025-03-06,1.0,2,0,35200.0,0,35000.0,0,33500.0,38640.0,34566.666666666664,4073.3333333333358,-1.0893212802647292,0.00519481687710393,0.0025940351770472603,0.0026831142661915565,0.7,2025-03-05,IS7H25,365.0,0.0,70.0,False,0.002743485945750834,96.94970388139191,0.002743485945750834,,,0.55,0.0,1,False,True,2025-03-05,48500.0,42300.0,42900.0,0.01663240004914205,0.011890746521521554,0.014084739881739023,1,False,True,-0.09153480958144712,-1.3442010935195958,False,2025-03-11,0.0,0.0,0.0,2025-03-17,0.0,0.0,0.0,2025-03-21,0.012870190520534956,500.0,1.0,2025-04-05,0.045577508496319155,1800.0,1.0,2025-04-21,0.01542447032563173,600.0,1.0,2025-05-05,0.010309369658861287,400.0,1.0,2025-06-04,-0.028911343494420035,-1100.0,-1.0
2025-03-07,Fri,39100.0,39100.0,39100.0,38600.0,37300.0,35600.0,37600.0,36300.0,35200.0,35000.0,33500.0,0.0,2025-03-07,1.0,2,0,35200.0,0,35000.0,0,33500.0,38640.0,34566.666666666664,4073.3333333333358,-1.0971027765767334,0.002594035177046528,0.0,0.002677853085122433,0.65,2025-03-06,IS7H25,368.0,3.0,73.0,False,0.008185584586439502,97.74655076260885,0.01092907053219023,,0.0010369402196939352,0.5,0.0,1,False,True,2025-03-06,48900.0,42300.0,42800.0,0.026944635243451927,0.019093658815579603,0.014117881545785022,1,False,True,-0.09153480958144712,-1.2977861791783596,False,2025-03-12,0.0,0.0,0.0,2025-03-17,0.0,0.0,0.0,2025-03-22,0.012870190520534956,500.0,1.0,2025-04-07,0.045577508496319155,1800.0,1.0,2025-04-21,0.01542447032563173,600.0,1.0,2025-05-06,0.010309369658861287,400.0,1.0,2025-06-06,-0.028911343494420035,-1100.0,-1.0
2025-03-08,Sat,39100.0,39100.0,39100.0,38600.0,37300.0,35600.0,37600.0,36300.0,35200.0,35000.0,33500.0,0.0,2025-03-08,1.0,2,0,35200.0,0,35000.0,0,33500.0,38640.0,34566.666666666664,4073.3333333333358,-1.1049789804038541,0.002594035177046528,0.0,0.0025962748923736385,0.7,2025-03-07,IS7H25,368.0,0.0,73.0,False,0.0,97.74655076260885,0.01092907053219023,,0.002917923364290076,0.55,0.0,1,False,True,2025-03-07,48900.0,42400.0,42900.0,0.029047685440230817,0.021454935001259466,0.021202207650602906,1,False,True,-0.09389608576712694,-1.4298395991580612,False,2025-03-13,0.0,0.0,0.0,2025-03-18,0.0,0.0,0.0,2025-03-24,0.017972242404430436,700.0,1.0,2025-04-07,0.045577508496319155,1800.0,1.0,2025-04-24,0.025576841789649776,1000.0,1.0,2025-05-07,0.01542447032563173,600.0,1.0,2025-06-06,-0.028911343494420035,-1100.0,-1.0
2025-03-10,Mon,39100.0,39100.0,39100.0,38600.0,37300.0,35600.0,37600.0,36300.0,35200.0,35000.0,33500.0,0.0,2025-03-10,2.0,2,0,35200.0,0,35000.0,0,33500.0,38640.0,34566.666666666664,4073.3333333333358,-1.1423847281494435,0.002594035177046528,0.0,0.002517181900015087,0.7,2025-03-07,IS7H25,368.0,0.0,73.0,False,0.0,97.74655076260885,0.01092907053219023,,0.002917923364290076,0.55,0.0,3,False,True,2025-03-07,48900.0,42400.0,42900.0,0.029047685440230817,0.021454935001259466,0.021202207650602906,3,False,True,-0.09389608576712694,-1.3814789562899505,False,2025-03-15,0.0,0.0,0.0,2025-03-20,0.007741974153615459,300.0,1.0,2025-03-25,0.02304839543629109,900.0,1.0,2025-04-09,0.040614719154190126,1600.0,1.0,2025-04-24,0.025576841789649776,1000.0,1.0,2025-05-09,0.02051353983310303,800.0,1.0,2025-06-09,-0.03963530685739575,-1500.0,-1.0
2025-03-11,Tue,39100.0,39100.0,39100.0,38600.0,37300.0,35600.0,37600.0,36300.0,35200.0,35000.0,33500.0,0.0,2025-03-11,1.0,2,0,35200.0,0,35000.0,0,33500.0,38640.0,34566.666666666664,4073.3333333333358,-1.2087713042053383,0.002594035177046528,0.0,0.00244049839883122,0.7,2025-03-10,IS7H25,367.0,0.0,73.0,False,-0.0027210901143606132,97.48093513553654,0.008207980417829582,0.008207980417829582,0.0027671937467531062,0.6,0.0,1,False,True,2025-03-10,48900.0,42100.0,42800.0,0.03115516777979548,0.019185240721348643,0.023641763057040494,1,False,True,-0.08679546421755062,-0.8347219928268181,True,2025-03-17,0.0,0.0,0.0,2025-03-21,0.012870190520534956,500.0,1.0,2025-03-26,0.02304839543629109,900.0,1.0,2025-04-10,0.040614719154190126,1600.0,1.0,2025-04-28,0.01542447032563173,600.0,1.0,2025-05-10,0.02051353983310303,800.0,1.0,2025-06-09,-0.03963530685739575,-1500.0,-1.0
2025-03-12,Wed,39100.0,39100.0,39100.0,38600.0,37300.0,35600.0,37600.0,36300.0,35200.0,35000.0,33500.0,0.0,2025-03-12,1.0,2,0,35200.0,0,35000.0,0,33500.0,38640.0,34566.666666666664,4073.3333333333358,-1.2181884390996978,0.002594035177046528,0.0,0.002366150986014182,0.75,2025-03-11,IS7H25,367.0,0.0,73.0,False,0.0,97.48093513553654,0.008207980417829582,0.008207980417829582,0.0028905544895364075,0.6,0.0,1,False,True,2025-03-11,48900.0,41900.0,43100.0,0.033267100982939,0.0120049460968234,0.016374634871790104,1,False,True,-0.08203355045730684,-0.49555853705810116,True,2025-03-17,0.0,0.0,0.0,2025-03-22,0.012870190520534956,500.0,1.0,2025-03-27,0.02809891122235965,1100.0,1.0,2025-04-11,0.04309919248185206,1700.0,1.0,2025-04-28,0.01542447032563173,600.0,1.0,2025-05-12,0.02051353983310303,800.0,1.0,2025-06-10,-0.03963530685739575,-1500.0,-1.0
2025-03-13,Thu,39100.0,39100.0,39100.0,38600.0,37300.0,35600.0,37600.0,36300.0,35200.0,35000.0,33500.0,0.0,2025-03-13,1.0,2,0,35200.0,0,35000.0,0,33500.0,38640.0,34566.666666666664,4073.3333333333358,-1.2097134752153795,0.002594035177046528,0.0,0.002294068494901347,0.8,2025-03-12,IS7H25,367.0,0.0,73.0,False,0.0,97.48093513553654,0.005464494472078745,0.008207980417829582,0.0028905544895364075,0.65,0.0,1,False,True,2025-03-11,48900.0,41900.0,43100.0,0.033267100982939,0.0120049460968234,0.016374634871790104,2,False,True,-0.08203355045730684,-0.4963538632156793,True,2025-03-18,0.0,0.0,0.0,2025-03-24,0.017972242404430436,700.0,1.0,2025-03-28,0.02809891122235965,1100.0,1.0,2025-04-12,0.04309919248185206,1700.0,1.0,2025-04-28,0.01542447032563173,600.0,1.0,2025-05-12,0.02051353983310303,800.0,1.0,2025-06-11,-0.04233436382656077,-1600.0,-1.0
2025-03-15,Sat,39100.0,39100.0,39100.0,38600.0,37300.0,35600.0,37600.0,36300.0,35200.0,35000.0,33500.0,0.0,2025-03-15,2.0,2,0,35200.0,0,35000.0,0,33500.0,38640.0,34566.666666666664,4073.3333333333358,-1.201341190131943,0.002594035177046528,0.0,0.002224181926853331,0.85,2025-03-14,IS7H25,372.0,0.0,73.0,False,0.013532006218576373,98.80901327089808,0.010810916104215676,0.02173998663640582,0.0028905544895364075,0.7,0.0,1,False,True,2025-03-13,48900.0,41900.0,42200.0,0.033267100982939,0.0120049460968234,-0.004728141195946012,2,False,True,-0.08203355045730684,-0.49065333562623226,True,2025-03-20,0.007741974153615459,300.0,1.0,2025-03-25,0.02304839543629109,900.0,1.0,2025-03-31,0.0331240474250325,1300.0,1.0,2025-04-14,0.04309919248185206,1700.0,1.0,2025-04-29,0.010309369658861287,400.0,1.0,2025-05-14,0.02051353983310303,800.0,1.0,2025-06-13,-0.03963530685739575,-1500.0,-1.0
2025-03-17,Mon,39100.0,39100.0,39100.0,38600.0,37300.0,35600.0,37600.0,36300.0,35300.0,35100.0,33600.0,0.0,2025-03-17,2.0,2,0,35300.0,0,35100.0,0,33600.0,38640.0,34666.666666666664,3973.3333333333358,-1.4253135004330526,0.0,0.0,0.0021564243852072664,0.85,2025-03-14,IS7H25,372.0,0.0,73.0,False,0.013532006218576373,98.80901327089808,0.010810916104215676,0.02173998663640582,0.0028905544895364075,0.7,0.0,3,False,True,2025-03-13,48900.0,41900.0,42200.0,0.033267100982939,0.0120049460968234,-0.004728141195946012,4,False,True,-0.08203355045730684,-0.482091527136691,True,2025-03-22,0.012870190520534956,500.0,1.0,2025-03-27,0.02809891122235965,1100.0,1.0,2025-04-01,0.038124057841738244,1500.0,1.0,2025-04-16,0.035627177643151035,1400.0,1.0,2025-05-01,0.010309369658861287,400.0,1.0,2025-05-16,0.02051353983310303,800.0,1.0,2025-06-17,-0.03963530685739575,-1500.0,-1.0
2025-03-18,Tue,39100.0,39100.0,39100.0,38600.0,37300.0,35600.0,37600.0,36300.0,35300.0,35100.0,33600.0,0.0,2025-03-18,1.0,2,0,35300.0,0,35100.0,0,33600.0,38640.0,34666.666666666664,3973.3333333333358,-1.4253135004330566,0.0,0.0,0.002090731011242131,0.85,2025-03-17,IS7H25,371.0,0.0,73.0,False,-0.0026917916657114146,98.54339764382577,0.010840214552864807,0.01904819497069441,0.004919206484916912,0.75,0.0,1,False,True,2025-03-17,48900.0,41900.0,42300.0,0.022751756983416027,-0.0023837913552762504,-0.007067167223092443,1,False,True,-0.08203355045730684,-0.47359326801714263,True,2025-03-24,0.017972242404430436,700.0,1.0,2025-03-28,0.02809891122235965,1100.0,1.0,2025-04-02,0.038124057841738244,1500.0,1.0,2025-04-17,0.03061463581960695,1200.0,1.0,2025-05-02,0.010309369658861287,400.0,1.0,2025-05-17,0.02051353983310303,800.0,1.0,2025-06-17,-0.03963530685739575,-1500.0,-1.0
2025-03-19,Wed,39100.0,39100.0,39100.0,38600.0,37300.0,35600.0,37600.0,36300.0,35500.0,35300.0,33800.0,0.0,2025-03-19,1.0,2,0,35500.0,0,35300.0,0,33800.0,38640.0,34866.666666666664,3773.3333333333358,-1.8546247957442137,0.0,0.0,0.0020270389220948303,0.85,2025-03-18,IS7H25,371.0,0.0,73.0,False,0.0,98.54339764382577,0.010840214552864807,0.01904819497069441,0.005120898392033511,0.8,0.0,1,False,True,2025-03-18,49100.0,41900.0,42300.0,0.022658023892583996,-0.011862535309820057,-0.011751016535518853,1,False,True,-0.08203355045730684,-0.4651564412765378,True,2025-03-24,0.017972242404430436,700.0,1.0,2025-03-29,0.02809891122235965,1100.0,1.0,2025-04-03,0.045577508496319155,1800.0,1.0,2025-04-18,0.025576841789649776,1000.0,1.0,2025-05-05,0.010309369658861287,400.0,1.0,2025-05-19,0.01542447032563173,600.0,1.0,2025-06-17,-0.03963530685739575,-1500.0,-1.0
2025-03-20,Thu,39400.0,39400.0,39400.0,38900.0,37600.0,35900.0,37600.0,36600.0,35800.0,35600.0,34100.0,300.0,2025-03-20,1.0,2,0,35800.0,0,35600.0,0,34100.0,38940.0,35166.666666666664,3773.3333333333358,-1.825856787832775,0.007741974153615459,0.007741974153613995,0.001965287150567603,0.85,2025-03-19,IS7H25,371.0,0.0,73.0,False,0.0,98.54339764382577,0.010840214552864807,0.01630470902494357,0.005120898392033511,0.85,0.0,1,False,True,2025-03-18,49100.0,41900.0,42300.0,0.022658023892583996,-0.011862535309820057,-0.011751016535518853,2,False,True,-0.07429157630369149,0.06556272778637595,True,2025-03-25,0.015306421282675507,600.0,1.0,2025-03-31,0.025382073271417196,1000.0,1.0,2025-04-04,0.04030772348809281,1600.0,1.0,2025-04-21,0.007682496172016211,300.0,1.0,2025-05-05,0.0025673955052457334,100.0,1.0,2025-05-19,0.007682496172016211,300.0,1.0,2025-06-18,-0.047377281011011164,-1800.0,-1.0
2025-03-21,Fri,39600.0,39600.0,39600.0,39100.0,37800.0,36100.0,38000.0,36800.0,36000.0,35800.0,34300.0,200.0,2025-03-21,1.0,2,0,36000.0,0,35800.0,0,34300.0,39140.0,35366.666666666664,3773.3333333333358,-1.7764349056937914,0.012870190520534956,0.005128216366919958,0.0026882898275388005,0.85,2025-03-20,IS7H25,371.0,0.0,10.0,False,0.0,98.54339764382577,0.010840214552864807,0.008119124438504191,0.005144411287607829,0.9,0.0,1,False,True,2025-03-20,49800.0,42500.0,42900.0,0.026451186087169634,0.009456335242035444,0.00701757265864654,1,False,True,-0.08338160893905101,-0.6042735663894662,True,2025-03-26,0.010178204915756052,400.0,1.0,2025-03-31,0.020253856904497596,800.0,1.0,2025-04-05,0.032707317975784314,1300.0,1.0,2025-04-21,0.0025542798050967007,100.0,1.0,2025-05-05,-0.002560820861673704,-100.0,-1.0,2025-05-20,-0.002560820861673704,-100.0,-1.0,2025-06-19,-0.05250549737793062,-2000.0,-1.0
2025-03-22,Sat,39600.0,39600.0,39600.0,39100.0,37800.0,36100.0,38000.0,36800.0,36000.0,35800.0,34300.0,0.0,2025-03-22,1.0,2,0,36000.0,0,35800.0,0,34300.0,39140.0,35366.666666666664,3773.3333333333358,-1.7298579005001882,0.012870190520534956,0.0,0.0028933033458997037,0.85,2025-03-21,IS7H25,373.0,0.0,73.0,False,0.005376357036380496,99.0746288979704,0.002684565370668983,0.013495481474884509,0.004608847143349677,0.9,0.0,1,False,True,2025-03-20,49800.0,42500.0,42900.0,0.026451186087169634,0.009456335242035444,0.00701757265864654,2,False,True,-0.08338160893905101,-0.6201954656678574,True,2025-03-27,0.015228720701824683,600.0,1.0,2025-04-01,0.02525386732120341,1000.0,1.0,2025-04-07,0.032707317975784314,1300.0,1.0,2025-04-21,0.0025542798050967007,100.0,1.0,2025-05-06,-0.002560820861673704,-100.0,-1.0,2025-05-21,-0.007702220362092351,-300.0,-1.0,2025-06-20,-0.05250549737793062,-2000.0,-1.0
2025-03-24,Mon,39800.0,39800.0,39800.0,39300.0,38000.0,36300.0,38200.0,37000.0,36200.0,36000.0,34500.0,200.0,2025-03-24,2.0,2,0,36200.0,0,36000.0,0,34500.0,39340.0,35566.666666666664,3773.3333333333358,-1.705182322447286,0.017972242404430436,0.005102051883895342,0.0028051616702626527,0.85,2025-03-21,IS7H25,373.0,0.0,73.0,False,0.005376357036380496,99.0746288979704,0.002684565370668983,0.013495481474884509,0.004608847143349677,0.9,0.0,3,False,True,2025-03-20,49800.0,42500.0,42900.0,0.026451186087169634,0.009456335242035444,0.00701757265864654,4,False,True,-0.07827955705515562,-0.2767866869344958,True,2025-03-29,0.010126668817929268,400.0,1.0,2025-04-03,0.027605266091888916,1100.0,1.0,2025-04-08,0.020151815437307912,800.0,1.0,2025-04-24,0.0076045993852192125,300.0,1.0,2025-05-08,0.002541297428672548,100.0,1.0,2025-05-23,-0.017972242404430367,-700.0,-1.0,2025-06-23,-0.060306606230991135,-2300.0,-1.0
2025-03-25,Tue,40000.0,40000.0,40000.0,39500.0,38200.0,36500.0,38400.0,37200.0,36200.0,36000.0,34500.0,200.0,2025-03-25,1.0,2,0,36200.0,0,36000.0,0,34500.0,39540.0,35566.666666666664,3973.3333333333358,-1.265402092570391,0.02304839543629109,0.005076153031861708,0.002993100747066445,0.8,2025-03-24,IS7H25,372.0,3.0,73.0,False,-0.002684565370668987,98.80901327089809,0.002691791665711353,0.013532006218576373,0.004812687849613956,0.95,0.0,1,False,True,2025-03-20,49800.0,42500.0,42900.0,0.026451186087169634,0.009456335242035444,0.00701757265864654,5,True,False,-0.07320340402329494,0.08232130763863969,False,2025-03-31,0.01007565198874164,400.0,1.0,2025-04-04,0.025001302205417186,1000.0,1.0,2025-04-09,0.017566323717899283,700.0,1.0,2025-04-24,0.0025284463533586906,100.0,1.0,2025-05-09,-0.0025348556031880663,-100.0,-1.0,2025-05-26,-0.023048395436291017,-900.0,-1.0,2025-06-23,-0.06538275926285174,-2500.0,-1.0
2025-03-26,Wed,40000.0,40000.0,40000.0,39500.0,38200.0,36500.0,38400.0,37200.0,36200.0,36000.0,34500.0,0.0,2025-03-26,1.0,2,0,36200.0,0,36000.0,0,34500.0,39540.0,35566.666666666664,3973.3333333333358,-1.2331710201724693,0.02304839543629109,0.0,0.0031570829468572817,0.75,2025-03-25,IS7H25,373.0,0.0,73.0,False,0.002684565370668983,99.0746288979704,0.005376357036380496,0.01621657158924529,0.004809267923652519,0.95,0.0,1,False,True,2025-03-20,49800.0,42500.0,42900.0,0.026451186087169634,0.009456335242035444,0.00701757265864654,6,True,False,-0.07320340402329494,0.05996197584101964,False,2025-03-31,0.01007565198874164,400.0,1.0,2025-04-05,0.022529113060028104,900.0,1.0,2025-04-10,0.017566323717899283,700.0,1.0,2025-04-28,-0.007623925110659371,-300.0,-1.0,2025-05-10,-0.0025348556031880663,-100.0,-1.0,2025-05-26,-0.023048395436291017,-900.0,-1.0,2025-06-24,-0.07080282673219097,-2700.0,-1.0
2025-03-27,Thu,40200.0,40200.0,40200.0,39700.0,38400.0,36900.0,38600.0,37500.0,36200.0,36000.0,34500.0,200.0,2025-03-27,1.0,2,0,36200.0,0,36000.0,0,34500.0,39740.0,35566.666666666664,4173.333333333336,-0.814839191192214,0.02809891122235965,0.005050515786068743,0.003060905481934526,0.75,2025-03-26,IS7H25,374.0,0.0,73.0,False,0.0026773777707163942,99.34024452504269,0.008053734807096823,0.018893949359961613,0.004800257084570218,0.95,0.0,1,False,True,2025-03-20,49800.0,42500.0,42900.0,0.026451186087169634,0.009456335242035444,0.00701757265864654,7,True,False,-0.06815288823722646,0.4332983614609142,False,2025-04-01,0.010025146619378865,400.0,1.0,2025-04-07,0.017478597273959763,700.0,1.0,2025-04-11,0.015000281259492598,600.0,1.0,2025-04-28,-0.012674440896727824,-500.0,-1.0,2025-05-12,-0.007585371389256612,-300.0,-1.0,2025-05-26,-0.02809891122235953,-1100.0,-1.0,2025-06-25,-0.08130294728582417,-3100.0,-1.0
2025-03-28,Fri,40400.0,40400.0,40400.0,39700.0,38500.0,37000.0,38600.0,37500.0,36000.0,35800.0,34300.0,0.0,2025-03-28,1.0,2,0,36000.0,0,35800.0,0,34300.0,39880.0,35366.666666666664,4513.333333333336,-0.1458235928999996,0.02809891122235965,0.0,0.003215191504326982,0.7,2025-03-27,IS7J25,378.0,1.0,73.0,True,,99.34024452504269,,,,0.95,0.0,1,False,True,2025-03-27,50300.0,42700.0,43200.0,0.0364412791622561,0.014151179546243182,0.01164157501548577,1,False,True,-0.0728477325414341,0.05720777054719667,False,2025-04-02,0.010025146619378865,400.0,1.0,2025-04-07,0.017478597273959763,700.0,1.0,2025-04-12,0.015000281259492598,600.0,1.0,2025-04-28,-0.012674440896727824,-500.0,-1.0,2025-05-12,-0.007585371389256612,-300.0,-1.0,2025-05-27,-0.033293728099463585,-1300.0,-1.0,2025-06-26,-0.08403892710469887,-3200.0,-1.0
2025-03-29,Sat,40400.0,40400.0,40400.0,39700.0,38500.0,37000.0,38600.0,37500.0,36000.0,35800.0,34300.0,0.0,2025-03-29,1.0,2,0,36000.0,0,35800.0,0,34300.0,39880.0,35366.666666666664,4513.333333333336,-0.1316528748889935,0.02809891122235965,0.0,0.0031172438186524033,0.7,2025-03-28,IS7J25,376.0,9.0,76.0,False,-0.005305052229693229,98.81463476565094,,,,0.95,0.0,1,False,True,2025-03-28,50100.0,42500.0,43100.0,0.032457210147381704,0.004716989878138867,0.00465117117573088,1,False,True,-0.06815288823722646,0.4154909933477322,False,2025-04-03,0.017478597273959763,700.0,1.0,2025-04-08,0.010025146619378865,400.0,1.0,2025-04-14,0.015000281259492598,600.0,1.0,2025-04-28,-0.012674440896727824,-500.0,-1.0,2025-05-14,-0.007585371389256612,-300.0,-1.0,2025-05-28,-0.04113690556048949,-1600.0,-1.0,2025-06-27,-0.08403892710469887,-3200.0,-1.0
2025-03-31,Mon,40700.0,40700.0,40600.0,39900.0,38700.0,37200.0,38800.0,37800.0,36200.0,36000.0,34500.0,200.0,2025-03-31,2.0,2,0,36200.0,0,36000.0,0,34500.0,40120.0,35566.666666666664,4553.333333333336,-0.036421853989514315,0.020253856904497596,0.005025136202672087,0.0030222800140673627,0.7,2025-03-28,IS7J25,376.0,9.0,76.0,False,-0.005305052229693229,98.81463476565094,,,,0.95,0.0,3,False,True,2025-03-29,50100.0,42700.0,43100.0,0.024243611609992853,0.009411834182346597,0.006984894521950969,2,False,True,-0.06782259633876106,0.45151847755539726,False,2025-04-05,0.012453461071286557,500.0,1.0,2025-04-10,0.007490671729157659,300.0,1.0,2025-04-15,0.005000010416705839,200.0,1.0,2025-04-30,-0.0228146777661714,-900.0,-1.0,2025-05-16,-0.012610507591929696,-500.0,-1.0,2025-05-30,-0.05671622944185269,-2200.0,-1.0,2025-07-01,-0.08906406330737195,-3400.0,-1.0
2025-04-01,Tue,40900.0,40900.0,40800.0,40100.0,38900.0,37400.0,39000.0,38000.0,36500.0,36300.0,34800.0,200.0,2025-04-01,1.0,2,0,36500.0,0,36300.0,0,34800.0,40320.0,35866.666666666664,4453.333333333336,-0.2139296792886793,0.02525386732120341,0.005000010416706502,0.0031782456679352996,0.7,2025-03-31,IS7J25,376.0,0.0,76.0,False,0.0,98.81463476565094,,,,0.9,0.0,1,False,True,2025-03-29,50100.0,42700.0,43100.0,0.024243611609992853,0.009411834182346597,0.006984894521950969,3,False,True,-0.06282258592205532,0.8426913482147037,False,2025-04-07,0.007453450654580972,300.0,1.0,2025-04-11,0.004975134640113708,200.0,1.0,2025-04-16,-0.0024968801985871545,-100.0,-1.0,2025-05-01,-0.02781468818287703,-1100.0,-1.0,2025-05-16,-0.017610518008635393,-700.0,-1.0,2025-05-31,-0.06703540133615833,-2600.0,-1.0,2025-07-01,-0.09406407372407764,-3600.0,-1.0
2025-04-02,Wed,40900.0,40900.0,40800.0,40100.0,38900.0,37400.0,39000.0,38000.0,36500.0,36300.0,34800.0,0.0,2025-04-02,1.0,2,0,36500.0,0,36300.0,0,34800.0,40320.0,35866.666666666664,4453.333333333336,-0.1901479229462495,0.02525386732120341,0.0,0.00331589762270112,0.65,2025-04-01,IS7J25,376.0,0.0,76.0,False,0.0,98.81463476565094,,,,0.9,0.0,1,False,True,2025-03-29,50100.0,42700.0,43100.0,0.024243611609992853,0.009411834182346597,0.006984894521950969,4,False,True,-0.06282258592205532,0.8452978697675315,False,2025-04-07,0.007453450654580972,300.0,1.0,2025-04-12,0.004975134640113708,200.0,1.0,2025-04-17,-0.007509422022131459,-300.0,-1.0,2025-05-02,-0.02781468818287703,-1100.0,-1.0,2025-05-17,-0.017610518008635393,-700.0,-1.0,2025-06-02,-0.06703540133615833,-2600.0,-1.0,2025-07-01,-0.09406407372407764,-3600.0,-1.0
2025-04-03,Thu,41200.0,41200.0,41100.0,40400.0,39200.0,37700.0,39300.0,38300.0,36900.0,36700.0,35200.0,300.0,2025-04-03,1.0,2,0,36900.0,0,36700.0,0,35200.0,40620.0,36266.666666666664,4353.333333333336,-0.368298390877442,0.027605266091888916,0.0074534506545802515,0.003214882022964582,0.65,2025-04-02,IS7J25,376.0,0.0,66.0,False,0.0,98.81463476565094,,,,0.9,0.0,1,False,True,2025-04-02,50800.0,43300.0,44000.0,0.038118958103609935,0.021004272770531997,0.025317807984289786,1,False,True,-0.06932285004133984,0.35042840681707876,False,2025-04-08,-0.007453450654580891,-300.0,-1.0,2025-04-14,-0.00247831601446709,-100.0,-1.0,2025-04-18,-0.020000666706669543,-800.0,-1.0,2025-05-05,-0.03526813883745799,-1400.0,-1.0,2025-05-19,-0.030153038170687558,-1200.0,-1.0,2025-06-02,-0.07448885199073921,-2900.0,-1.0,2025-07-02,-0.10151752437865853,-3900.0,-1.0
2025-04-04,Fri,41300.0,41300.0,41200.0,40500.0,39300.0,38000.0,39400.0,38400.0,36700.0,36500.0,35000.0,100.0,2025-04-04,1.0,2,0,36700.0,0,36500.0,0,35000.0,40720.0,36066.666666666664,4653.333333333336,0.29717117712383107,0.025001302205417186,0.0024721891453882705,0.0036122810017912175,0.6,2025-04-03,IS7J25,371.0,0.0,66.0,False,-0.013387080782459409,97.50061036717153,-0.01869213301215252,,,0.95,0.0,1,False,True,2025-04-03,50800.0,43400.0,44100.0,0.038118958103609935,0.030411700418023543,0.02992167986504923,1,False,True,-0.06915746699386571,0.38055443211821127,False,2025-04-09,-0.00743497848751809,-300.0,-1.0,2025-04-14,-0.004950505159856203,-200.0,-1.0,2025-04-21,-0.03262522731607661,-1300.0,-1.0,2025-05-05,-0.037740327982847086,-1500.0,-1.0,2025-05-19,-0.03262522731607661,-1300.0,-1.0,2025-06-03,-0.07696104113612832,-3000.0,-1.0,2025-07-03,-0.10398971352404764,-4000.0,-1.0
2025-04-05,Sat,41200.0,41200.0,41100.0,40400.0,39200.0,37900.0,39300.0,38300.0,36500.0,36300.0,34800.0,-100.0,2025-04-05,1.0,2,0,36500.0,0,36300.0,0,34800.0,40620.0,35866.666666666664,4753.333333333336,0.5557324078874954,0.022529113060028104,-0.0024721891453882705,0.003554203531592161,0.55,2025-04-04,IS7J25,371.0,0.0,66.0,False,0.0,97.50061036717153,-0.013387080782459409,,,0.9,0.0,1,False,True,2025-04-03,50800.0,43400.0,44100.0,0.038118958103609935,0.030411700418023543,0.02992167986504923,2,False,True,-0.07162965613925483,0.19842925421597934,False,2025-04-10,-0.004962789342129014,-200.0,-1.0,2025-04-15,-0.007453450654580891,-300.0,-1.0,2025-04-21,-0.030153038170687558,-1200.0,-1.0,2025-05-05,-0.03526813883745799,-1400.0,-1.0,2025-05-20,-0.03526813883745799,-1400.0,-1.0,2025-06-04,-0.07448885199073921,-2900.0,-1.0,2025-07-04,-0.10151752437865853,-3900.0,-1.0
2025-04-07,Mon,41200.0,41200.0,41100.0,40400.0,39200.0,37900.0,39300.0,38300.0,36300.0,36100.0,34600.0,0.0,2025-04-07,2.0,2,0,36300.0,0,36100.0,0,34600.0,40620.0,35666.666666666664,4953.333333333336,1.033628094769573,0.017478597273959763,0.0,0.00349873178874543,0.5,2025-04-04,IS7J25,371.0,0.0,66.0,False,0.0,97.50061036717153,-0.013387080782459409,,,0.9,0.0,3,False,True,2025-04-05,51100.0,43400.0,44100.0,0.044007100728832446,0.035173614178267094,0.02293678534309823,2,False,True,-0.07162965613925483,0.2137237946447581,False,2025-04-12,-0.00247831601446709,-100.0,-1.0,2025-04-17,-0.014962872676712377,-600.0,-1.0,2025-04-24,-0.020000666706669543,-800.0,-1.0,2025-05-07,-0.030153038170687558,-1200.0,-1.0,2025-05-22,-0.04557750849631925,-1800.0,-1.0,2025-06-06,-0.07448885199073921,-2900.0,-1.0,2025-07-07,-0.09878154455978379,-3800.0,-1.0
2025-04-08,Tue,40900.0,40900.0,40800.0,40100.0,38900.0,37600.0,39000.0,38000.0,36200.0,36000.0,34500.0,-300.0,2025-04-08,1.0,2,0,36200.0,0,36000.0,0,34500.0,40320.0,35566.666666666664,4753.333333333336,0.6041130183471493,0.010025146619378865,-0.0074534506545802515,0.0033921463237606845,0.5,2025-04-07,IS7J25,370.0,0.0,66.0,False,-0.002699056969165058,97.23780548747565,-0.01608613775162438,,,0.9,0.0,1,False,True,2025-04-07,51100.0,43000.0,43900.0,0.044007100728832446,0.025914288765470368,0.03949409903915957,1,False,True,-0.06982378138103888,0.37434725862050705,False,2025-04-14,0.004975134640113708,200.0,1.0,2025-04-18,-0.01254721605208864,-500.0,-1.0,2025-04-24,-0.01254721605208864,-500.0,-1.0,2025-05-08,-0.017610518008635393,-700.0,-1.0,2025-05-23,-0.03812405784173833,-1500.0,-1.0,2025-06-07,-0.07238300766275363,-2800.0,-1.0,2025-07-07,-0.09132809390520294,-3500.0,-1.0
2025-04-09,Wed,41000.0,41000.0,40900.0,40200.0,39000.0,37700.0,39100.0,38100.0,36500.0,36300.0,34800.0,100.0,2025-04-09,1.0,2,0,36500.0,0,36300.0,0,34800.0,40420.0,35866.666666666664,4553.333333333336,0.17067227719660438,0.012515807931830599,0.002490661312451792,0.0037615811676090026,0.45,2025-04-08,IS7J25,372.0,0.0,66.0,False,0.005390848634876373,97.7634152468674,-0.010695289116747919,,0.004987875604889637,0.9,0.0,1,False,True,2025-04-07,51100.0,43000.0,43900.0,0.044007100728832446,0.025914288765470368,0.03949409903915957,2,False,True,-0.06733312006858708,0.5905646185889984,False,2025-04-14,0.0024844733276619658,100.0,1.0,2025-04-21,-0.02519024882855852,-1000.0,-1.0,2025-04-24,-0.015037877364540559,-600.0,-1.0,2025-05-09,-0.020101179321087265,-800.0,-1.0,2025-05-26,-0.040614719154190244,-1600.0,-1.0,2025-06-09,-0.08025002601158596,-3100.0,-1.0,2025-07-08,-0.09381875521765486,-3600.0,-1.0
2025-04-10,Thu,41000.0,41000.0,40900.0,40200.0,39000.0,37700.0,39100.0,38100.0,36500.0,36300.0,34800.0,0.0,2025-04-10,1.0,2,0,36500.0,0,36300.0,0,34800.0,40420.0,35866.666666666664,4553.333333333336,0.2024146560984725,0.007490671729157659,0.0,0.003697665065156755,0.4,2025-04-09,IS7J25,370.0,0.0,66.0,False,-0.005390848634876423,97.23780548747565,-0.01608613775162438,,0.005499380525665519,0.9,0.0,1,False,True,2025-04-09,50500.0,43400.0,43700.0,0.032195939800487905,0.035173614178267094,0.032561016049312226,1,False,True,-0.07659244548138382,-0.15216133017016473,False,2025-04-15,-0.002490661312451919,-100.0,-1.0,2025-04-21,-0.02519024882855852,-1000.0,-1.0,2025-04-28,-0.02519024882855852,-1000.0,-1.0,2025-05-10,-0.020101179321087265,-800.0,-1.0,2025-05-26,-0.040614719154190244,-1600.0,-1.0,2025-06-09,-0.08025002601158596,-3100.0,-1.0,2025-07-09,-0.09109024056445078,-3500.0,-1.0
2025-04-11,Fri,41100.0,41100.0,41000.0,40300.0,39100.0,37800.0,39200.0,38200.0,36700.0,36500.0,35000.0,100.0,2025-04-11,1.0,2,0,36700.0,0,36500.0,0,35000.0,40520.0,36066.666666666664,4453.333333333336,-0.021740016189009958,0.004975134640113708,0.0024844733276605524,0.0035850192911664877,0.4,2025-04-10,IS7J25,372.0,0.0,66.0,False,0.005390848634876373,97.7634152468674,0.002691791665711353,-0.01600034134644119,0.005266905650281765,0.9,0.0,1,False,True,2025-04-09,50500.0,43400.0,43700.0,0.032195939800487905,0.035173614178267094,0.032561016049312226,2,False,True,-0.07410797215372185,0.07181114573659872,True,2025-04-16,-0.007472014838700954,-300.0,-1.0,2025-04-21,-0.02767472215622048,-1100.0,-1.0,2025-04-28,-0.02767472215622048,-1100.0,-1.0,2025-05-12,-0.022585652648749153,-900.0,-1.0,2025-05-26,-0.043099192481852074,-1700.0,-1.0,2025-06-10,-0.08273449933924781,-3200.0,-1.0,2025-07-10,-0.09357471389211267,-3600.0,-1.0
2025-04-12,Sat,41100.0,41100.0,41000.0,40300.0,39100.0,37800.0,39200.0,38200.0,36700.0,36500.0,35000.0,0.0,2025-04-12,1.0,2,0,36700.0,0,36500.0,0,35000.0,40520.0,36066.666666666664,4453.333333333336,-0.0024429637384232525,0.004975134640113708,0.0,0.0035286793537958527,0.35,2025-04-11,IS7J25,367.0,4.0,68.0,False,-0.013532006218576273,96.44939084838799,-0.010840214552864833,-0.024227295335324237,0.00554000676143638,0.9,0.0,1,False,True,2025-04-09,50500.0,43400.0,43700.0,0.032195939800487905,0.035173614178267094,0.032561016049312226,3,False,True,-0.07410797215372185,0.0902752422660428,True,2025-04-17,-0.012484556662245284,-500.0,-1.0,2025-04-24,-0.01752235069220249,-700.0,-1.0,2025-04-28,-0.02767472215622048,-1100.0,-1.0,2025-05-12,-0.022585652648749153,-900.0,-1.0,2025-05-27,-0.04829400935895613,-1900.0,-1.0,2025-06-11,-0.08543355630841284,-3300.0,-1.0,2025-07-14,-0.08813991790615582,-3400.0,-1.0
2025-04-14,Mon,41100.0,41100.0,41000.0,40300.0,39100.0,37800.0,39200.0,38200.0,36700.0,36500.0,35000.0,0.0,2025-04-14,2.0,2,0,36700.0,0,36500.0,0,35000.0,40520.0,36066.666666666664,4453.333333333336,0.01730615309484937,-0.004950505159856203,0.0,0.0034211815653354045,0.4,2025-04-11,IS7J25,367.0,4.0,68.0,False,-0.013532006218576273,96.44939084838799,-0.010840214552864833,-0.024227295335324237,0.00554000676143638,0.9,0.0,3,False,True,2025-04-09,50500.0,43400.0,43700.0,0.032195939800487905,0.035173614178267094,0.032561016049312226,5,True,False,-0.07410797215372185,0.10919661341042791,False,2025-04-21,-0.02767472215622048,-1100.0,-1.0,2025-04-24,-0.01752235069220249,-700.0,-1.0,2025-04-29,-0.03278982282299084,-1300.0,-1.0,2025-05-14,-0.022585652648749153,-900.0,-1.0,2025-05-29,-0.06140035686425664,-2400.0,-1.0,2025-06-13,-0.08273449933924781,-3200.0,-1.0,2025-07-14,-0.08813991790615582,-3400.0,-1.0
2025-04-15,Tue,40900.0,40900.0,39800.0,40100.0,38900.0,37600.0,39000.0,38000.0,36500.0,36300.0,34800.0,-200.0,2025-04-15,1.0,2,0,36500.0,0,36300.0,0,34800.0,40120.0,35866.666666666664,4253.333333333336,-0.463194822701447,-0.007453450654580891,-0.004975134640112344,0.0033169585925681014,0.45,2025-04-14,IS7J25,367.0,0.0,68.0,False,0.0,96.44939084838799,-0.008141157583699885,-0.024227295335324237,0.006650827816348395,0.85,0.0,1,False,True,2025-04-14,50500.0,43500.0,44000.0,0.028114301480839255,0.03747511116654627,0.03940254786602883,1,False,True,-0.08138460378211487,-0.49051700174782953,True,2025-04-21,-0.022699587516106692,-900.0,-1.0,2025-04-28,-0.022699587516106692,-900.0,-1.0,2025-04-30,-0.02781468818287703,-1100.0,-1.0,2025-05-16,-0.017610518008635393,-700.0,-1.0,2025-05-30,-0.06171623985855847,-2400.0,-1.0,2025-06-14,-0.07775936469913405,-3000.0,-1.0,2025-07-14,-0.08316478326604203,-3200.0,-1.0
2025-04-16,Wed,40800.0,40800.0,40700.0,40000.0,38700.0,37500.0,38900.0,37900.0,36500.0,36300.0,34800.0,-100.0,2025-04-16,1.0,2,0,36500.0,0,36300.0,0,34800.0,40200.0,35866.666666666664,4333.333333333336,-0.24359841122807854,-0.009950330853168092,-0.0024968801985885136,0.0034390695438966377,0.4,2025-04-15,IS7J25,368.0,0.0,68.0,False,0.0027210901143605863,96.71219572808387,-0.010810916104215617,-0.02150620522096362,0.006650827816348395,0.85,0.0,1,False,True,2025-04-14,50500.0,43500.0,44000.0,0.028114301480839255,0.03747511116654627,0.03940254786602883,2,False,True,-0.08388148398070212,-0.685194032586373,True,2025-04-21,-0.020202707317519466,-800.0,-1.0,2025-04-28,-0.020202707317519466,-800.0,-1.0,2025-05-01,-0.025317807984289897,-1000.0,-1.0,2025-05-16,-0.015113637810048184,-600.0,-1.0,2025-05-31,-0.06453852113757118,-2500.0,-1.0,2025-06-17,-0.07526248450054686,-2900.0,-1.0,2025-07-15,-0.08066790306745482,-3100.0,-1.0
2025-04-17,Thu,40600.0,40600.0,40500.0,39800.0,38500.0,37300.0,38700.0,37700.0,36300.0,36100.0,34600.0,-200.0,2025-04-17,1.0,2,0,36300.0,0,36100.0,0,34600.0,40000.0,35666.666666666664,4333.333333333336,-0.2278947555587582,-0.014962872676712377,-0.00501254182354316,0.003389930974468092,0.4,2025-04-16,IS7J25,365.0,0.0,68.0,False,-0.008185584586439405,95.92378108899624,-0.013605652055778598,-0.02969178980740304,0.0068146119545574434,0.85,0.0,1,False,True,2025-04-16,50300.0,43500.0,43900.0,0.009990093075086186,0.023256862164267183,0.023042494147154476,1,False,True,-0.08889402580424637,-1.0932302681624666,True,2025-04-24,-0.005037794029957181,-200.0,-1.0,2025-04-28,-0.01519016549397512,-600.0,-1.0,2025-05-02,-0.02030526616074557,-800.0,-1.0,2025-05-17,-0.010101095986503933,-400.0,-1.0,2025-06-02,-0.05952597931402686,-2300.0,-1.0,2025-06-17,-0.07024994267700259,-2700.0,-1.0,2025-07-16,-0.07565536124391056,-2900.0,-1.0
2025-04-18,Fri,40400.0,40400.0,40300.0,39600.0,38300.0,37100.0,38500.0,37500.0,36300.0,36100.0,34600.0,-200.0,2025-04-18,1.0,2,0,36300.0,0,36100.0,0,34600.0,39800.0,35666.666666666664,4133.333333333336,-0.7191551423603136,-0.01254721605208864,-0.005037794029957965,0.003508513734179312,0.4,2025-04-17,IS7J25,365.0,0.0,68.0,False,0.0,95.92378108899624,-0.018996500690655036,-0.016304709024943582,0.0070162166755662805,0.85,0.0,1,False,True,2025-04-16,50300.0,43500.0,43900.0,0.009990093075086186,0.023256862164267183,0.023042494147154476,2,False,True,-0.0939318198342035,-1.4898919122326133,True,2025-04-24,0.0,0.0,0.0,2025-04-28,-0.010152371464017962,-400.0,-1.0,2025-05-05,-0.01526747213078842,-600.0,-1.0,2025-05-19,-0.010152371464017962,-400.0,-1.0,2025-06-02,-0.05448818528406968,-2100.0,-1.0,2025-06-17,-0.06521214864704543,-2500.0,-1.0,2025-07-17,-0.07061756721395342,-2700.0,-1.0
2025-04-21,Mon,40000.0,40000.0,39900.0,39200.0,37900.0,36600.0,38000.0,37000.0,35900.0,35700.0,34200.0,-400.0,2025-04-21,3.0,2,0,35900.0,0,35700.0,0,34200.0,39400.0,35266.666666666664,4133.333333333336,-0.6947724874334064,-0.02767472215622048,-0.010152371464018373,0.0036185426108927025,0.35,2025-04-17,IS7J25,365.0,0.0,68.0,False,0.0,95.92378108899624,-0.018996500690655036,-0.016304709024943582,0.0070162166755662805,0.85,0.0,4,False,True,2025-04-20,49500.0,43300.0,43800.0,-0.01204833851617448,0.018648559078072995,0.01611082027269827,1,False,True,-0.09947588821202731,-1.9051547749863935,True,2025-04-28,0.0,0.0,0.0,2025-05-01,-0.005115100666770377,-200.0,-1.0,2025-05-06,-0.005115100666770377,-200.0,-1.0,2025-05-21,-0.01025650016718911,-400.0,-1.0,2025-06-06,-0.044335813820051743,-1700.0,-1.0,2025-06-20,-0.05505977718302743,-2100.0,-1.0,2025-07-22,-0.05775883415219242,-2200.0,-1.0
2025-04-24,Thu,40400.0,40400.0,40400.0,39600.0,38300.0,36800.0,38400.0,37200.0,36300.0,36100.0,34600.0,400.0,2025-04-24,3.0,2,0,36300.0,0,36100.0,0,34600.0,39820.0,35666.666666666664,4153.333333333336,-0.6171735945628307,-0.01752235069220249,0.010152371464018373,0.004300285847457152,0.35,2025-04-23,IS7J25,357.0,0.0,68.0,False,-0.016667052485211647,93.8213420514292,-0.030347156389291818,-0.04115807249350744,0.006132021178723171,0.85,0.0,1,False,True,2025-04-23,49700.0,43100.0,43700.0,-0.00801607498823606,0.009324076875123244,0.013825104991842335,1,False,True,-0.08469387884926723,-0.589134353681503,True,2025-04-29,-0.01526747213078842,-600.0,-1.0,2025-05-05,-0.01526747213078842,-600.0,-1.0,2025-05-09,-0.005063301956546762,-200.0,-1.0,2025-05-26,-0.025576841789649737,-1000.0,-1.0,2025-06-09,-0.06521214864704543,-2500.0,-1.0,2025-06-23,-0.06791120561621039,-2600.0,-1.0,2025-07-23,-0.06791120561621039,-2600.0,-1.0
2025-04-28,Mon,40000.0,40000.0,40000.0,39200.0,37900.0,36400.0,38000.0,36800.0,36300.0,36100.0,34600.0,-400.0,2025-04-28,4.0,2,0,36300.0,0,36100.0,0,34600.0,39420.0,35666.666666666664,3753.3333333333358,-1.6577983256608075,-0.010152371464017962,-0.010152371464018373,0.004854600874248546,0.3,2025-04-25,IS7J25,355.0,0.0,68.0,False,0.0,93.29573229203744,-0.027779564107075706,-0.04677606479773072,0.007109095696972225,0.8,0.0,3,False,True,2025-04-24,49700.0,43200.0,43700.0,-0.021891421481853125,-0.0023121397583795024,-0.006841531816716712,4,False,True,-0.09716374845364774,-1.6785399184737475,True,2025-05-05,-0.005115100666770377,-200.0,-1.0,2025-05-08,0.005089069507471228,200.0,1.0,2025-05-14,0.005089069507471228,200.0,1.0,2025-05-28,-0.02846246466376152,-1100.0,-1.0,2025-06-12,-0.05505977718302743,-2100.0,-1.0,2025-06-27,-0.07136448620797103,-2700.0,-1.0,2025-07-28,-0.03636764417087483,-1400.0,-1.0
2025-04-29,Tue,39800.0,39800.0,39800.0,39000.0,37700.0,36300.0,37800.0,36700.0,36000.0,35800.0,34300.0,-200.0,2025-04-29,1.0,2,0,36000.0,0,35800.0,0,34300.0,39220.0,35366.666666666664,3853.3333333333358,-1.3831629402887509,-0.01526747213078842,-0.0051151006667691234,0.005323284648594732,0.25,2025-04-28,IS7K25,335.0,0.0,68.0,True,,93.29573229203744,,,,0.8,0.0,1,False,True,2025-04-28,49400.0,43000.0,43700.0,-0.027945930390559336,-0.009259325412796712,-0.00911168035125589,1,False,True,-0.09763846956391606,-1.7419146032595425,False,2025-05-05,0.0,0.0,0.0,2025-05-09,0.010204170174241668,400.0,1.0,2025-05-14,0.010204170174241668,400.0,1.0,2025-05-29,-0.028610534041265775,-1100.0,-1.0,2025-06-13,-0.049944676516257024,-1900.0,-1.0,2025-06-28,-0.06899287148695143,-2600.0,-1.0,2025-07-28,-0.031252543504104426,-1200.0,-1.0
2025-04-30,Wed,39800.0,39800.0,39800.0,39000.0,37700.0,36300.0,37800.0,36700.0,35700.0,35500.0,34000.0,0.0,2025-04-30,1.0,2,0,35700.0,0,35500.0,0,34000.0,39220.0,35066.666666666664,4153.333333333336,-0.5038230952182913,-0.01526747213078842,0.0,0.00531102374056428,0.25,2025-04-29,IS7K25,335.0,0.0,68.0,False,0.0,93.29573229203744,,,,0.85,0.0,1,False,True,2025-04-28,49400.0,43000.0,43700.0,-0.027945930390559336,-0.009259325412796712,-0.00911168035125589,2,False,True,-0.09763846956391606,-1.7839964709300384,False,2025-05-05,0.0,0.0,0.0,2025-05-10,0.010204170174241668,400.0,1.0,2025-05-16,0.010204170174241668,400.0,1.0,2025-05-30,-0.03390155167568134,-1300.0,-1.0,2025-06-14,-0.049944676516257024,-1900.0,-1.0,2025-07-01,-0.0662493855412006,-2500.0,-1.0,2025-07-29,-0.025975486403260677,-1000.0,-1.0
2025-05-01,Thu,39700.0,39700.0,39700.0,39000.0,37700.0,36300.0,37800.0,36700.0,35400.0,35200.0,33700.0,0.0,2025-05-01,1.0,2,0,35400.0,0,35200.0,0,33700.0,39160.0,34766.666666666664,4393.333333333336,0.2477074604325697,-0.005115100666770377,0.0,0.005149228561878677,0.3,2025-04-30,IS7K25,335.0,0.0,68.0,False,0.0,93.29573229203744,,,,0.85,0.0,1,False,True,2025-04-28,49400.0,43000.0,43700.0,-0.027945930390559336,-0.009259325412796712,-0.00911168035125589,3,False,True,-0.09763846956391606,-1.7392653266563018,False,2025-05-06,0.0,0.0,0.0,2025-05-12,0.010204170174241668,400.0,1.0,2025-05-16,0.010204170174241668,400.0,1.0,2025-05-31,-0.03922071315328127,-1500.0,-1.0,2025-06-17,-0.049944676516257024,-1900.0,-1.0,2025-07-01,-0.0662493855412006,-2500.0,-1.0,2025-07-30,-0.025975486403260677,-1000.0,-1.0
2025-05-02,Fri,39700.0,39700.0,39700.0,39000.0,37700.0,36300.0,37800.0,36700.0,35400.0,35200.0,33700.0,0.0,2025-05-02,1.0,2,0,35400.0,0,35200.0,0,33700.0,39160.0,34766.666666666664,4393.333333333336,0.28364398945909625,-0.005115100666770377,0.0,0.004992362316130422,0.3,2025-05-01,IS7K25,335.0,0.0,68.0,False,0.0,93.29573229203744,,,,0.85,0.0,1,False,True,2025-05-01,49100.0,42700.0,43500.0,-0.039925462409183855,-0.01626052087178029,-0.013698844358161915,1,False,True,-0.09063727410493243,-0.9659555974320366,False,2025-05-07,0.005115100666770409,200.0,1.0,2025-05-12,0.010204170174241668,400.0,1.0,2025-05-17,0.010204170174241668,400.0,1.0,2025-06-02,-0.03922071315328127,-1500.0,-1.0,2025-06-17,-0.049944676516257024,-1900.0,-1.0,2025-07-01,-0.0662493855412006,-2500.0,-1.0,2025-07-31,-0.025975486403260677,-1000.0,-1.0
2025-05-05,Mon,39700.0,39700.0,39700.0,39000.0,37700.0,36300.0,37800.0,36700.0,35600.0,35400.0,33900.0,0.0,2025-05-05,3.0,2,0,35600.0,0,35400.0,0,33900.0,39160.0,34966.666666666664,4193.333333333336,-0.3246856407340797,-0.01526747213078842,0.0,0.004840274848165956,0.35,2025-05-02,IS7K25,335.0,0.0,58.0,False,0.0,93.29573229203744,,,,0.85,0.0,3,False,True,2025-05-03,48800.0,42800.0,43500.0,-0.04605418435055731,-0.004662013105811301,-0.009153381986487248,2,False,True,-0.09297645645810464,-1.1682677548842775,False,2025-05-10,0.010204170174241668,400.0,1.0,2025-05-16,0.010204170174241668,400.0,1.0,2025-05-20,0.0,0.0,0.0,2025-06-04,-0.03922071315328127,-1500.0,-1.0,2025-06-19,-0.049944676516257024,-1900.0,-1.0,2025-07-04,-0.0662493855412006,-2500.0,-1.0,2025-08-04,-0.023347363996991177,-900.0,-1.0
2025-05-06,Tue,39700.0,39700.0,39700.0,39000.0,37700.0,36300.0,37800.0,36700.0,35600.0,35400.0,33900.0,0.0,2025-05-06,1.0,2,0,35600.0,0,35400.0,0,33900.0,39160.0,34966.666666666664,4193.333333333336,-0.2956881688844073,-0.01526747213078842,0.0,0.004692820577162597,0.4,2025-05-05,IS7K25,335.0,0.0,58.0,False,0.0,93.29573229203744,0.0,,,0.9,0.0,1,False,True,2025-05-03,48800.0,42800.0,43500.0,-0.04605418435055731,-0.004662013105811301,-0.009153381986487248,3,False,True,-0.09297645645810464,-1.1293927002586353,False,2025-05-12,0.010204170174241668,400.0,1.0,2025-05-16,0.010204170174241668,400.0,1.0,2025-05-21,-0.005141399500418652,-200.0,-1.0,2025-06-06,-0.03922071315328127,-1500.0,-1.0,2025-06-20,-0.049944676516257024,-1900.0,-1.0,2025-07-05,-0.0662493855412006,-2500.0,-1.0,2025-08-04,-0.023347363996991177,-900.0,-1.0
2025-05-07,Wed,39900.0,39900.0,39900.0,39200.0,37900.0,36500.0,38000.0,37000.0,35600.0,35400.0,33900.0,200.0,2025-05-07,1.0,2,0,35600.0,0,35400.0,0,33900.0,39360.0,34966.666666666664,4393.333333333336,0.4359391171988396,-0.010152371464017962,0.0051151006667691234,0.004549858357275998,0.45,2025-05-06,IS7K25,335.0,0.0,58.0,False,0.0,93.29573229203744,0.0,,,0.9,0.0,1,False,True,2025-05-03,48800.0,42800.0,43500.0,-0.04605418435055731,-0.004662013105811301,-0.009153381986487248,4,False,True,-0.08786135579133426,-0.5877277044989924,False,2025-05-12,0.005089069507471228,200.0,1.0,2025-05-17,0.005089069507471228,200.0,1.0,2025-05-22,-0.015424470325631639,-600.0,-1.0,2025-06-06,-0.044335813820051743,-1700.0,-1.0,2025-06-21,-0.05505977718302743,-2100.0,-1.0,2025-07-07,-0.0686285063890963,-2600.0,-1.0,2025-08-05,-0.025841231183887328,-1000.0,-1.0
2025-05-08,Thu,40000.0,40000.0,40000.0,39400.0,38900.0,36600.0,38100.0,37100.0,35600.0,35400.0,33900.0,200.0,2025-05-08,1.0,2,0,35600.0,0,35400.0,0,33900.0,39660.0,34966.666666666664,4693.333333333336,1.549463587574422,0.005089069507471228,0.005089069507471677,0.004585738075475823,0.4,2025-05-07,IS7K25,339.0,0.0,58.0,False,0.011869575555383729,94.40971118507669,0.011869575555383729,,,0.9,0.0,1,False,True,2025-05-07,48500.0,42700.0,43100.0,-0.040409538337876666,-0.01626052087178029,-0.013825104991842318,1,False,True,-0.08043310393069071,0.15719834667497068,False,2025-05-14,0.0,0.0,0.0,2025-05-19,-0.005089069507471293,-200.0,-1.0,2025-05-23,-0.020513539833102903,-800.0,-1.0,2025-06-07,-0.05477248965411827,-2100.0,-1.0,2025-06-23,-0.06284790365966364,-2400.0,-1.0,2025-07-07,-0.07371757589656756,-2800.0,-1.0,2025-08-06,-0.030930300691358614,-1200.0,-1.0
2025-05-09,Fri,40000.0,40000.0,40000.0,39400.0,37900.0,36600.0,38100.0,37100.0,35600.0,35400.0,33900.0,0.0,2025-05-09,1.0,2,0,35600.0,0,35400.0,0,33900.0,39460.0,34966.666666666664,4493.333333333336,0.8148109582322284,0.010204170174241668,0.0,0.004617485439302355,0.4,2025-05-08,IS7K25,338.0,3.0,58.0,False,-0.00295421189743152,94.13121646181686,0.008915363657952329,,0.004486277869633817,0.9,0.0,1,False,True,2025-05-07,48500.0,42700.0,43100.0,-0.040409538337876666,-0.01626052087178029,-0.013825104991842318,2,False,True,-0.08043310393069071,0.15751752980419056,False,2025-05-14,0.0,0.0,0.0,2025-05-19,-0.005089069507471293,-200.0,-1.0,2025-05-26,-0.020513539833102903,-800.0,-1.0,2025-06-09,-0.060148846690498685,-2300.0,-1.0,2025-06-23,-0.06284790365966364,-2400.0,-1.0,2025-07-08,-0.07371757589656756,-2800.0,-1.0,2025-08-07,-0.030930300691358614,-1200.0,-1.0
2025-05-10,Sat,40000.0,40000.0,40000.0,39400.0,37900.0,36600.0,38100.0,37100.0,35400.0,35200.0,33700.0,0.0,2025-05-10,1.0,2,0,35400.0,0,35200.0,0,33700.0,39460.0,34766.666666666664,4693.333333333336,1.5393794006323545,0.010204170174241668,0.0,0.004476818231203843,0.45,2025-05-09,IS7K25,339.0,0.0,58.0,False,0.0029542118974313827,94.40971118507667,0.011869575555383729,,0.004467001681468503,0.9,0.0,1,False,True,2025-05-09,48500.0,42500.0,43200.0,-0.040409538337876666,-0.023256862164267235,-0.01834913866819654,1,False,True,-0.07573825962648306,0.6298815247752267,False,2025-05-16,0.0,0.0,0.0,2025-05-20,-0.010204170174241736,-400.0,-1.0,2025-05-26,-0.020513539833102903,-800.0,-1.0,2025-06-09,-0.060148846690498685,-2300.0,-1.0,2025-06-24,-0.06826797112900286,-2600.0,-1.0,2025-07-09,-0.07098906124336359,-2700.0,-1.0,2025-08-08,-0.0335515341712329,-1300.0,-1.0
2025-05-12,Mon,40000.0,40000.0,40000.0,39400.0,37900.0,36600.0,38100.0,37100.0,35400.0,35200.0,33700.0,0.0,2025-05-12,2.0,2,0,35400.0,0,35200.0,0,33700.0,39460.0,34766.666666666664,4693.333333333336,1.5176910337058929,0.010204170174241668,0.0,0.0043404363129442135,0.45,2025-05-09,IS7K25,339.0,0.0,58.0,False,0.0029542118974313827,94.40971118507667,0.011869575555383729,,0.004467001681468503,0.9,0.0,3,False,True,2025-05-09,48500.0,42500.0,43200.0,-0.040409538337876666,-0.023256862164267235,-0.01834913866819654,3,False,True,-0.07573825962648306,0.6306395798304845,False,2025-05-17,0.0,0.0,0.0,2025-05-22,-0.020513539833102903,-800.0,-1.0,2025-05-27,-0.025708356710206923,-1000.0,-1.0,2025-06-11,-0.06284790365966364,-2400.0,-1.0,2025-06-26,-0.07645355571544236,-2900.0,-1.0,2025-07-14,-0.06555426525740665,-2500.0,-1.0,2025-08-11,-0.0335515341712329,-1300.0,-1.0
2025-05-14,Wed,40000.0,40000.0,40000.0,39400.0,38100.0,36700.0,38300.0,37300.0,35200.0,35000.0,33500.0,0.0,2025-05-14,2.0,2,0,35200.0,0,35000.0,0,33500.0,39500.0,34566.666666666664,4933.333333333336,2.3397819383481324,0.010204170174241668,0.0,0.004208209137331612,0.5,2025-05-13,IS7K25,338.0,0.0,58.0,False,-0.00295421189743152,94.13121646181686,0.008915363657952329,0.008915363657952329,0.004003510644814929,0.95,0.0,1,False,True,2025-05-13,48800.0,42600.0,43200.0,-0.014242356715543103,-0.01629838173311942,-0.016073824831061023,1,False,True,-0.07808843697143658,0.3943351029154577,True,2025-05-19,-0.005089069507471293,-200.0,-1.0,2025-05-26,-0.020513539833102903,-800.0,-1.0,2025-05-29,-0.038814704215507416,-1500.0,-1.0,2025-06-13,-0.060148846690498685,-2300.0,-1.0,2025-06-28,-0.07919704166119317,-3000.0,-1.0,2025-07-14,-0.06555426525740665,-2500.0,-1.0,2025-08-12,-0.036179656577502356,-1400.0,-1.0
2025-05-16,Fri,40000.0,40000.0,40000.0,39400.0,38500.0,36700.0,38500.0,37500.0,35200.0,35000.0,33500.0,0.0,2025-05-16,2.0,2,0,35200.0,0,35000.0,0,33500.0,39580.0,34566.666666666664,5013.333333333336,2.479644007609259,0.010204170174241668,0.0,0.004080010134167561,0.5,2025-05-15,IS7K25,339.0,0.0,58.0,False,0.0,94.40971118507666,0.0029542118974313827,0.011869575555383729,0.004238810278816051,0.95,0.0,1,False,True,2025-05-15,48100.0,42200.0,43100.0,-0.03272275599086753,-0.02110277606773594,-0.013825104991842318,1,False,True,-0.068654404738078,1.332595451376421,True,2025-05-21,-0.015345569674660421,-600.0,-1.0,2025-05-26,-0.020513539833102903,-800.0,-1.0,2025-05-31,-0.04942488332752298,-1900.0,-1.0,2025-06-17,-0.060148846690498685,-2300.0,-1.0,2025-07-01,-0.07645355571544236,-2900.0,-1.0,2025-07-15,-0.06555426525740665,-2500.0,-1.0,2025-08-14,-0.036179656577502356,-1400.0,-1.0
2025-05-17,Sat,40000.0,40000.0,40000.0,39400.0,38500.0,36700.0,38500.0,37500.0,35200.0,35000.0,33500.0,0.0,2025-05-17,1.0,2,0,35200.0,0,35000.0,0,33500.0,39580.0,34566.666666666664,5013.333333333336,2.3397776637621863,0.005089069507471228,0.0,0.003955716589091716,0.5,2025-05-16,IS7K25,340.0,0.0,58.0,False,0.0029455102297567446,94.68820590833647,0.0029455102297567446,0.014815085785140682,0.004238810278816051,0.95,0.0,1,False,True,2025-05-15,48100.0,42200.0,43100.0,-0.03272275599086753,-0.02110277606773594,-0.013825104991842318,2,False,True,-0.068654404738078,1.3161792482638524,True,2025-05-22,-0.020513539833102903,-800.0,-1.0,2025-05-27,-0.025708356710206923,-1000.0,-1.0,2025-06-02,-0.04942488332752298,-1900.0,-1.0,2025-06-17,-0.060148846690498685,-2300.0,-1.0,2025-07-01,-0.07645355571544236,-2900.0,-1.0,2025-07-16,-0.06555426525740665,-2500.0,-1.0,2025-08-18,-0.036179656577502356,-1400.0,-1.0
2025-05-19,Mon,39900.0,39900.0,39800.0,39200.0,38500.0,36700.0,38500.0,37500.0,35400.0,35200.0,33700.0,-200.0,2025-05-19,2.0,2,0,35400.0,0,35200.0,0,33700.0,39460.0,34766.666666666664,4693.333333333336,1.230223346368782,-0.005089069507471293,-0.005089069507471677,0.003835209526117507,0.55,2025-05-16,IS7K25,340.0,0.0,58.0,False,0.0029455102297567446,94.68820590833647,0.0029455102297567446,0.014815085785140682,0.004238810278816051,0.95,0.0,3,False,True,2025-05-17,47900.0,42400.0,42800.0,-0.03688942868571351,-0.01869213301215252,-0.020809999513793403,2,False,True,-0.07847161544149521,0.3191155385422688,True,2025-05-26,-0.015424470325631639,-600.0,-1.0,2025-05-29,-0.0337256347080362,-1300.0,-1.0,2025-06-03,-0.044335813820051743,-1700.0,-1.0,2025-06-18,-0.05505977718302743,-2100.0,-1.0,2025-07-03,-0.07136448620797103,-2700.0,-1.0,2025-07-18,-0.060465195749935335,-2300.0,-1.0,2025-08-18,-0.03109058707003112,-1200.0,-1.0
2025-05-20,Tue,39700.0,39700.0,39600.0,39000.0,38300.0,36500.0,38200.0,37200.0,35400.0,35200.0,33700.0,-200.0,2025-05-20,1.0,2,0,35400.0,0,35200.0,0,33700.0,39260.0,34766.666666666664,4493.333333333336,0.5841666019599614,-0.010204170174241736,-0.0051151006667691234,0.003921762344888048,0.55,2025-05-19,IS7K25,340.0,0.0,58.0,False,0.0,94.68820590833647,0.0029455102297567446,0.014815085785140682,0.0042494921191460625,0.95,0.0,1,False,True,2025-05-17,47900.0,42400.0,42800.0,-0.03688942868571351,-0.01869213301215252,-0.020809999513793403,3,False,True,-0.0835867161082657,-0.19076857796842253,True,2025-05-26,-0.010309369658861213,-400.0,-1.0,2025-05-30,-0.03390155167568134,-1300.0,-1.0,2025-06-04,-0.03922071315328127,-1500.0,-1.0,2025-06-19,-0.049944676516257024,-1900.0,-1.0,2025-07-04,-0.0662493855412006,-2500.0,-1.0,2025-07-19,-0.055350095083164956,-2100.0,-1.0,2025-08-18,-0.025975486403260677,-1000.0,-1.0
2025-05-21,Wed,39500.0,39500.0,39400.0,38800.0,38100.0,36300.0,38000.0,37000.0,35500.0,35300.0,33800.0,-200.0,2025-05-21,1.0,2,0,35500.0,0,35300.0,0,33800.0,39060.0,34866.666666666664,4193.333333333336,-0.3404164435593528,-0.015345569674660421,-0.005141399500418586,0.004003406297925032,0.55,2025-05-20,IS7K25,340.0,9.0,55.0,False,0.0,94.68820590833647,0.005899722127188322,0.014815085785140682,0.0042494921191460625,0.95,0.0,1,False,True,2025-05-17,47900.0,42400.0,42800.0,-0.03688942868571351,-0.01869213301215252,-0.020809999513793403,4,False,True,-0.08872811560868431,-0.7235454221308899,True,2025-05-26,-0.005167970158442561,-200.0,-1.0,2025-05-31,-0.03407931365286262,-1300.0,-1.0,2025-06-06,-0.03407931365286262,-1300.0,-1.0,2025-06-20,-0.04480327701583826,-1700.0,-1.0,2025-07-05,-0.06110798604078195,-2300.0,-1.0,2025-07-22,-0.04750233398500325,-1800.0,-1.0,2025-08-19,-0.020834086902842025,-800.0,-1.0
2025-05-22,Thu,39400.0,39400.0,39300.0,38600.0,37900.0,36100.0,37900.0,36900.0,35500.0,35300.0,33800.0,-200.0,2025-05-22,1.0,2,0,35500.0,0,35300.0,0,33800.0,38920.0,34866.666666666664,4053.3333333333358,-0.7612045558244561,-0.020513539833102903,-0.005167970158442614,0.004080645242662505,0.55,2025-05-21,IS7K25,341.0,0.0,55.0,False,0.0029368596733097057,94.96670063159628,0.005882369903066613,0.005882369903066613,0.0042494921191460625,0.95,0.0,1,False,True,2025-05-17,47900.0,42400.0,42800.0,-0.03688942868571351,-0.01869213301215252,-0.020809999513793403,5,True,False,-0.09389608576712694,-1.265491741740146,False,2025-05-27,-0.005194816877104023,-200.0,-1.0,2025-06-02,-0.028911343494420035,-1100.0,-1.0,2025-06-06,-0.028911343494420035,-1100.0,-1.0,2025-06-21,-0.03963530685739575,-1500.0,-1.0,2025-07-07,-0.05320403606346457,-2000.0,-1.0,2025-07-22,-0.04233436382656077,-1600.0,-1.0,2025-08-20,-0.010416760858255715,-400.0,-1.0
2025-05-23,Fri,39400.0,39400.0,39300.0,38600.0,37900.0,36100.0,37900.0,36900.0,35400.0,35200.0,33700.0,0.0,2025-05-23,1.0,2,0,35400.0,0,35200.0,0,33700.0,38920.0,34766.666666666664,4153.333333333336,-0.4442819620546591,-0.020513539833102903,0.0,0.00415391870336788,0.55,2025-05-22,IS7K25,341.0,0.0,55.0,False,0.0,94.96670063159628,0.005882369903066613,0.008836581800497944,0.0023273833525219475,1.0,0.0,1,False,True,2025-05-17,47900.0,42400.0,42800.0,-0.03688942868571351,-0.01869213301215252,-0.020809999513793403,6,True,False,-0.09389608576712694,-1.277726234018852,False,2025-05-28,-0.013037994338129943,-500.0,-1.0,2025-06-02,-0.028911343494420035,-1100.0,-1.0,2025-06-07,-0.03425894982101533,-1300.0,-1.0,2025-06-23,-0.04233436382656077,-1600.0,-1.0,2025-07-07,-0.05320403606346457,-2000.0,-1.0,2025-07-22,-0.04233436382656077,-1600.0,-1.0,2025-08-21,-0.010416760858255715,-400.0,-1.0
2025-05-26,Mon,39400.0,39400.0,39300.0,38600.0,37900.0,36100.0,37900.0,36900.0,35200.0,35000.0,33500.0,0.0,2025-05-26,3.0,2,0,35200.0,0,35000.0,0,33500.0,38920.0,34566.666666666664,4353.333333333336,0.16596298817364122,-0.020513539833102903,0.0,0.004027373605532285,0.6,2025-05-23,IS7M25,342.0,7.0,51.0,True,,94.96670063159628,,,,1.0,0.0,3,False,True,2025-05-23,47300.0,41900.0,42400.0,-0.04344012869598955,-0.025914288765470354,-0.030199739863632405,3,False,True,-0.08203355045730684,-0.07253958787744469,False,2025-05-31,-0.028911343494420035,-1100.0,-1.0,2025-06-06,-0.028911343494420035,-1100.0,-1.0,2025-06-10,-0.03963530685739575,-1500.0,-1.0,2025-06-25,-0.05320403606346457,-2000.0,-1.0,2025-07-10,-0.05047552141026054,-1900.0,-1.0,2025-07-25,-0.03158157205029893,-1200.0,-1.0,2025-08-25,-0.010416760858255715,-400.0,-1.0
2025-05-27,Tue,39200.0,39200.0,39100.0,38400.0,37700.0,35900.0,37700.0,36700.0,35000.0,34800.0,33300.0,-200.0,2025-05-27,1.0,2,0,35000.0,0,34800.0,0,33300.0,38720.0,34366.666666666664,4353.333333333336,0.15706980106617577,-0.025708356710206923,-0.0051948168771041026,0.003904683581165807,0.65,2025-05-23,IS7M25,342.0,7.0,51.0,True,,94.96670063159628,,,,1.0,0.0,4,False,True,2025-05-23,47300.0,41900.0,42400.0,-0.04344012869598955,-0.025914288765470354,-0.030199739863632405,4,False,True,-0.08722836733441083,-0.6082344708136801,False,2025-06-02,-0.023716526617316044,-900.0,-1.0,2025-06-06,-0.023716526617316044,-900.0,-1.0,2025-06-11,-0.037139546949456766,-1400.0,-1.0,2025-06-26,-0.05074519900523532,-1900.0,-1.0,2025-07-14,-0.039845908547199674,-1500.0,-1.0,2025-07-26,-0.02105340919783238,-800.0,-1.0,2025-08-25,-0.0052219439811517126,-200.0,-1.0
2025-05-28,Wed,39000.0,39000.0,38800.0,38100.0,37400.0,35400.0,37400.0,36400.0,34700.0,34500.0,33000.0,-300.0,2025-05-28,1.0,2,0,34700.0,0,34500.0,0,33000.0,38460.0,34066.666666666664,4393.333333333336,0.2648346264110329,-0.0335515341712329,-0.007843177461026585,0.00399386128703577,0.65,2025-05-27,IS7M25,342.0,0.0,51.0,False,0.0,94.96670063159628,,,,0.95,0.0,1,False,True,2025-05-23,47300.0,41900.0,42400.0,-0.04344012869598955,-0.025914288765470354,-0.030199739863632405,5,True,False,-0.09507154479543677,-1.4136399018941959,False,2025-06-02,-0.01587334915629012,-600.0,-1.0,2025-06-07,-0.021220955482885422,-800.0,-1.0,2025-06-12,-0.026597312519265854,-1000.0,-1.0,2025-06-27,-0.04290202154420946,-1600.0,-1.0,2025-07-14,-0.03200273108617383,-1200.0,-1.0,2025-07-28,-0.007905179507113261,-300.0,-1.0,2025-08-26,-0.002628122406269469,-100.0,-1.0
2025-05-29,Thu,38800.0,38800.0,38600.0,37900.0,37200.0,35200.0,37200.0,36200.0,34700.0,34500.0,33000.0,-200.0,2025-05-29,1.0,2,0,34700.0,0,34500.0,0,33000.0,38260.0,34066.666666666664,4193.333333333336,-0.35918208724885653,-0.0337256347080362,-0.005263170044274901,0.004322591614111535,0.6,2025-05-28,IS7M25,342.0,0.0,51.0,False,0.0,94.96670063159628,,,,0.95,0.0,1,False,True,2025-05-23,47300.0,41900.0,42400.0,-0.04344012869598955,-0.025914288765470354,-0.030199739863632405,6,True,False,-0.10033471483971136,-1.9264003590914436,False,2025-06-03,-0.010610179112015571,-400.0,-1.0,2025-06-09,-0.021334142474991172,-800.0,-1.0,2025-06-13,-0.021334142474991172,-800.0,-1.0,2025-06-28,-0.040382337445685694,-1500.0,-1.0,2025-07-14,-0.0267395610418992,-1000.0,-1.0,2025-07-28,-0.0026420094628386965,-100.0,-1.0,2025-08-27,-0.0026420094628386965,-100.0,-1.0
2025-05-30,Fri,38600.0,38600.0,38400.0,37700.0,37000.0,35000.0,37000.0,36000.0,34200.0,34000.0,32500.0,-200.0,2025-05-30,1.0,2,0,34200.0,0,34000.0,0,32500.0,38060.0,33566.666666666664,4493.333333333336,0.5497624996033786,-0.03390155167568134,-0.00529101763441453,0.0043847198201870646,0.55,2025-05-29,IS7M25,342.0,0.0,40.0,False,0.0,94.96670063159628,,,,0.95,0.0,1,False,True,2025-05-23,47300.0,41900.0,42400.0,-0.04344012869598955,-0.025914288765470354,-0.030199739863632405,7,True,False,-0.10562573247412693,-2.4057529632561176,False,2025-06-04,-0.005319161477599933,-200.0,-1.0,2025-06-09,-0.016043124840575577,-600.0,-1.0,2025-06-14,-0.016043124840575577,-600.0,-1.0,2025-07-01,-0.03234783386551928,-1200.0,-1.0,2025-07-14,-0.021448543407483627,-800.0,-1.0,2025-07-29,0.007926065272420723,300.0,1.0,2025-08-28,0.0026490081715768625,100.0,1.0
2025-05-31,Sat,38400.0,38400.0,38200.0,37500.0,36800.0,34800.0,36800.0,35800.0,34200.0,34000.0,32500.0,-200.0,2025-05-31,1.0,2,0,34200.0,0,34000.0,0,32500.0,37860.0,33566.666666666664,4293.333333333336,-0.08264843765275837,-0.03407931365286262,-0.005319161477601142,0.0044443125322044955,0.5,2025-05-30,IS7M25,341.0,0.0,40.0,False,-0.002928259779088334,94.68902022039278,,,,0.95,0.0,1,False,True,2025-05-23,47300.0,41900.0,42400.0,-0.04344012869598955,-0.025914288765470354,-0.030199739863632405,8,True,False,-0.11094489395172687,-2.8133973414829527,False,2025-06-06,0.0,0.0,0.0,2025-06-10,-0.010723963362975724,-400.0,-1.0,2025-06-17,-0.010723963362975724,-400.0,-1.0,2025-07-01,-0.02702867238791926,-1000.0,-1.0,2025-07-15,-0.016129381929883644,-600.0,-1.0,2025-07-30,0.013245226750020723,500.0,1.0,2025-08-29,0.007968169649176881,300.0,1.0
2025-06-02,Mon,38400.0,38400.0,38200.0,37500.0,36800.0,34800.0,36800.0,35800.0,34600.0,34400.0,32900.0,0.0,2025-06-02,2.0,2,0,34600.0,0,34400.0,0,32900.0,37860.0,33966.666666666664,3893.3333333333358,-1.324735178502639,-0.028911343494420035,0.0,0.004501600579834144,0.45,2025-05-30,IS7M25,341.0,0.0,40.0,False,-0.002928259779088334,94.68902022039278,,,,0.95,0.0,3,False,True,2025-05-31,46300.0,40800.0,41200.0,-0.05871707370828652,-0.045516838824462905,-0.054322681739157656,2,False,True,-0.08434114843375093,-0.2213178469502591,False,2025-06-07,-0.005347606326595242,-200.0,-1.0,2025-06-12,-0.010723963362975724,-400.0,-1.0,2025-06-17,-0.010723963362975724,-400.0,-1.0,2025-07-02,-0.02702867238791926,-1000.0,-1.0,2025-07-17,-0.016129381929883644,-600.0,-1.0,2025-08-01,0.013245226750020723,500.0,1.0,2025-09-01,0.007968169649176881,300.0,1.0
2025-06-03,Tue,38400.0,38400.0,38200.0,37500.0,36800.0,34800.0,36800.0,35800.0,34800.0,34600.0,33100.0,0.0,2025-06-03,1.0,2,0,34800.0,0,34600.0,0,33100.0,37860.0,34166.666666666664,3693.3333333333358,-1.9120795927987186,-0.028911343494420035,0.0,0.00436446369139913,0.45,2025-06-02,IS7M25,341.0,0.0,40.0,False,0.0,94.68902022039278,-0.002928259779088334,,,0.95,0.0,1,False,True,2025-05-31,46300.0,40800.0,41200.0,-0.05871707370828652,-0.045516838824462905,-0.054322681739157656,3,False,True,-0.08434114843375093,-0.21777237264738233,False,2025-06-09,-0.010723963362975724,-400.0,-1.0,2025-06-13,-0.010723963362975724,-400.0,-1.0,2025-06-18,-0.010723963362975724,-400.0,-1.0,2025-07-03,-0.02702867238791926,-1000.0,-1.0,2025-07-18,-0.016129381929883644,-600.0,-1.0,2025-08-02,0.015873349156290163,600.0,1.0,2025-09-01,0.007968169649176881,300.0,1.0
2025-06-04,Wed,38400.0,38400.0,38200.0,37500.0,36800.0,34800.0,36800.0,35800.0,34600.0,34400.0,32900.0,0.0,2025-06-04,1.0,2,0,34600.0,0,34400.0,0,32900.0,37860.0,33966.666666666664,3893.3333333333358,-1.2514317122310097,-0.028911343494420035,0.0,0.004231504545044095,0.5,2025-06-03,IS7M25,340.0,0.0,40.0,False,-0.0029368596733097135,94.41133980918929,-0.005865119452398134,,,0.95,0.0,1,False,True,2025-05-31,46300.0,40800.0,41200.0,-0.05871707370828652,-0.045516838824462905,-0.054322681739157656,4,False,True,-0.08434114843375093,-0.21423241870986334,False,2025-06-09,-0.010723963362975724,-400.0,-1.0,2025-06-14,-0.010723963362975724,-400.0,-1.0,2025-06-19,-0.010723963362975724,-400.0,-1.0,2025-07-04,-0.02702867238791926,-1000.0,-1.0,2025-07-19,-0.016129381929883644,-600.0,-1.0,2025-08-04,0.015873349156290163,600.0,1.0,2025-09-02,0.007968169649176881,300.0,1.0
2025-06-06,Fri,38400.0,38400.0,38200.0,37500.0,36800.0,34800.0,36800.0,35800.0,34600.0,34400.0,32900.0,0.0,2025-06-06,2.0,2,0,34600.0,0,34400.0,0,32900.0,37860.0,33966.666666666664,3893.3333333333358,-1.2316357850912856,-0.023716526617316044,0.0,0.004102595869915181,0.55,2025-06-05,IS7M25,340.0,0.0,40.0,False,0.0,94.41133980918929,-0.005865119452398134,,0.0014309447788992344,0.95,0.0,1,False,True,2025-05-31,46300.0,40800.0,41200.0,-0.05871707370828652,-0.045516838824462905,-0.054322681739157656,6,True,False,-0.08434114843375093,-0.2106978449861859,False,2025-06-11,-0.013423020332140661,-500.0,-1.0,2025-06-17,-0.010723963362975724,-400.0,-1.0,2025-06-21,-0.010723963362975724,-400.0,-1.0,2025-07-07,-0.024292692569044587,-900.0,-1.0,2025-07-22,-0.013423020332140661,-500.0,-1.0,2025-08-05,0.01849458263616431,700.0,1.0,2025-09-04,0.0,0.0,0.0
2025-06-07,Sat,38200.0,38200.0,38000.0,37300.0,36600.0,34600.0,36600.0,35600.0,34500.0,34300.0,32800.0,-200.0,2025-06-07,1.0,2,0,34500.0,0,34300.0,0,32800.0,37660.0,33866.666666666664,3793.3333333333358,-1.5154134165682402,-0.021220955482885422,-0.0053476063265947005,0.003977614272341449,0.55,2025-06-06,IS7M25,340.0,9.0,49.0,False,0.0,94.41133980918929,-0.0029368596733097135,,0.0013575133148874532,0.95,0.0,1,False,True,2025-06-06,46300.0,40800.0,41200.0,-0.052588351766913136,-0.0478560211776351,-0.054322681739157656,1,False,True,-0.08968875476034618,-0.687064100328062,False,2025-06-12,-0.005376357036380406,-200.0,-1.0,2025-06-17,-0.005376357036380406,-200.0,-1.0,2025-06-23,-0.008075414005545418,-300.0,-1.0,2025-07-07,-0.018945086242449304,-700.0,-1.0,2025-07-22,-0.008075414005545418,-300.0,-1.0,2025-08-06,0.023842188962759657,900.0,1.0,2025-09-05,0.005347606326595277,200.0,1.0
2025-06-09,Mon,38000.0,38000.0,37800.0,37100.0,36400.0,34600.0,36200.0,35200.0,34300.0,34100.0,32600.0,-200.0,2025-06-09,2.0,2,0,34300.0,0,34100.0,0,32600.0,37460.0,33666.666666666664,3793.3333333333358,-1.4900922125832017,-0.016043124840575577,-0.005376357036380952,0.0040728299727605215,0.5,2025-06-06,IS7M25,340.0,9.0,49.0,False,0.0,94.41133980918929,-0.0029368596733097135,,0.0013575133148874532,0.95,0.0,3,False,True,2025-06-06,46300.0,40800.0,41200.0,-0.052588351766913136,-0.0478560211776351,-0.054322681739157656,3,False,True,-0.09506511179672657,-1.1535611003564994,False,2025-06-14,0.0,0.0,0.0,2025-06-19,0.0,0.0,0.0,2025-06-24,-0.008119124438504242,-300.0,-1.0,2025-07-09,-0.010840214552864833,-400.0,-1.0,2025-07-24,0.005376357036380496,200.0,1.0,2025-08-08,0.02659731251926585,1000.0,1.0,2025-09-08,0.029218545999140005,1100.0,1.0
2025-06-10,Tue,38000.0,38000.0,37800.0,37100.0,36400.0,34600.0,36200.0,35200.0,34400.0,34200.0,32700.0,0.0,2025-06-10,1.0,2,0,34400.0,0,34200.0,0,32700.0,37460.0,33766.666666666664,3693.3333333333358,-1.7836252401336967,-0.010723963362975724,0.0,0.004162568947988016,0.45,2025-06-09,IS7M25,340.0,0.0,49.0,False,0.0,94.41133980918929,-0.0029368596733097135,-0.005865119452398134,0.0012931390773357357,0.95,0.0,1,False,True,2025-06-06,46300.0,40800.0,41200.0,-0.052588351766913136,-0.0478560211776351,-0.054322681739157656,4,False,True,-0.09506511179672657,-1.121780294390114,True,2025-06-17,0.0,0.0,0.0,2025-06-20,0.0,0.0,0.0,2025-06-25,-0.013568729206068903,-500.0,-1.0,2025-07-10,-0.010840214552864833,-400.0,-1.0,2025-07-25,0.008053734807096823,300.0,1.0,2025-08-11,0.02659731251926585,1000.0,1.0,2025-09-08,0.029218545999140005,1100.0,1.0
2025-06-11,Wed,38000.0,38000.0,37800.0,37000.0,36400.0,34600.0,36300.0,35300.0,34400.0,34200.0,32700.0,-100.0,2025-06-11,1.0,2,0,34400.0,0,34200.0,0,32700.0,37440.0,33766.666666666664,3673.3333333333358,-1.825888005878193,-0.013423020332140661,-0.00269905696916517,0.004035760328853637,0.45,2025-06-10,IS7M25,340.0,0.0,49.0,False,0.0,94.41133980918929,0.0,-0.005865119452398134,0.0012364774093928418,0.9,0.0,1,False,True,2025-06-06,46300.0,40800.0,41200.0,-0.052588351766913136,-0.0478560211776351,-0.054322681739157656,5,True,False,-0.09776416876589157,-1.322084694373669,False,2025-06-17,0.0026990569691649835,100.0,1.0,2025-06-21,0.0026990569691649835,100.0,1.0,2025-06-26,-0.013605652055778598,-500.0,-1.0,2025-07-14,-0.002706361597742914,-100.0,-1.0,2025-07-26,0.016086137751624444,600.0,1.0,2025-08-11,0.029296369488430757,1100.0,1.0,2025-09-09,0.034531983542375945,1300.0,1.0
2025-06-12,Thu,38000.0,38000.0,37800.0,37100.0,36400.0,34700.0,36400.0,35400.0,34400.0,34200.0,32700.0,100.0,2025-06-12,1.0,2,0,34400.0,0,34200.0,0,32700.0,37460.0,33766.666666666664,3693.3333333333358,-1.7490891982990306,-0.010723963362975724,0.00269905696916517,0.003968275980498311,0.4,2025-06-11,IS7M25,340.0,0.0,49.0,False,0.0,94.41133980918929,0.0,-0.005865119452398134,0.0012364774093928418,0.85,0.0,1,False,True,2025-06-11,45900.0,40300.0,40800.0,-0.055098680876938075,-0.05784745128194152,-0.05484091569958613,1,False,True,-0.08273449933924781,0.019827756055103025,True,2025-06-17,0.0,0.0,0.0,2025-06-23,-0.002699056969165058,-100.0,-1.0,2025-06-27,-0.016304709024943582,-600.0,-1.0,2025-07-14,-0.005405418566907935,-200.0,-1.0,2025-07-28,0.018692133012152546,700.0,1.0,2025-08-11,0.02659731251926585,1000.0,1.0,2025-09-10,0.031832926573210754,1200.0,1.0
2025-06-13,Fri,38000.0,38000.0,37800.0,37100.0,36400.0,34700.0,36400.0,35400.0,34400.0,34200.0,32700.0,0.0,2025-06-13,1.0,2,0,34400.0,0,34200.0,0,32700.0,37460.0,33766.666666666664,3693.3333333333358,-1.7343235013525349,-0.010723963362975724,0.0,0.0039037771341770763,0.35,2025-06-12,IS7M25,340.0,0.0,49.0,False,0.0,94.41133980918929,0.0,-0.005865119452398134,0.0012364774093928418,0.8,0.0,1,False,True,2025-06-12,45800.0,40300.0,40800.0,-0.05727970682329826,-0.05315260697773384,-0.05715841383994864,1,False,True,-0.08273449933924781,0.01889338946043005,True,2025-06-18,0.0,0.0,0.0,2025-06-23,-0.002699056969165058,-100.0,-1.0,2025-06-28,-0.019048194970694474,-700.0,-1.0,2025-07-14,-0.005405418566907935,-200.0,-1.0,2025-07-28,0.018692133012152546,700.0,1.0,2025-08-12,0.023969190112996402,900.0,1.0,2025-09-11,0.02659731251926585,1000.0,1.0
2025-06-14,Sat,38000.0,38000.0,37800.0,37100.0,36400.0,34900.0,36700.0,35700.0,34200.0,34000.0,32500.0,0.0,2025-06-14,1.0,2,0,34200.0,0,34000.0,0,32500.0,37460.0,33566.666666666664,3893.3333333333358,-1.1547185334936427,-0.010723963362975724,0.0,0.003784852356238531,0.4,2025-06-13,IS7M25,340.0,0.0,49.0,False,0.0,94.41133980918929,0.0,-0.0029368596733097135,0.0012364774093928418,0.75,0.0,1,False,True,2025-06-13,45800.0,40100.0,40600.0,-0.05727970682329826,-0.053410751739708745,-0.06669137449867228,1,False,True,-0.07775936469913405,0.45706434552502906,True,2025-06-19,0.0,0.0,0.0,2025-06-24,-0.008119124438504242,-300.0,-1.0,2025-07-01,-0.016304709024943582,-600.0,-1.0,2025-07-14,-0.005405418566907935,-200.0,-1.0,2025-07-29,0.023969190112996402,900.0,1.0,2025-08-13,0.023969190112996402,900.0,1.0,2025-09-12,0.02133414247499114,800.0,1.0
2025-06-17,Tue,38000.0,38000.0,37800.0,37100.0,36400.0,35000.0,36900.0,35900.0,34200.0,34000.0,32500.0,0.0,2025-06-17,3.0,2,0,34200.0,0,34000.0,0,32500.0,37460.0,33566.666666666664,3893.3333333333358,-1.1463931373341805,-0.005376357036380406,0.0,0.0036695505061264517,0.45,2025-06-16,IS7M25,340.0,0.0,49.0,False,0.0,94.41133980918929,0.0,-0.0029368596733097135,0.0009287165735956712,0.7,0.0,1,False,True,2025-06-14,45800.0,40100.0,40600.0,-0.06344622173896224,-0.06047791896280119,-0.06207242864237772,3,False,True,-0.07775936469913405,0.4657110680026908,True,2025-06-23,-0.002699056969165058,-100.0,-1.0,2025-06-27,-0.016304709024943582,-600.0,-1.0,2025-07-02,-0.016304709024943582,-600.0,-1.0,2025-07-17,-0.005405418566907935,-200.0,-1.0,2025-08-01,0.023969190112996402,900.0,1.0,2025-08-18,0.023969190112996402,900.0,1.0,2025-09-15,0.018692133012152546,700.0,1.0
2025-06-18,Wed,38000.0,38000.0,37800.0,37100.0,36500.0,35000.0,37000.0,36000.0,34200.0,34000.0,32500.0,0.0,2025-06-18,1.0,2,0,34200.0,0,34000.0,0,32500.0,37480.0,33566.666666666664,3913.3333333333358,-1.0820999463520653,-0.005376357036380406,0.0,0.003557761214864219,0.5,2025-06-17,IS7M25,340.0,0.0,49.0,False,0.0,94.41133980918929,0.0,0.0,0.0009287165735956712,0.7,0.0,1,False,True,2025-06-17,45600.0,39800.0,40300.0,-0.053374460591375045,-0.06563716363997907,-0.06717152815706487,1,False,True,-0.07024994267700259,1.1319246569122756,True,2025-06-23,-0.002699056969165058,-100.0,-1.0,2025-06-28,-0.019048194970694474,-700.0,-1.0,2025-07-03,-0.016304709024943582,-600.0,-1.0,2025-07-18,-0.005405418566907935,-200.0,-1.0,2025-08-02,0.02659731251926585,1000.0,1.0,2025-08-18,0.023969190112996402,900.0,1.0,2025-09-16,0.013387080782459279,500.0,1.0
2025-06-19,Thu,38000.0,38000.0,37800.0,37100.0,36500.0,35000.0,37000.0,36000.0,34100.0,33900.0,32400.0,0.0,2025-06-19,1.0,2,0,34100.0,0,33900.0,0,32400.0,37480.0,33466.666666666664,4013.3333333333358,-0.7827640784618024,0.0,0.0,0.003449377475758864,0.55,2025-06-18,IS7M25,340.0,0.0,49.0,False,0.0,94.41133980918929,0.0,0.0,0.0,0.7,0.0,1,False,True,2025-06-18,45600.0,39800.0,40200.0,-0.053374460591375045,-0.058553308751574135,-0.06965600148472674,1,False,True,-0.07024994267700259,1.1393370503414175,True,2025-06-24,-0.008119124438504242,-300.0,-1.0,2025-07-01,-0.016304709024943582,-600.0,-1.0,2025-07-04,-0.016304709024943582,-600.0,-1.0,2025-07-19,-0.005405418566907935,-200.0,-1.0,2025-08-04,0.02659731251926585,1000.0,1.0,2025-08-18,0.023969190112996402,900.0,1.0,2025-09-18,0.008053734807096823,300.0,1.0
2025-06-20,Fri,38000.0,38000.0,37800.0,37100.0,36500.0,35000.0,37000.0,36000.0,33900.0,33700.0,32200.0,0.0,2025-06-20,1.0,2,0,33900.0,0,33700.0,0,32200.0,37480.0,33266.666666666664,4213.333333333336,-0.20343074448209808,0.0,0.0,0.0033442955419723656,0.55,2025-06-18,IS7M25,340.0,0.0,49.0,False,0.0,94.41133980918929,0.0,0.0,0.0,0.7,0.0,2,False,True,2025-06-19,45600.0,39600.0,40100.0,-0.049207787896529104,-0.0683192439774772,-0.06516176827522759,1,False,True,-0.06521214864704543,1.5720754314786651,True,2025-06-25,-0.013568729206068903,-500.0,-1.0,2025-07-01,-0.016304709024943582,-600.0,-1.0,2025-07-05,-0.016304709024943582,-600.0,-1.0,2025-07-22,-0.002699056969165058,-100.0,-1.0,2025-08-04,0.02659731251926585,1000.0,1.0,2025-08-19,0.023969190112996402,900.0,1.0,2025-09-18,0.008053734807096823,300.0,1.0
2025-06-21,Sat,38000.0,38000.0,37800.0,37100.0,36500.0,35000.0,37000.0,36000.0,33900.0,33700.0,32200.0,0.0,2025-06-21,1.0,2,0,33900.0,0,33700.0,0,32200.0,37480.0,33266.666666666664,4213.333333333336,-0.19015041403960067,0.0026990569691649835,0.0,0.003242414827213332,0.55,2025-06-20,IS7M25,340.0,3.0,49.0,False,0.0,94.41133980918929,0.0,0.0,0.0,0.7,0.0,1,False,True,2025-06-19,45600.0,39600.0,40100.0,-0.049207787896529104,-0.0683192439774772,-0.06516176827522759,2,False,True,-0.06521214864704543,1.5580179294648826,True,2025-06-26,-0.016304709024943582,-600.0,-1.0,2025-07-01,-0.016304709024943582,-600.0,-1.0,2025-07-07,-0.013568729206068903,-500.0,-1.0,2025-07-22,-0.002699056969165058,-100.0,-1.0,2025-08-05,0.029218545999140005,1100.0,1.0,2025-08-20,0.029218545999140005,1100.0,1.0,2025-09-19,0.008053734807096823,300.0,1.0
2025-06-23,Mon,37900.0,37900.0,37700.0,37000.0,36400.0,34900.0,36900.0,35900.0,33800.0,33600.0,32100.0,-100.0,2025-06-23,2.0,2,0,33800.0,0,33600.0,0,32100.0,37380.0,33166.666666666664,4213.333333333336,-0.17520073126142804,-0.002699056969165058,-0.00269905696916517,0.0031436378094540232,0.6,2025-06-20,IS7M25,340.0,3.0,49.0,False,0.0,94.41133980918929,0.0,0.0,0.0,0.7,0.0,3,False,True,2025-06-21,45300.0,39200.0,39600.0,-0.043203263008898984,-0.0666090801316752,-0.0683192439774772,2,False,True,-0.05775883415219242,2.1905092722795123,True,2025-06-28,-0.01634913800152941,-600.0,-1.0,2025-07-03,-0.013605652055778598,-500.0,-1.0,2025-07-08,-0.010869672236903879,-400.0,-1.0,2025-07-23,0.0,0.0,0.0,2025-08-07,0.031917602968304946,1200.0,1.0,2025-08-22,0.031917602968304946,1200.0,1.0,2025-09-22,-0.008141157583699885,-300.0,-1.0
2025-06-24,Tue,37700.0,37700.0,37500.0,36800.0,36200.0,34700.0,36700.0,35700.0,33400.0,33200.0,31700.0,-200.0,2025-06-24,1.0,2,0,33400.0,0,33200.0,0,31700.0,37180.0,32766.666666666668,4413.333333333332,0.3958810992637758,-0.008119124438504242,-0.005420067469337653,0.003118750658160267,0.6,2025-06-23,IS7M25,340.0,0.0,49.0,False,0.0,94.41133980918929,0.0,0.0,0.0,0.7,0.0,1,False,True,2025-06-23,45100.0,38800.0,39500.0,-0.02625971458355577,-0.05026183478088831,-0.0421375844484045,1,False,True,-0.05292240145434255,2.564438044910255,True,2025-07-01,-0.008185584586439405,-300.0,-1.0,2025-07-04,-0.008185584586439405,-300.0,-1.0,2025-07-09,-0.0027210901143606132,-100.0,-1.0,2025-07-24,0.013495481474884509,500.0,1.0,2025-08-08,0.034716436957770026,1300.0,1.0,2025-08-25,0.03733767043764431,1400.0,1.0,2025-09-22,-0.0027210901143606132,-100.0,-1.0
2025-06-25,Wed,37500.0,37500.0,37300.0,36600.0,36000.0,34500.0,36500.0,35500.0,33200.0,33000.0,31500.0,-200.0,2025-06-25,1.0,2,0,33200.0,0,33000.0,0,31500.0,36980.0,32566.666666666668,4413.333333333332,0.39809094509538345,-0.013568729206068903,-0.005449604767566285,0.003302368424334107,0.6,2025-06-24,IS7M25,340.0,0.0,49.0,False,0.0,94.41133980918929,0.0,0.0,0.0,0.7,0.0,1,False,True,2025-06-24,45100.0,38400.0,39100.0,-0.02625971458355577,-0.060624621816434854,-0.05231578936416059,1,False,True,-0.048009219186360606,2.882587836244988,True,2025-07-01,-0.0027359798188747488,-100.0,-1.0,2025-07-05,-0.0027359798188747488,-100.0,-1.0,2025-07-10,0.002728514653203914,100.0,1.0,2025-07-25,0.02162246401316571,800.0,1.0,2025-08-11,0.04016604172533465,1500.0,1.0,2025-08-25,0.04278727520520898,1600.0,1.0,2025-09-23,-0.00823049913651548,-300.0,-1.0
2025-06-26,Thu,37400.0,37400.0,37200.0,36500.0,35900.0,34400.0,36400.0,35400.0,33200.0,33000.0,31500.0,-100.0,2025-06-26,1.0,2,0,33200.0,0,33000.0,0,31500.0,36880.0,32566.666666666668,4313.333333333332,0.11483945549333432,-0.016304709024943582,-0.0027359798188744122,0.0034688889438547134,0.6,2025-06-25,IS7M25,341.0,0.0,49.0,False,0.0029368596733097057,94.68902022039278,0.0029368596733097057,0.0029368596733097057,0.0,0.75,0.0,1,False,True,2025-06-24,45100.0,38400.0,39100.0,-0.02625971458355577,-0.060624621816434854,-0.05231578936416059,2,False,True,-0.05074519900523532,2.4833409594334523,True,2025-07-01,0.0,0.0,0.0,2025-07-07,0.0027359798188748455,100.0,1.0,2025-07-14,0.010899290458035638,400.0,1.0,2025-07-26,0.029691789807403,1100.0,1.0,2025-08-11,0.0429020215442095,1600.0,1.0,2025-08-25,0.0455232550240836,1700.0,1.0,2025-09-24,-0.005494519317640702,-200.0,-1.0
2025-06-27,Fri,37400.0,37400.0,37200.0,36500.0,35900.0,34400.0,36400.0,35400.0,33200.0,33000.0,31500.0,0.0,2025-06-27,1.0,2,0,33200.0,0,33000.0,0,31500.0,36880.0,32566.666666666668,4313.333333333332,0.13199386240525798,-0.016304709024943582,0.0,0.0034293343681634347,0.6,2025-06-26,IS7N25,338.0,0.0,49.0,True,,94.68902022039278,,,,0.75,0.0,1,False,True,2025-06-26,45100.0,38800.0,39200.0,-0.01758287055786682,-0.03793122232340956,-0.04000533461369913,1,False,True,-0.06110798604078195,1.5819657576424178,False,2025-07-02,0.0,0.0,0.0,2025-07-07,0.0027359798188748455,100.0,1.0,2025-07-14,0.010899290458035638,400.0,1.0,2025-07-28,0.03499684203709615,1300.0,1.0,2025-08-11,0.0429020215442095,1600.0,1.0,2025-08-26,0.0402738991379399,1500.0,1.0,2025-09-25,-0.005494519317640702,-200.0,-1.0
2025-06-28,Sat,37300.0,37300.0,37100.0,36400.0,35800.0,34300.0,36300.0,35300.0,33000.0,32800.0,31300.0,-100.0,2025-06-28,1.0,2,0,33000.0,0,32800.0,0,31300.0,36780.0,32366.666666666668,4413.333333333332,0.4427796587876208,-0.019048194970694474,-0.002743485945750024,0.003324863028178287,0.6,2025-06-27,IS7N25,338.0,0.0,49.0,False,0.0,94.68902022039278,,,,0.75,0.0,1,False,True,2025-06-27,45100.0,38700.0,39200.0,-0.01540184461150659,-0.04051186891690122,-0.04000533461369913,1,False,True,-0.06127082539304118,1.532517526847913,False,2025-07-03,0.002743485945750834,100.0,1.0,2025-07-08,0.0054794657646255705,200.0,1.0,2025-07-14,0.013642776403786479,500.0,1.0,2025-07-28,0.03774032798284711,1400.0,1.0,2025-08-12,0.04301738508369086,1600.0,1.0,2025-08-27,0.03774032798284711,1400.0,1.0,2025-09-26,-0.002751033371889871,-100.0,-1.0
2025-07-01,Tue,37300.0,37300.0,37100.0,36500.0,35700.0,34200.0,36200.0,35200.0,33000.0,32800.0,31300.0,100.0,2025-07-01,3.0,2,0,33000.0,0,32800.0,0,31300.0,36780.0,32366.666666666668,4413.333333333332,0.4846319584942883,-0.016304709024943582,0.002743485945750024,0.003292876282955336,0.55,2025-06-30,IS7N25,344.0,0.0,49.0,False,0.01759576189037966,96.36989040181987,,,,0.75,0.0,1,False,True,2025-06-30,45100.0,38500.0,39300.0,-0.01540184461150659,-0.040718093018784915,-0.03254354773247142,1,False,True,-0.053345980705292735,2.07531223791555,False,2025-07-07,0.0027359798188748455,100.0,1.0,2025-07-14,0.010899290458035638,400.0,1.0,2025-07-16,0.010899290458035638,400.0,1.0,2025-07-31,0.0402738991379399,1500.0,1.0,2025-08-18,0.0402738991379399,1500.0,1.0,2025-08-30,0.03499684203709615,1300.0,1.0,2025-09-29,-0.011019395249610538,-400.0,-1.0
2025-07-02,Wed,37300.0,37300.0,37100.0,36500.0,35700.0,34200.0,36200.0,35200.0,33200.0,33000.0,31500.0,0.0,2025-07-02,1.0,2,0,33200.0,0,33000.0,0,31500.0,36780.0,32566.666666666668,4213.333333333332,-0.0947962259478325,-0.016304709024943582,0.0,0.003262522807587778,0.5,2025-07-01,IS7N25,345.0,0.0,49.0,False,0.00290275965796141,96.65003543205773,,,,0.75,0.0,1,False,True,2025-07-01,45000.0,38400.0,39200.0,-0.01324522675002068,-0.03580945269671089,-0.02767472215622048,1,False,True,-0.05074519900523532,2.180777548969011,False,2025-07-07,0.0027359798188748455,100.0,1.0,2025-07-14,0.010899290458035638,400.0,1.0,2025-07-17,0.010899290458035638,400.0,1.0,2025-08-01,0.0402738991379399,1500.0,1.0,2025-08-18,0.0402738991379399,1500.0,1.0,2025-09-01,0.03499684203709615,1300.0,1.0,2025-09-30,-0.013793322132335873,-500.0,-1.0
2025-07-03,Thu,37300.0,37300.0,37100.0,36500.0,35700.0,34200.0,36200.0,35200.0,33000.0,32800.0,31300.0,0.0,2025-07-03,1.0,2,0,33000.0,0,32800.0,0,31300.0,36780.0,32366.666666666668,4413.333333333332,0.5314112551807925,-0.013605652055778598,0.0,0.003163133219740928,0.5,2025-07-02,IS7N25,345.0,0.0,39.0,False,0.0,96.65003543205773,,,,0.7,0.0,1,False,True,2025-07-02,45000.0,38400.0,38800.0,-0.01324522675002068,-0.03580945269671089,-0.03544674899574757,1,False,True,-0.05074519900523532,2.096124882225079,False,2025-07-08,0.0027359798188748455,100.0,1.0,2025-07-14,0.010899290458035638,400.0,1.0,2025-07-18,0.010899290458035638,400.0,1.0,2025-08-02,0.0429020215442095,1600.0,1.0,2025-08-18,0.0402738991379399,1500.0,1.0,2025-09-01,0.03499684203709615,1300.0,1.0,2025-10-01,-0.019364367181791232,-700.0,-1.0
2025-07-04,Fri,37300.0,37300.0,37100.0,36500.0,35600.0,34100.0,36100.0,35100.0,33200.0,33000.0,31500.0,0.0,2025-07-04,1.0,2,0,33200.0,0,33000.0,0,31500.0,36760.0,32566.666666666668,4193.333333333332,-0.13281160085236365,-0.008185584586439405,0.0,0.003066771439132511,0.55,2025-07-03,IS7N25,345.0,0.0,39.0,False,0.0,96.65003543205773,0.02049852154834097,,,0.7,0.0,1,False,True,2025-07-03,45000.0,38300.0,38700.0,-0.01324522675002068,-0.033379222073834605,-0.03553673427678743,1,False,True,-0.048137635598154496,2.16906254715719,False,2025-07-09,0.005464494472078745,200.0,1.0,2025-07-14,0.010899290458035638,400.0,1.0,2025-07-19,0.010899290458035638,400.0,1.0,2025-08-04,0.0429020215442095,1600.0,1.0,2025-08-18,0.0402738991379399,1500.0,1.0,2025-09-02,0.03499684203709615,1300.0,1.0,2025-10-03,-0.02216157180285245,-800.0,-1.0
2025-07-05,Sat,37300.0,37300.0,37100.0,36500.0,35600.0,34100.0,36100.0,35100.0,33200.0,33000.0,31500.0,0.0,2025-07-05,1.0,2,0,33200.0,0,33000.0,0,31500.0,36760.0,32566.666666666668,4193.333333333332,-0.1199724255137453,-0.0027359798188747488,0.0,0.002973345226556472,0.6,2025-07-03,IS7N25,345.0,0.0,39.0,False,0.0,96.65003543205773,0.02049852154834097,,,0.7,0.0,2,False,True,2025-07-04,45000.0,38300.0,38700.0,-0.006644542718668613,-0.023226850609816545,-0.02298951822469872,1,False,True,-0.048137635598154496,2.063830246792681,False,2025-07-10,0.005464494472078745,200.0,1.0,2025-07-15,0.010899290458035638,400.0,1.0,2025-07-22,0.013605652055778678,500.0,1.0,2025-08-04,0.0429020215442095,1600.0,1.0,2025-08-19,0.0402738991379399,1500.0,1.0,2025-09-03,0.02702867238791942,1000.0,1.0,2025-10-03,-0.02216157180285245,-800.0,-1.0
2025-07-07,Mon,37400.0,37400.0,37200.0,36600.0,35500.0,34000.0,36000.0,35000.0,33200.0,33000.0,31500.0,100.0,2025-07-07,2.0,2,0,33200.0,0,33000.0,0,31500.0,36820.0,32566.666666666668,4253.333333333332,0.07823536064823605,0.0027359798188748455,0.0027359798188744122,0.00288276515278456,0.6,2025-07-03,IS7N25,345.0,0.0,39.0,False,0.0,96.65003543205773,0.02049852154834097,,,0.7,0.0,4,False,True,2025-07-05,44800.0,38200.0,38600.0,-0.006674107087693132,-0.015584731016698203,-0.023048395436291017,2,False,True,-0.04278727520520898,2.3006928599566545,False,2025-07-14,0.008163310639160835,300.0,1.0,2025-07-17,0.008163310639160835,300.0,1.0,2025-07-22,0.010869672236903891,400.0,1.0,2025-08-06,0.04278727520520898,1600.0,1.0,2025-08-21,0.04278727520520898,1600.0,1.0,2025-09-05,0.024292692569044483,900.0,1.0,2025-10-06,-0.04756141119893914,-1700.0,-1.0
2025-07-08,Tue,37400.0,37400.0,37200.0,36600.0,35500.0,34000.0,36000.0,35000.0,33200.0,33000.0,31500.0,0.0,2025-07-08,1.0,2,0,33200.0,0,33000.0,0,31500.0,36820.0,32566.666666666668,4253.333333333332,0.08889523002847147,0.0054794657646255705,0.0,0.0028741694391075366,0.6,2025-07-07,IS7N25,345.0,6.0,39.0,False,0.0,96.65003543205773,0.02049852154834097,,,0.7,0.0,1,False,True,2025-07-07,44800.0,38200.0,38600.0,-0.006674107087693132,-0.0052219439811517126,-0.012870190520534907,1,False,True,-0.04278727520520898,2.1763003177700533,False,2025-07-14,0.008163310639160835,300.0,1.0,2025-07-18,0.008163310639160835,300.0,1.0,2025-07-23,0.010869672236903891,400.0,1.0,2025-08-07,0.04278727520520898,1600.0,1.0,2025-08-22,0.04278727520520898,1600.0,1.0,2025-09-06,0.03753791931906524,1400.0,1.0,2025-10-06,-0.04756141119893914,-1700.0,-1.0
2025-07-09,Wed,37500.0,37500.0,37300.0,36700.0,35600.0,34100.0,36100.0,35100.0,33500.0,33300.0,31800.0,100.0,2025-07-09,1.0,2,0,33500.0,0,33300.0,0,31800.0,36920.0,32866.666666666664,4053.3333333333358,-0.5313040492399753,0.008207980417829582,0.0027285146532047833,0.0027866106593526386,0.65,2025-07-08,IS7N25,345.0,0.0,39.0,False,0.0,96.65003543205773,0.00290275965796141,,,0.7,0.0,1,False,True,2025-07-08,44800.0,38200.0,38600.0,-0.006674107087693132,-0.015584731016698203,-0.015424470325631639,1,False,True,-0.040058760552004864,2.2147241410263994,False,2025-07-14,0.005434795985956995,200.0,1.0,2025-07-19,0.005434795985956995,200.0,1.0,2025-07-24,0.01621657158924529,600.0,1.0,2025-08-08,0.03743752707213059,1400.0,1.0,2025-08-25,0.040058760552004954,1500.0,1.0,2025-09-08,0.040058760552004954,1500.0,1.0,2025-10-07,-0.05028992585214305,-1800.0,-1.0
2025-07-10,Thu,37500.0,37500.0,37300.0,36700.0,35600.0,34100.0,36100.0,35100.0,33500.0,33300.0,31800.0,0.0,2025-07-10,1.0,2,0,33500.0,0,33300.0,0,31800.0,36920.0,32866.666666666664,4053.3333333333358,-0.5161500868845903,0.008207980417829582,0.0,0.0027831590974239824,0.6,2025-07-09,IS7N25,345.0,0.0,39.0,False,0.0,96.65003543205773,0.0,,0.006557563000579623,0.7,0.0,1,False,True,2025-07-09,45500.0,38600.0,38900.0,0.008830079448271995,-0.0025873235649509123,-0.007682496172016282,1,False,True,-0.05047552141026054,1.5180561476644245,False,2025-07-15,0.005434795985956995,200.0,1.0,2025-07-22,0.008141157583699866,300.0,1.0,2025-07-25,0.018893949359961613,700.0,1.0,2025-08-11,0.03743752707213059,1400.0,1.0,2025-08-25,0.040058760552004954,1500.0,1.0,2025-09-08,0.040058760552004954,1500.0,1.0,2025-10-08,-0.056037068107711106,-2000.0,-1.0
2025-07-14,Mon,37700.0,37700.0,37500.0,36900.0,35800.0,34200.0,36100.0,35100.0,33300.0,33100.0,31600.0,200.0,2025-07-14,4.0,2,0,33300.0,0,33100.0,0,31600.0,37120.0,32666.666666666668,4453.333333333332,0.7362473466499966,0.010899290458035638,0.005434795985957308,0.00269837285931345,0.6,2025-07-11,IS7N25,345.0,0.0,39.0,False,0.0,96.65003543205773,0.0,0.02049852154834097,0.005823971375017444,0.8,0.0,3,False,True,2025-07-11,46300.0,38500.0,39000.0,0.026259714583555728,0.0,-0.007662872745569137,3,False,True,-0.04244669024725705,1.894562965785731,True,2025-07-19,0.0,0.0,0.0,2025-07-24,0.010781775603288413,400.0,1.0,2025-07-29,0.029374608679904317,1100.0,1.0,2025-08-13,0.029374608679904317,1100.0,1.0,2025-08-28,0.024097551579060524,900.0,1.0,2025-09-12,0.026739561041899087,1000.0,1.0,2025-10-13,-0.061471864093667984,-2200.0,-1.0
2025-07-15,Tue,37700.0,37700.0,37500.0,36900.0,35800.0,34000.0,36000.0,35000.0,33200.0,33000.0,31500.0,0.0,2025-07-15,1.0,2,0,33200.0,0,33000.0,0,31500.0,37120.0,32566.666666666668,4553.333333333332,1.025096092921288,0.010899290458035638,0.0,0.0029353983660050874,0.55,2025-07-14,IS7N25,345.0,0.0,39.0,False,0.0,96.65003543205773,0.0,0.02049852154834097,0.005537928930646718,0.85,0.0,1,False,True,2025-07-14,45500.0,38200.0,38600.0,0.011049836186584935,-0.0052219439811517126,-0.015424470325631639,1,False,True,-0.03462396456604801,2.2221166409774256,True,2025-07-22,0.0027063615977428457,100.0,1.0,2025-07-25,0.01345915337400471,500.0,1.0,2025-07-30,0.029374608679904317,1100.0,1.0,2025-08-14,0.029374608679904317,1100.0,1.0,2025-08-29,0.024097551579060524,900.0,1.0,2025-09-13,0.026739561041899087,1000.0,1.0,2025-10-13,-0.061471864093667984,-2200.0,-1.0
2025-07-16,Wed,37700.0,37700.0,37500.0,36900.0,35800.0,34000.0,36000.0,35000.0,33100.0,32900.0,31400.0,0.0,2025-07-16,1.0,2,0,33100.0,0,32900.0,0,31400.0,37120.0,32466.666666666668,4653.333333333332,1.3012315788935769,0.010899290458035638,0.0,0.0028459743064751337,0.55,2025-07-15,IS7N25,345.0,0.0,39.0,False,0.0,96.65003543205773,0.0,0.00290275965796141,0.005537928930646718,0.9,0.0,1,False,True,2025-07-14,45500.0,38200.0,38600.0,0.011049836186584935,-0.0052219439811517126,-0.015424470325631639,2,False,True,-0.03462396456604801,2.107257663105119,True,2025-07-22,0.0027063615977428457,100.0,1.0,2025-07-26,0.01879249934936732,700.0,1.0,2025-07-31,0.029374608679904317,1100.0,1.0,2025-08-18,0.029374608679904317,1100.0,1.0,2025-08-30,0.024097551579060524,900.0,1.0,2025-09-15,0.024097551579060524,900.0,1.0,2025-10-14,-0.061471864093667984,-2200.0,-1.0
2025-07-17,Thu,37700.0,37700.0,37500.0,36900.0,35800.0,34000.0,36000.0,35000.0,33300.0,33100.0,31600.0,0.0,2025-07-17,1.0,2,0,33300.0,0,33100.0,0,31600.0,37120.0,32666.666666666668,4453.333333333332,0.6555284618564968,0.008163310639160835,0.0,0.002759274464044782,0.55,2025-07-16,IS7N25,345.0,0.0,39.0,False,0.0,96.65003543205773,0.0,0.0,0.000917933201920937,0.95,0.0,1,False,True,2025-07-16,45300.0,38100.0,38400.0,0.006644542718668511,-0.007843177461025893,-0.010362787035546547,1,False,True,-0.03200273108617383,2.1266469737363,True,2025-07-22,0.0027063615977428457,100.0,1.0,2025-07-28,0.024097551579060524,900.0,1.0,2025-08-01,0.029374608679904317,1100.0,1.0,2025-08-18,0.029374608679904317,1100.0,1.0,2025-09-01,0.024097551579060524,900.0,1.0,2025-09-15,0.024097551579060524,900.0,1.0,2025-10-15,-0.06725222700916746,-2400.0,-1.0
2025-07-18,Fri,37700.0,37700.0,37500.0,36900.0,35800.0,34000.0,36000.0,35000.0,33500.0,33300.0,31800.0,0.0,2025-07-18,1.0,2,0,33500.0,0,33300.0,0,31800.0,37120.0,32866.666666666664,4253.333333333336,0.017353392724605066,0.008163310639160835,0.0,0.0026752158480866256,0.55,2025-07-17,IS7N25,345.0,0.0,39.0,False,0.0,96.65003543205773,0.0,0.0,0.0,0.95,0.0,1,False,True,2025-07-17,45300.0,38600.0,38800.0,0.006644542718668511,0.0078023802841848,0.002580646593491713,1,False,True,-0.04504072542430372,1.386696258394995,True,2025-07-23,0.0027063615977428457,100.0,1.0,2025-07-28,0.024097551579060524,900.0,1.0,2025-08-02,0.032002731086173734,1200.0,1.0,2025-08-18,0.029374608679904317,1100.0,1.0,2025-09-01,0.024097551579060524,900.0,1.0,2025-09-16,0.01879249934936732,700.0,1.0,2025-10-16,-0.07015498666712887,-2500.0,-1.0
2025-07-19,Sat,37700.0,37700.0,37500.0,36900.0,35800.0,34000.0,36000.0,35000.0,33400.0,33200.0,31700.0,0.0,2025-07-19,1.0,2,0,33400.0,0,33200.0,0,31700.0,37120.0,32766.666666666668,4353.333333333332,0.30705753646788436,0.005434795985956995,0.0,0.002593717996202095,0.55,2025-07-18,IS7N25,345.0,0.0,39.0,False,0.0,96.65003543205773,0.0,0.0,0.0,0.95,0.0,1,False,True,2025-07-18,45300.0,38700.0,38800.0,0.006644542718668511,0.010389703849135868,0.002580646593491713,1,False,True,-0.04762804898925459,1.2137737278755572,True,2025-07-24,0.010781775603288413,400.0,1.0,2025-07-29,0.029374608679904317,1100.0,1.0,2025-08-04,0.032002731086173734,1200.0,1.0,2025-08-18,0.029374608679904317,1100.0,1.0,2025-09-02,0.024097551579060524,900.0,1.0,2025-09-18,0.01345915337400471,500.0,1.0,2025-10-17,-0.07598590697792199,-2700.0,-1.0
2025-07-22,Tue,37800.0,37800.0,37600.0,37000.0,35900.0,34100.0,36100.0,35100.0,33300.0,33100.0,31600.0,100.0,2025-07-22,3.0,2,0,33300.0,0,33100.0,0,31600.0,37220.0,32666.666666666668,4553.333333333332,0.9171169096453538,0.008141157583699866,0.0027063615977418465,0.002514702897201428,0.6,2025-07-21,IS7N25,346.0,0.0,39.0,False,0.0028943580263645565,96.9301804622956,0.0028943580263645565,0.0028943580263645565,0.0,0.95,0.0,1,False,True,2025-07-21,45300.0,38500.0,39100.0,0.011098893068048765,0.007822725681209078,0.012870190520534956,1,False,True,-0.03974032864951411,1.55638500046158,True,2025-07-28,0.02139118998131756,800.0,1.0,2025-08-01,0.026668247082161273,1000.0,1.0,2025-08-06,0.031917602968304946,1200.0,1.0,2025-08-21,0.031917602968304946,1200.0,1.0,2025-09-05,0.01342302033214077,500.0,1.0,2025-09-22,-0.008141157583699885,-300.0,-1.0,2025-10-24,-0.07869226857566498,-2800.0,-1.0
2025-07-23,Wed,37800.0,37800.0,37600.0,37000.0,35900.0,34100.0,36100.0,35100.0,33400.0,33200.0,31700.0,0.0,2025-07-23,1.0,2,0,33400.0,0,33200.0,0,31700.0,37220.0,32766.666666666668,4453.333333333332,0.5953390301589685,0.008141157583699866,0.0,0.0025266124371152708,0.6,2025-07-22,IS7N25,346.0,0.0,39.0,False,0.0,96.9301804622956,0.0028943580263645565,0.0028943580263645565,0.0009152763727301678,0.95,0.0,1,False,True,2025-07-21,45300.0,38500.0,39100.0,0.011098893068048765,0.007822725681209078,0.012870190520534956,2,False,True,-0.03974032864951411,1.5003552248753536,True,2025-07-28,0.02139118998131756,800.0,1.0,2025-08-02,0.029296369488430757,1100.0,1.0,2025-08-07,0.031917602968304946,1200.0,1.0,2025-08-22,0.031917602968304946,1200.0,1.0,2025-09-06,0.026668247082161273,1000.0,1.0,2025-09-22,-0.008141157583699885,-300.0,-1.0,2025-10-24,-0.07869226857566498,-2800.0,-1.0
2025-07-24,Thu,38000.0,38000.0,37800.0,37300.0,36300.0,34300.0,36300.0,35300.0,33700.0,33500.0,32000.0,300.0,2025-07-24,1.0,2,0,33700.0,0,33500.0,0,32000.0,37480.0,33066.666666666664,4413.333333333336,0.4681325245056791,0.010781775603288413,0.008075414005546122,0.0024496416437802555,0.65,2025-07-23,IS7N25,346.0,0.0,39.0,False,0.0,96.9301804622956,0.0028943580263645565,0.0028943580263645565,0.0009152763727301678,0.95,0.0,1,False,True,2025-07-23,45300.0,38600.0,39300.0,0.011098893068048765,0.01041676085825558,0.017972242404430436,1,False,True,-0.03425894982101533,1.7054994933119891,True,2025-07-29,0.018592833076615925,700.0,1.0,2025-08-04,0.021220955482885436,800.0,1.0,2025-08-08,0.021220955482885436,800.0,1.0,2025-08-25,0.023842188962759657,900.0,1.0,2025-09-08,0.023842188962759657,900.0,1.0,2025-09-22,-0.01621657158924528,-600.0,-1.0,2025-10-24,-0.08676768258121045,-3100.0,-1.0
2025-07-25,Fri,38200.0,38200.0,38000.0,37400.0,36300.0,34500.0,36500.0,35500.0,33900.0,33700.0,32200.0,100.0,2025-07-25,1.0,2,0,33900.0,0,33700.0,0,32200.0,37620.0,33266.666666666664,4353.333333333336,0.27166503253314456,0.01345915337400471,0.002677377770716305,0.0030908636679129213,0.65,2025-07-24,IS7N25,346.0,0.0,39.0,False,0.0,96.9301804622956,0.0028943580263645565,0.0028943580263645565,0.0009152763727301678,0.95,0.0,1,False,True,2025-07-24,45300.0,39800.0,39800.0,0.011098893068048765,0.04103139667786256,0.03061463581960695,1,False,True,-0.06219620786990581,0.32337001250280606,True,2025-07-30,0.015915455305899582,600.0,1.0,2025-08-04,0.018543577712169104,700.0,1.0,2025-08-11,0.018543577712169104,700.0,1.0,2025-08-25,0.02116481119204333,800.0,1.0,2025-09-08,0.02116481119204333,800.0,1.0,2025-09-23,-0.02985296314968116,-1100.0,-1.0,2025-10-24,-0.08944506035192679,-3200.0,-1.0
2025-07-26,Sat,38400.0,38400.0,38200.0,37600.0,36500.0,34700.0,36700.0,35700.0,33900.0,33700.0,32200.0,200.0,2025-07-26,1.0,2,0,33900.0,0,33700.0,0,32200.0,37820.0,33266.666666666664,4553.333333333336,0.8783967621381564,0.01879249934936732,0.005333345975362391,0.003067626610986777,0.6,2025-07-25,IS7N25,346.0,0.0,39.0,False,0.0,96.9301804622956,0.0028943580263645565,0.0028943580263645565,0.0009152763727301678,0.95,0.0,1,False,True,2025-07-25,45500.0,40300.0,40300.0,0.0,0.04309919248185206,0.0353572183282366,1,False,True,-0.06934741855678843,-0.03739390084042169,True,2025-07-31,0.010582109330537008,400.0,1.0,2025-08-05,0.015831465216680662,600.0,1.0,2025-08-11,0.013210231736806482,500.0,1.0,2025-08-25,0.015831465216680662,600.0,1.0,2025-09-09,0.018445845790751432,700.0,1.0,2025-09-24,-0.03518630912504369,-1300.0,-1.0,2025-10-24,-0.09477840632728941,-3400.0,-1.0
2025-07-28,Mon,38600.0,38600.0,38400.0,37800.0,36800.0,34900.0,36900.0,35900.0,33900.0,33700.0,32200.0,200.0,2025-07-28,2.0,2,0,33900.0,0,33700.0,0,32200.0,38040.0,33266.666666666664,4773.333333333336,1.5386349861078243,0.024097551579060524,0.00530505222969424,0.0032484439044784224,0.6,2025-07-25,IS7N25,346.0,0.0,39.0,False,0.0,96.9301804622956,0.0028943580263645565,0.0028943580263645565,0.0009152763727301678,0.95,0.0,3,False,True,2025-07-26,45800.0,40300.0,40800.0,0.006571765163234519,0.04309919248185206,0.04512043528046964,2,False,True,-0.06404236632709533,0.2014221601162529,True,2025-08-02,0.007905179507113247,300.0,1.0,2025-08-07,0.010526412986987603,400.0,1.0,2025-08-12,0.005277057100843819,200.0,1.0,2025-08-27,0.0,0.0,0.0,2025-09-11,0.007905179507113247,300.0,1.0,2025-09-26,-0.040491361354736875,-1500.0,-1.0,2025-10-27,-0.10594857800938066,-3800.0,-1.0
2025-07-29,Tue,38800.0,38800.0,38600.0,38000.0,37000.0,35000.0,37000.0,36000.0,33700.0,33500.0,32000.0,200.0,2025-07-29,1.0,2,0,33700.0,0,33500.0,0,32000.0,38240.0,33066.666666666664,5173.333333333336,2.7420853525233064,0.029374608679904317,0.005277057100842697,0.003407030860162184,0.6,2025-07-28,IS7Q25,353.0,0.0,39.0,True,,96.9301804622956,,,,0.95,0.0,1,False,True,2025-07-28,46000.0,40100.0,40600.0,-0.006500564603093428,0.04071809301878498,0.04020642047804061,1,False,True,-0.05379017458613769,0.680719804435864,False,2025-08-04,0.0026281224062694084,100.0,1.0,2025-08-08,0.0026281224062694084,100.0,1.0,2025-08-13,0.0,0.0,0.0,2025-08-28,-0.005277057100843781,-200.0,-1.0,2025-09-12,-0.0026350476380051138,-100.0,-1.0,2025-09-27,-0.048527040894660436,-1800.0,-1.0,2025-10-27,-0.11122563511022437,-4000.0,-1.0
2025-07-30,Wed,38800.0,38800.0,38600.0,38000.0,37000.0,35000.0,37000.0,36000.0,33400.0,33200.0,31700.0,0.0,2025-07-30,1.0,2,0,33400.0,0,33200.0,0,31700.0,38240.0,32766.666666666668,5473.333333333332,3.4227844931400844,0.029374608679904317,0.0,0.0035471435865925814,0.55,2025-07-29,IS7Q25,353.0,0.0,39.0,False,0.0,96.9301804622956,,,,0.95,0.0,1,False,True,2025-07-28,46000.0,40100.0,40600.0,-0.006500564603093428,0.04071809301878498,0.04020642047804061,2,False,True,-0.05379017458613769,0.6589739324117168,False,2025-08-04,0.0026281224062694084,100.0,1.0,2025-08-11,0.0026281224062694084,100.0,1.0,2025-08-14,0.0,0.0,0.0,2025-08-29,-0.005277057100843781,-200.0,-1.0,2025-09-13,-0.0026350476380051138,-100.0,-1.0,2025-09-29,-0.05129329438755058,-1900.0,-1.0,2025-10-28,-0.11122563511022437,-4000.0,-1.0
2025-07-31,Thu,38800.0,38800.0,38600.0,38000.0,37000.0,35000.0,37000.0,36000.0,33500.0,33300.0,31800.0,0.0,2025-07-31,1.0,2,0,33500.0,0,33300.0,0,31800.0,38240.0,32866.666666666664,5373.333333333336,2.8596331071163554,0.029374608679904317,0.0,0.003439083303217674,0.55,2025-07-30,IS7Q25,353.0,0.0,39.0,False,0.0,96.9301804622956,,,,0.95,0.0,1,False,True,2025-07-30,46000.0,39400.0,40000.0,0.01092907053219023,0.030930300691358558,0.035627177643151035,1,False,True,-0.036179656577502356,1.4825005438250423,False,2025-08-05,0.005249355886143745,200.0,1.0,2025-08-11,0.0026281224062694084,100.0,1.0,2025-08-18,0.0,0.0,0.0,2025-08-30,-0.005277057100843781,-200.0,-1.0,2025-09-15,-0.005277057100843781,-200.0,-1.0,2025-09-29,-0.05129329438755058,-1900.0,-1.0,2025-10-29,-0.11122563511022437,-4000.0,-1.0
2025-08-01,Fri,38800.0,38800.0,38600.0,38000.0,37000.0,35000.0,37000.0,36000.0,33500.0,33300.0,31800.0,0.0,2025-08-01,1.0,2,0,33500.0,0,33300.0,0,31800.0,38240.0,32866.666666666664,5373.333333333336,2.6750731600276128,0.026668247082161273,0.0,0.0033343149713970263,0.55,2025-07-31,IS7Q25,350.0,0.0,39.0,False,-0.008534902449837444,96.10641122323923,,,,1.0,0.0,1,False,True,2025-07-30,46000.0,39400.0,40000.0,0.01092907053219023,0.030930300691358558,0.035627177643151035,2,False,True,-0.036179656577502356,1.4273254779261513,False,2025-08-06,0.005249355886143745,200.0,1.0,2025-08-11,0.0026281224062694084,100.0,1.0,2025-08-18,0.0,0.0,0.0,2025-09-01,-0.005277057100843781,-200.0,-1.0,2025-09-15,-0.005277057100843781,-200.0,-1.0,2025-09-30,-0.05406722127027582,-2000.0,-1.0,2025-10-30,-0.11122563511022437,-4000.0,-1.0
2025-08-02,Sat,38900.0,38900.0,38700.0,38100.0,37100.0,35100.0,37100.0,36100.0,33500.0,33300.0,31800.0,100.0,2025-08-02,1.0,2,0,33500.0,0,33300.0,0,31800.0,38340.0,32866.666666666664,5473.333333333336,2.798998339522172,0.029296369488430757,0.0026281224062696396,0.0032327383050246134,0.55,2025-08-01,IS7Q25,345.0,0.0,29.0,False,-0.014388737452099556,94.73346249147869,,,,1.0,0.0,1,False,True,2025-08-01,46000.0,40000.0,40200.0,0.015334364000106742,0.04866517198128101,0.0458095360312942,1,False,True,-0.04866517198128101,0.7956636437653757,False,2025-08-07,0.002621233479874287,100.0,1.0,2025-08-12,-0.002628122406269469,-100.0,-1.0,2025-08-18,-0.002628122406269469,-100.0,-1.0,2025-09-01,-0.007905179507113261,-300.0,-1.0,2025-09-16,-0.013210231736806462,-500.0,-1.0,2025-10-01,-0.0622663887260007,-2300.0,-1.0,2025-10-31,-0.10215771775330262,-3700.0,-1.0
2025-08-04,Mon,38900.0,38900.0,38700.0,38100.0,37100.0,35100.0,,36100.0,33700.0,33500.0,32000.0,0.0,2025-08-04,2.0,2,0,33700.0,0,33500.0,0,32000.0,38340.0,33066.666666666664,5273.333333333336,2.2063716084582303,0.018543577712169104,0.0,0.003199684793036214,0.55,2025-08-01,IS7Q25,345.0,0.0,29.0,False,-0.014388737452099556,94.73346249147869,,,,1.0,0.0,3,False,True,2025-08-01,46000.0,40000.0,40200.0,0.015334364000106742,0.04866517198128101,0.0458095360312942,3,False,True,-0.04866517198128101,0.7762575267758917,False,2025-08-11,0.0,0.0,0.0,2025-08-14,-0.002628122406269469,-100.0,-1.0,2025-08-19,-0.002628122406269469,-100.0,-1.0,2025-09-03,-0.01587334915629012,-600.0,-1.0,2025-09-18,-0.018543577712169072,-700.0,-1.0,2025-10-03,-0.06506359334706188,-2400.0,-1.0,2025-11-03,-0.0934745951798418,-3400.0,-1.0
2025-08-05,Tue,39000.0,39000.0,38800.0,38200.0,37200.0,35200.0,37200.0,36200.0,33700.0,33500.0,32000.0,100.0,2025-08-05,1.0,2,0,33700.0,0,33500.0,0,32000.0,38440.0,33066.666666666664,5373.333333333336,2.3824895815118308,0.015831465216680662,0.0026212334798749737,0.0031022095042565977,0.55,2025-08-04,IS7Q25,345.0,0.0,29.0,False,0.0,94.73346249147869,-0.022923639901936965,,,1.0,0.0,1,False,True,2025-08-04,46000.0,40400.0,40800.0,0.015334364000106742,0.045577508496319155,0.0502618347808883,1,False,True,-0.05599426935457494,0.4204661296615689,False,2025-08-11,-0.0026212334798741926,-100.0,-1.0,2025-08-18,-0.005249355886143678,-200.0,-1.0,2025-08-20,0.0,0.0,0.0,2025-09-04,-0.018494582636164415,-700.0,-1.0,2025-09-19,-0.021164811192043272,-800.0,-1.0,2025-10-04,-0.07612369547280069,-2800.0,-1.0,2025-11-03,-0.096095828659716,-3500.0,-1.0
2025-08-06,Wed,39000.0,39000.0,38800.0,38200.0,37200.0,35200.0,37200.0,36200.0,33600.0,33400.0,31900.0,0.0,2025-08-06,1.0,2,0,33600.0,0,33400.0,0,31900.0,38440.0,32966.666666666664,5473.333333333336,2.482485115032683,0.015831465216680662,0.0,0.0030754728867546555,0.55,2025-08-05,IS7Q25,346.0,0.0,29.0,False,0.0028943580263645565,95.00805223783081,-0.020029281875572527,,,1.0,0.0,1,False,True,2025-08-05,46000.0,40300.0,40700.0,0.015334364000106742,0.0405118689169011,0.04780784581932159,1,False,True,-0.05351595334010785,0.518082467032562,False,2025-08-11,-0.0026212334798741926,-100.0,-1.0,2025-08-18,-0.005249355886143678,-200.0,-1.0,2025-08-21,0.0,0.0,0.0,2025-09-05,-0.018494582636164415,-700.0,-1.0,2025-09-22,-0.040058760552004864,-1500.0,-1.0,2025-10-06,-0.09034868640414796,-3300.0,-1.0,2025-11-04,-0.096095828659716,-3500.0,-1.0
2025-08-07,Thu,39000.0,39000.0,38800.0,38200.0,37200.0,35200.0,37200.0,36200.0,33600.0,33400.0,31900.0,0.0,2025-08-07,1.0,2,0,33600.0,0,33400.0,0,31900.0,38440.0,32966.666666666664,5473.333333333336,2.3316325305364134,0.010526412986987603,0.0,0.0029817815930301187,0.55,2025-08-06,IS7Q25,346.0,0.0,29.0,False,0.0,95.00805223783081,-0.020029281875572527,,,1.0,0.0,1,False,True,2025-08-06,46000.0,40300.0,40700.0,0.015334364000106742,0.04569322765889877,0.04010562545722925,1,False,True,-0.05351595334010785,0.4971804401152787,False,2025-08-12,-0.005249355886143678,-200.0,-1.0,2025-08-18,-0.005249355886143678,-200.0,-1.0,2025-08-22,0.0,0.0,0.0,2025-09-06,-0.005249355886143678,-200.0,-1.0,2025-09-22,-0.040058760552004864,-1500.0,-1.0,2025-10-06,-0.09034868640414796,-3300.0,-1.0,2025-11-05,-0.09034868640414796,-3300.0,-1.0
2025-08-08,Fri,38900.0,38900.0,38700.0,38100.0,37100.0,35100.0,37100.0,36100.0,33500.0,33300.0,31800.0,-100.0,2025-08-08,1.0,2,0,33500.0,0,33300.0,0,31800.0,38340.0,32866.666666666664,5473.333333333336,2.1925054623922313,0.0026281224062694084,-0.0026212334798749737,0.002890944513549376,0.6,2025-08-07,IS7Q25,346.0,0.0,29.0,False,0.0,95.00805223783081,-0.011494379425735134,,0.006204129391550413,1.0,0.0,1,False,True,2025-08-07,45800.0,40000.0,40700.0,0.010977058631150994,0.035627177643151035,0.03500357357333374,1,False,True,-0.04866517198128101,0.700751399732388,False,2025-08-13,-0.002628122406269469,-100.0,-1.0,2025-08-18,-0.002628122406269469,-100.0,-1.0,2025-08-25,0.002621233479874287,100.0,1.0,2025-09-08,0.002621233479874287,100.0,1.0,2025-09-22,-0.03743752707213066,-1400.0,-1.0,2025-10-07,-0.0877274529242738,-3200.0,-1.0,2025-11-06,-0.0934745951798418,-3400.0,-1.0
2025-08-11,Mon,38900.0,38900.0,38700.0,38100.0,37100.0,35100.0,37100.0,36100.0,33500.0,33300.0,31800.0,0.0,2025-08-11,3.0,2,0,33500.0,0,33300.0,0,31800.0,38340.0,32866.666666666664,5473.333333333336,2.071768081776163,0.0026281224062694084,0.0,0.0028754753462613813,0.55,2025-08-08,IS7Q25,346.0,6.0,29.0,False,0.0,95.00805223783081,0.0028943580263645565,,0.005832312909522537,1.0,0.0,3,False,True,2025-08-07,45800.0,40000.0,40700.0,0.010977058631150994,0.035627177643151035,0.03500357357333374,4,False,True,-0.04866517198128101,0.6746160936713068,False,2025-08-18,-0.002628122406269469,-100.0,-1.0,2025-08-21,0.002621233479874287,100.0,1.0,2025-08-26,-0.002628122406269469,-100.0,-1.0,2025-09-10,0.005235614053944943,200.0,1.0,2025-09-25,-0.04839654086185021,-1800.0,-1.0,2025-10-10,-0.0934745951798418,-3400.0,-1.0,2025-11-10,-0.10506892796076102,-3800.0,-1.0
2025-08-12,Tue,38800.0,38800.0,38600.0,38000.0,37000.0,35000.0,37000.0,36000.0,33400.0,33200.0,31700.0,-100.0,2025-08-12,1.0,2,0,33400.0,0,33200.0,0,31700.0,38240.0,32766.666666666668,5473.333333333332,1.964489808299064,-0.002628122406269469,-0.0026281224062696396,0.002787876783313708,0.55,2025-08-11,IS7Q25,345.0,19.0,43.0,False,-0.002894358026364526,94.73346249147869,0.0,-0.022923639901936965,0.0055190913234767994,1.0,0.0,1,False,True,2025-08-11,45600.0,40100.0,40300.0,0.006600684031352093,0.007509422022131568,0.012484556662245277,1,False,True,-0.05379017458613769,0.40262758280979005,True,2025-08-18,0.0,0.0,0.0,2025-08-22,0.005249355886143745,200.0,1.0,2025-08-27,-0.005277057100843781,-200.0,-1.0,2025-09-11,0.0026281224062694084,100.0,1.0,2025-09-26,-0.0457684184555807,-1700.0,-1.0,2025-10-11,-0.08223809823697212,-3000.0,-1.0,2025-11-10,-0.1024408055544915,-3700.0,-1.0
2025-08-13,Wed,38800.0,38800.0,38600.0,38000.0,37000.0,35000.0,37000.0,36000.0,33300.0,33100.0,31600.0,0.0,2025-08-13,1.0,2,0,33300.0,0,33100.0,0,31600.0,38240.0,32666.666666666668,5573.333333333332,2.051828139997942,-0.002628122406269469,0.0,0.0027785505545775847,0.5,2025-08-12,IS7Q25,346.0,0.0,43.0,False,0.0028943580263645565,95.00805223783081,0.0,-0.020029281875572527,0.005207746531507842,1.0,0.0,1,False,True,2025-08-11,45600.0,40100.0,40300.0,0.006600684031352093,0.007509422022131568,0.012484556662245277,2,False,True,-0.05379017458613769,0.38255295521694166,True,2025-08-18,0.0,0.0,0.0,2025-08-25,0.005249355886143745,200.0,1.0,2025-08-28,-0.005277057100843781,-200.0,-1.0,2025-09-12,-0.0026350476380051138,-100.0,-1.0,2025-09-27,-0.048527040894660436,-1800.0,-1.0,2025-10-13,-0.09084647277357231,-3300.0,-1.0,2025-11-11,-0.1024408055544915,-3700.0,-1.0
2025-08-14,Thu,38800.0,38800.0,38600.0,38000.0,37000.0,35000.0,37000.0,36000.0,33200.0,33000.0,31500.0,0.0,2025-08-14,1.0,2,0,33200.0,0,33000.0,0,31500.0,38240.0,32566.666666666668,5673.333333333332,2.123447050424707,-0.002628122406269469,0.0,0.0026939047112477456,0.5,2025-08-13,IS7Q25,346.0,6.0,49.0,False,0.0,95.00805223783081,0.0,-0.020029281875572527,0.0054251987900385615,1.0,0.0,1,False,True,2025-08-13,45600.0,39900.0,40500.0,0.002195390563435656,-0.009975145056819509,0.004950505159856205,1,False,True,-0.048790164169432056,0.6046467520080372,True,2025-08-19,0.0,0.0,0.0,2025-08-25,0.005249355886143745,200.0,1.0,2025-08-29,-0.005277057100843781,-200.0,-1.0,2025-09-13,-0.0026350476380051138,-100.0,-1.0,2025-09-29,-0.05129329438755058,-1900.0,-1.0,2025-10-13,-0.09084647277357231,-3300.0,-1.0,2025-11-12,-0.09662683568907164,-3500.0,-1.0
2025-08-18,Mon,38800.0,38800.0,38600.0,38000.0,37000.0,35000.0,37000.0,36000.0,33200.0,33000.0,31500.0,0.0,2025-08-18,4.0,2,0,33200.0,0,33000.0,0,31500.0,38240.0,32566.666666666668,5673.333333333332,2.0122276564024526,-0.002628122406269469,0.0,0.0026118375213029297,0.5,2025-08-15,IS7Q25,346.0,0.0,49.0,False,0.0,95.00805223783081,0.0,0.0028943580263645565,0.004932382957799507,1.0,0.0,3,False,True,2025-08-13,45600.0,39900.0,40500.0,0.002195390563435656,-0.009975145056819509,0.004950505159856205,5,True,False,-0.048790164169432056,0.5791833701024555,False,2025-08-25,0.005249355886143745,200.0,1.0,2025-08-28,-0.005277057100843781,-200.0,-1.0,2025-09-02,-0.005277057100843781,-200.0,-1.0,2025-09-18,-0.015915455305899568,-600.0,-1.0,2025-10-03,-0.06243547094079234,-2300.0,-1.0,2025-10-17,-0.10536051565782628,-3800.0,-1.0,2025-11-17,-0.07938502925456566,-2900.0,-1.0
2025-08-19,Tue,38800.0,38800.0,38600.0,38000.0,37000.0,35000.0,37000.0,36000.0,33400.0,33200.0,31700.0,0.0,2025-08-19,1.0,2,0,33400.0,0,33200.0,0,31700.0,38240.0,32766.666666666668,5473.333333333332,1.583848362019092,-0.002628122406269469,0.0,0.002532270428572881,0.55,2025-08-18,IS7Q25,346.0,0.0,49.0,False,0.0,95.00805223783081,0.0028943580263645565,0.0028943580263645565,0.0016429713704094013,1.0,0.0,1,False,True,2025-08-18,45500.0,39900.0,40300.0,-0.006571765163234502,-0.009975145056819509,-0.012330612457478674,1,False,True,-0.048790164169432056,0.5542153944092331,True,2025-08-25,0.005249355886143745,200.0,1.0,2025-08-29,-0.005277057100843781,-200.0,-1.0,2025-09-03,-0.01324522675002068,-500.0,-1.0,2025-09-18,-0.015915455305899568,-600.0,-1.0,2025-10-03,-0.06243547094079234,-2300.0,-1.0,2025-10-18,-0.10536051565782628,-3800.0,-1.0,2025-11-17,-0.07938502925456566,-2900.0,-1.0
2025-08-20,Wed,39000.0,39000.0,38800.0,38200.0,37200.0,35200.0,37200.0,36200.0,33600.0,33400.0,31900.0,200.0,2025-08-20,1.0,2,0,33600.0,0,33400.0,0,31900.0,38440.0,32966.666666666664,5473.333333333336,1.5255512978544503,0.002621233479874287,0.005249355886144613,0.002455127270024754,0.55,2025-08-19,IS7Q25,346.0,0.0,49.0,False,0.0,95.00805223783081,0.0,0.0,0.0016429713704094013,1.0,0.0,1,False,True,2025-08-18,45500.0,39900.0,40300.0,-0.006571765163234502,-0.009975145056819509,-0.012330612457478674,2,False,True,-0.04354080828328833,0.8155552132612415,True,2025-08-25,0.0,0.0,0.0,2025-08-30,-0.010526412986987504,-400.0,-1.0,2025-09-04,-0.018494582636164415,-700.0,-1.0,2025-09-19,-0.021164811192043272,-800.0,-1.0,2025-10-04,-0.07612369547280069,-2800.0,-1.0,,,,,2025-11-18,-0.08178943300847812,-3000.0,-1.0
2025-08-21,Thu,39000.0,39000.0,38800.0,38200.0,37200.0,35200.0,37200.0,36200.0,33600.0,33400.0,31900.0,0.0,2025-08-21,1.0,2,0,33600.0,0,33400.0,0,31900.0,38440.0,32966.666666666664,5473.333333333336,1.4677075798177948,0.002621233479874287,0.0,0.0027054269811736032,0.55,2025-08-20,IS7Q25,354.0,3.0,49.0,False,0.022858138076050184,97.2047702086477,0.022858138076050184,0.022858138076050184,0.0013644134584160532,1.0,0.0,1,False,True,2025-08-18,45500.0,39900.0,40300.0,-0.006571765163234502,-0.009975145056819509,-0.012330612457478674,3,False,True,-0.04354080828328833,0.8087478950519146,True,2025-08-26,-0.005249355886143678,-200.0,-1.0,2025-09-01,-0.010526412986987504,-400.0,-1.0,2025-09-05,-0.018494582636164415,-700.0,-1.0,2025-09-22,-0.040058760552004864,-1500.0,-1.0,2025-10-06,-0.09034868640414796,-3300.0,-1.0,2025-10-24,-0.11060987154397003,-4000.0,-1.0,2025-11-19,-0.08178943300847812,-3000.0,-1.0
2025-08-22,Fri,39000.0,39000.0,38800.0,38200.0,37200.0,35200.0,37200.0,36200.0,33600.0,33400.0,31900.0,0.0,2025-08-22,1.0,2,0,33600.0,0,33400.0,0,31900.0,38440.0,32966.666666666664,5473.333333333336,1.4142120719550806,0.005249355886143745,0.0,0.0026230087764691884,0.6,2025-08-21,IS7Q25,346.0,1.0,50.0,False,-0.022858138076050208,95.00805223783081,0.0,0.0,0.007356022819151961,0.95,0.0,1,False,True,2025-08-21,45500.0,40000.0,40400.0,-0.010929070532190317,-0.0024968801985871545,-0.004938281640582566,1,False,True,-0.046043938501406846,0.6338186051062221,True,2025-08-27,-0.010526412986987504,-400.0,-1.0,2025-09-01,-0.010526412986987504,-400.0,-1.0,2025-09-06,-0.005249355886143678,-200.0,-1.0,2025-09-22,-0.040058760552004864,-1500.0,-1.0,2025-10-06,-0.09034868640414796,-3300.0,-1.0,2025-10-24,-0.11060987154397003,-4000.0,-1.0,2025-11-20,-0.07895255167327847,-2900.0,-1.0
2025-08-25,Mon,39000.0,39000.0,38800.0,38200.0,37200.0,35200.0,37200.0,36200.0,33400.0,33200.0,31700.0,0.0,2025-08-25,3.0,2,0,33400.0,0,33200.0,0,31700.0,38440.0,32766.666666666668,5673.333333333332,1.6805047807644564,0.005249355886143745,0.0,0.002543101362303187,0.65,2025-08-22,IS7Q25,346.0,0.0,50.0,False,0.0,95.00805223783081,0.0,0.0,0.010861468948009202,0.95,0.0,3,False,True,2025-08-22,45100.0,39800.0,40300.0,-0.019759149980462333,0.01010109598650392,0.0074720148387010564,3,False,True,-0.04103139667786247,0.9106718388648015,True,2025-08-30,-0.010526412986987504,-400.0,-1.0,2025-09-04,-0.018494582636164415,-700.0,-1.0,2025-09-09,0.0026143805740708936,100.0,1.0,2025-09-24,-0.05101777434172437,-1900.0,-1.0,2025-10-09,-0.096095828659716,-3500.0,-1.0,2025-10-24,-0.11060987154397003,-4000.0,-1.0,2025-11-24,-0.08748745412311579,-3200.0,-1.0
2025-08-26,Tue,38800.0,38800.0,38600.0,38000.0,37000.0,35000.0,37000.0,36000.0,33200.0,33000.0,31500.0,-200.0,2025-08-26,1.0,2,0,33200.0,0,33000.0,0,31500.0,38240.0,32566.666666666668,5673.333333333332,1.6140042277510946,0.0,-0.005249355886144613,0.002465628249881037,0.7,2025-08-25,IS7U25,355.0,0.0,50.0,True,,95.00805223783081,,,,0.95,0.0,1,False,True,2025-08-25,44800.0,39500.0,39900.0,-0.026433257068155483,-0.012578782206860073,-0.007490671729157626,1,False,True,-0.03871451218069039,1.0260467591858042,False,2025-09-01,-0.005277057100843781,-200.0,-1.0,2025-09-05,-0.01324522675002068,-500.0,-1.0,2025-09-10,0.007863736460214451,300.0,1.0,2025-09-25,-0.0457684184555807,-1700.0,-1.0,2025-10-10,-0.09084647277357231,-3300.0,-1.0,2025-10-25,-0.11122563511022437,-4000.0,-1.0,2025-11-24,-0.08223809823697212,-3000.0,-1.0
2025-08-27,Wed,38600.0,38600.0,38400.0,37800.0,36800.0,34800.0,36800.0,35800.0,33000.0,32800.0,31300.0,-200.0,2025-08-27,1.0,2,0,33000.0,0,32800.0,0,31300.0,38040.0,32366.666666666668,5673.333333333332,1.552587922630817,-0.005277057100843781,-0.005277057100842697,0.0027143889809271636,0.7,2025-08-26,IS7U25,355.0,0.0,50.0,False,0.0,95.00805223783081,,,,0.95,0.0,1,False,True,2025-08-25,44800.0,39500.0,39900.0,-0.026433257068155483,-0.012578782206860073,-0.007490671729157626,2,False,True,-0.043991569281534186,0.6677038668937471,False,2025-09-01,0.0,0.0,0.0,2025-09-06,0.005277057100843819,200.0,1.0,2025-09-11,0.007905179507113247,300.0,1.0,2025-09-26,-0.040491361354736875,-1500.0,-1.0,2025-10-11,-0.07696104113612832,-2800.0,-1.0,2025-10-27,-0.10594857800938066,-3800.0,-1.0,2025-11-25,-0.08269171584511341,-3000.0,-1.0
2025-08-28,Thu,38600.0,38600.0,38400.0,37800.0,36800.0,34800.0,36800.0,35800.0,33200.0,33000.0,31500.0,0.0,2025-08-28,1.0,2,0,33200.0,0,33000.0,0,31500.0,38040.0,32566.666666666668,5473.333333333332,1.1936419438966934,-0.005277057100843781,0.0,0.0029320083536929662,0.65,2025-08-27,IS7U25,355.0,0.0,50.0,False,0.0,95.00805223783081,,,,0.95,0.0,1,False,True,2025-08-27,44800.0,39300.0,39600.0,-0.026433257068155483,-0.027605266091888857,-0.02985296314968116,1,False,True,-0.0389154162496735,0.9762306969939274,False,2025-09-02,0.0,0.0,0.0,2025-09-08,0.010526412986987603,400.0,1.0,2025-09-12,0.002642009462838576,100.0,1.0,2025-09-27,-0.04324998379381663,-1600.0,-1.0,2025-10-13,-0.08556941567272847,-3100.0,-1.0,2025-10-27,-0.10594857800938066,-3800.0,-1.0,2025-11-26,-0.08556941567272847,-3100.0,-1.0
2025-08-29,Fri,38600.0,38600.0,38400.0,37800.0,36800.0,34800.0,36800.0,35800.0,33100.0,32900.0,31400.0,0.0,2025-08-29,1.0,2,0,33100.0,0,32900.0,0,31400.0,38040.0,32466.666666666668,5573.333333333332,1.3092446145348888,-0.005277057100843781,0.0,0.002842687567594761,0.65,2025-08-28,IS7U25,354.0,3.0,47.0,False,-0.0028208763416413406,94.74042392166791,,,,0.95,0.0,1,False,True,2025-08-27,44800.0,39300.0,39600.0,-0.026433257068155483,-0.027605266091888857,-0.02985296314968116,2,False,True,-0.0389154162496735,0.9700595294863777,False,2025-09-03,-0.007968169649176845,-300.0,-1.0,2025-09-08,0.010526412986987603,400.0,1.0,2025-09-13,0.002642009462838576,100.0,1.0,2025-09-29,-0.0460162372867068,-1700.0,-1.0,2025-10-13,-0.08556941567272847,-3100.0,-1.0,2025-10-28,-0.10594857800938066,-3800.0,-1.0,2025-11-27,-0.07982227341716056,-2900.0,-1.0
2025-08-30,Sat,38600.0,38600.0,38400.0,37800.0,36800.0,34800.0,36800.0,35800.0,33100.0,32900.0,31400.0,0.0,2025-08-30,1.0,2,0,33100.0,0,32900.0,0,31400.0,38040.0,32466.666666666668,5573.333333333332,1.2707763696357222,-0.010526412986987504,0.0,0.0027560878524713886,0.65,2025-08-29,IS7U25,354.0,0.0,37.0,False,0.0,94.74042392166791,,,,0.95,0.0,1,False,True,2025-08-29,44800.0,39100.0,39600.0,-0.026433257068155483,-0.030229001961317156,-0.027398974188114388,1,False,True,-0.0338133643657781,1.3503703218775385,False,2025-09-04,-0.007968169649176845,-300.0,-1.0,2025-09-09,0.013140793561058328,500.0,1.0,2025-09-15,0.0,0.0,0.0,2025-09-29,-0.0460162372867068,-1700.0,-1.0,2025-10-14,-0.08556941567272847,-3100.0,-1.0,2025-10-29,-0.10594857800938066,-3800.0,-1.0,2025-11-28,-0.07982227341716056,-2900.0,-1.0
2025-09-01,Mon,38600.0,38600.0,38400.0,37800.0,36800.0,34800.0,36800.0,35800.0,33100.0,32900.0,31400.0,0.0,2025-09-01,2.0,2,0,33100.0,0,32900.0,0,31400.0,38040.0,32466.666666666668,5573.333333333332,1.2353646906002487,-0.010526412986987504,0.0,0.0026721263135390753,0.7,2025-08-29,IS7U25,354.0,0.0,37.0,False,0.0,94.74042392166791,,,,0.95,0.0,3,False,True,2025-08-29,44800.0,39100.0,39600.0,-0.026433257068155483,-0.030229001961317156,-0.027398974188114388,3,False,True,-0.0338133643657781,1.396101295661253,False,2025-09-06,0.005277057100843819,200.0,1.0,2025-09-11,0.007905179507113247,300.0,1.0,2025-09-16,-0.005305052229693229,-200.0,-1.0,2025-10-01,-0.05436120921888738,-2000.0,-1.0,2025-10-16,-0.0942525382461894,-3400.0,-1.0,2025-10-31,-0.0942525382461894,-3400.0,-1.0,2025-12-01,-0.08269171584511341,-3000.0,-1.0
2025-09-02,Tue,38600.0,38600.0,38400.0,37800.0,36800.0,34800.0,36800.0,35800.0,33000.0,32800.0,31300.0,0.0,2025-09-02,1.0,2,0,33000.0,0,32800.0,0,31300.0,38040.0,32366.666666666668,5673.333333333332,1.3594507523385977,-0.010526412986987504,0.0,0.002590722581323105,0.7,2025-08-29,IS7U25,354.0,0.0,37.0,False,0.0,94.74042392166791,,,,0.95,0.0,4,False,True,2025-09-01,44800.0,38900.0,39500.0,-0.026433257068155483,-0.035357218328236684,-0.029927420541473144,1,False,True,-0.02868514799885855,1.827124166353039,False,2025-09-08,0.010526412986987603,400.0,1.0,2025-09-12,0.002642009462838576,100.0,1.0,2025-09-18,-0.010638398205055754,-400.0,-1.0,2025-10-03,-0.05715841383994864,-2100.0,-1.0,2025-10-17,-0.10008345855698253,-3600.0,-1.0,2025-11-01,-0.08556941567272847,-3100.0,-1.0,2025-12-01,-0.08269171584511341,-3000.0,-1.0
2025-09-03,Wed,38300.0,38300.0,38100.0,37500.0,36500.0,34500.0,36500.0,35500.0,32800.0,32600.0,31100.0,-300.0,2025-09-03,1.0,2,0,32800.0,0,32600.0,0,31100.0,37740.0,32166.666666666668,5573.333333333332,1.1638207697463696,-0.018494582636164415,-0.007968169649178236,0.002511798734726731,0.75,2025-09-02,IS7U25,351.0,0.0,37.0,False,-0.00851068966790862,93.93753897317919,-0.01133156600954997,,,0.95,0.0,1,False,True,2025-09-02,44600.0,38600.0,39300.0,-0.02655023209412084,-0.03562717764315116,-0.0350035735733337,1,False,True,-0.028911343494420035,1.8049965838646467,False,2025-09-08,0.01849458263616431,700.0,1.0,2025-09-13,0.010610179112015469,400.0,1.0,2025-09-18,-0.0026702285558789208,-100.0,-1.0,2025-10-03,-0.04919024419077178,-1800.0,-1.0,2025-10-18,-0.09211528890780563,-3300.0,-1.0,2025-11-03,-0.07760124602355162,-2800.0,-1.0,2025-12-02,-0.06899287148695143,-2500.0,-1.0
2025-09-04,Thu,38300.0,38300.0,38100.0,37500.0,36500.0,34500.0,36500.0,35500.0,32800.0,32600.0,31100.0,0.0,2025-09-04,1.0,2,0,32800.0,0,32600.0,0,31100.0,37740.0,32166.666666666668,5573.333333333332,1.129412322842474,-0.018494582636164415,0.0,0.003120911495738614,0.7,2025-09-03,IS7U25,350.0,0.0,37.0,False,-0.002853068982406399,93.6699106570163,-0.014184634991956413,,,0.95,0.0,1,False,True,2025-09-02,44600.0,38600.0,39300.0,-0.02655023209412084,-0.03562717764315116,-0.0350035735733337,2,False,True,-0.028911343494420035,1.7861447980852838,False,2025-09-09,0.021108963210235265,800.0,1.0,2025-09-15,0.007968169649176881,300.0,1.0,2025-09-19,-0.0026702285558789208,-100.0,-1.0,2025-10-04,-0.057629112836636416,-2100.0,-1.0,,,,,2025-11-03,-0.07760124602355162,-2800.0,-1.0,2025-12-03,-0.07472354619593642,-2700.0,-1.0
2025-09-05,Fri,38300.0,38300.0,38100.0,37500.0,36500.0,34500.0,36500.0,35500.0,33000.0,32800.0,31300.0,0.0,2025-09-05,1.0,2,0,33000.0,0,32800.0,0,31300.0,37740.0,32366.666666666668,5373.333333333332,0.7708385064866574,-0.01324522675002068,0.0,0.0030258359589342295,0.7,2025-09-04,IS7U25,349.0,0.0,37.0,False,-0.002861232281032235,93.40228234085339,-0.01704586727298861,,,0.95,0.0,1,False,True,2025-09-02,44600.0,38600.0,39300.0,-0.02655023209412084,-0.03562717764315116,-0.0350035735733337,3,False,True,-0.028911343494420035,1.7786458802280938,False,2025-09-10,0.021108963210235265,800.0,1.0,2025-09-15,0.007968169649176881,300.0,1.0,2025-09-22,-0.021564177915840525,-800.0,-1.0,2025-10-06,-0.07185410376798368,-2600.0,-1.0,2025-10-24,-0.09211528890780563,-3300.0,-1.0,2025-11-04,-0.07760124602355162,-2800.0,-1.0,2025-12-04,-0.07472354619593642,-2700.0,-1.0
2025-09-06,Sat,38800.0,38800.0,38600.0,38000.0,37000.0,35000.0,37000.0,36000.0,33200.0,33000.0,31500.0,500.0,2025-09-06,1.0,2,0,33200.0,0,33000.0,0,31500.0,38240.0,32566.666666666668,5673.333333333332,1.2422602957494764,0.005277057100843819,0.013245226750020933,0.002933656805994297,0.75,2025-09-05,IS7U25,348.0,0.0,37.0,False,-0.00286944242795282,93.13465402469049,-0.017094433359300068,,0.003033343480269545,0.95,0.0,1,False,True,2025-09-02,44600.0,38600.0,39300.0,-0.02655023209412084,-0.03562717764315116,-0.0350035735733337,4,False,True,-0.015666116744399463,3.018446422325897,False,2025-09-11,0.0026281224062694084,100.0,1.0,2025-09-16,-0.010582109330536972,-400.0,-1.0,2025-09-22,-0.034809404665861174,-1300.0,-1.0,2025-10-06,-0.08509933051800432,-3100.0,-1.0,2025-10-24,-0.10536051565782628,-3800.0,-1.0,2025-11-05,-0.08509933051800432,-3100.0,-1.0,2025-12-05,-0.08509933051800432,-3100.0,-1.0
2025-09-08,Mon,39000.0,39000.0,38800.0,38200.0,37200.0,35200.0,37200.0,36200.0,33500.0,33300.0,31800.0,200.0,2025-09-08,2.0,2,0,33500.0,0,33300.0,0,31800.0,38440.0,32866.666666666664,5573.333333333336,1.0381047835263324,0.010526412986987603,0.005249355886144613,0.004314640613029488,0.7,2025-09-05,IS7U25,348.0,0.0,37.0,False,-0.00286944242795282,93.13465402469049,-0.017094433359300068,,0.003033343480269545,0.95,0.0,3,False,True,2025-09-02,44600.0,38600.0,39300.0,-0.02655023209412084,-0.03562717764315116,-0.0350035735733337,6,True,False,-0.010416760858255715,3.338297568243609,False,2025-09-13,-0.00788440352414887,-300.0,-1.0,2025-09-18,-0.021164811192043272,-800.0,-1.0,2025-09-23,-0.05101777434172437,-1900.0,-1.0,2025-10-08,-0.096095828659716,-3500.0,-1.0,2025-10-24,-0.11060987154397003,-4000.0,-1.0,2025-11-07,-0.10187619157521538,-3700.0,-1.0,2025-12-08,-0.1076901614406353,-3900.0,-1.0
2025-09-09,Tue,39100.0,39100.0,38900.0,38300.0,37300.0,35300.0,37300.0,36300.0,33600.0,33400.0,31900.0,100.0,2025-09-09,1.0,2,0,33600.0,0,33400.0,0,31900.0,38540.0,32966.666666666664,5573.333333333336,1.004776189633395,0.013140793561058328,0.002614380574069486,0.004376356982193218,0.7,2025-09-08,IS7U25,347.0,0.0,37.0,False,-0.002877699827615169,92.86702570852758,-0.019972133186915243,,0.002812525289523206,0.95,0.0,1,False,True,2025-09-08,44900.0,39700.0,39700.0,-0.015469921772131778,-0.010025146619378818,-0.015000281259492598,1,False,True,-0.03590129150654442,0.8121130929906425,False,2025-09-15,-0.013140793561058255,-500.0,-1.0,2025-09-19,-0.023779191766114063,-900.0,-1.0,2025-09-24,-0.05363215491579525,-2000.0,-1.0,2025-10-09,-0.09871020923378683,-3600.0,-1.0,2025-10-24,-0.11322425211804081,-4100.0,-1.0,2025-11-08,-0.11030454201470603,-4000.0,-1.0,2025-12-08,-0.11030454201470603,-4000.0,-1.0
2025-09-10,Wed,39100.0,39100.0,38900.0,38300.0,37300.0,35300.0,37300.0,36300.0,33600.0,33400.0,31900.0,0.0,2025-09-10,1.0,2,0,33600.0,0,33400.0,0,31900.0,38540.0,32966.666666666664,5573.333333333336,0.9726099021167296,0.013140793561058328,0.0,0.004291089553553988,0.65,2025-09-09,IS7U25,346.0,0.0,37.0,False,-0.0028860048891349867,92.59939739236466,-0.01434744840814154,-0.025679014417691506,0.0026340582721077763,0.95,0.0,1,False,True,2025-09-09,45100.0,39700.0,40100.0,-0.01102547001170771,-0.005025136202673043,-0.00992563979996993,1,False,True,-0.03590129150654442,0.7865693526056947,True,2025-09-15,-0.013140793561058255,-500.0,-1.0,2025-09-22,-0.0426731411260757,-1600.0,-1.0,2025-09-25,-0.05363215491579525,-2000.0,-1.0,2025-10-10,-0.09871020923378683,-3600.0,-1.0,2025-10-25,-0.11908937157043892,-4300.0,-1.0,2025-11-10,-0.11030454201470603,-4000.0,-1.0,2025-12-09,-0.11030454201470603,-4000.0,-1.0
2025-09-11,Thu,38900.0,38900.0,38700.0,38100.0,37100.0,35100.0,37100.0,36100.0,33200.0,33000.0,31500.0,-200.0,2025-09-11,1.0,2,0,33200.0,0,33000.0,0,31500.0,38340.0,32566.666666666668,5773.333333333332,1.282015639184006,0.007905179507113247,-0.0052356140539444596,0.004160365679026659,0.65,2025-09-10,IS7U25,345.0,0.0,37.0,False,-0.002894358026364526,92.33176907620177,-0.014388737452099556,-0.028573372444056,0.0024859278831403245,0.95,0.0,1,False,True,2025-09-10,45100.0,39400.0,39800.0,-0.008830079448272037,-0.012610507591929696,-0.012484556662245284,1,False,True,-0.0335515341712329,0.9732280292768909,True,2025-09-16,-0.013210231736806462,-500.0,-1.0,2025-09-22,-0.03743752707213066,-1400.0,-1.0,2025-09-26,-0.04839654086185021,-1800.0,-1.0,2025-10-11,-0.08486622064324165,-3100.0,-1.0,2025-10-27,-0.11385375751649385,-4100.0,-1.0,2025-11-10,-0.10506892796076102,-3800.0,-1.0,2025-12-10,-0.10506892796076102,-3800.0,-1.0
2025-09-12,Fri,38700.0,38700.0,38500.0,37900.0,36900.0,34900.0,36900.0,35900.0,32900.0,32700.0,31200.0,-200.0,2025-09-12,1.0,2,0,32900.0,0,32700.0,0,31200.0,38140.0,32266.666666666668,5873.333333333332,1.4078899459203789,0.002642009462838576,-0.005263170044274901,0.004232590613269988,0.6,2025-09-11,IS7U25,339.0,13.0,45.0,False,-0.017544309650909508,90.72599917922435,-0.02907181482197696,-0.04611768209496559,0.0023164451263395025,0.95,0.0,1,False,True,2025-09-11,45100.0,36100.0,39500.0,-0.008830079448272037,-0.1025865887751011,-0.022529113060028222,1,False,True,0.0486582467495454,8.412857048255647,True,2025-09-18,-0.013280407667894378,-500.0,-1.0,2025-09-22,-0.03217435702785608,-1200.0,-1.0,2025-09-27,-0.04589199325665526,-1700.0,-1.0,2025-10-13,-0.08821142513556712,-3200.0,-1.0,2025-10-27,-0.10859058747221928,-3900.0,-1.0,2025-11-11,-0.09980575791648644,-3600.0,-1.0,2025-12-11,-0.09980575791648644,-3600.0,-1.0
2025-09-13,Sat,38700.0,38700.0,38500.0,37900.0,36900.0,34900.0,36900.0,35900.0,32900.0,32700.0,31200.0,0.0,2025-09-13,1.0,2,0,32900.0,0,32700.0,0,31200.0,38140.0,32266.666666666668,5873.333333333332,1.3581387107342717,0.010610179112015469,0.0,0.004301394127078558,0.55,2025-09-12,IS7U25,340.0,0.0,45.0,False,0.0029455102297567446,90.99362749538724,-0.023256862164267235,-0.040351295523567345,0.0050006195664861605,0.95,0.0,1,False,True,2025-09-11,45100.0,36100.0,39500.0,-0.008830079448272037,-0.1025865887751011,-0.022529113060028222,2,False,True,0.0486582467495454,5.604596001114781,True,2025-09-18,-0.013280407667894378,-500.0,-1.0,2025-09-23,-0.04313337081757561,-1600.0,-1.0,2025-09-29,-0.04865824674954543,-1800.0,-1.0,2025-10-13,-0.08821142513556712,-3200.0,-1.0,2025-10-28,-0.10859058747221928,-3900.0,-1.0,2025-11-12,-0.09399178805106664,-3400.0,-1.0,2025-12-12,-0.10565372779890952,-3800.0,-1.0
2025-09-15,Mon,38600.0,38600.0,38400.0,37800.0,36800.0,34800.0,36800.0,35800.0,32900.0,32700.0,31200.0,-100.0,2025-09-15,2.0,2,0,32900.0,0,32700.0,0,31200.0,38040.0,32266.666666666668,5773.333333333332,1.1447075729082707,0.007968169649176881,-0.0026420094628374358,0.004170356333729523,0.6,2025-09-12,IS7U25,340.0,0.0,45.0,False,0.0029455102297567446,90.99362749538724,-0.023256862164267235,-0.040351295523567345,0.0050006195664861605,0.95,0.0,3,False,True,2025-09-11,45100.0,36100.0,39500.0,-0.008830079448272037,-0.1025865887751011,-0.022529113060028222,4,False,True,0.046016237286706764,4.33506423827529,True,2025-09-22,-0.029532347565017388,-1100.0,-1.0,2025-09-25,-0.040491361354736875,-1500.0,-1.0,2025-09-30,-0.048790164169432056,-1800.0,-1.0,2025-10-15,-0.09134977858822796,-3300.0,-1.0,2025-10-30,-0.10594857800938066,-3800.0,-1.0,2025-11-14,-0.08556941567272847,-3100.0,-1.0,2025-12-16,-0.10301171833607092,-3700.0,-1.0
2025-09-16,Tue,38400.0,38400.0,38200.0,37600.0,36600.0,34600.0,36600.0,35600.0,32600.0,32400.0,30900.0,-200.0,2025-09-16,1.0,2,0,32600.0,0,32400.0,0,30900.0,37840.0,31966.666666666668,5873.333333333332,1.2776664384052714,-0.010582109330536972,-0.00530505222969424,0.0040947738000242,0.55,2025-09-15,IS7U25,341.0,0.0,45.0,False,0.0029368596733097057,91.26125581155014,-0.01744230266334237,-0.037414435850257714,0.005534094392997838,0.95,0.0,1,False,True,2025-09-11,45100.0,36100.0,39500.0,-0.008830079448272037,-0.1025865887751011,-0.022529113060028222,5,True,False,0.04071118505701364,3.500932344496329,False,2025-09-22,-0.024227295335324237,-900.0,-1.0,2025-09-26,-0.03518630912504369,-1300.0,-1.0,2025-10-01,-0.049056156989194195,-1800.0,-1.0,2025-10-16,-0.08894748601649617,-3200.0,-1.0,2025-10-31,-0.08894748601649617,-3200.0,-1.0,2025-11-15,-0.07451722118746733,-2700.0,-1.0,2025-12-16,-0.09770666610637774,-3500.0,-1.0
2025-09-18,Thu,38200.0,38200.0,38000.0,37400.0,36400.0,34400.0,36400.0,35400.0,32400.0,32200.0,30700.0,-200.0,2025-09-18,2.0,2,0,32400.0,0,32200.0,0,30700.0,37640.0,31766.666666666668,5873.333333333332,1.23534490672877,-0.021164811192043272,-0.005333345975362391,0.004177290614088248,0.5,2025-09-17,IS7U25,341.0,0.0,45.0,False,0.0,91.26125581155014,-0.011661939747842975,-0.02605067719994255,0.005687307150121603,0.95,0.0,1,False,True,2025-09-16,44800.0,38800.0,39300.0,-0.006674107087693132,-0.025446665661164262,-0.02512695007742176,2,False,True,-0.03674954220874149,0.01660073480363053,True,2025-09-23,-0.02985296314968116,-1100.0,-1.0,2025-09-29,-0.03537783908165104,-1300.0,-1.0,2025-10-03,-0.04652001563489282,-1700.0,-1.0,2025-10-18,-0.08944506035192679,-3200.0,-1.0,2025-11-03,-0.0749310174676727,-2700.0,-1.0,2025-11-17,-0.06346957394866615,-2300.0,-1.0,2025-12-17,-0.08071138038317215,-2900.0,-1.0
2025-09-19,Fri,38200.0,38200.0,38000.0,37400.0,36400.0,34400.0,36400.0,35400.0,32400.0,32200.0,30700.0,0.0,2025-09-19,1.0,2,0,32400.0,0,32200.0,0,30700.0,37640.0,31766.666666666668,5873.333333333332,1.1951563507420249,-0.023779191766114063,0.0,0.004255519500560612,0.45,2025-09-18,IS7U25,341.0,0.0,45.0,False,0.0,91.26125581155014,0.005882369903066613,-0.023189444918910326,0.005760478732418898,0.95,0.0,1,False,True,2025-09-18,44800.0,38600.0,39000.0,0.0,-0.023048395436291017,-0.0228146777661714,1,False,True,-0.03158157205029893,0.21504331729466197,True,2025-09-24,-0.02985296314968116,-1100.0,-1.0,2025-09-29,-0.03537783908165104,-1300.0,-1.0,2025-10-04,-0.05495888428075747,-2000.0,-1.0,,,,,2025-11-03,-0.0749310174676727,-2700.0,-1.0,2025-11-18,-0.060624621816434854,-2200.0,-1.0,2025-12-18,-0.08071138038317215,-2900.0,-1.0
2025-09-22,Mon,37500.0,37500.0,37300.0,36700.0,35700.0,33500.0,35700.0,34700.0,32400.0,32200.0,30700.0,-700.0,2025-09-22,3.0,2,0,32400.0,0,32200.0,0,30700.0,36940.0,31766.666666666668,5173.333333333332,-0.03532702442452604,-0.03217435702785608,-0.01889394935996158,0.004125879233142015,0.5,2025-09-19,IS7U25,340.0,0.0,45.0,False,-0.0029368596733097135,90.99362749538724,0.0,-0.023256862164267235,0.005817121563555833,1.0,0.0,3,False,True,2025-09-20,44800.0,38900.0,39300.0,0.0,-0.0051282163669194554,-0.007604599385219304,2,False,True,-0.05821749556387602,-0.8802851254810354,True,2025-09-27,-0.013717636228799195,-500.0,-1.0,2025-10-03,-0.027626066274931152,-1000.0,-1.0,2025-10-07,-0.05028992585214305,-1800.0,-1.0,2025-10-24,-0.07055111099196512,-2500.0,-1.0,2025-11-06,-0.056037068107711106,-2000.0,-1.0,2025-11-21,-0.038893791121273516,-1400.0,-1.0,2025-12-22,-0.05028992585214305,-1800.0,-1.0
2025-09-23,Tue,37100.0,37100.0,36900.0,36300.0,35300.0,33100.0,35300.0,34300.0,32600.0,32400.0,30900.0,-400.0,2025-09-23,1.0,2,0,32600.0,0,32400.0,0,30900.0,36540.0,31966.666666666668,4573.333333333332,-1.099577782068746,-0.04313337081757561,-0.010959013789719307,0.006117220449247499,0.5,2025-09-22,IS7U25,340.0,0.0,45.0,False,0.0,90.99362749538724,-0.0029368596733097135,-0.02037916233665214,0.005817869467348932,1.0,0.0,1,False,True,2025-09-22,44800.0,38700.0,39300.0,0.0,-0.0051546505886645375,-0.005076153031860661,1,False,True,-0.06402185876493102,-1.1070627372485735,True,2025-09-29,-0.005524875931969804,-200.0,-1.0,2025-10-03,-0.016667052485211647,-600.0,-1.0,2025-10-08,-0.04507805431799159,-1600.0,-1.0,2025-10-24,-0.05959209720224566,-2100.0,-1.0,2025-11-07,-0.050858417233490966,-1800.0,-1.0,2025-11-22,-0.027934777331553955,-1000.0,-1.0,2025-12-22,-0.03933091206242356,-1400.0,-1.0
2025-09-24,Wed,37100.0,37100.0,36900.0,36300.0,35300.0,33100.0,35300.0,34300.0,32700.0,32500.0,31000.0,0.0,2025-09-24,1.0,2,0,32700.0,0,32500.0,0,31000.0,36540.0,32066.666666666668,4473.333333333332,-1.3053065958589978,-0.04313337081757561,0.0,0.006510081555388208,0.45,2025-09-23,IS7U25,340.0,0.0,45.0,False,0.0,90.99362749538724,-0.0029368596733097135,-0.01749315744751723,0.005858559056557554,1.0,0.0,1,False,True,2025-09-22,44800.0,38700.0,39300.0,0.0,-0.0051546505886645375,-0.005076153031860661,2,False,True,-0.06402185876493102,-1.0871323603603453,True,2025-09-29,-0.005524875931969804,-200.0,-1.0,2025-10-04,-0.025105921131076358,-900.0,-1.0,2025-10-09,-0.04507805431799159,-1600.0,-1.0,2025-10-24,-0.05959209720224566,-2100.0,-1.0,2025-11-08,-0.05667238709891086,-2000.0,-1.0,2025-11-24,-0.03646967978139144,-1300.0,-1.0,2025-12-23,-0.025105921131076358,-900.0,-1.0
2025-09-25,Thu,37100.0,37100.0,36900.0,36300.0,35300.0,33100.0,35300.0,34300.0,32700.0,32500.0,31000.0,0.0,2025-09-25,1.0,2,0,32700.0,0,32500.0,0,31000.0,36540.0,32066.666666666668,4473.333333333332,-1.3310068879412627,-0.040491361354736875,0.0,0.006311758245238597,0.45,2025-09-24,IS7U25,339.0,0.0,45.0,False,-0.002945510229756803,90.72599917922433,-0.0058823699030665245,-0.017544309650909508,0.005883171610227123,1.0,0.0,1,False,True,2025-09-24,44800.0,38800.0,39300.0,0.004474280394921107,0.005167970158442598,0.0,1,False,True,-0.06660250535842266,-1.1705300227871203,True,2025-09-30,-0.008298802814695066,-300.0,-1.0,2025-10-06,-0.03933091206242356,-1400.0,-1.0,2025-10-10,-0.04507805431799159,-1600.0,-1.0,2025-10-25,-0.06545721665464367,-2300.0,-1.0,2025-11-10,-0.05667238709891086,-2000.0,-1.0,2025-11-24,-0.03646967978139144,-1300.0,-1.0,2025-12-24,-0.025105921131076358,-900.0,-1.0
2025-09-26,Fri,37100.0,37100.0,36900.0,36300.0,35300.0,33100.0,35300.0,34300.0,32700.0,32500.0,31000.0,0.0,2025-09-26,1.0,2,0,32700.0,0,32500.0,0,31000.0,36540.0,32066.666666666668,4473.333333333332,-1.3514305642061384,-0.03518630912504369,0.0,0.0061194766620649155,0.45,2025-09-25,IS7V25,343.0,12.0,48.0,True,,90.72599917922433,,,,1.0,0.0,1,False,True,2025-09-24,44800.0,38800.0,39300.0,0.004474280394921107,0.005167970158442598,0.0,2,False,True,-0.06660250535842266,-1.1421473401053766,False,2025-10-01,-0.013869847864150502,-500.0,-1.0,2025-10-06,-0.03933091206242356,-1400.0,-1.0,2025-10-11,-0.03646967978139144,-1300.0,-1.0,2025-10-27,-0.06545721665464367,-2300.0,-1.0,2025-11-10,-0.05667238709891086,-2000.0,-1.0,2025-11-25,-0.042200354490376416,-1500.0,-1.0,2025-12-25,-0.027934777331553955,-1000.0,-1.0
2025-09-27,Sat,37000.0,37000.0,36800.0,36200.0,35200.0,33000.0,35200.0,34200.0,32500.0,32300.0,30800.0,-100.0,2025-09-27,1.0,2,0,32500.0,0,32300.0,0,30800.0,36440.0,31866.666666666668,4573.333333333332,-1.1899017268907373,-0.037944931564123485,-0.002758622439079872,0.005933052750524279,0.45,2025-09-26,IS7V25,343.0,0.0,48.0,False,0.0,90.72599917922433,,,,1.0,0.0,1,False,True,2025-09-24,44800.0,38800.0,39300.0,0.004474280394921107,0.005167970158442598,0.0,3,False,True,-0.06936112779750236,-1.222339419778487,False,2025-10-03,-0.013908430046132,-500.0,-1.0,2025-10-07,-0.03657228962334386,-1300.0,-1.0,2025-10-13,-0.04231943187891181,-1500.0,-1.0,2025-10-27,-0.06269859421556394,-2200.0,-1.0,2025-11-11,-0.05391376465983118,-1900.0,-1.0,2025-11-26,-0.04231943187891181,-1500.0,-1.0,2025-12-26,-0.02517615489247428,-900.0,-1.0
2025-09-29,Mon,36900.0,36900.0,36700.0,36100.0,35100.0,33100.0,35100.0,34100.0,32500.0,32300.0,30800.0,-100.0,2025-09-29,2.0,2,0,32500.0,0,32300.0,0,30800.0,36340.0,31866.666666666668,4473.333333333332,-1.4272685714319169,-0.03537783908165104,-0.0027662534928900584,0.005791860487767052,0.4,2025-09-26,IS7V25,343.0,0.0,48.0,False,0.0,90.72599917922433,,,,1.0,0.0,3,False,True,2025-09-27,44800.0,38800.0,39300.0,-0.002229655327269092,-0.022930941063917017,-0.01012666881792916,2,False,True,-0.07212738129039249,-1.2951653753718444,False,2025-10-04,-0.019581045199106507,-700.0,-1.0,2025-10-09,-0.03955317838602169,-1400.0,-1.0,2025-10-14,-0.03955317838602169,-1400.0,-1.0,2025-10-29,-0.059932340722673845,-2100.0,-1.0,2025-11-13,-0.04533354130152119,-1600.0,-1.0,2025-11-28,-0.03380603613045377,-1200.0,-1.0,2025-12-29,-0.008344971932180647,-300.0,-1.0
2025-09-30,Tue,36800.0,36800.0,36600.0,36000.0,35000.0,33000.0,35000.0,34000.0,32200.0,32000.0,30500.0,-100.0,2025-09-30,1.0,2,0,32200.0,0,32000.0,0,30500.0,36240.0,31566.666666666668,4673.333333333332,-1.0919852413501412,-0.03815176596437629,-0.0027739268827247088,0.0056561505052807205,0.4,2025-09-29,IS7V25,343.0,0.0,48.0,False,0.0,90.72599917922433,,,,1.0,0.0,1,False,True,2025-09-29,44800.0,38500.0,39000.0,-0.006674107087693132,-0.030692946399406135,-0.02781468818287703,1,False,True,-0.06713930283762856,-1.0759763713979131,False,2025-10-06,-0.031032109247728524,-1100.0,-1.0,2025-10-10,-0.03677925150329647,-1300.0,-1.0,2025-10-15,-0.04255961441879589,-1500.0,-1.0,2025-10-30,-0.05715841383994864,-2000.0,-1.0,2025-11-14,-0.03677925150329647,-1300.0,-1.0,2025-11-29,-0.03390155167568134,-1200.0,-1.0,2025-12-29,-0.00557104504945536,-200.0,-1.0
2025-10-01,Wed,36600.0,36600.0,36400.0,35800.0,34800.0,32800.0,34800.0,33800.0,32200.0,32000.0,30500.0,-200.0,2025-10-01,1.0,2,0,32200.0,0,32000.0,0,30500.0,36040.0,31566.666666666668,4473.333333333332,-1.498118581471449,-0.043722811013831575,-0.005571045049455492,0.0055257756421272005,0.35,2025-09-30,IS7V25,343.0,0.0,48.0,False,0.0,90.72599917922433,,,,1.0,0.0,1,False,True,2025-09-30,44800.0,38500.0,38800.0,-0.006674107087693132,-0.023107575010149605,-0.025446665661164262,1,False,True,-0.07271034788708394,-1.2603433165898612,False,2025-10-06,-0.025461064198273143,-900.0,-1.0,2025-10-11,-0.02259983191724092,-800.0,-1.0,2025-10-16,-0.03989132902730197,-1400.0,-1.0,2025-10-31,-0.03989132902730197,-1400.0,-1.0,2025-11-15,-0.025461064198273143,-900.0,-1.0,2025-12-01,-0.028330506626225996,-1000.0,-1.0,2025-12-30,0.01662088123604028,600.0,1.0
2025-10-03,Fri,36500.0,36500.0,36300.0,35700.0,34700.0,32700.0,34700.0,33700.0,32200.0,32000.0,30500.0,-100.0,2025-10-03,2.0,2,0,32200.0,0,32000.0,0,30500.0,35940.0,31566.666666666668,4373.333333333332,-1.6835534095565514,-0.016667052485211647,-0.002797204621062477,0.0055285022598243055,0.3,2025-10-02,IS7V25,343.0,0.0,21.0,False,0.0,90.72599917922433,0.0,,,1.0,0.0,1,False,True,2025-09-30,44800.0,38500.0,38800.0,-0.006674107087693132,-0.023107575010149605,-0.025446665661164262,3,False,True,-0.07550755250814517,-1.3248559588172188,False,2025-10-08,-0.028411001832779895,-1000.0,-1.0,2025-10-13,-0.028411001832779895,-1000.0,-1.0,2025-10-18,-0.042925044717033886,-1500.0,-1.0,2025-11-03,-0.028411001832779895,-1000.0,-1.0,2025-11-17,-0.01694955831377332,-600.0,-1.0,2025-12-02,-0.019802627296179754,-700.0,-1.0,2026-01-01,0.030347156389291745,1100.0,1.0
2025-10-04,Sat,36200.0,36200.0,36000.0,35400.0,34400.0,32400.0,34400.0,33400.0,32200.0,32000.0,30500.0,-300.0,2025-10-04,1.0,2,0,32200.0,0,32000.0,0,30500.0,35640.0,31566.666666666668,4073.333333333332,-2.226658254903684,-0.025105921131076358,-0.008438868645864517,0.005403696718376698,0.3,2025-10-03,IS7V25,343.0,0.0,21.0,False,0.0,90.72599917922433,0.0,,,1.0,0.0,1,False,True,2025-09-30,44800.0,38500.0,38800.0,-0.006674107087693132,-0.023107575010149605,-0.025446665661164262,4,False,True,-0.0839464211540098,-1.5910856073031558,False,2025-10-09,-0.019972133186915243,-700.0,-1.0,2025-10-14,-0.019972133186915243,-700.0,-1.0,,,,,2025-11-03,-0.019972133186915243,-700.0,-1.0,2025-11-18,-0.005665737535677308,-200.0,-1.0,2025-12-03,-0.017094433359300068,-600.0,-1.0,2026-01-02,0.060292230256120044,2200.0,1.0
2025-10-06,Mon,35700.0,35700.0,35500.0,34900.0,33900.0,31900.0,33900.0,32900.0,32200.0,32000.0,30500.0,-500.0,2025-10-06,2.0,2,0,32200.0,0,32000.0,0,30500.0,35140.0,31566.666666666668,3573.333333333332,-3.1001079161607694,-0.03933091206242356,-0.014224990931346326,0.00563212323835982,0.3,2025-10-03,IS7V25,343.0,0.0,21.0,False,0.0,90.72599917922433,0.0,,,1.0,0.0,3,False,True,2025-10-04,44600.0,38100.0,38500.0,-0.0111483874826143,0.05392141679381996,-0.02564243061333767,2,False,True,-0.0877274529242738,-1.6649346340970885,False,2025-10-11,0.002861232281032195,100.0,1.0,2025-10-16,-0.014430264829028783,-500.0,-1.0,2025-10-24,-0.02026118513982197,-700.0,-1.0,2025-11-05,0.0,0.0,0.0,2025-11-20,0.011396134730869582,400.0,1.0,2025-12-05,0.0,0.0,0.0,2026-01-05,0.09296306697821885,3400.0,1.0
2025-10-07,Tue,35700.0,35700.0,35500.0,34900.0,33900.0,31900.0,33900.0,32900.0,32200.0,32000.0,30500.0,0.0,2025-10-07,1.0,2,0,32200.0,0,32000.0,0,30500.0,35140.0,31566.666666666668,3573.333333333332,-2.928027635996403,-0.03657228962334386,0.0,0.006477544709344851,0.3,2025-10-06,IS7V25,343.0,3.0,21.0,False,0.0,90.72599917922433,0.0,,,1.0,0.0,1,False,True,2025-10-04,44600.0,38100.0,38500.0,-0.0111483874826143,0.05392141679381996,-0.02564243061333767,3,False,True,-0.0877274529242738,-1.6028576928983467,False,2025-10-13,-0.005747142255567959,-200.0,-1.0,2025-10-17,-0.02026118513982197,-700.0,-1.0,2025-10-24,-0.02026118513982197,-700.0,-1.0,2025-11-06,-0.005747142255567959,-200.0,-1.0,2025-11-21,0.011396134730869582,400.0,1.0,2025-12-06,-0.00863314714470289,-300.0,-1.0,2026-01-05,0.09296306697821885,3400.0,1.0
2025-10-08,Wed,35500.0,35500.0,35300.0,34700.0,33700.0,31700.0,33700.0,32700.0,32000.0,31800.0,30300.0,-200.0,2025-10-08,1.0,2,0,32000.0,0,31800.0,0,30300.0,34940.0,31366.666666666668,3573.333333333332,-2.764102568531063,-0.04231943187891181,-0.005747142255568605,0.006280212602600949,0.3,2025-10-07,IS7V25,344.0,0.0,21.0,False,0.0029112102074585343,90.99050646546115,0.0029112102074585343,,0.0,1.0,0.0,1,False,True,2025-10-07,44500.0,37600.0,38100.0,-0.006718950248744981,-0.03141619623337893,-0.031010236742560322,1,False,True,-0.08026436344303534,-1.2897594709474978,False,2025-10-13,0.0,0.0,0.0,2025-10-18,-0.01451404288425407,-500.0,-1.0,2025-10-24,-0.01451404288425407,-500.0,-1.0,2025-11-07,-0.005780362915499425,-200.0,-1.0,2025-11-22,0.017143276986437656,600.0,1.0,2025-12-08,-0.011594332780919257,-400.0,-1.0,2026-01-06,0.0776012460235517,2800.0,1.0
2025-10-09,Thu,35500.0,35500.0,35300.0,34700.0,33700.0,31700.0,33700.0,32700.0,32000.0,31800.0,30300.0,0.0,2025-10-09,1.0,2,0,32000.0,0,31800.0,0,30300.0,34940.0,31366.666666666668,3573.333333333332,-2.599737463489785,-0.03955317838602169,0.0,0.006249510761666088,0.3,2025-10-08,IS7V25,345.0,0.0,21.0,False,0.00290275965796141,91.25501375169796,0.005813969865419816,,0.0010292682395767127,1.0,0.0,1,False,True,2025-10-08,44300.0,37800.0,38000.0,-0.01122346236984954,-0.020943173845243135,-0.025975486403260677,1,False,True,-0.08556941567272847,-1.4297970276077234,False,2025-10-14,0.0,0.0,0.0,,,,,2025-10-24,-0.01451404288425407,-500.0,-1.0,2025-11-08,-0.011594332780919257,-400.0,-1.0,2025-11-24,0.008608374536600101,300.0,1.0,2025-12-08,-0.011594332780919257,-400.0,-1.0,2026-01-07,0.0695690743262873,2500.0,1.0
2025-10-10,Fri,35500.0,35500.0,35300.0,34700.0,33700.0,31700.0,33700.0,32700.0,32200.0,32000.0,30500.0,0.0,2025-10-10,1.0,2,0,32200.0,0,32000.0,0,30500.0,34940.0,31566.666666666668,3373.333333333332,-2.775125387002875,-0.03677925150329647,0.0,0.006059125487607054,0.35,2025-10-09,IS7V25,345.0,0.0,21.0,False,0.0,91.25501375169796,0.005813969865419816,0.005813969865419816,0.0012818616070814518,1.0,0.0,1,False,True,2025-10-08,44300.0,37800.0,38000.0,-0.01122346236984954,-0.020943173845243135,-0.025975486403260677,2,False,True,-0.08556941567272847,-1.3807679201872132,True,2025-10-15,-0.005780362915499425,-200.0,-1.0,2025-10-24,-0.01451404288425407,-500.0,-1.0,2025-10-25,-0.02037916233665214,-700.0,-1.0,2025-11-10,-0.011594332780919257,-400.0,-1.0,2025-11-24,0.008608374536600101,300.0,1.0,2025-12-09,-0.011594332780919257,-400.0,-1.0,2026-01-08,0.05330855345450713,1900.0,1.0
2025-10-11,Sat,35800.0,35800.0,35600.0,35000.0,34000.0,32000.0,34000.0,33000.0,32200.0,32000.0,30500.0,300.0,2025-10-11,1.0,2,0,32200.0,0,32000.0,0,30500.0,35240.0,31566.666666666668,3673.333333333332,-2.174029844814523,-0.02259983191724092,0.008608374536599683,0.005874540115966122,0.35,2025-10-10,IS7V25,346.0,0.0,21.0,False,0.0028943580263645565,91.51952103793477,0.008708327891784414,0.008708327891784414,0.0012256940865529521,1.0,0.0,1,False,True,2025-10-08,44300.0,37800.0,38000.0,-0.01122346236984954,-0.020943173845243135,-0.025975486403260677,3,False,True,-0.07696104113612832,-1.0489405059806671,True,2025-10-16,-0.017291497110060994,-600.0,-1.0,2025-10-24,-0.023122417420854264,-800.0,-1.0,2025-10-27,-0.028987536873252298,-1000.0,-1.0,2025-11-10,-0.020202707317519466,-700.0,-1.0,2025-11-25,-0.005730674708984983,-200.0,-1.0,2025-12-10,-0.020202707317519466,-700.0,-1.0,2026-01-09,0.03094480384942149,1100.0,1.0
2025-10-13,Mon,35300.0,35300.0,35100.0,34700.0,33700.0,31700.0,33700.0,32700.0,31900.0,31700.0,30200.0,-300.0,2025-10-13,2.0,2,0,31900.0,0,31700.0,0,30200.0,34820.0,31266.666666666668,3553.333333333332,-2.2700261609213643,-0.028411001832779895,-0.008608374536599683,0.00607337262230733,0.35,2025-10-10,IS7V25,346.0,0.0,21.0,False,0.0028943580263645565,91.51952103793477,0.008708327891784414,0.008708327891784414,0.0012256940865529521,1.0,0.0,3,False,True,2025-10-08,44300.0,37800.0,38000.0,-0.01122346236984954,-0.020943173845243135,-0.025975486403260677,5,True,False,-0.08556941567272847,-1.3158286180144418,False,2025-10-18,-0.01451404288425407,-500.0,-1.0,2025-10-24,-0.01451404288425407,-500.0,-1.0,2025-10-28,-0.02037916233665214,-700.0,-1.0,2025-11-12,-0.005780362915499425,-200.0,-1.0,2025-11-27,0.005747142255568071,200.0,1.0,2025-12-12,-0.01744230266334237,-600.0,-1.0,2026-01-12,0.03677925150329649,1300.0,1.0
2025-10-14,Tue,35300.0,35300.0,35100.0,34700.0,33700.0,31700.0,33700.0,32700.0,31700.0,31500.0,30000.0,0.0,2025-10-14,1.0,2,0,31700.0,0,31500.0,0,30000.0,34820.0,31066.666666666668,3753.333333333332,-1.8922670862862407,-0.019972133186915243,0.0,0.006254514404697726,0.35,2025-10-13,IS7V25,347.0,0.0,21.0,False,0.0028860048891348514,91.78402832417156,0.011594332780919227,0.011594332780919227,0.0014021796295449272,1.0,0.0,1,False,True,2025-10-13,43800.0,37300.0,37900.0,-0.022574322038539065,-0.04456831947987652,-0.03627340678683487,1,False,True,-0.0722536396969564,-0.8629768197282345,True,,,,,2025-10-24,-0.01451404288425407,-500.0,-1.0,2025-10-29,-0.02037916233665214,-700.0,-1.0,2025-11-13,-0.005780362915499425,-200.0,-1.0,2025-11-28,0.005747142255568071,200.0,1.0,2025-12-13,-0.026278884463840423,-900.0,-1.0,2026-01-12,0.03677925150329649,1300.0,1.0
2025-10-15,Wed,35100.0,35100.0,34900.0,34500.0,33500.0,31500.0,33500.0,32500.0,31700.0,31500.0,30000.0,-200.0,2025-10-15,1.0,2,0,31700.0,0,31500.0,0,30000.0,34620.0,31066.666666666668,3553.333333333332,-2.085912755061309,-0.02575249610241474,-0.005780362915498216,0.00606397669951469,0.4,2025-10-14,IS7V25,347.0,0.0,21.0,False,0.0,91.78402832417156,0.008683122573460857,0.011594332780919227,0.001496835025620544,1.0,0.0,1,False,True,2025-10-13,43800.0,37300.0,37900.0,-0.022574322038539065,-0.04456831947987652,-0.03627340678683487,2,False,True,-0.07803400261245584,-1.042593210609441,True,2025-10-24,-0.008733679968754553,-300.0,-1.0,2025-10-25,-0.014598799421152636,-500.0,-1.0,2025-10-30,-0.014598799421152636,-500.0,-1.0,2025-11-14,0.005780362915499329,200.0,1.0,2025-11-29,0.008658062743114531,300.0,1.0,2025-12-16,-0.011661939747842975,-400.0,-1.0,2026-01-13,0.0425596144187959,1500.0,1.0
2025-10-16,Thu,35000.0,35000.0,34800.0,34400.0,33300.0,31500.0,33500.0,32500.0,31500.0,31300.0,29800.0,-100.0,2025-10-16,1.0,2,0,31500.0,0,31300.0,0,29800.0,34500.0,30866.666666666668,3633.333333333332,-1.8762729209948263,-0.014430264829028783,-0.0029027596579620507,0.006047334977790934,0.35,2025-10-15,IS7V25,347.0,0.0,21.0,False,0.0,91.78402832417156,0.005780362915499329,0.011594332780919227,0.001496835025620544,1.0,0.0,1,False,True,2025-10-15,43800.0,37000.0,37400.0,-0.022574322038539065,-0.0500763379801762,-0.049553814454729346,1,False,True,-0.07286134826487171,-0.8550299567617734,True,2025-10-24,-0.00583092031079321,-200.0,-1.0,2025-10-27,-0.011696039763191298,-400.0,-1.0,2025-10-31,0.0,0.0,0.0,2025-11-15,0.014430264829028837,500.0,1.0,2025-12-01,0.011560822401076006,400.0,1.0,2025-12-16,-0.008759180089881578,-300.0,-1.0,2026-01-15,0.06472019068117182,2300.0,1.0
2025-10-17,Fri,34900.0,34900.0,34700.0,34200.0,33200.0,31300.0,33500.0,32500.0,31500.0,31300.0,29800.0,-200.0,2025-10-17,1.0,2,0,31500.0,0,31300.0,0,29800.0,34380.0,30866.666666666668,3513.333333333332,-1.939982489364678,-0.02026118513982197,-0.005830920310794241,0.00590606514792297,0.35,2025-10-16,IS7V25,348.0,0.0,21.0,False,0.0028776998276151956,92.04853561040838,0.008658062743114531,0.014472032608534469,0.001496835025620544,1.0,0.0,1,False,True,2025-10-15,43800.0,37000.0,37400.0,-0.022574322038539065,-0.0500763379801762,-0.049553814454729346,2,False,True,-0.07869226857566498,-1.0259745650090686,True,2025-10-24,0.0,0.0,0.0,2025-10-27,-0.005865119452398134,-200.0,-1.0,2025-11-01,0.014514042884254012,500.0,1.0,2025-11-17,0.025975486403260736,900.0,1.0,2025-12-01,0.01739174271186924,600.0,1.0,2025-12-16,-0.002928259779088334,-100.0,-1.0,2026-01-15,0.07055111099196519,2500.0,1.0
2025-10-18,Sat,34900.0,34900.0,34700.0,34200.0,33200.0,31300.0,33500.0,32500.0,31700.0,31500.0,30000.0,0.0,2025-10-18,1.0,2,0,31700.0,0,31500.0,0,30000.0,34380.0,31066.666666666668,3313.333333333332,-2.09104711205087,-0.01451404288425407,0.0,0.005901583440049774,0.35,2025-10-17,IS7V25,348.0,0.0,21.0,False,0.0,92.04853561040838,0.005763704716750134,0.014472032608534469,0.0015255117401637903,1.0,0.0,1,False,True,2025-10-15,43800.0,37000.0,37400.0,-0.022574322038539065,-0.0500763379801762,-0.049553814454729346,3,False,True,-0.07869226857566498,-0.9957095891093074,True,2025-10-24,0.0,0.0,0.0,2025-10-28,-0.005865119452398134,-200.0,-1.0,2025-11-03,0.014514042884254012,500.0,1.0,2025-11-17,0.025975486403260736,900.0,1.0,2025-12-02,0.023122417420854212,800.0,1.0,2025-12-17,0.008733679968754631,300.0,1.0,2026-01-16,0.08408311721054144,3000.0,1.0
2025-10-24,Fri,34900.0,34900.0,34700.0,34200.0,33200.0,31300.0,33500.0,32500.0,31400.0,31200.0,29700.0,0.0,2025-10-24,6.0,2,0,31400.0,0,31200.0,0,29700.0,34380.0,30766.666666666668,3613.333333333332,-1.6273524878288843,-0.01451404288425407,0.0,0.005721797433838211,0.35,2025-10-23,IS7V25,349.0,0.0,21.0,False,0.0,92.31304289664517,0.002869442427952739,0.011527505171067414,0.001488207393073388,1.0,0.0,1,False,True,2025-10-18,43600.0,37200.0,37600.0,-0.02715098906595086,-0.039530838756635205,-0.04422046847936672,6,True,False,-0.08408311721054144,-1.135761268474315,False,2025-10-29,-0.005865119452398134,-200.0,-1.0,2025-11-03,0.014514042884254012,500.0,1.0,2025-11-08,0.002919710103334846,100.0,1.0,2025-11-24,0.023122417420854212,800.0,1.0,2025-12-08,0.002919710103334846,100.0,1.0,2025-12-23,0.034486176071169404,1200.0,1.0,2026-01-22,0.06508661651988627,2300.0,1.0
2025-10-25,Sat,34700.0,34700.0,34500.0,34000.0,33000.0,31700.0,33500.0,32500.0,31500.0,31300.0,29800.0,-200.0,2025-10-25,1.0,2,0,31500.0,0,31300.0,0,29800.0,34180.0,30866.666666666668,3313.333333333332,-1.9090652677256252,-0.014598799421152636,-0.005865119452396428,0.005547488433646787,0.35,2025-10-24,IS7V25,349.0,0.0,21.0,False,0.0,92.31304289664517,0.002869442427952739,0.008633147144702875,0.001488207393073388,1.0,0.0,1,False,True,2025-10-24,43500.0,37200.0,37600.0,-0.02944720132630102,-0.04211148535012685,-0.04422046847936672,1,False,True,-0.08994823666293952,-1.2876600169393402,True,2025-10-30,0.0,0.0,0.0,2025-11-04,0.020379162336652046,700.0,1.0,2025-11-10,0.008784829555732811,300.0,1.0,2025-11-24,0.028987536873252187,1000.0,1.0,2025-12-09,0.008784829555732811,300.0,1.0,2025-12-24,0.04035129552356745,1400.0,1.0,2026-01-23,0.07913732055872379,2800.0,1.0
2025-10-27,Mon,34700.0,34700.0,34500.0,34000.0,33000.0,31700.0,33500.0,32500.0,31700.0,31500.0,30000.0,0.0,2025-10-27,2.0,2,0,31700.0,0,31500.0,0,30000.0,34180.0,31066.666666666668,3113.333333333332,-2.044487432849373,-0.005865119452398134,0.0,0.005567057375096014,0.3,2025-10-24,IS7V25,349.0,0.0,21.0,False,0.0,92.31304289664517,0.002869442427952739,0.008633147144702875,0.001488207393073388,1.0,0.0,3,False,True,2025-10-24,43500.0,37200.0,37600.0,-0.02944720132630102,-0.04211148535012685,-0.04422046847936672,3,False,True,-0.08994823666293952,-1.249134655676135,True,2025-11-01,0.020379162336652046,700.0,1.0,2025-11-06,0.020379162336652046,700.0,1.0,2025-11-11,0.008784829555732811,300.0,1.0,2025-11-26,0.020379162336652046,700.0,1.0,2025-12-11,0.008784829555732811,300.0,1.0,2025-12-26,0.037522439323089775,1300.0,1.0,2026-01-27,0.08455738802806297,3000.0,1.0
2025-10-28,Tue,34700.0,34700.0,34500.0,34000.0,33000.0,31700.0,33500.0,32500.0,31700.0,31400.0,29900.0,0.0,2025-10-28,1.0,2,0,31700.0,0,31400.0,0,29900.0,34180.0,31000.0,3180.0,-1.8674191023961009,-0.005865119452398134,0.0,0.005397462380466794,0.35,2025-10-27,IS7X25,350.0,0.0,21.0,True,,92.31304289664517,,,,1.0,0.0,1,False,True,2025-10-24,43500.0,37200.0,37600.0,-0.02944720132630102,-0.04211148535012685,-0.04422046847936672,4,False,True,-0.08994823666293952,-1.2164323057394295,False,2025-11-03,0.020379162336652046,700.0,1.0,2025-11-07,0.014598799421152631,500.0,1.0,2025-11-12,0.014598799421152631,500.0,1.0,2025-11-27,0.026126304592219998,900.0,1.0,2025-12-12,0.0029368596733097057,100.0,1.0,2025-12-27,0.037522439323089775,1300.0,1.0,2026-01-27,0.08455738802806297,3000.0,1.0
2025-10-29,Wed,34700.0,34700.0,34500.0,34000.0,33000.0,31700.0,33500.0,32500.0,31700.0,31500.0,30000.0,0.0,2025-10-29,1.0,2,0,31700.0,0,31500.0,0,30000.0,34180.0,31066.666666666668,3113.333333333332,-1.8523266292395204,-0.005865119452398134,0.0,0.005233033932590254,0.4,2025-10-28,IS7X25,350.0,0.0,21.0,False,0.0,92.31304289664517,,,,1.0,0.0,1,False,True,2025-10-24,43500.0,37200.0,37600.0,-0.02944720132630102,-0.04211148535012685,-0.04422046847936672,5,True,False,-0.08994823666293952,-1.1836285739494627,False,2025-11-03,0.020379162336652046,700.0,1.0,2025-11-08,0.008784829555732811,300.0,1.0,2025-11-13,0.014598799421152631,500.0,1.0,2025-11-28,0.026126304592219998,900.0,1.0,2025-12-13,-0.005899722127188271,-200.0,-1.0,2025-12-29,0.05158736879049326,1800.0,1.0,2026-01-27,0.08455738802806297,3000.0,1.0
2025-10-30,Thu,34700.0,34700.0,34500.0,34000.0,33000.0,31700.0,33500.0,32500.0,31900.0,31700.0,30200.0,0.0,2025-10-30,1.0,2,0,31900.0,0,31700.0,0,30200.0,34180.0,31266.666666666668,2913.333333333332,-1.9757545460333166,-0.005865119452398134,0.0,0.005073614637638786,0.45,2025-10-29,IS7X25,350.0,0.0,21.0,False,0.0,92.31304289664517,,,,1.0,0.0,1,False,True,2025-10-24,43500.0,37200.0,37600.0,-0.02944720132630102,-0.04211148535012685,-0.04422046847936672,6,True,False,-0.08994823666293952,-1.1521456447693808,False,2025-11-04,0.020379162336652046,700.0,1.0,2025-11-10,0.008784829555732811,300.0,1.0,2025-11-14,0.020379162336652046,700.0,1.0,2025-11-29,0.023256862164267183,800.0,1.0,2025-12-16,0.0029368596733097057,100.0,1.0,2025-12-29,0.05158736879049326,1800.0,1.0,2026-01-28,0.07641623044436315,2700.0,1.0
2025-10-31,Fri,35100.0,35100.0,34900.0,34400.0,33400.0,32100.0,33900.0,32900.0,31900.0,31700.0,30200.0,400.0,2025-10-31,1.0,2,0,31900.0,0,31700.0,0,30200.0,34580.0,31266.666666666668,3313.333333333332,-1.474397037347248,0.005830920310793144,0.011696039763190669,0.004919051896634838,0.5,2025-10-30,IS7X25,350.0,0.0,21.0,False,0.0,92.31304289664517,,,,1.0,0.0,1,False,True,2025-10-30,42700.0,37400.0,37700.0,-0.048009219186360606,-0.03674954220874149,-0.0415644244212505,1,False,True,-0.08361414004113357,-0.9343058765302226,False,2025-11-05,0.014430264829028837,500.0,1.0,2025-11-10,-0.0029112102074584415,-100.0,-1.0,2025-11-15,0.014430264829028837,500.0,1.0,2025-12-01,0.011560822401076006,400.0,1.0,2025-12-16,-0.008759180089881578,-300.0,-1.0,2025-12-30,0.056512210263342404,2000.0,1.0,2026-01-29,0.06472019068117182,2300.0,1.0
2025-11-01,Sat,35400.0,35400.0,35200.0,34700.0,33700.0,32300.0,34200.0,33300.0,32200.0,32000.0,30500.0,300.0,2025-11-01,1.0,2,0,32200.0,0,32000.0,0,30500.0,34880.0,31566.666666666668,3313.333333333332,-1.4189969329176249,0.014514042884254012,0.008683122573460267,0.005563549949142888,0.5,2025-10-31,IS7X25,350.0,0.0,12.0,False,0.0,92.31304289664517,,,,1.0,0.0,1,False,True,2025-10-31,42800.0,37500.0,37900.0,-0.04567003683318832,-0.026317308317373417,-0.028610534041265775,1,False,True,-0.07760124602355162,-0.736144977839253,False,2025-11-06,0.0,0.0,0.0,2025-11-11,-0.011594332780919257,-400.0,-1.0,2025-11-17,0.011461443519006598,400.0,1.0,2025-12-01,0.0028776998276151956,100.0,1.0,2025-12-16,-0.01744230266334237,-600.0,-1.0,2025-12-31,0.050572573635632334,1800.0,1.0,2026-01-30,0.061471864093668,2200.0,1.0
2025-11-03,Mon,35400.0,35400.0,35200.0,34700.0,33700.0,32300.0,34200.0,33200.0,32000.0,31800.0,30300.0,0.0,2025-11-03,2.0,2,0,32000.0,0,31800.0,0,30300.0,34880.0,31366.666666666668,3513.333333333332,-1.169539650767748,0.014514042884254012,0.0,0.005798249719696063,0.5,2025-10-31,IS7X25,350.0,0.0,12.0,False,0.0,92.31304289664517,,,,1.0,0.0,3,False,True,2025-10-31,42800.0,37500.0,37900.0,-0.04567003683318832,-0.026317308317373417,-0.028610534041265775,3,False,True,-0.07760124602355162,-0.7213763695200348,False,2025-11-08,-0.011594332780919257,-400.0,-1.0,2025-11-13,-0.005780362915499425,-200.0,-1.0,2025-11-18,0.01430639565123793,500.0,1.0,2025-12-03,0.0028776998276151956,100.0,1.0,2025-12-18,-0.005780362915499425,-200.0,-1.0,2026-01-02,0.08026436344303524,2900.0,1.0,2026-02-02,0.05603706810771099,2000.0,1.0
2025-11-04,Tue,35400.0,35400.0,35200.0,34700.0,33700.0,32200.0,34200.0,33200.0,32000.0,31800.0,30300.0,0.0,2025-11-04,1.0,2,0,32000.0,0,31800.0,0,30300.0,34880.0,31366.666666666668,3513.333333333332,-1.1303681904094771,0.020379162336652046,0.0,0.005621611674888096,0.55,2025-11-03,IS7X25,350.0,0.0,12.0,False,0.0,92.31304289664517,0.0,,,1.0,0.0,1,False,True,2025-11-03,42800.0,37400.0,38000.0,-0.04567003683318832,-0.028987536873252298,-0.020834086902842025,1,False,True,-0.0749310174676727,-0.6299874939903162,False,2025-11-10,-0.011594332780919257,-400.0,-1.0,2025-11-14,0.0,0.0,0.0,2025-11-19,0.01430639565123793,500.0,1.0,2025-12-04,0.0028776998276151956,100.0,1.0,2025-12-19,-0.005780362915499425,-200.0,-1.0,2026-01-03,0.10391855434092497,3800.0,1.0,2026-02-02,0.05603706810771099,2000.0,1.0
2025-11-05,Wed,35600.0,35600.0,35400.0,34900.0,33900.0,32400.0,34400.0,33400.0,32200.0,32000.0,30500.0,200.0,2025-11-05,1.0,2,0,32200.0,0,32000.0,0,30500.0,35080.0,31566.666666666668,3513.333333333332,-1.092973824809812,0.026126304592219998,0.005747142255568605,0.005450354736514299,0.55,2025-11-04,IS7X25,350.0,0.0,12.0,False,0.0,92.31304289664517,0.0,,,1.0,0.0,1,False,True,2025-11-04,42900.0,37700.0,37900.0,-0.038862033092047096,-0.010554187678690256,-0.01570712920535788,1,False,True,-0.07717326524558361,-0.6798451657444772,False,2025-11-10,-0.017341475036487215,-600.0,-1.0,2025-11-15,0.0,0.0,0.0,2025-11-20,0.011396134730869582,400.0,1.0,2025-12-05,0.0,0.0,0.0,2025-12-20,0.0,0.0,0.0,2026-01-05,0.09296306697821885,3400.0,1.0,2026-02-03,0.05028992585214301,1800.0,1.0
2025-11-06,Thu,35400.0,35400.0,35200.0,34700.0,33700.0,32200.0,34200.0,33200.0,32000.0,31800.0,30300.0,-200.0,2025-11-06,1.0,2,0,32000.0,0,31800.0,0,30300.0,34880.0,31366.666666666668,3513.333333333332,-1.0570569480396335,0.020379162336652046,-0.005747142255568605,0.005468616223045621,0.55,2025-11-05,IS7X25,350.0,0.0,12.0,False,0.0,92.31304289664517,0.0,,,1.0,0.0,1,False,True,2025-11-05,42900.0,37500.0,38100.0,-0.03661736323822319,-0.002663117419483662,0.0,1,False,True,-0.07760124602355162,-0.6760754504402776,False,2025-11-11,-0.011594332780919257,-400.0,-1.0,2025-11-17,0.011461443519006598,400.0,1.0,2025-11-21,0.017143276986437656,600.0,1.0,2025-12-06,-0.0028860048891349867,-100.0,-1.0,2025-12-22,0.005747142255568071,200.0,1.0,2026-01-05,0.09871020923378683,3600.0,1.0,2026-02-04,0.06687728266057605,2400.0,1.0
2025-11-07,Fri,35200.0,35200.0,35000.0,34500.0,33500.0,32000.0,34000.0,33000.0,31900.0,31700.0,30200.0,-200.0,2025-11-07,1.0,2,0,31900.0,0,31700.0,0,30200.0,34680.0,31266.666666666668,3413.333333333332,-1.120153745674455,0.014598799421152631,-0.005780362915498216,0.005485726591583363,0.5,2025-11-06,IS7X25,351.0,3.0,15.0,False,0.0028530689824064807,92.57679444777845,0.0028530689824064807,,0.0,1.0,0.0,1,False,True,2025-11-06,42900.0,37400.0,37900.0,-0.03211285111711864,-0.010638398205055754,-0.0026350476380051138,1,False,True,-0.08071138038317215,-0.7485777014432015,False,2025-11-12,0.0,0.0,0.0,2025-11-17,0.017241806434505954,600.0,1.0,2025-11-22,0.022923639901937024,800.0,1.0,2025-12-08,-0.005813969865419845,-200.0,-1.0,2025-12-22,0.011527505171067414,400.0,1.0,2026-01-06,0.083381608939051,3000.0,1.0,2026-02-05,0.083381608939051,3000.0,1.0
2025-11-08,Sat,35000.0,35000.0,34800.0,34300.0,33300.0,31800.0,33800.0,32800.0,31700.0,31500.0,30000.0,-200.0,2025-11-08,1.0,2,0,31700.0,0,31500.0,0,30000.0,34480.0,31066.666666666668,3413.333333333332,-1.0830302756388028,0.008784829555732811,-0.005813969865419821,0.005503849579107386,0.45,2025-11-07,IS7X25,352.0,0.0,15.0,False,0.0028449521322313448,92.84054599891172,0.005698021114637796,,0.0010087122123263127,1.0,0.0,1,False,True,2025-11-07,42600.0,37400.0,37800.0,-0.027779564107075706,0.0026773777707163942,-0.0026420094628386965,1,False,True,-0.08652535024859202,-0.8931853560978402,False,2025-11-13,0.005813969865419816,200.0,1.0,2025-11-18,0.025900728432157172,900.0,1.0,2025-11-24,0.02020270731751947,700.0,1.0,2025-12-08,0.0,0.0,0.0,2025-12-23,0.03156646596783451,1100.0,1.0,2026-01-07,0.08116340710720661,2900.0,1.0,2026-02-06,0.08919557880447093,3200.0,1.0
2025-11-10,Mon,35000.0,35000.0,34800.0,34300.0,33300.0,31800.0,33800.0,32800.0,31700.0,31500.0,30000.0,0.0,2025-11-10,2.0,2,0,31700.0,0,31500.0,0,30000.0,34480.0,31066.666666666668,3413.333333333332,-1.0473453490558997,-0.0029112102074584415,0.0,0.005522947882592656,0.45,2025-11-07,IS7X25,352.0,0.0,15.0,False,0.0028449521322313448,92.84054599891172,0.005698021114637796,,0.0010087122123263127,1.0,0.0,3,False,True,2025-11-08,42500.0,37300.0,37700.0,-0.03012974145202927,0.008075414005545331,0.007989390033478861,2,False,True,-0.08384797247787569,-0.7924091481287753,False,2025-11-15,0.017341475036487173,600.0,1.0,2025-11-20,0.028737609767356946,1000.0,1.0,2025-11-25,0.014472032608534469,500.0,1.0,2025-12-10,0.0,0.0,0.0,2025-12-25,0.028737609767356946,1000.0,1.0,2026-01-09,0.051147511166941,1800.0,1.0,2026-02-09,0.08919557880447093,3200.0,1.0
2025-11-11,Tue,35000.0,35000.0,34800.0,34300.0,33300.0,31800.0,33800.0,32800.0,31900.0,31700.0,30200.0,0.0,2025-11-11,1.0,2,0,31900.0,0,31700.0,0,30200.0,34480.0,31266.666666666668,3213.333333333332,-1.207303390782171,-0.011594332780919257,0.0,0.005354696640800917,0.5,2025-11-10,IS7X25,353.0,0.0,15.0,False,0.0028368813351997567,93.10429755004502,0.008534902449837506,0.008534902449837506,0.0012562972083703637,1.0,0.0,1,False,True,2025-11-10,42500.0,37200.0,37600.0,-0.025553074424617506,0.0,0.0,1,False,True,-0.08116340710720668,-0.6957283249208908,True,2025-11-17,0.023055776299925796,800.0,1.0,2025-11-21,0.028737609767356946,1000.0,1.0,2025-11-26,0.011594332780919227,400.0,1.0,2025-12-11,0.0,0.0,0.0,2025-12-26,0.028737609767356946,1000.0,1.0,2026-01-10,0.04837358428421567,1700.0,1.0,2026-02-09,0.08919557880447093,3200.0,1.0
2025-11-12,Wed,35200.0,35200.0,35000.0,34500.0,33500.0,32000.0,34000.0,33000.0,32100.0,31900.0,30400.0,200.0,2025-11-12,1.0,2,0,32100.0,0,31900.0,0,30400.0,34680.0,31466.666666666668,3213.333333333332,-1.1678334576538076,-0.005780362915499425,0.005813969865419821,0.0051915710096370965,0.5,2025-11-11,IS7X25,354.0,0.0,15.0,False,0.002828856200477623,93.36804910117827,0.011363758650315003,0.011363758650315003,0.0013742551509914188,1.0,0.0,1,False,True,2025-11-10,42500.0,37200.0,37600.0,-0.025553074424617506,0.0,0.0,2,False,True,-0.07534943724178685,-0.5124000067498307,True,2025-11-17,0.017241806434505954,600.0,1.0,2025-11-22,0.022923639901937024,800.0,1.0,2025-11-27,0.011527505171067414,400.0,1.0,2025-12-12,-0.011661939747842975,-400.0,-1.0,2025-12-27,0.022923639901937024,800.0,1.0,2026-01-12,0.0425596144187959,1500.0,1.0,2026-02-10,0.083381608939051,3000.0,1.0
2025-11-13,Thu,35200.0,35200.0,35000.0,34500.0,33500.0,32200.0,34000.0,33000.0,32100.0,31900.0,30400.0,0.0,2025-11-13,1.0,2,0,32100.0,0,31900.0,0,30400.0,34680.0,31466.666666666668,3213.333333333332,-1.1301666452555228,-0.005780362915499425,0.0,0.005231003700149587,0.5,2025-11-12,IS7X25,354.0,0.0,15.0,False,0.0,93.36804910117827,0.011363758650315003,0.011363758650315003,0.001467067267252055,1.0,0.0,1,False,True,2025-11-12,42500.0,37400.0,37800.0,-0.023256862164267235,0.005361943141385373,0.005305052229693098,1,False,True,-0.08071138038317215,-0.645680971562506,True,2025-11-18,0.020086758566737292,700.0,1.0,2025-11-24,0.01438873745209967,500.0,1.0,2025-11-28,0.011527505171067414,400.0,1.0,2025-12-13,-0.02049852154834093,-700.0,-1.0,2025-12-29,0.036988569369340626,1300.0,1.0,2026-01-12,0.0425596144187959,1500.0,1.0,2026-02-11,0.07803400261245583,2800.0,1.0
2025-11-14,Fri,35400.0,35400.0,35200.0,34700.0,33700.0,32400.0,34200.0,33300.0,32200.0,32000.0,30500.0,200.0,2025-11-14,1.0,2,0,32200.0,0,32000.0,0,30500.0,34880.0,31566.666666666668,3313.333333333332,-0.9964005516388749,0.0,0.005780362915498216,0.005071646254257088,0.55,2025-11-13,IS7X25,354.0,4.0,19.0,False,0.0,93.36804910117827,0.00851068966790861,0.011363758650315003,0.001467067267252055,1.0,0.0,1,False,True,2025-11-13,42500.0,37600.0,37800.0,-0.004694844304207729,0.005333345975362603,0.0026490081715768625,1,False,True,-0.08026436344303534,-0.6146820357871093,True,2025-11-19,0.01430639565123793,500.0,1.0,2025-11-24,0.008608374536600101,300.0,1.0,2025-11-29,0.0028776998276151956,100.0,1.0,2025-12-16,-0.01744230266334237,-600.0,-1.0,2025-12-29,0.031208206453841005,1100.0,1.0,2026-01-13,0.03677925150329649,1300.0,1.0,2026-02-12,0.061471864093668,2200.0,1.0
2025-11-15,Sat,35600.0,35600.0,35400.0,34900.0,33900.0,32800.0,34300.0,33300.0,32400.0,32200.0,30700.0,200.0,2025-11-15,1.0,2,0,32400.0,0,32200.0,0,30700.0,35080.0,31766.666666666668,3313.333333333332,-0.963866067085528,0.0,0.005747142255568605,0.005116938118710522,0.55,2025-11-14,IS7X25,354.0,0.0,19.0,False,0.0,93.36804910117827,0.0056657375356773,0.011363758650315003,0.001467067267252055,1.0,0.0,1,False,True,2025-11-13,42500.0,37600.0,37800.0,-0.004694844304207729,0.005333345975362603,0.0026490081715768625,2,False,True,-0.07451722118746733,-0.4344092546860238,True,2025-11-20,0.011396134730869582,400.0,1.0,2025-11-25,-0.00286944242795282,-100.0,-1.0,2025-12-01,-0.00286944242795282,-100.0,-1.0,2025-12-16,-0.023189444918910326,-800.0,-1.0,2025-12-30,0.042081945434313414,1500.0,1.0,2026-01-15,0.05028992585214301,1800.0,1.0,2026-02-13,0.04482543138006425,1600.0,1.0
2025-11-17,Mon,35800.0,35800.0,35600.0,35100.0,34100.0,33000.0,34500.0,33500.0,32500.0,32300.0,30800.0,200.0,2025-11-17,2.0,2,0,32500.0,0,32300.0,0,30800.0,35280.0,31866.666666666668,3413.333333333332,-0.8340311004701787,0.017241806434505954,0.005714301263438415,0.005156922630252905,0.5,2025-11-14,IS7X25,354.0,0.0,19.0,False,0.0,93.36804910117827,0.0056657375356773,0.011363758650315003,0.001467067267252055,1.0,0.0,3,False,True,2025-11-13,42500.0,37600.0,37800.0,-0.004694844304207729,0.005333345975362603,0.0026490081715768625,4,False,True,-0.06880291992402876,-0.2583664907260149,True,2025-11-22,0.005681833467430864,200.0,1.0,2025-11-27,-0.005714301263438664,-200.0,-1.0,2025-12-02,-0.002853068982406399,-100.0,-1.0,2025-12-17,-0.017241806434506103,-600.0,-1.0,2026-01-01,0.047296714703065096,1700.0,1.0,2026-01-16,0.058107630807280757,2100.0,1.0,2026-02-16,0.04457562458870438,1600.0,1.0
2025-11-18,Tue,35900.0,35900.0,35700.0,35200.0,34200.0,33200.0,34600.0,33600.0,32700.0,32500.0,31000.0,100.0,2025-11-18,1.0,2,0,32700.0,0,32500.0,0,31000.0,35380.0,32066.666666666668,3313.333333333332,-0.9053079865889244,0.025900728432157172,0.0028449521322304605,0.005192052993692351,0.45,2025-11-17,IS7X25,355.0,0.0,19.0,False,0.0028208763416412634,93.63180065231154,0.0056497325421191276,0.014184634991956381,0.001467067267252055,1.0,0.0,1,False,True,2025-11-17,42300.0,38300.0,38500.0,-0.011751016535518853,0.021108963210235265,0.015707129205357877,1,False,True,-0.08440381358254885,-0.681467900903435,True,2025-11-24,-0.005698021114637779,-200.0,-1.0,2025-11-28,-0.008559253395669948,-300.0,-1.0,2025-12-03,-0.011428695823622744,-400.0,-1.0,2025-12-18,-0.020086758566737344,-700.0,-1.0,2026-01-02,0.06595796779179737,2400.0,1.0,2026-01-17,0.057947244045718375,2100.0,1.0,2026-02-16,0.04173067245647328,1500.0,1.0
2025-11-19,Wed,35900.0,35900.0,35700.0,35200.0,34200.0,33200.0,34600.0,33600.0,32500.0,32300.0,30800.0,0.0,2025-11-19,1.0,2,0,32500.0,0,32300.0,0,30800.0,35380.0,31866.666666666668,3513.333333333332,-0.6749570190335071,0.025900728432157172,0.0,0.005081888880134244,0.45,2025-11-18,IS7X25,355.0,0.0,19.0,False,0.0,93.63180065231154,0.0028208763416412634,0.014184634991956381,0.0014952158787045096,1.0,0.0,1,False,True,2025-11-18,42300.0,38100.0,38700.0,-0.011751016535518853,0.018543577712169104,0.0182534403093503,1,False,True,-0.07916819952860389,-0.5111346865802959,True,2025-11-24,-0.005698021114637779,-200.0,-1.0,2025-11-29,-0.011428695823622744,-400.0,-1.0,2025-12-04,-0.011428695823622744,-400.0,-1.0,2025-12-19,-0.020086758566737344,-700.0,-1.0,2026-01-03,0.08961215868968714,3300.0,1.0,2026-01-19,0.0686140118499137,2500.0,1.0,2026-02-17,0.030771658666753687,1100.0,1.0
2025-11-20,Thu,36000.0,36000.0,35800.0,35300.0,34200.0,33200.0,34700.0,33700.0,32500.0,32300.0,30800.0,100.0,2025-11-20,1.0,2,0,32500.0,0,32300.0,0,30800.0,35460.0,31866.666666666668,3593.333333333332,-0.5674599650969345,0.028737609767356946,0.0028368813352006583,0.004927074072370959,0.45,2025-11-19,IS7X25,355.0,0.0,19.0,False,0.0,93.63180065231154,0.0028208763416412634,0.014184634991956381,0.0014952158787045096,1.0,0.0,1,False,True,2025-11-19,42500.0,38000.0,38400.0,-0.00936775000360016,0.007926065272420723,0.013106347505300583,1,False,True,-0.07370319578713469,-0.3354258085549217,True,2025-11-25,-0.014265577158822458,-500.0,-1.0,2025-12-01,-0.014265577158822458,-500.0,-1.0,2025-12-05,-0.011396134730869582,-400.0,-1.0,2025-12-20,-0.011396134730869582,-400.0,-1.0,2026-01-05,0.08156693224734918,3000.0,1.0,2026-01-19,0.06577713051471408,2400.0,1.0,2026-02-18,0.030685810703443887,1100.0,1.0
2025-11-21,Fri,36000.0,36000.0,35800.0,35300.0,34200.0,33200.0,34700.0,33700.0,32500.0,32300.0,30800.0,0.0,2025-11-21,1.0,2,0,32500.0,0,32300.0,0,30800.0,35460.0,31866.666666666668,3593.333333333332,-0.5423908860678195,0.028737609767356946,0.0,0.004827252751032717,0.4,2025-11-20,IS7X25,355.0,0.0,19.0,False,0.0,93.63180065231154,0.0028208763416412634,0.011331566009550018,0.0014952158787045096,1.0,0.0,1,False,True,2025-11-19,42500.0,38000.0,38400.0,-0.00936775000360016,0.007926065272420723,0.013106347505300583,2,False,True,-0.07370319578713469,-0.3164183888961786,True,2025-11-26,-0.01714327698643754,-600.0,-1.0,2025-12-01,-0.014265577158822458,-500.0,-1.0,2025-12-06,-0.020029281875572527,-700.0,-1.0,2025-12-22,-0.011396134730869582,-400.0,-1.0,2026-01-05,0.08156693224734918,3000.0,1.0,2026-01-20,0.05242579733984974,1900.0,1.0,2026-02-19,0.027934777331554066,1000.0,1.0
2025-11-22,Sat,36000.0,36000.0,35800.0,35300.0,34200.0,33200.0,34700.0,33700.0,32500.0,32300.0,30800.0,0.0,2025-11-22,1.0,2,0,32500.0,0,32300.0,0,30800.0,35460.0,31866.666666666668,3593.333333333332,-0.5172760054339246,0.022923639901937024,0.0,0.004680195185567773,0.4,2025-11-21,IS7X25,355.0,0.0,19.0,False,0.0,93.63180065231154,0.0028208763416412634,0.008486613877318725,0.0014629111106749392,1.0,0.0,1,False,True,2025-11-21,42700.0,38100.0,38600.0,-0.00467290569939237,0.015873349156290163,0.0130379943381298,1,False,True,-0.07633131819340426,-0.3726601180810076,True,2025-11-27,-0.011396134730869582,-400.0,-1.0,2025-12-02,-0.008534902449837444,-300.0,-1.0,2025-12-08,-0.028737609767356797,-1000.0,-1.0,2025-12-22,-0.011396134730869582,-400.0,-1.0,2026-01-06,0.06045796903711404,2200.0,1.0,2026-01-21,0.03889379112127354,1400.0,1.0,2026-02-20,0.027934777331554066,1000.0,1.0
2025-11-24,Mon,35700.0,35700.0,35500.0,35000.0,33600.0,32800.0,34400.0,33400.0,32500.0,32300.0,30800.0,-300.0,2025-11-24,2.0,2,0,32500.0,0,32300.0,0,30800.0,35100.0,31866.666666666668,3233.333333333332,-0.8782453322478294,0.008608374536600101,-0.008534902449838455,0.0045376175859707536,0.4,2025-11-21,IS7X25,355.0,0.0,19.0,False,0.0,93.63180065231154,0.0028208763416412634,0.008486613877318725,0.0014629111106749392,1.0,0.0,3,False,True,2025-11-21,42700.0,38100.0,38600.0,-0.00467290569939237,0.015873349156290163,0.0130379943381298,3,False,True,-0.08486622064324165,-0.5991247222844271,True,2025-11-29,-0.005730674708984983,-200.0,-1.0,2025-12-04,-0.005730674708984983,-200.0,-1.0,2025-12-09,-0.020202707317519466,-700.0,-1.0,2025-12-24,0.011363758650315003,400.0,1.0,2026-01-08,0.04470017891790699,1600.0,1.0,2026-01-23,0.050149783685471516,1800.0,1.0,2026-02-23,0.047428693571110826,1700.0,1.0
2025-11-25,Tue,35500.0,35500.0,35300.0,34800.0,33500.0,32500.0,34300.0,33300.0,32500.0,32300.0,30800.0,-200.0,2025-11-25,1.0,2,0,32500.0,0,32300.0,0,30800.0,34920.0,31866.666666666668,3053.333333333332,-1.0484688352892428,-0.00286944242795282,-0.005730674708983585,0.0048708570647080065,0.4,2025-11-24,IS7Z25,363.0,11.0,30.0,True,,93.63180065231154,,,,1.0,0.0,1,False,True,2025-11-21,42700.0,38100.0,38600.0,-0.00467290569939237,0.015873349156290163,0.0130379943381298,4,False,True,-0.09059689535222658,-0.7418940814123277,False,2025-12-01,0.0,0.0,0.0,2025-12-05,0.002869442427952739,100.0,1.0,2025-12-10,-0.014472032608534432,-500.0,-1.0,2025-12-25,0.01426557715882244,500.0,1.0,2026-01-09,0.03667547855840657,1300.0,1.0,2026-01-24,0.06130052586379588,2200.0,1.0,2026-02-23,0.05315936828009585,1900.0,1.0
2025-11-26,Wed,35400.0,35400.0,35200.0,34700.0,33500.0,32500.0,34300.0,33300.0,32500.0,32300.0,30800.0,-100.0,2025-11-26,1.0,2,0,32500.0,0,32300.0,0,30800.0,34840.0,31866.666666666668,2973.333333333332,-1.1082769987679668,-0.005747142255567959,-0.002877699827616098,0.004926679570394038,0.4,2025-11-25,IS7Z25,363.0,0.0,30.0,False,0.0,93.63180065231154,,,,1.0,0.0,1,False,True,2025-11-21,42700.0,38100.0,38600.0,-0.00467290569939237,0.015873349156290163,0.0130379943381298,5,True,False,-0.0934745951798418,-0.8016314474772861,False,2025-12-01,0.0028776998276151956,100.0,1.0,2025-12-06,-0.0028860048891349867,-100.0,-1.0,2025-12-11,-0.011594332780919257,-400.0,-1.0,2025-12-26,0.017143276986437656,600.0,1.0,2026-01-10,0.03677925150329649,1300.0,1.0,2026-01-27,0.06417822569141099,2300.0,1.0,2026-02-24,0.050572573635632334,1800.0,1.0
2025-11-27,Thu,35600.0,35600.0,35400.0,34900.0,33700.0,32900.0,34600.0,33600.0,32800.0,32600.0,31100.0,200.0,2025-11-27,1.0,2,0,32800.0,0,32600.0,0,31100.0,35040.0,32166.666666666668,2873.333333333332,-1.1924050667498571,-0.005714301263438664,0.005747142255568605,0.004828323795257461,0.35,2025-11-26,IS7Z25,363.0,0.0,30.0,False,0.0,93.63180065231154,,,,1.0,0.0,1,False,True,2025-11-26,42700.0,38400.0,38700.0,-0.00467290569939237,0.02638675517319503,0.02088848794735553,1,False,True,-0.09557063038529974,-0.8373011557632142,False,2025-12-02,0.002861232281032195,100.0,1.0,2025-12-08,-0.017341475036487215,-600.0,-1.0,2025-12-12,-0.023189444918910326,-800.0,-1.0,2025-12-27,0.011396134730869582,400.0,1.0,2026-01-12,0.03103210924772846,1100.0,1.0,2026-01-27,0.058431083435843065,2100.0,1.0,2026-02-25,0.03933091206242354,1400.0,1.0
2025-11-28,Fri,35600.0,35600.0,35400.0,34900.0,33700.0,33000.0,34400.0,33600.0,32800.0,32600.0,31100.0,0.0,2025-11-28,1.0,2,0,32800.0,0,32600.0,0,31100.0,35040.0,32166.666666666668,2873.333333333332,-1.1633766095757705,-0.008559253395669948,0.0,0.004888325549498824,0.3,2025-11-26,IS7Z25,363.0,0.0,30.0,False,0.0,93.63180065231154,,,,1.0,0.0,2,False,True,2025-11-27,42700.0,38600.0,39000.0,0.0023446669592540547,0.03158157205029884,0.03125254350410453,1,False,True,-0.1007654472624037,-0.9649589007379651,False,2025-12-03,-0.00286944242795282,-100.0,-1.0,2025-12-08,-0.017341475036487215,-600.0,-1.0,2025-12-13,-0.032026026719408435,-1100.0,-1.0,2025-12-29,0.02546106419827309,900.0,1.0,2026-01-12,0.03103210924772846,1100.0,1.0,2026-01-27,0.058431083435843065,2100.0,1.0,2026-02-26,0.03933091206242354,1400.0,1.0
2025-11-29,Sat,35500.0,35500.0,35300.0,34800.0,33700.0,33000.0,34300.0,33400.0,32800.0,32600.0,31100.0,-100.0,2025-11-29,1.0,2,0,32800.0,0,32600.0,0,31100.0,34960.0,32166.666666666668,2793.333333333332,-1.2380215127644902,-0.011428695823622744,-0.0028694424279525066,0.004739407460559812,0.35,2025-11-28,IS7Z25,363.0,0.0,27.0,False,0.0,93.63180065231154,,,,1.0,0.0,1,False,True,2025-11-27,42700.0,38600.0,39000.0,0.0023446669592540547,0.03158157205029884,0.03125254350410453,2,False,True,-0.10363488969035654,-1.0194393561404707,False,2025-12-04,0.0,0.0,0.0,2025-12-09,-0.014472032608534432,-500.0,-1.0,2025-12-16,-0.020320002490957494,-700.0,-1.0,2025-12-29,0.02833050662622599,1000.0,1.0,2026-01-13,0.033901551675681416,1200.0,1.0,2026-01-28,0.05315936828009585,1900.0,1.0,2026-02-27,0.04495138786226627,1600.0,1.0
2025-12-01,Mon,35500.0,35500.0,35300.0,34800.0,33700.0,33000.0,34300.0,33400.0,32800.0,32600.0,31100.0,0.0,2025-12-01,2.0,2,0,32800.0,0,32600.0,0,31100.0,34960.0,32166.666666666668,2793.333333333332,-1.2253840265702962,-0.014265577158822458,0.0,0.004648471370613939,0.35,2025-11-28,IS7Z25,363.0,0.0,27.0,False,0.0,93.63180065231154,,,,1.0,0.0,3,False,True,2025-11-27,42700.0,38600.0,39000.0,0.0023446669592540547,0.03158157205029884,0.03125254350410453,4,False,True,-0.10363488969035654,-1.0561180215938273,False,2025-12-06,-0.0057637047167501294,-200.0,-1.0,2025-12-11,-0.014472032608534432,-500.0,-1.0,2025-12-16,-0.020320002490957494,-700.0,-1.0,2025-12-31,0.04769487380801724,1700.0,1.0,2026-01-15,0.05315936828009585,1900.0,1.0,2026-01-30,0.05859416426605281,2100.0,1.0,2026-03-02,0.06130052586379588,2200.0,1.0
2025-12-02,Tue,35700.0,35700.0,35500.0,35000.0,34000.0,33300.0,34500.0,33600.0,32900.0,32700.0,31200.0,200.0,2025-12-02,1.0,2,0,32900.0,0,32700.0,0,31200.0,35180.0,32266.666666666668,2913.333333333332,-1.0634541187690008,-0.008534902449837444,0.005730674708983585,0.004506860206220334,0.4,2025-12-01,IS7Z25,363.0,0.0,27.0,False,0.0,93.63180065231154,,,,1.0,0.0,1,False,True,2025-11-27,42700.0,38600.0,39000.0,0.0023446669592540547,0.03158157205029884,0.03125254350410453,5,True,False,-0.0979042149813715,-0.9097602478421963,False,2025-12-08,-0.020202707317519466,-700.0,-1.0,2025-12-12,-0.02605067719994255,-900.0,-1.0,2025-12-17,-0.014388737452099556,-500.0,-1.0,2026-01-01,0.050149783685471516,1800.0,1.0,2026-01-16,0.060960699789687274,2200.0,1.0,2026-01-31,0.05286348955706781,1900.0,1.0,2026-03-02,0.055569851154810786,2000.0,1.0
2025-12-03,Wed,35500.0,35500.0,35300.0,34800.0,33800.0,33100.0,34300.0,33400.0,32900.0,32700.0,31200.0,-200.0,2025-12-03,1.0,2,0,32900.0,0,32700.0,0,31200.0,34980.0,32266.666666666668,2713.333333333332,-1.3325880655039688,-0.014265577158822458,-0.005730674708983585,0.004589501012149218,0.4,2025-12-02,IS7Z25,363.0,0.0,27.0,False,0.0,93.63180065231154,0.0,,,1.0,0.0,1,False,True,2025-12-02,43300.0,38700.0,39300.0,0.018648559078072995,0.036846273385966286,0.04156442442125057,1,False,True,-0.10622221325530742,-1.447707496510228,False,2025-12-08,-0.014472032608534432,-500.0,-1.0,2025-12-13,-0.029156584291455578,-1000.0,-1.0,2025-12-18,-0.008658062743114541,-300.0,-1.0,2026-01-02,0.0773866636154202,2800.0,1.0,2026-01-17,0.06937593986934125,2500.0,1.0,2026-02-02,0.05315936828009585,1900.0,1.0,2026-03-03,0.07205331764005757,2600.0,1.0
2025-12-04,Thu,35500.0,35500.0,35300.0,34800.0,33800.0,33200.0,34300.0,33400.0,33200.0,33000.0,31500.0,0.0,2025-12-04,1.0,2,0,33200.0,0,33000.0,0,31500.0,34980.0,32566.666666666668,2413.333333333332,-1.7909166025255838,-0.005730674708984983,0.0,0.004665848939399841,0.35,2025-12-03,IS7Z25,363.0,0.0,27.0,False,0.0,93.63180065231154,0.0,,,1.0,0.0,1,False,True,2025-12-02,43300.0,38700.0,39300.0,0.018648559078072995,0.036846273385966286,0.04156442442125057,2,False,True,-0.10622221325530742,-2.0080022497622343,False,2025-12-09,-0.014472032608534432,-500.0,-1.0,2025-12-16,-0.020320002490957494,-700.0,-1.0,2025-12-19,-0.008658062743114541,-300.0,-1.0,2026-01-03,0.1010408545133098,3700.0,1.0,2026-01-19,0.08004270767353636,2900.0,1.0,2026-02-02,0.05315936828009585,1900.0,1.0,2026-03-05,0.07472354619593657,2700.0,1.0
2025-12-05,Fri,35600.0,35600.0,35400.0,34900.0,33900.0,33300.0,34500.0,33700.0,33200.0,33000.0,31500.0,100.0,2025-12-05,1.0,2,0,33200.0,0,33000.0,0,31500.0,35080.0,32566.666666666668,2513.333333333332,-1.6783927068499744,0.002869442427952739,0.0028694424279525066,0.00452370838425519,0.35,2025-12-04,IS7Z25,363.0,0.0,27.0,False,0.0,93.63180065231154,0.0,,,1.0,0.0,1,False,True,2025-12-02,43300.0,38700.0,39300.0,0.018648559078072995,0.036846273385966286,0.04156442442125057,3,False,True,-0.10335277082735463,-1.813217947492957,False,2025-12-10,-0.017341475036487215,-600.0,-1.0,2025-12-16,-0.023189444918910326,-800.0,-1.0,2025-12-20,0.0,0.0,0.0,2026-01-05,0.09296306697821885,3400.0,1.0,2026-01-19,0.07717326524558366,2800.0,1.0,2026-02-03,0.05028992585214301,1800.0,1.0,2026-03-05,0.07185410376798372,2600.0,1.0
2025-12-06,Sat,35300.0,35100.0,35100.0,34600.0,33700.0,33000.0,34200.0,33400.0,33000.0,32800.0,31300.0,-300.0,2025-12-06,1.0,2,0,33000.0,0,32800.0,0,31300.0,34760.0,32366.666666666668,2393.333333333332,-1.971063705051429,-0.0028860048891349867,-0.008633147144703202,0.00444186034042876,0.35,2025-12-05,IS7Z25,364.0,0.0,27.0,False,0.0027510333718897976,93.88973949708374,0.0027510333718897976,,0.0,1.0,0.0,1,False,True,2025-12-05,43600.0,39700.0,40200.0,0.025553074424617486,0.0650424264140438,0.06686294522912646,1,False,True,-0.1374975056294662,-5.042167052093339,False,2025-12-11,-0.008708327891784308,-300.0,-1.0,2025-12-16,-0.014556297774207487,-500.0,-1.0,2025-12-22,0.008633147144702875,300.0,1.0,2026-01-05,0.1015962141229217,3700.0,1.0,2026-01-20,0.07245507921542231,2600.0,1.0,2026-02-04,0.06976328754971098,2500.0,1.0,2026-03-06,0.0937324776627072,3400.0,1.0
2025-12-08,Mon,35000.0,35000.0,34800.0,34300.0,33400.0,33000.0,34000.0,33200.0,32700.0,32500.0,31000.0,-300.0,2025-12-08,2.0,2,0,32700.0,0,32500.0,0,31000.0,34500.0,32066.666666666668,2433.333333333332,-1.9009249106907928,-0.017341475036487215,-0.00870832789178344,0.004797727552098732,0.3,2025-12-05,IS7Z25,364.0,0.0,27.0,False,0.0027510333718897976,93.88973949708374,0.0027510333718897976,,0.0,1.0,0.0,3,False,True,2025-12-06,43800.0,39700.0,40000.0,0.03012974145202924,0.0596804832726585,0.05657035148839424,2,False,True,-0.14620583352125055,-4.939881738154349,False,2025-12-13,-0.014684551682921182,-500.0,-1.0,2025-12-18,0.005813969865419816,200.0,1.0,2025-12-23,0.03156646596783451,1100.0,1.0,2026-01-07,0.08116340710720661,2900.0,1.0,2026-01-22,0.06216690641655154,2200.0,1.0,2026-02-06,0.08919557880447093,3200.0,1.0,2026-03-09,0.11551288712184424,4200.0,1.0
2025-12-09,Tue,35000.0,35000.0,34800.0,34300.0,33400.0,33000.0,33700.0,33100.0,32500.0,32300.0,30800.0,0.0,2025-12-09,1.0,2,0,32500.0,0,32300.0,0,30800.0,34500.0,31866.666666666668,2633.333333333332,-1.4783537756327452,-0.014472032608534432,0.0,0.005117342744488203,0.3,2025-12-08,IS7Z25,365.0,0.0,27.0,False,0.002743485945750834,94.14767834185595,0.00549451931764078,,0.0009726371762668846,1.0,0.0,1,False,True,2025-12-08,43800.0,39300.0,40000.0,0.03012974145202924,0.04422046847936674,0.05657035148839424,1,False,True,-0.13607916470332135,-3.4580405628528172,False,2025-12-16,-0.0058479698824231,-200.0,-1.0,2025-12-19,0.005813969865419816,200.0,1.0,2025-12-24,0.03156646596783451,1100.0,1.0,2026-01-08,0.06490288623542638,2300.0,1.0,2026-01-23,0.07035249100299103,2500.0,1.0,2026-02-07,0.08384797247787569,3000.0,1.0,2026-03-09,0.11551288712184424,4200.0,1.0
2025-12-10,Wed,35000.0,35000.0,34800.0,34300.0,33400.0,33000.0,33700.0,33200.0,32500.0,32300.0,30800.0,0.0,2025-12-10,1.0,2,0,32500.0,0,32300.0,0,30800.0,34500.0,31866.666666666668,2633.333333333332,-1.4422886396962629,-0.014472032608534432,0.0,0.004961447869190212,0.35,2025-12-09,IS7Z25,366.0,0.0,27.0,False,0.0027359798188748455,94.40561718662816,0.008230499136515444,0.008230499136515444,0.0012114291101269104,1.0,0.0,1,False,True,2025-12-09,43700.0,39200.0,39700.0,0.032561016049312226,0.023226850609816555,0.030692946399406198,1,False,True,-0.13353139262452263,-2.9722838522994564,True,2025-12-16,-0.0058479698824231,-200.0,-1.0,2025-12-20,0.017341475036487173,600.0,1.0,2025-12-25,0.028737609767356946,1000.0,1.0,2026-01-09,0.051147511166941,1800.0,1.0,2026-01-24,0.0757725584723302,2700.0,1.0,2026-02-09,0.08919557880447093,3200.0,1.0,2026-03-10,0.12327489245733352,4500.0,1.0
2025-12-11,Thu,35000.0,35000.0,34800.0,34300.0,33300.0,33000.0,33700.0,33200.0,32700.0,32500.0,31000.0,0.0,2025-12-11,1.0,2,0,32700.0,0,32500.0,0,31000.0,34480.0,32066.666666666668,2413.333333333332,-1.8289886942753957,-0.014472032608534432,0.0,0.004810302179818911,0.4,2025-12-10,IS7Z25,367.0,0.0,27.0,False,0.002728514653203914,94.66355603140036,0.010959013789719382,0.010959013789719382,0.0013252410142836463,1.0,0.0,1,False,True,2025-12-09,43700.0,39200.0,39700.0,0.032561016049312226,0.023226850609816555,0.030692946399406198,2,False,True,-0.13353139262452263,-2.7423520046256535,True,2025-12-16,-0.0058479698824231,-200.0,-1.0,2025-12-22,0.017341475036487173,600.0,1.0,2025-12-26,0.028737609767356946,1000.0,1.0,2026-01-10,0.04837358428421567,1700.0,1.0,2026-01-27,0.0757725584723302,2700.0,1.0,2026-02-09,0.08919557880447093,3200.0,1.0,2026-03-11,0.11291210542178698,4100.0,1.0
2025-12-12,Fri,34800.0,34800.0,34600.0,34100.0,33100.0,32700.0,33500.0,33000.0,32500.0,32300.0,30800.0,-200.0,2025-12-12,1.0,2,0,32500.0,0,32300.0,0,30800.0,34280.0,31866.666666666668,2413.333333333332,-1.7831618820996906,-0.02605067719994255,-0.005847969882424309,0.004663760997038799,0.45,2025-12-11,IS7Z25,367.0,0.0,27.0,False,0.0,94.66355603140036,0.010959013789719382,0.010959013789719382,0.001414813658931672,1.0,0.0,1,False,True,2025-12-11,43600.0,39400.0,39800.0,0.030270064302756285,0.03355153417123286,0.028027312254655875,1,False,True,-0.14446843201441703,-3.1682322263864067,True,2025-12-17,0.011661939747842957,400.0,1.0,2025-12-22,0.023189444918910354,800.0,1.0,2025-12-27,0.03458557964977995,1200.0,1.0,2026-01-12,0.05422155416663885,1900.0,1.0,2026-01-27,0.08162052835475327,2900.0,1.0,2026-02-10,0.09504354868689395,3400.0,1.0,2026-03-12,0.10828877543691458,3900.0,1.0
2025-12-13,Sat,34500.0,34500.0,34300.0,33800.0,32800.0,32300.0,33300.0,32800.0,32300.0,32100.0,30600.0,-300.0,2025-12-13,1.0,2,0,32300.0,0,32100.0,0,30600.0,33980.0,31666.666666666668,2313.333333333332,-1.9521394210103211,-0.029156584291455578,-0.008836581800498067,0.0047431584143895955,0.4,2025-12-12,IS7Z25,368.0,0.0,27.0,False,0.0027210901143605863,94.92149487617256,0.01092907053219023,0.013680103904080176,0.001414813658931672,1.0,0.0,1,False,True,2025-12-12,43600.0,39200.0,39600.0,0.025553074424617486,0.03109058707003118,0.030771658666753687,1,False,True,-0.14821594430744375,-3.090114109868359,True,2025-12-18,0.02049852154834097,700.0,1.0,2025-12-23,0.04625101765075569,1600.0,1.0,2025-12-29,0.0574870909176816,2000.0,1.0,2026-01-12,0.06305813596713701,2200.0,1.0,2026-01-27,0.09045711015525139,3200.0,1.0,2026-02-11,0.09853252416079673,3500.0,1.0,2026-03-13,0.11449030959940762,4100.0,1.0
2025-12-16,Tue,34800.0,34800.0,34600.0,34100.0,33100.0,32600.0,33600.0,33100.0,32500.0,32300.0,30800.0,300.0,2025-12-16,3.0,2,0,32500.0,0,32300.0,0,30800.0,34280.0,31866.666666666668,2413.333333333332,-1.71044435856742,-0.014556297774207487,0.008836581800498067,0.005082598677287904,0.4,2025-12-15,IS7Z25,368.0,24.0,42.0,False,0.0,94.92149487617256,0.008185584586439502,0.013680103904080176,0.0014420311546045465,1.0,0.0,1,False,True,2025-12-15,43600.0,39100.0,39500.0,0.020858230120409788,0.018065007397638985,0.020461071871340025,1,False,True,-0.13682508270184895,-2.2683859618876254,True,2025-12-22,0.023189444918910354,800.0,1.0,2025-12-26,0.03458557964977995,1200.0,1.0,2025-12-31,0.06801487629897465,2400.0,1.0,2026-01-15,0.07347937077105342,2600.0,1.0,2026-01-30,0.07891416675701032,2800.0,1.0,2026-02-14,0.06801487629897465,2400.0,1.0,2026-03-16,0.09504354868689395,3400.0,1.0
2025-12-17,Wed,35200.0,35200.0,35000.0,34500.0,33500.0,33000.0,34000.0,33500.0,32700.0,32500.0,31000.0,400.0,2025-12-17,1.0,2,0,32700.0,0,32500.0,0,31000.0,34680.0,32066.666666666668,2613.333333333332,-1.2946344381835666,-0.002894358026364526,0.01166193974784413,0.005382188349595381,0.35,2025-12-16,IS7Z25,368.0,0.0,42.0,False,0.0,94.92149487617256,0.005449604767564685,0.013680103904080176,0.0014420311546045465,1.0,0.0,1,False,True,2025-12-16,43600.0,39700.0,39500.0,0.020858230120409788,0.02809891122235965,0.012739025777429712,1,False,True,-0.14039186365583065,-2.3163739660036833,True,2025-12-22,0.011527505171067414,400.0,1.0,2025-12-27,0.022923639901937024,800.0,1.0,2026-01-01,0.06453852113757116,2300.0,1.0,2026-01-16,0.07534943724178679,2700.0,1.0,2026-01-31,0.06725222700916747,2400.0,1.0,2026-02-16,0.061817431023210447,2200.0,1.0,2026-03-17,0.0966268356890717,3500.0,1.0
2025-12-18,Thu,35200.0,35200.0,35000.0,34500.0,33500.0,33000.0,34000.0,33500.0,32500.0,32300.0,30800.0,0.0,2025-12-18,1.0,2,0,32500.0,0,32300.0,0,30800.0,34680.0,31866.666666666668,2813.333333333332,-0.8496586483625563,0.005813969865419816,0.0,0.0059489431553537185,0.3,2025-12-17,IS7Z25,368.0,0.0,42.0,False,0.0,94.92149487617256,0.0027210901143605863,0.013680103904080176,0.0014420311546045465,1.0,0.0,1,False,True,2025-12-17,43600.0,39700.0,40200.0,0.006904515346544486,0.02551158765740851,0.022642476749759752,1,False,True,-0.14039186365583065,-2.1832631796750706,True,2025-12-23,0.025752496102414764,900.0,1.0,2025-12-29,0.036988569369340626,1300.0,1.0,2026-01-02,0.08604472635853476,3100.0,1.0,2026-01-17,0.07803400261245583,2800.0,1.0,2026-02-02,0.061817431023210447,2200.0,1.0,2026-02-16,0.061817431023210447,2200.0,1.0,2026-03-18,0.08870077041665106,3200.0,1.0
2025-12-19,Fri,35200.0,35200.0,35000.0,34500.0,33500.0,33000.0,34000.0,33500.0,32500.0,32300.0,30800.0,0.0,2025-12-19,1.0,2,0,32500.0,0,32300.0,0,30800.0,34680.0,31866.666666666668,2813.333333333332,-0.837262663370216,0.005813969865419816,0.0,0.005767714381424592,0.35,2025-12-18,IS7Z25,368.0,0.0,9.0,False,0.0,94.92149487617256,0.0027210901143605863,0.013680103904080176,0.0014420311546045465,1.0,0.0,1,False,True,2025-12-18,43500.0,39500.0,40000.0,-0.002296212260350268,-0.0050505157860685915,-0.004987541511039051,1,False,True,-0.13534134786976212,-1.840331535645634,True,2025-12-24,0.025752496102414764,900.0,1.0,2025-12-29,0.036988569369340626,1300.0,1.0,2026-01-03,0.10969891725642453,4000.0,1.0,2026-01-19,0.08870077041665106,3200.0,1.0,2026-02-02,0.061817431023210447,2200.0,1.0,2026-02-17,0.050858417233490945,1800.0,1.0,2026-03-19,0.08870077041665106,3200.0,1.0
2025-12-20,Sat,35600.0,35600.0,35400.0,34900.0,33900.0,33400.0,34400.0,33900.0,32700.0,32500.0,31000.0,400.0,2025-12-20,1.0,2,0,32700.0,0,32500.0,0,31000.0,35080.0,32066.666666666668,3013.333333333332,-0.33444167812150905,0.017341475036487173,0.01152750517106682,0.005592006566032494,0.4,2025-12-19,IS7Z25,368.0,0.0,45.0,False,0.0,94.92149487617256,0.0,0.01092907053219023,0.0014420311546045465,1.0,0.0,1,False,True,2025-12-18,43500.0,39500.0,40000.0,-0.002296212260350268,-0.0050505157860685915,-0.004987541511039051,2,False,True,-0.12381384269869465,-1.2567171408522924,True,2025-12-25,0.011396134730869582,400.0,1.0,2025-12-30,0.042081945434313414,1500.0,1.0,2026-01-05,0.09296306697821885,3400.0,1.0,2026-01-19,0.07717326524558366,2800.0,1.0,2026-02-03,0.05028992585214301,1800.0,1.0,2026-02-18,0.042081945434313414,1500.0,1.0,2026-03-20,0.07717326524558366,2800.0,1.0
2025-12-22,Mon,35600.0,35600.0,35400.0,34900.0,33900.0,33400.0,34400.0,33900.0,32700.0,32500.0,31000.0,0.0,2025-12-22,2.0,2,0,32700.0,0,32500.0,0,31000.0,35080.0,32066.666666666668,3013.333333333332,-0.3145247279723182,0.023189444918910354,0.0,0.00611288047622525,0.4,2025-12-19,IS7Z25,368.0,0.0,45.0,False,0.0,94.92149487617256,0.0,0.01092907053219023,0.0014420311546045465,1.0,0.0,3,False,True,2025-12-20,43800.0,39900.0,40300.0,0.0,0.0050251362026729795,0.0074720148387010564,2,False,True,-0.13388949468743627,-1.6475729394022425,True,2025-12-27,0.011396134730869582,400.0,1.0,2026-01-01,0.05301101596650366,1900.0,1.0,2026-01-06,0.07185410376798372,2600.0,1.0,2026-01-21,0.05028992585214301,1800.0,1.0,2026-02-05,0.07185410376798372,2600.0,1.0,2026-02-20,0.03933091206242354,1400.0,1.0,2026-03-23,0.09296306697821885,3400.0,1.0
2025-12-23,Tue,36100.0,36100.0,35900.0,35400.0,34400.0,33900.0,34900.0,34400.0,33000.0,32800.0,31300.0,500.0,2025-12-23,1.0,2,0,33000.0,0,32800.0,0,31300.0,35580.0,32366.666666666668,3213.333333333332,0.19449475454995369,0.04625101765075569,0.014224990931346326,0.0059266575110781365,0.45,2025-12-22,IS7Z25,368.0,0.0,45.0,False,0.0,94.92149487617256,0.0,0.008185584586439502,0.001410947910578141,1.0,0.0,1,False,True,2025-12-22,42600.0,40400.0,40300.0,-0.027779564107075706,0.027605266091888916,0.0074720148387010564,1,False,True,-0.13211796482737562,-1.5066098120912323,True,2025-12-29,0.011236073266925752,400.0,1.0,2026-01-02,0.060292230256120044,2200.0,1.0,2026-01-07,0.049596941139372186,1800.0,1.0,2026-01-22,0.030600440448717042,1100.0,1.0,2026-02-06,0.05762911283663642,2100.0,1.0,2026-02-23,0.03606493492079587,1300.0,1.0,2026-03-23,0.07873807604687161,2900.0,1.0
2025-12-24,Wed,36100.0,36100.0,35900.0,35400.0,34400.0,33900.0,34900.0,34400.0,33300.0,,,0.0,2025-12-24,1.0,2,0,33300.0,1,32800.0,1,31300.0,35580.0,32466.666666666668,3113.333333333332,-0.03565635950034041,0.04625101765075569,0.0,0.006720027910523504,0.4,2025-12-23,IS7Z25,368.0,0.0,45.0,False,0.0,94.92149487617256,0.0,0.005449604767564685,0.0013180090073176653,1.0,0.0,1,False,True,2025-12-23,44800.0,40600.0,40800.0,0.02486003731939504,0.03509131981127019,0.027330893716971266,1,False,True,-0.13705624646795814,-1.653283481934827,True,2025-12-29,0.011236073266925752,400.0,1.0,2026-01-03,0.08394642115400969,3100.0,1.0,2026-01-08,0.03333642026759171,1200.0,1.0,2026-01-23,0.03878602503515645,1400.0,1.0,2026-02-07,0.0522815065100411,1900.0,1.0,2026-02-23,0.03606493492079587,1300.0,1.0,2026-03-25,0.07873807604687161,2900.0,1.0
2025-12-25,Thu,36100.0,36100.0,35800.0,35300.0,34300.0,33800.0,34800.0,34300.0,33300.0,33100.0,31600.0,-100.0,2025-12-25,1.0,2,0,33300.0,0,33100.0,0,31600.0,35520.0,32666.666666666668,2853.333333333332,-0.6655187669132544,0.043422161450277885,-0.0028288562004767925,0.006515308788624065,0.45,2025-12-24,IS7Z25,368.0,0.0,45.0,False,0.0,94.92149487617256,0.0,0.0027210901143605863,0.001148878893673365,1.0,0.0,1,False,True,2025-12-24,45100.0,40700.0,41100.0,0.033825096153644096,0.03246227614466111,0.03214120921179699,1,False,True,-0.1423451285092982,-1.799773490243656,True,2025-12-30,0.030685810703443887,1100.0,1.0,2026-01-05,0.08156693224734918,3000.0,1.0,2026-01-09,0.02240990139958411,800.0,1.0,2026-01-24,0.047034948704973434,1700.0,1.0,2026-02-09,0.06045796903711404,2200.0,1.0,2026-02-23,0.03889379112127354,1400.0,1.0,2026-03-25,0.08156693224734918,3000.0,1.0
2025-12-26,Fri,36000.0,36000.0,35800.0,35300.0,34300.0,33700.0,34700.0,34000.0,33200.0,33000.0,31500.0,0.0,2025-12-26,1.0,2,0,33200.0,0,33000.0,0,31500.0,35480.0,32566.666666666668,2913.333333333332,-0.49415280945004847,0.03458557964977995,0.0,0.006354717880333731,0.4,2025-12-24,IS7Z25,368.0,0.0,45.0,False,0.0,94.92149487617256,0.0,0.0027210901143605863,0.001148878893673365,1.0,0.0,2,False,True,2025-12-24,45100.0,40700.0,41100.0,0.033825096153644096,0.03246227614466111,0.03214120921179699,2,False,True,-0.1423451285092982,-1.7196718833519566,True,2025-12-31,0.033429296649194674,1200.0,1.0,2026-01-05,0.08156693224734918,3000.0,1.0,2026-01-10,0.019635974516858935,700.0,1.0,2026-01-27,0.047034948704973434,1700.0,1.0,2026-02-09,0.06045796903711404,2200.0,1.0,2026-02-24,0.033429296649194674,1200.0,1.0,2026-03-26,0.07895255167327841,2900.0,1.0
2025-12-27,Sat,36000.0,36000.0,35800.0,35300.0,34300.0,33800.0,34700.0,34000.0,33200.0,33000.0,31500.0,0.0,2025-12-27,1.0,2,0,33200.0,0,33000.0,0,31500.0,35480.0,32566.666666666668,2913.333333333332,-0.46969758947748547,0.022923639901937024,0.0,0.006161127573611443,0.45,2025-12-26,IS7Z25,368.0,0.0,45.0,False,0.0,94.92149487617256,0.0,0.0027210901143605863,0.0008604842479947504,1.0,0.0,1,False,True,2025-12-26,45100.0,40700.0,41100.0,0.033825096153644096,0.03755134565213241,0.03717900324175403,1,False,True,-0.1423451285092982,-1.6475769420102904,True,2026-01-01,0.04161488123563414,1500.0,1.0,2026-01-06,0.06045796903711404,2200.0,1.0,2026-01-12,0.019635974516858935,700.0,1.0,2026-01-27,0.047034948704973434,1700.0,1.0,2026-02-10,0.06045796903711404,2200.0,1.0,2026-02-25,0.027934777331554066,1000.0,1.0,2026-03-27,0.08156693224734918,3000.0,1.0
2025-12-29,Mon,36500.0,36500.0,36300.0,35800.0,34800.0,34200.0,35200.0,34500.0,33900.0,33700.0,,500.0,2025-12-29,2.0,2,0,33900.0,0,33700.0,2,31500.0,35980.0,33033.333333333336,2946.6666666666642,-0.36179269935213487,0.036988569369340626,0.014064929467403786,0.005973434807513707,0.5,2025-12-26,IS7Z25,368.0,0.0,45.0,False,0.0,94.92149487617256,0.0,0.0027210901143605863,0.0008604842479947504,1.0,0.0,3,False,True,2025-12-27,45100.0,40700.0,41100.0,0.033825096153644096,0.04010562545722925,0.03970744959511273,2,False,True,-0.12828019904189475,-1.043666746509284,True,2026-01-03,0.07271034788708391,2700.0,1.0,2026-01-08,0.02210034700066592,800.0,1.0,2026-01-13,0.0055710450494554295,200.0,1.0,2026-01-28,0.024828861653869966,900.0,1.0,2026-02-12,0.03026365763982693,1100.0,1.0,2026-02-27,0.01662088123604028,600.0,1.0,2026-03-30,0.09581792289723351,3600.0,1.0
2025-12-30,Tue,37100.0,37100.0,36900.0,36400.0,35400.0,34800.0,35800.0,35100.0,34200.0,34000.0,32500.0,600.0,2025-12-30,1.0,2,0,34200.0,0,34000.0,0,32500.0,36580.0,33566.666666666664,3013.3333333333358,-0.16079208921350369,0.042081945434313414,0.01662088123604022,0.006738719644785791,0.45,2025-12-29,IS7F26,363.0,0.0,45.0,True,,94.92149487617256,,,,1.0,0.0,1,False,True,2025-12-29,45500.0,41900.0,41100.0,0.04265517560191611,0.06916335993677186,0.03970744959511273,1,False,True,-0.14071705228539702,-1.4846101152256943,False,2026-01-05,0.05088112154390537,1900.0,1.0,2026-01-09,-0.00827590930385971,-300.0,-1.0,2026-01-15,0.008207980417829582,300.0,1.0,2026-01-29,0.008207980417829582,300.0,1.0,2026-02-13,0.002743485945750834,100.0,1.0,2026-02-28,-0.00827590930385971,-300.0,-1.0,2026-03-30,0.0791970416611931,3000.0,1.0
2025-12-31,Wed,37200.0,37200.0,37000.0,36500.0,35500.0,35000.0,36000.0,35200.0,34200.0,34000.0,32500.0,100.0,2025-12-31,1.0,2,0,34200.0,0,34000.0,0,32500.0,36680.0,33566.666666666664,3113.3333333333358,0.12667352931112258,0.04482543138006425,0.002743485945750024,0.007698112982264801,0.45,2025-12-30,IS7F26,363.0,0.0,45.0,False,0.0,94.92149487617256,,,,1.0,0.0,1,False,True,2025-12-29,45500.0,41900.0,41100.0,0.04265517560191611,0.06916335993677186,0.03970744959511273,2,False,True,-0.13797356633964625,-1.325608763803234,False,2026-01-05,0.0481376355981545,1800.0,1.0,2026-01-10,-0.013793322132335873,-500.0,-1.0,2026-01-15,0.005464494472078745,200.0,1.0,2026-01-30,0.010899290458035638,400.0,1.0,2026-02-14,0.0,0.0,0.0,2026-03-02,0.013605652055778678,500.0,1.0,2026-03-31,0.10398971352404764,4000.0,1.0
2026-01-01,Thu,37500.0,37500.0,37300.0,36800.0,35800.0,35300.0,36300.0,35500.0,34700.0,34500.0,33000.0,300.0,2026-01-01,1.0,2,0,34700.0,0,34500.0,0,33000.0,36980.0,34066.666666666664,2913.3333333333358,-0.3894298491652909,0.05301101596650366,0.008185584586440697,0.00749379008156238,0.45,2025-12-31,IS7F26,363.0,0.0,30.0,False,0.0,94.92149487617256,,,,1.0,0.0,1,False,True,2025-12-31,44900.0,42000.0,43300.0,0.02938064439321996,0.056318430590223616,0.09185196310136803,1,False,True,-0.13217177310848308,-1.0620690612352692,False,2026-01-06,0.018843087801479915,700.0,1.0,2026-01-12,-0.02197890671877523,-800.0,-1.0,2026-01-16,0.010810916104215676,400.0,1.0,2026-01-31,0.0027137058715963258,100.0,1.0,2026-02-16,-0.0027210901143606132,-100.0,-1.0,2026-03-02,0.005420067469339113,200.0,1.0,2026-04-01,0.09580412893760827,3700.0,1.0
2026-01-02,Fri,38300.0,38300.0,38100.0,37600.0,36600.0,36000.0,37200.0,36200.0,34700.0,34500.0,33000.0,800.0,2026-01-02,1.0,2,0,34700.0,0,34500.0,0,33000.0,37780.0,34066.666666666664,3713.3333333333358,1.8283711431256087,0.060292230256120044,0.02150620522096247,0.0075370885692446175,0.45,2025-12-31,IS7F26,363.0,0.0,30.0,False,0.0,94.92149487617256,,,,1.0,0.0,2,False,True,2026-01-01,46300.0,42900.0,43400.0,0.060084810737199665,0.07752063824082664,0.07659244548138387,1,False,True,-0.13186777553812248,-1.0157251607591136,False,2026-01-07,-0.010695289116747919,-400.0,-1.0,2026-01-12,-0.04348511193973878,-1600.0,-1.0,2026-01-17,-0.008010723746078972,-300.0,-1.0,2026-02-02,-0.024227295335324237,-900.0,-1.0,2026-02-16,-0.024227295335324237,-900.0,-1.0,2026-03-03,-0.005333345975362617,-200.0,-1.0,2026-04-02,0.08656801630845902,3400.0,1.0
2026-01-03,Sat,39200.0,39200.0,39000.0,38500.0,37500.0,37000.0,38000.0,37000.0,35400.0,35200.0,33700.0,900.0,2026-01-03,1.0,2,0,35400.0,0,35200.0,0,33700.0,38680.0,34766.666666666664,3913.3333333333358,2.305016553878954,0.08394642115400969,0.023654190897890004,0.009008343556668387,0.4,2026-01-02,IS7F26,363.0,0.0,30.0,False,0.0,94.92149487617256,,,,1.0,0.0,1,False,True,2026-01-02,46800.0,44600.0,45000.0,0.07312226482896259,0.12143318711894222,0.11778303565638346,1,False,True,-0.14707561773227978,-1.5545402999486038,False,2026-01-08,-0.05061000088641799,-1900.0,-1.0,2026-01-13,-0.06713930283762856,-2500.0,-1.0,2026-01-19,-0.02099814683977347,-800.0,-1.0,2026-02-02,-0.04788148623321397,-1800.0,-1.0,2026-02-17,-0.058840500022933465,-2200.0,-1.0,2026-03-05,-0.026317308317373417,-1000.0,-1.0,2026-04-03,0.05310982531394833,2100.0,1.0
2026-01-05,Mon,39000.0,39000.0,38800.0,38300.0,37300.0,36800.0,37800.0,36800.0,34700.0,34500.0,33000.0,-200.0,2026-01-05,2.0,2,0,34700.0,0,34500.0,0,33000.0,38480.0,34066.666666666664,4413.333333333336,3.5418487935917646,0.08156693224734918,-0.0052083451071389675,0.010481053536687048,0.35,2026-01-02,IS7F26,363.0,0.0,30.0,False,0.0,94.92149487617256,,,,1.0,0.0,3,False,True,2026-01-02,46800.0,44600.0,45000.0,0.07312226482896259,0.12143318711894222,0.11778303565638346,3,False,True,-0.15228396283941803,-1.6874301998184804,False,2026-01-10,-0.06193095773049027,-2300.0,-1.0,2026-01-15,-0.0426731411260757,-1600.0,-1.0,2026-01-20,-0.029141134907499467,-1100.0,-1.0,2026-02-04,-0.0318329265732109,-1200.0,-1.0,2026-02-19,-0.05363215491579525,-2000.0,-1.0,2026-03-06,-0.007863736460214576,-300.0,-1.0,2026-04-06,0.08505123261815546,3400.0,1.0
2026-01-06,Tue,38200.0,38200.0,38000.0,37500.0,36500.0,36000.0,37000.0,36000.0,34400.0,34200.0,32700.0,-800.0,2026-01-06,1.0,2,0,34400.0,0,34200.0,0,32700.0,37680.0,33766.666666666664,3913.3333333333358,1.9938179038572206,0.06045796903711404,-0.021108963210235032,0.010241530440801783,0.3,2026-01-05,IS7F26,363.0,18.0,30.0,False,0.0,94.92149487617256,,,,1.0,0.0,1,False,True,2026-01-02,46800.0,44600.0,45000.0,0.07312226482896259,0.12143318711894222,0.11778303565638346,4,False,True,-0.17339292604965328,-2.384700267487641,False,2026-01-12,-0.040821994520255166,-1500.0,-1.0,2026-01-16,-0.008032171697264267,-300.0,-1.0,2026-01-21,-0.021564177915840525,-800.0,-1.0,2026-02-05,0.0,0.0,0.0,2026-02-20,-0.03252319170556006,-1200.0,-1.0,2026-03-07,0.026317308317373358,1000.0,1.0,2026-04-06,0.10616019582839073,4200.0,1.0
2026-01-07,Wed,37900.0,37900.0,37700.0,37200.0,36200.0,35700.0,36700.0,35700.0,34200.0,34000.0,32500.0,-300.0,2026-01-07,1.0,2,0,34200.0,0,34000.0,0,32500.0,37380.0,33566.666666666664,3813.3333333333358,1.6692457039601816,0.05242579733984974,-0.008032171697264445,0.011195128793021578,0.3,2026-01-06,IS7F26,364.0,0.0,30.0,False,0.0027510333718897976,95.18298659759452,0.0027510333718897976,,,1.0,0.0,1,False,True,2026-01-06,47300.0,43500.0,44500.0,0.07687647811548685,0.08638461419882064,0.09913772021955732,1,False,True,-0.1564521768155375,-1.6479364517249533,False,2026-01-12,-0.03278982282299084,-1200.0,-1.0,2026-01-17,0.002684565370668983,100.0,1.0,2026-01-22,-0.018996500690655036,-700.0,-1.0,2026-02-06,0.008032171697264253,300.0,1.0,2026-02-23,-0.013532006218576273,-500.0,-1.0,2026-03-09,0.03434948001463764,1300.0,1.0,2026-04-07,0.11897706564899127,4700.0,1.0
2026-01-08,Thu,37400.0,37400.0,37200.0,36600.0,35600.0,34600.0,36100.0,35100.0,33700.0,33500.0,32000.0,-600.0,2026-01-08,1.0,2,0,33700.0,0,33500.0,0,32000.0,36840.0,33066.666666666664,3773.3333333333358,1.5180778432715256,0.02210034700066592,-0.016260520871780315,0.011030956490769987,0.3,2026-01-07,IS7F26,368.0,3.0,33.0,False,0.01092907053219023,96.22895348328237,0.013680103904080176,,,1.0,0.0,1,False,True,2026-01-06,47300.0,43500.0,44500.0,0.07687647811548685,0.08638461419882064,0.09913772021955732,2,False,True,-0.1727126976873178,-2.137729641574688,False,2026-01-13,-0.016529301951210582,-600.0,-1.0,2026-01-19,0.02961185404664444,1100.0,1.0,2026-01-23,0.005449604767564685,200.0,1.0,2026-02-07,0.018945086242449203,700.0,1.0,2026-02-23,0.002728514653203914,100.0,1.0,2026-03-09,0.05061000088641792,1900.0,1.0,2026-04-08,0.13523758652077153,5300.0,1.0
2026-01-09,Fri,36800.0,36800.0,36600.0,36100.0,35100.0,34100.0,35500.0,34500.0,33200.0,33000.0,31500.0,-500.0,2026-01-09,1.0,2,0,33200.0,0,33000.0,0,31500.0,36280.0,32566.666666666668,3713.333333333332,1.3324369329585235,-0.00827590930385971,-0.013755375068484454,0.011412508636425255,0.3,2026-01-08,IS7F26,368.0,12.0,45.0,False,0.0,96.22895348328237,0.013680103904080176,,,1.0,0.0,1,False,True,2026-01-08,47100.0,42900.0,43700.0,0.1004187477470474,0.06004204096686695,0.08099663314890708,1,False,True,-0.172578960595136,-2.019409777737118,False,2026-01-15,0.016483889721689415,600.0,1.0,2026-01-19,0.043367229115129864,1600.0,1.0,2026-01-24,0.024625047305389194,900.0,1.0,2026-02-09,0.038048067637529964,1400.0,1.0,2026-02-23,0.016483889721689415,600.0,1.0,2026-03-10,0.07212738129039248,2700.0,1.0,2026-04-09,0.1297152561633537,5000.0,1.0
2026-01-10,Sat,36700.0,36700.0,36500.0,36000.0,35000.0,34000.0,35500.0,34500.0,33200.0,33000.0,31500.0,-100.0,2026-01-10,1.0,2,0,33200.0,0,33000.0,0,31500.0,36180.0,32566.666666666668,3613.333333333332,1.0676088046131071,-0.013793322132335873,-0.0027739268827247088,0.011566471059505281,0.3,2026-01-09,IS7F26,369.0,0.0,45.0,False,0.0027137058715963258,96.49044520470433,0.016393809775676352,,0.004088148167189125,1.0,0.0,1,False,True,2026-01-08,47100.0,42900.0,43700.0,0.1004187477470474,0.06004204096686695,0.08099663314890708,2,False,True,-0.1753528874778613,-2.008194839007267,False,2026-01-15,0.01925781660441452,700.0,1.0,2026-01-20,0.03278982282299097,1200.0,1.0,2026-01-27,0.027398974188114347,1000.0,1.0,2026-02-09,0.0408219945202552,1500.0,1.0,2026-02-24,0.01379332213233577,500.0,1.0,2026-03-11,0.06453852113757116,2400.0,1.0,2026-04-10,0.12761112459264604,4900.0,1.0
2026-01-12,Mon,36700.0,36700.0,36500.0,36000.0,35000.0,34000.0,35500.0,34500.0,33200.0,33000.0,31500.0,0.0,2026-01-12,2.0,2,0,33200.0,0,33000.0,0,31500.0,36180.0,32566.666666666668,3613.333333333332,1.0481504330141966,-0.04348511193973878,0.0,0.011234675688474189,0.25,2026-01-09,IS7F26,369.0,0.0,45.0,False,0.0027137058715963258,96.49044520470433,0.016393809775676352,,0.004088148167189125,1.0,0.0,3,False,True,2026-01-11,47100.0,42900.0,43300.0,0.05006486160143268,0.055103759326284425,0.05947055359832815,1,False,True,-0.1753528874778613,-1.9111659984600604,False,2026-01-17,0.035474388193659945,1300.0,1.0,2026-01-22,0.01379332213233577,500.0,1.0,2026-01-27,0.027398974188114347,1000.0,1.0,2026-02-11,0.035474388193659945,1300.0,1.0,2026-02-26,0.008298802814695064,300.0,1.0,2026-03-13,0.05143217363227069,1900.0,1.0,2026-04-13,0.13248918304607887,5100.0,1.0
2026-01-13,Tue,36700.0,36700.0,36500.0,36000.0,35000.0,34000.0,35500.0,34500.0,33000.0,32800.0,31300.0,0.0,2026-01-13,1.0,2,0,33000.0,0,32800.0,0,31300.0,36180.0,32366.666666666668,3813.333333333332,1.4597140913871902,-0.06713930283762856,0.0,0.01089242220792425,0.25,2026-01-12,IS7F26,373.0,0.0,45.0,False,0.010781775603288413,97.53641209039219,0.027175585378964816,,0.0037944007996415655,1.0,0.0,1,False,True,2026-01-11,47100.0,42900.0,43300.0,0.05006486160143268,0.055103759326284425,0.05947055359832815,2,False,True,-0.1753528874778613,-1.827097840316703,False,2026-01-19,0.04614115599785513,1700.0,1.0,2026-01-23,0.021978906718775167,800.0,1.0,2026-01-28,0.01925781660441452,700.0,1.0,2026-02-12,0.024692612590371414,900.0,1.0,2026-02-27,0.011049836186584935,400.0,1.0,2026-03-14,0.04614115599785513,1700.0,1.0,2026-04-13,0.13248918304607887,5100.0,1.0
2026-01-15,Thu,37300.0,37300.0,37100.0,36700.0,35700.0,34700.0,36200.0,35200.0,33500.0,33300.0,31800.0,700.0,2026-01-15,2.0,2,0,33500.0,0,33300.0,0,31800.0,36820.0,32866.666666666664,3953.3333333333358,1.7290357654162494,-0.0426731411260757,0.019257816604413946,0.010560595147165735,0.3,2026-01-14,IS7F26,373.0,0.0,45.0,False,0.0,97.53641209039219,0.013495481474884509,0.027175585378964816,0.004431859503878973,1.0,0.0,1,False,True,2026-01-14,46800.0,42600.0,43000.0,0.037000956414968304,0.045626160826775536,0.045191994191373555,1,False,True,-0.14907749821480015,-0.9503192847353281,True,2026-01-20,0.013532006218576373,500.0,1.0,2026-01-27,0.008141157583699866,300.0,1.0,2026-01-30,0.005434795985956995,200.0,1.0,2026-02-14,-0.0054644944720787375,-200.0,-1.0,2026-03-02,0.008141157583699866,300.0,1.0,2026-03-16,0.02156417791584064,800.0,1.0,2026-04-15,0.11079531164378327,4300.0,1.0
2026-01-16,Fri,37900.0,37900.0,37700.0,37200.0,36200.0,35200.0,36600.0,35600.0,34700.0,34500.0,33000.0,500.0,2026-01-16,1.0,2,0,34700.0,0,34500.0,0,33000.0,37380.0,34066.666666666664,3313.3333333333358,0.34571249650766267,-0.008032171697264267,0.013532006218575532,0.011273260827850767,0.25,2026-01-15,IS7F26,373.0,0.0,45.0,False,0.0,97.53641209039219,0.013495481474884509,0.027175585378964816,0.004431859503878973,1.0,0.0,1,False,True,2026-01-15,46800.0,43900.0,43000.0,0.037000956414968304,0.07568622763257635,0.045191994191373555,1,False,True,-0.16560555880202474,-1.427081038017698,True,2026-01-21,-0.013532006218576273,-500.0,-1.0,2026-01-27,-0.005390848634876423,-200.0,-1.0,2026-01-31,-0.008097210232619362,-300.0,-1.0,2026-02-16,-0.013532006218576273,-500.0,-1.0,2026-03-02,-0.005390848634876423,-200.0,-1.0,2026-03-17,0.02127739844728488,800.0,1.0,2026-04-16,0.09237332013101507,3600.0,1.0
2026-01-17,Sat,38100.0,38100.0,37900.0,37300.0,36400.0,35400.0,36900.0,35900.0,34700.0,34500.0,33000.0,100.0,2026-01-17,1.0,2,0,34700.0,0,34500.0,0,33000.0,37560.0,34066.666666666664,3493.3333333333358,0.7309227795093889,0.002684565370668983,0.0026845653706697448,0.011421389436017114,0.25,2026-01-16,IS7F26,373.0,0.0,45.0,False,0.0,97.53641209039219,0.010781775603288413,0.027175585378964816,0.004431859503878973,1.0,0.0,1,False,True,2026-01-15,46800.0,43900.0,43000.0,0.037000956414968304,0.07568622763257635,0.045191994191373555,2,False,True,-0.16292099343135577,-1.2966144531112929,True,2026-01-22,-0.021681066061324052,-800.0,-1.0,2026-01-27,-0.008075414005545418,-300.0,-1.0,2026-02-02,-0.01621657158924528,-600.0,-1.0,2026-02-16,-0.01621657158924528,-600.0,-1.0,2026-03-03,0.0026773777707163942,100.0,1.0,2026-03-18,0.010666767804195228,400.0,1.0,2026-04-17,0.0872347657987795,3400.0,1.0
2026-01-19,Mon,38500.0,38500.0,38300.0,37700.0,36700.0,35700.0,37300.0,36300.0,34700.0,34500.0,33000.0,400.0,2026-01-19,2.0,2,0,34700.0,0,34500.0,0,33000.0,37940.0,34066.666666666664,3873.3333333333358,1.5280304940130822,0.043367229115129864,0.010666767804195842,0.011092955508969531,0.2,2026-01-16,IS7F26,373.0,0.0,45.0,False,0.0,97.53641209039219,0.010781775603288413,0.027175585378964816,0.004431859503878973,1.0,0.0,3,False,True,2026-01-17,47200.0,44900.0,45300.0,0.04551164608287709,0.09820970229965938,0.0972989109867995,2,False,True,-0.17477770029424358,-1.6185665616866796,True,2026-01-24,-0.01874218180974064,-700.0,-1.0,2026-01-29,-0.02688333939344053,-1000.0,-1.0,2026-02-03,-0.02688333939344053,-1000.0,-1.0,2026-02-18,-0.03509131981127006,-1300.0,-1.0,2026-03-05,-0.005319161477599933,-200.0,-1.0,2026-03-20,0.0,0.0,0.0,2026-04-20,0.07656799799458433,3000.0,1.0
2026-01-20,Tue,37900.0,37900.0,37700.0,37200.0,36100.0,35100.0,36800.0,35800.0,34700.0,34500.0,33000.0,-500.0,2026-01-20,1.0,2,0,34700.0,0,34500.0,0,33000.0,37360.0,34066.666666666664,3293.3333333333358,0.2920828968813535,0.03278982282299097,-0.013351333174865587,0.011067847050436529,0.2,2026-01-16,IS7F26,373.0,0.0,45.0,False,0.0,97.53641209039219,0.010781775603288413,0.027175585378964816,0.004431859503878973,1.0,0.0,4,False,True,2026-01-19,48000.0,44900.0,45300.0,0.05348868495098622,0.0691519678201165,0.0972989109867995,1,False,True,-0.18812903346910767,-1.9655292463715621,True,2026-01-27,-0.005390848634876423,-200.0,-1.0,2026-01-30,-0.008097210232619362,-300.0,-1.0,2026-02-04,-0.0026917916657114146,-100.0,-1.0,2026-02-19,-0.024491020008295755,-900.0,-1.0,2026-03-06,0.02127739844728488,800.0,1.0,2026-03-21,0.02127739844728488,800.0,1.0,2026-04-20,0.08991933116944835,3500.0,1.0
2026-01-21,Wed,37400.0,37400.0,37200.0,36700.0,35500.0,34500.0,36200.0,35200.0,34200.0,34000.0,32500.0,-500.0,2026-01-21,1.0,2,0,34200.0,0,34000.0,0,32500.0,36840.0,33566.666666666664,3273.3333333333358,0.2554478083773571,0.01925781660441452,-0.013532006218575532,0.011217971736669743,0.15,2026-01-20,IS7F26,373.0,0.0,45.0,False,0.0,97.53641209039219,0.0,0.027175585378964816,0.004431859503878973,1.0,0.0,1,False,True,2026-01-19,48000.0,44900.0,45300.0,0.05348868495098622,0.0691519678201165,0.0972989109867995,2,False,True,-0.20166103968768398,-2.279569995625503,True,2026-01-27,0.008141157583699866,300.0,1.0,2026-01-31,0.005434795985956995,200.0,1.0,2026-02-05,0.02156417791584064,800.0,1.0,2026-02-20,-0.010959013789719543,-400.0,-1.0,2026-03-07,0.047881486233214005,1800.0,1.0,2026-03-23,0.042673141126075696,1600.0,1.0,2026-04-21,0.10345133738802477,4000.0,1.0
2026-01-22,Thu,37200.0,37200.0,37000.0,36500.0,35300.0,,36000.0,35000.0,33900.0,33700.0,32200.0,-200.0,2026-01-22,1.0,2,0,33900.0,0,33700.0,0,32200.0,36640.0,33266.666666666664,3373.3333333333358,0.4675614880951394,0.01379332213233577,-0.0054644944720791955,0.011370102375511485,0.1,2026-01-21,IS7F26,373.0,2.0,45.0,False,0.0,97.53641209039219,0.0,0.024424552007074794,0.004431859503878973,1.0,0.0,1,False,True,2026-01-21,48000.0,43500.0,44300.0,0.06676321615968242,0.03509131981127019,0.02283204204264569,1,False,True,-0.1754486775061926,-1.3982556144175398,True,2026-01-27,0.013605652055778678,500.0,1.0,2026-02-02,0.005464494472078745,200.0,1.0,2026-02-06,0.02702867238791942,1000.0,1.0,2026-02-23,0.005464494472078745,200.0,1.0,2026-03-09,0.053345980705292714,2000.0,1.0,2026-03-23,0.0481376355981545,1800.0,1.0,2026-04-22,0.11625980611586202,4500.0,1.0
2026-01-23,Fri,37500.0,37500.0,37300.0,36800.0,35500.0,34500.0,36300.0,35300.0,34200.0,34000.0,32500.0,300.0,2026-01-23,1.0,2,0,34200.0,0,34000.0,0,32500.0,36920.0,33566.666666666664,3353.3333333333358,0.41998597030088985,0.021978906718775167,0.008185584586440697,0.011104688934767971,0.1,2026-01-22,IS7F26,373.0,0.0,45.0,False,0.0,97.53641209039219,0.0,0.013495481474884509,0.004514170199865203,1.0,0.0,1,False,True,2026-01-21,48000.0,43500.0,44300.0,0.06676321615968242,0.03509131981127019,0.02283204204264569,2,False,True,-0.1672630929197532,-1.1148342705830636,True,2026-01-28,-0.0027210901143606132,-100.0,-1.0,2026-02-02,-0.0027210901143606132,-100.0,-1.0,2026-02-07,0.013495481474884509,500.0,1.0,2026-02-23,-0.0027210901143606132,-100.0,-1.0,2026-03-09,0.045160396118853335,1700.0,1.0,2026-03-25,0.03995205101171497,1500.0,1.0,2026-04-23,0.11051027632730369,4300.0,1.0
2026-01-24,Sat,37700.0,37700.0,37500.0,37000.0,35700.0,34700.0,36500.0,33500.0,34400.0,34200.0,32700.0,200.0,2026-01-24,1.0,2,0,34400.0,0,34200.0,0,32700.0,37120.0,33766.666666666664,3353.3333333333358,0.41461485436884227,0.027398974188114347,0.005420067469337653,0.01095150661137486,0.1,2026-01-23,IS7G26,379.0,3.0,42.0,True,,97.53641209039219,,,,1.0,0.0,1,False,True,2026-01-21,48000.0,43500.0,44300.0,0.06676321615968242,0.03509131981127019,0.02283204204264569,3,False,True,-0.161843025450414,-0.9233253048825651,False,2026-01-29,-0.008141157583699885,-300.0,-1.0,2026-02-03,-0.008141157583699885,-300.0,-1.0,2026-02-09,0.01342302033214077,500.0,1.0,2026-02-23,-0.008141157583699885,-300.0,-1.0,2026-03-10,0.04750233398500326,1800.0,1.0,2026-03-25,0.034531983542375945,1300.0,1.0,2026-04-24,0.10265415406008337,4000.0,1.0
2026-01-27,Tue,37700.0,37700.0,37500.0,37000.0,35700.0,34700.0,36500.0,35500.0,34400.0,34200.0,32700.0,0.0,2026-01-27,3.0,2,0,34400.0,0,34200.0,0,32700.0,37120.0,33766.666666666664,3353.3333333333358,0.4092683928975378,-0.008075414005545418,0.0,0.010700560504841713,0.1,2026-01-26,IS7G26,379.0,0.0,42.0,False,0.0,97.53641209039219,,,,1.0,0.0,1,False,True,2026-01-21,48000.0,43500.0,44300.0,0.06676321615968242,0.03509131981127019,0.02283204204264569,6,True,False,-0.161843025450414,-0.8940410036990839,False,2026-02-02,-0.008141157583699885,-300.0,-1.0,2026-02-06,0.01342302033214077,500.0,1.0,2026-02-11,0.008075414005545331,300.0,1.0,2026-02-26,-0.019100171373419378,-700.0,-1.0,2026-03-13,0.024033199444156193,900.0,1.0,2026-03-28,0.04492168739151165,1700.0,1.0,2026-04-27,0.10265415406008337,4000.0,1.0
2026-01-28,Wed,37400.0,37400.0,37200.0,36700.0,35400.0,34400.0,35800.0,34800.0,34200.0,34000.0,32500.0,-300.0,2026-01-28,1.0,2,0,34200.0,0,34000.0,0,32500.0,36820.0,33566.666666666664,3253.3333333333358,0.20189983063393896,-0.01621657158924528,-0.008141157583699155,0.010374578324477175,0.15,2026-01-27,IS7G26,379.0,3.0,45.0,False,0.0,97.53641209039219,,,,1.0,0.0,1,False,True,2026-01-27,48000.0,43200.0,43800.0,0.03605904981570264,0.0069686693160934355,0.00917437627604123,1,False,True,-0.16306374018953998,-0.9024345062053074,False,2026-02-02,0.0,0.0,0.0,2026-02-07,0.01621657158924529,600.0,1.0,2026-02-12,0.005434795985956995,200.0,1.0,2026-02-27,-0.008207980417829622,-300.0,-1.0,2026-03-14,0.02688333939344045,1000.0,1.0,2026-03-30,0.07098906124336363,2700.0,1.0,2026-04-28,0.10345133738802477,4000.0,1.0
2026-01-29,Thu,37400.0,37400.0,37200.0,36700.0,35200.0,34400.0,35800.0,34800.0,34200.0,34000.0,32500.0,0.0,2026-01-29,1.0,2,0,34200.0,0,34000.0,0,32500.0,36780.0,33566.666666666664,3213.3333333333358,0.12171036430428876,-0.02688333939344053,0.0,0.010254300058718111,0.15,2026-01-28,IS7G26,379.0,0.0,45.0,False,0.0,97.53641209039219,,,,1.0,0.0,1,False,True,2026-01-28,48000.0,43100.0,43500.0,0.025317807984289786,-0.03421086191631627,-0.03390155167568134,1,False,True,-0.1607462420491775,-0.8049189763783956,False,2026-02-03,0.0,0.0,0.0,2026-02-09,0.02156417791584064,800.0,1.0,2026-02-13,-0.0054644944720787375,-200.0,-1.0,2026-02-28,-0.01648388972168937,-600.0,-1.0,2026-03-16,0.02156417791584064,800.0,1.0,2026-03-30,0.07098906124336363,2700.0,1.0,2026-04-29,0.09357471389211261,3600.0,1.0
2026-01-30,Fri,37700.0,37700.0,37400.0,36900.0,35400.0,34600.0,36000.0,35000.0,34200.0,34000.0,32500.0,200.0,2026-01-30,1.0,2,0,34200.0,0,34000.0,0,32500.0,37020.0,33566.666666666664,3453.3333333333358,0.6241799995459067,-0.008097210232619362,0.005434795985957308,0.009941912769310174,0.2,2026-01-29,IS7G26,379.0,0.0,45.0,False,0.0,97.53641209039219,,,,1.0,0.0,1,False,True,2026-01-29,48000.0,43200.0,43100.0,0.014690715410003592,-0.006920442844573795,-0.03196619206249241,1,False,True,-0.15762894420358317,-0.6830648484790961,False,2026-02-04,0.005405418566907982,200.0,1.0,2026-02-09,0.016129381929883717,600.0,1.0,2026-02-14,-0.010899290458035631,-400.0,-1.0,2026-03-02,0.0027063615977428457,100.0,1.0,2026-03-16,0.016129381929883717,600.0,1.0,2026-03-31,0.09309042306601203,3600.0,1.0,2026-04-30,0.08316478326604203,3200.0,1.0
2026-01-31,Sat,37700.0,37700.0,37400.0,36900.0,35400.0,34400.0,36000.0,35000.0,34400.0,34200.0,32700.0,0.0,2026-01-31,1.0,2,0,34400.0,0,34200.0,0,32700.0,37020.0,33766.666666666664,3253.3333333333358,0.20612646325246928,0.005434795985956995,0.0,0.009730537096499708,0.2,2026-01-30,IS7G26,379.0,0.0,33.0,False,0.0,97.53641209039219,0.0,,,1.0,0.0,1,False,True,2026-01-30,48000.0,43200.0,43600.0,0.01892800988551886,0.0069686693160934355,-0.0022909517465558244,1,False,True,-0.15762894420358317,-0.6573523849703506,False,2026-02-05,0.016129381929883717,600.0,1.0,2026-02-10,0.016129381929883717,600.0,1.0,2026-02-16,-0.005434795985956945,-200.0,-1.0,2026-03-02,0.0027063615977428457,100.0,1.0,2026-03-17,0.029374608679904317,1100.0,1.0,2026-04-01,0.09309042306601203,3600.0,1.0,2026-05-01,0.08813991790615584,3400.0,1.0
2026-02-02,Mon,37600.0,37600.0,37300.0,36700.0,35000.0,34400.0,35800.0,34800.0,34500.0,34300.0,32800.0,-200.0,2026-02-02,2.0,2,0,34500.0,0,34300.0,0,32800.0,36840.0,33866.666666666664,2973.3333333333358,-0.3630436630463843,-0.0027210901143606132,-0.005434795985957308,0.009434105736908801,0.25,2026-01-30,IS7G26,379.0,0.0,33.0,False,0.0,97.53641209039219,0.0,,,1.0,0.0,3,False,True,2026-01-30,48000.0,43200.0,43600.0,0.01892800988551886,0.0069686693160934355,-0.0022909517465558244,3,False,True,-0.16306374018953998,-0.8130772704051162,False,2026-02-07,0.01621657158924529,600.0,1.0,2026-02-12,0.005434795985956995,200.0,1.0,2026-02-17,-0.010959013789719543,-400.0,-1.0,2026-03-05,0.02156417791584064,800.0,1.0,2026-03-19,0.02688333939344045,1000.0,1.0,2026-04-03,0.10099131154716229,3900.0,1.0,2026-05-04,0.10099131154716229,3900.0,1.0
2026-02-03,Tue,37700.0,37700.0,37200.0,36700.0,35000.0,34500.0,35800.0,34800.0,34500.0,34300.0,32800.0,0.0,2026-02-03,1.0,2,0,34500.0,0,34300.0,0,32800.0,36860.0,33866.666666666664,2993.3333333333358,-0.3022173463194034,-0.008141157583699885,0.0,0.009243074728487469,0.25,2026-02-02,IS7G26,379.0,0.0,33.0,False,0.0,97.53641209039219,0.0,,,1.0,0.0,1,False,True,2026-02-02,48300.0,42800.0,43300.0,0.02515855963615493,-0.0023337233462202116,0.0,1,False,True,-0.15376134752722656,-0.4713197541017908,False,2026-02-09,0.02156417791584064,800.0,1.0,2026-02-13,-0.0054644944720787375,-200.0,-1.0,2026-02-18,-0.008207980417829622,-300.0,-1.0,2026-03-05,0.02156417791584064,800.0,1.0,2026-03-20,0.02688333939344045,1000.0,1.0,2026-04-04,0.10590532634959142,4100.0,1.0,2026-05-04,0.10099131154716229,3900.0,1.0
2026-02-04,Wed,38100.0,38100.0,37600.0,37100.0,35300.0,34800.0,36200.0,35200.0,34800.0,34600.0,33100.0,400.0,2026-02-04,1.0,2,0,34800.0,0,34600.0,0,33100.0,37240.0,34166.666666666664,3073.3333333333358,-0.11573854918947044,0.0026990569691649835,0.010840214552864325,0.00896149343637652,0.3,2026-02-03,IS7G26,379.0,0.0,33.0,False,0.0,97.53641209039219,0.0,,,1.0,0.0,1,False,True,2026-02-03,48300.0,42900.0,43100.0,0.03154835773492606,0.00701757265864654,0.0023228814161397287,1,False,True,-0.1452548563205818,-0.1384100468619407,False,2026-02-09,0.010723963362975642,400.0,1.0,2026-02-14,-0.016304709024943582,-600.0,-1.0,2026-02-19,-0.021799228342584402,-800.0,-1.0,2026-03-06,0.023969190112996402,900.0,1.0,2026-03-21,0.023969190112996402,900.0,1.0,2026-04-06,0.11688415919136626,4600.0,1.0,2026-05-05,0.09015109699429748,3500.0,1.0
2026-02-05,Thu,38500.0,38500.0,38000.0,37500.0,35500.0,35000.0,36600.0,35600.0,35200.0,35000.0,33500.0,400.0,2026-02-05,1.0,2,0,35200.0,0,35000.0,0,33500.0,37600.0,34566.666666666664,3033.3333333333358,-0.18289583474050736,0.01342302033214077,0.010723963362975653,0.009085179020070775,0.3,2026-02-04,IS7G26,379.0,0.0,33.0,False,0.0,97.53641209039219,0.0,,0.0,1.0,0.0,1,False,True,2026-02-04,48300.0,42900.0,43600.0,0.03154835773492606,-0.023042494147154355,0.01385703466142628,1,False,True,-0.13453089295760612,0.30452011273929236,False,2026-02-10,0.0,0.0,0.0,2026-02-16,-0.021564177915840525,-800.0,-1.0,2026-02-20,-0.03252319170556006,-1200.0,-1.0,2026-03-07,0.026317308317373358,1000.0,1.0,2026-03-23,0.021108963210235265,800.0,1.0,2026-04-06,0.10616019582839073,4200.0,1.0,2026-05-06,0.0695260626486103,2700.0,1.0
2026-02-06,Fri,38400.0,38400.0,38000.0,37500.0,35400.0,,36400.0,35400.0,35200.0,35000.0,33500.0,0.0,2026-02-06,1.0,2,0,35200.0,0,35000.0,0,33500.0,37540.0,34566.666666666664,2973.3333333333358,-0.30270432523417334,0.01342302033214077,0.0,0.009191749157247317,0.3,2026-02-05,IS7G26,379.0,0.0,33.0,False,0.0,97.53641209039219,0.0,,0.0,1.0,0.0,1,False,True,2026-02-05,48500.0,43500.0,43900.0,0.027169905351927856,-0.0316768566535702,-0.03139271240786272,1,False,True,-0.14842000511827333,-0.19869328096194444,False,2026-02-11,-0.005347606326595242,-200.0,-1.0,2026-02-16,-0.021564177915840525,-800.0,-1.0,2026-02-23,-0.021564177915840525,-800.0,-1.0,2026-03-09,0.026317308317373358,1000.0,1.0,2026-03-23,0.021108963210235265,800.0,1.0,2026-04-07,0.11094489395172688,4400.0,1.0,2026-05-07,0.0695260626486103,2700.0,1.0
2026-02-07,Sat,38300.0,38300.0,37800.0,37300.0,35800.0,35200.0,36700.0,35700.0,35200.0,35000.0,33500.0,-200.0,2026-02-07,1.0,2,0,35200.0,0,35000.0,0,33500.0,37500.0,34566.666666666664,2933.3333333333358,-0.38418887370245636,0.01621657158924529,-0.0053476063265947005,0.008911731448802267,0.3,2026-02-06,IS7G26,379.0,0.0,33.0,False,0.0,97.53641209039219,0.0,0.0,0.0,1.0,0.0,1,False,True,2026-02-06,48600.0,43800.0,43900.0,0.01242251999855711,-0.024803977365808173,-0.03139271240786272,1,False,True,-0.16064049073263054,-0.6690725793190533,True,2026-02-12,-0.010781775603288362,-400.0,-1.0,2026-02-17,-0.027175585378964782,-1000.0,-1.0,2026-02-23,-0.01621657158924528,-600.0,-1.0,2026-03-09,0.0316649146439687,1200.0,1.0,2026-03-25,0.026456569536830465,1000.0,1.0,2026-04-08,0.11629250027832226,4600.0,1.0,2026-05-08,0.0648735856406222,2500.0,1.0
2026-02-09,Mon,38300.0,38300.0,38000.0,37500.0,36000.0,35400.0,36900.0,35900.0,35200.0,35000.0,33500.0,200.0,2026-02-09,2.0,2,0,35200.0,0,35000.0,0,33500.0,37620.0,34566.666666666664,3053.3333333333358,-0.12925149762064464,0.016129381929883717,0.0053476063265947005,0.008738972112101699,0.25,2026-02-06,IS7G26,379.0,0.0,33.0,False,0.0,97.53641209039219,0.0,0.0,0.0,1.0,0.0,3,False,True,2026-02-07,48900.0,43500.0,43900.0,0.018576385572935457,0.0,-0.009070356969964265,2,False,True,-0.14842000511827333,-0.12533345865685044,True,2026-02-14,-0.02702867238791926,-1000.0,-1.0,2026-02-19,-0.03252319170556006,-1200.0,-1.0,2026-02-24,-0.02702867238791926,-1000.0,-1.0,2026-03-11,0.023716526617316065,900.0,1.0,2026-03-26,0.01849458263616431,700.0,1.0,2026-04-10,0.08678913007239093,3400.0,1.0,2026-05-11,0.054488185284069776,2100.0,1.0
2026-02-10,Tue,38300.0,38300.0,38000.0,37500.0,35900.0,35000.0,36900.0,35900.0,35200.0,35000.0,33500.0,0.0,2026-02-10,1.0,2,0,35200.0,0,35000.0,0,33500.0,37600.0,34566.666666666664,3033.3333333333358,-0.17817918671190405,0.016129381929883717,0.0,0.008573404759311197,0.25,2026-02-09,IS7G26,378.0,3.0,36.0,False,-0.0026420094628386965,97.2790600795996,-0.0026420094628386965,-0.0026420094628386965,0.0,1.0,0.0,1,False,True,2026-02-07,48900.0,43500.0,43900.0,0.018576385572935457,0.0,-0.009070356969964265,3,False,True,-0.14842000511827333,-0.09145578071233218,True,2026-02-16,-0.021564177915840525,-800.0,-1.0,2026-02-20,-0.03252319170556006,-1200.0,-1.0,2026-02-25,-0.03252319170556006,-1200.0,-1.0,2026-03-12,0.013245226750020723,500.0,1.0,2026-03-27,0.021108963210235265,800.0,1.0,2026-04-11,0.08434114843375096,3300.0,1.0,2026-05-11,0.054488185284069776,2100.0,1.0
2026-02-11,Wed,38100.0,38100.0,37800.0,37300.0,35800.0,35000.0,36900.0,35900.0,35200.0,35000.0,33500.0,-200.0,2026-02-11,1.0,2,0,35200.0,0,35000.0,0,33500.0,37420.0,34566.666666666664,2853.3333333333358,-0.5657638719197676,0.010781775603288413,-0.0053476063265947005,0.008312224312238036,0.3,2026-02-10,IS7G26,378.0,0.0,36.0,False,0.0,97.2790600795996,-0.0026420094628386965,-0.0026420094628386965,0.000835476750228827,1.0,0.0,1,False,True,2026-02-10,49800.0,43700.0,44100.0,0.0368139731227164,0.011507606851479944,0.006825965070399891,1,False,True,-0.15835477545177457,-0.5151324234573197,True,2026-02-16,-0.01621657158924528,-600.0,-1.0,2026-02-23,-0.01621657158924528,-600.0,-1.0,2026-02-26,-0.027175585378964782,-1000.0,-1.0,2026-03-13,0.015957785438610816,600.0,1.0,2026-03-28,0.036846273385966286,1400.0,1.0,2026-04-13,0.09701479485241912,3800.0,1.0,2026-05-12,0.05477248965411831,2100.0,1.0
2026-02-12,Thu,37700.0,37700.0,37400.0,36900.0,35600.0,35000.0,36500.0,35500.0,35000.0,34800.0,33300.0,-400.0,2026-02-12,1.0,2,0,35000.0,0,34800.0,0,33300.0,37060.0,34366.666666666664,2693.3333333333358,-0.9082946486988984,0.005434795985956995,-0.010781775603287969,0.008164759778548147,0.3,2026-02-11,IS7G26,378.0,0.0,36.0,False,0.0,97.2790600795996,-0.0026420094628386965,-0.0026420094628386965,0.000835476750228827,1.0,0.0,1,False,True,2026-02-10,49800.0,43700.0,44100.0,0.0368139731227164,0.011507606851479944,0.006825965070399891,2,False,True,-0.16913655105506303,-1.0021343084881036,True,2026-02-17,-0.016393809775676383,-600.0,-1.0,2026-02-23,-0.005434795985956945,-200.0,-1.0,2026-02-27,-0.01364277640378649,-500.0,-1.0,2026-03-14,0.021448543407483475,800.0,1.0,2026-03-30,0.06555426525740667,2500.0,1.0,2026-04-13,0.10779657045570738,4200.0,1.0,2026-05-13,0.0553500950831649,2100.0,1.0
2026-02-13,Fri,37400.0,37400.0,37100.0,36500.0,35300.0,35000.0,36200.0,35200.0,34800.0,34600.0,33100.0,-400.0,2026-02-13,1.0,2,0,34800.0,0,34600.0,0,33100.0,36740.0,34166.666666666664,2573.3333333333358,-1.1561603408096215,-0.0054644944720787375,-0.010899290458036504,0.00834495687325543,0.3,2026-02-12,IS7G26,377.0,0.0,36.0,False,-0.002649008171576953,97.021708068807,-0.005291017634415548,-0.005291017634415548,0.000835476750228827,0.95,0.0,1,False,True,2026-02-10,49800.0,43700.0,44100.0,0.0368139731227164,0.011507606851479944,0.006825965070399891,3,False,True,-0.18003584151309868,-1.5157871404229024,True,2026-02-18,-0.0027434859457508326,-100.0,-1.0,2026-02-23,0.005464494472078745,200.0,1.0,2026-02-28,-0.011019395249610538,-400.0,-1.0,2026-03-16,0.02702867238791942,1000.0,1.0,2026-03-30,0.07645355571544232,2900.0,1.0,2026-04-14,0.1283811666482069,5000.0,1.0,2026-05-14,0.05594001588233945,2100.0,1.0
2026-02-14,Sat,37400.0,37400.0,37000.0,36500.0,35500.0,35000.0,36200.0,35200.0,35200.0,35000.0,33500.0,0.0,2026-02-14,1.0,2,0,35200.0,0,35000.0,0,33500.0,36760.0,34566.666666666664,2193.3333333333358,-1.929975843113271,-0.016304709024943582,0.0,0.008519840306767622,0.3,2026-02-13,IS7G26,377.0,0.0,36.0,False,0.0,97.021708068807,-0.005291017634415548,-0.005291017634415548,0.0011154456774482044,0.95,0.0,1,False,True,2026-02-10,49800.0,43700.0,44100.0,0.0368139731227164,0.011507606851479944,0.006825965070399891,4,False,True,-0.18003584151309868,-1.50448097476198,True,2026-02-19,-0.005494519317640702,-200.0,-1.0,2026-02-24,0.0,0.0,0.0,2026-03-02,0.013605652055778678,500.0,1.0,2026-03-16,0.02702867238791942,1000.0,1.0,2026-03-31,0.10398971352404764,4000.0,1.0,2026-04-15,0.11625980611586202,4500.0,1.0,2026-05-15,0.061107986040782006,2300.0,1.0
2026-02-16,Mon,37600.0,37600.0,37200.0,36700.0,35700.0,35100.0,36500.0,35500.0,35200.0,35000.0,33500.0,200.0,2026-02-16,2.0,2,0,35200.0,0,35000.0,0,33500.0,36960.0,34566.666666666664,2393.3333333333358,-1.4559452693393988,-0.021564177915840525,0.0054644944720791955,0.00826029164870423,0.35,2026-02-13,IS7G26,377.0,0.0,36.0,False,0.0,97.021708068807,-0.005291017634415548,-0.005291017634415548,0.0011154456774482044,0.95,0.0,3,False,True,2026-02-14,49800.0,42500.0,43600.0,0.0368139731227164,-0.014018921179330929,0.002296212260350157,2,False,True,-0.14672732086984655,0.26320377907108256,True,2026-02-23,0.0,0.0,0.0,2026-02-26,-0.010959013789719543,-400.0,-1.0,2026-03-03,0.018893949359961613,700.0,1.0,2026-03-18,0.02688333939344045,1000.0,1.0,2026-04-02,0.11079531164378327,4300.0,1.0,2026-04-17,0.10345133738802477,4000.0,1.0,2026-05-18,0.06589999173589227,2500.0,1.0
2026-02-17,Tue,37100.0,37100.0,36800.0,36300.0,35300.0,35000.0,35900.0,35000.0,35000.0,34800.0,33300.0,-400.0,2026-02-17,1.0,2,0,35000.0,0,34800.0,0,33300.0,36520.0,34366.666666666664,2153.3333333333358,-1.944174778383335,-0.027175585378964782,-0.010959013789719307,0.008119736142540393,0.35,2026-02-13,IS7G26,377.0,0.0,36.0,False,0.0,97.021708068807,-0.005291017634415548,-0.005291017634415548,0.0011154456774482044,0.95,0.0,4,False,True,2026-02-16,49800.0,43200.0,43800.0,0.0368139731227164,0.0,0.01611082027269827,1,False,True,-0.1740227539792595,-1.189455322115826,True,2026-02-23,0.010959013789719382,400.0,1.0,2026-02-27,0.0027510333718897976,100.0,1.0,2026-03-05,0.03252319170555993,1200.0,1.0,2026-03-19,0.037842353183159934,1400.0,1.0,2026-04-03,0.11195032533688185,4300.0,1.0,2026-04-18,0.11686434013931095,4500.0,1.0,2026-05-18,0.07685900552561178,2900.0,1.0
2026-02-18,Wed,37200.0,37200.0,36900.0,36400.0,35400.0,35200.0,36100.0,35200.0,35200.0,35000.0,33500.0,100.0,2026-02-18,1.0,2,0,35200.0,0,35000.0,0,33500.0,36620.0,34566.666666666664,2053.3333333333358,-2.0956012712675673,-0.0244245520070749,0.002751033371890088,0.008317469994992685,0.35,2026-02-17,IS7G26,377.0,0.0,36.0,False,0.0,97.021708068807,-0.002649008171576953,-0.005291017634415548,0.0011154456774482044,0.95,0.0,1,False,True,2026-02-17,49700.0,43100.0,43600.0,0.0348039221946921,-0.002317498140362479,0.0,1,False,True,-0.16895422246700711,-0.8931795071712643,True,2026-02-23,0.008207980417829582,300.0,1.0,2026-02-28,-0.00827590930385971,-300.0,-1.0,2026-03-05,0.02977215833367005,1100.0,1.0,2026-03-20,0.03509131981127019,1300.0,1.0,2026-04-04,0.11411330676742105,4400.0,1.0,2026-04-20,0.11165931780585435,4300.0,1.0,2026-05-19,0.06385147198653277,2400.0,1.0
2026-02-19,Thu,37000.0,37000.0,36700.0,36300.0,35400.0,35200.0,35900.0,35200.0,35200.0,35000.0,33500.0,-100.0,2026-02-19,1.0,2,0,35200.0,0,35000.0,0,33500.0,36480.0,34566.666666666664,1913.3333333333358,-2.3184675906672245,-0.03252319170556006,-0.002751033371890088,0.008092192519171955,0.35,2026-02-18,IS7G26,377.0,0.0,36.0,False,0.0,97.021708068807,-0.002649008171576953,-0.005291017634415548,0.0011154456774482044,0.95,0.0,1,False,True,2026-02-18,49700.0,43000.0,43500.0,0.028573372444055948,0.004662013105811371,0.004608303086194181,1,False,True,-0.16938237442275736,-0.8886179833198901,True,2026-02-24,0.00549451931764078,200.0,1.0,2026-03-02,0.01910017137341943,700.0,1.0,2026-03-06,0.04576841845558059,1700.0,1.0,2026-03-21,0.04576841845558059,1700.0,1.0,2026-04-06,0.13868338753395063,5400.0,1.0,2026-04-20,0.11441035117774412,4400.0,1.0,2026-05-20,0.058840500022933395,2200.0,1.0
2026-02-20,Fri,37000.0,37000.0,36700.0,36300.0,35300.0,35300.0,35800.0,35300.0,35100.0,34800.0,33300.0,0.0,2026-02-20,1.0,2,0,35100.0,0,34800.0,0,33300.0,36460.0,34400.0,2060.0,-1.953300094950432,-0.03252319170556006,0.0,0.007874557515066938,0.3,2026-02-19,IS7G26,376.0,0.0,36.0,False,-0.0026560440581162963,96.76435605801441,-0.005305052229693229,-0.007947061692531834,0.0011154456774482044,0.9,0.0,1,False,True,2026-02-19,49300.0,42700.0,43400.0,0.020492520390117386,-0.00467290569939237,0.006936443996657169,1,False,True,-0.16238117896377383,-0.45607522655438665,True,2026-02-25,0.0,0.0,0.0,2026-03-02,0.01910017137341943,700.0,1.0,2026-03-07,0.058840500022933395,2200.0,1.0,2026-03-23,0.05363215491579511,2000.0,1.0,2026-04-06,0.13868338753395063,5400.0,1.0,2026-04-21,0.11441035117774412,4400.0,1.0,2026-05-22,0.058840500022933395,2200.0,1.0
2026-02-23,Mon,37300.0,37300.0,37000.0,36700.0,35800.0,35400.0,36200.0,35800.0,35400.0,35200.0,33700.0,400.0,2026-02-23,3.0,2,0,35400.0,0,35200.0,0,33700.0,36820.0,34766.666666666664,2053.3333333333358,-1.899235219598563,0.005464494472078745,0.010959013789719307,0.007634666770371274,0.35,2026-02-20,IS7G26,380.0,4.0,36.0,False,0.010582109330537008,97.79376410118478,0.007926065272420723,0.002635047638005032,0.001279602775993598,0.9,0.0,3,False,True,2026-02-21,49300.0,42800.0,43200.0,0.020492520390117386,-0.0023337233462202116,-0.009216655104923952,2,False,True,-0.15376134752722656,0.06986235909860437,True,2026-02-28,-0.01648388972168937,-600.0,-1.0,2026-03-05,0.02156417791584064,800.0,1.0,2026-03-10,0.055643491568703234,2100.0,1.0,2026-03-25,0.042673141126075696,1600.0,1.0,2026-04-09,0.11323136644166433,4400.0,1.0,2026-04-24,0.11079531164378327,4300.0,1.0,2026-05-25,0.040058760552004954,1500.0,1.0
2026-02-24,Tue,37000.0,37000.0,36700.0,36500.0,35500.0,35400.0,36000.0,35500.0,35300.0,35100.0,33600.0,-200.0,2026-02-24,1.0,2,0,35300.0,0,35100.0,0,33600.0,36540.0,34666.666666666664,1873.3333333333358,-2.16311056133891,0.0,-0.0054644944720791955,0.007873807686725028,0.3,2026-02-23,IS7H26,381.0,0.0,36.0,True,,97.79376410118478,,,,0.9,0.0,1,False,True,2026-02-23,49300.0,42500.0,43100.0,0.016360283105206853,-0.023256862164267235,-0.018391322971423544,1,False,True,-0.15219181534192538,0.1838636999295273,False,2026-03-02,0.013605652055778678,500.0,1.0,2026-03-06,0.0402738991379399,1500.0,1.0,2026-03-11,0.050745199005235254,1900.0,1.0,2026-03-26,0.0455232550240836,1700.0,1.0,2026-04-10,0.1138178024603102,4400.0,1.0,2026-04-25,0.11625980611586202,4500.0,1.0,2026-05-25,0.0455232550240836,1700.0,1.0
2026-02-25,Wed,36900.0,36900.0,36600.0,36300.0,35400.0,35200.0,35900.0,35400.0,35100.0,34900.0,33400.0,-200.0,2026-02-25,1.0,2,0,35100.0,0,34900.0,0,33400.0,36420.0,34466.666666666664,1953.3333333333358,-1.9484465477451045,-0.005494519317640702,-0.005494519317640112,0.0077503986109361735,0.3,2026-02-24,IS7H26,380.0,0.0,36.0,False,-0.002628122406269469,97.53708755498745,,,,0.9,0.0,1,False,True,2026-02-24,49200.0,42500.0,43000.0,0.012270092591814401,-0.03012974145202927,-0.02071420438756322,1,False,True,-0.15768633465956605,-0.12521324620505844,False,2026-03-02,0.01910017137341943,700.0,1.0,2026-03-07,0.058840500022933395,2200.0,1.0,2026-03-12,0.04576841845558059,1700.0,1.0,2026-03-27,0.05363215491579511,2000.0,1.0,2026-04-11,0.11686434013931095,4500.0,1.0,2026-04-27,0.12175432543350279,4700.0,1.0,2026-05-26,0.058840500022933395,2200.0,1.0
2026-02-26,Thu,36900.0,36900.0,36600.0,36300.0,35400.0,35200.0,35900.0,35400.0,35100.0,34900.0,33400.0,0.0,2026-02-26,1.0,2,0,35100.0,0,34900.0,0,33400.0,36420.0,34466.666666666664,1953.3333333333358,-1.8952410375323372,-0.010959013789719543,0.0,0.007633868119283468,0.25,2026-02-25,IS7H26,380.0,0.0,36.0,False,0.0,97.53708755498745,,,,0.9,0.0,1,False,True,2026-02-25,49200.0,42300.0,42800.0,0.006116227017436054,-0.02797385204240618,-0.02537621749337453,1,False,True,-0.15296934478142718,0.17233391023331301,False,2026-03-03,0.02985296314968113,1100.0,1.0,2026-03-09,0.058840500022933395,2200.0,1.0,2026-03-13,0.04313337081757557,1600.0,1.0,2026-03-28,0.06402185876493102,2400.0,1.0,2026-04-13,0.12419038023138383,4800.0,1.0,2026-04-27,0.12175432543350279,4700.0,1.0,2026-05-27,0.06917650935359557,2600.0,1.0
2026-02-27,Fri,37000.0,37000.0,36700.0,36400.0,35500.0,35200.0,36000.0,35500.0,35100.0,34900.0,33400.0,100.0,2026-02-27,1.0,2,0,35100.0,0,34900.0,0,33400.0,36520.0,34466.666666666664,2053.3333333333358,-1.6839946420614138,0.0027510333718897976,0.002751033371890088,0.007401309743204628,0.3,2026-02-26,IS7H26,380.0,0.0,36.0,False,0.0,97.53708755498745,,,,0.9,0.0,1,False,True,2026-02-26,49100.0,42400.0,42600.0,-0.014155949230132298,-0.030199739863632405,-0.03460552917747561,1,False,True,-0.15257958759521706,0.2009532799536664,False,2026-03-05,0.02977215833367005,1100.0,1.0,2026-03-09,0.05608946665104358,2100.0,1.0,2026-03-14,0.03509131981127019,1300.0,1.0,2026-03-30,0.0791970416611931,3000.0,1.0,2026-04-13,0.12143934685949394,4700.0,1.0,2026-04-28,0.11165931780585435,4300.0,1.0,2026-05-28,0.07665574423252051,2900.0,1.0
2026-02-28,Sat,36700.0,36700.0,36400.0,36100.0,35200.0,35000.0,35700.0,35200.0,34800.0,34600.0,33100.0,-300.0,2026-02-28,1.0,2,0,34800.0,0,34600.0,0,33100.0,36220.0,34166.666666666664,2053.3333333333358,-1.6504206485370596,-0.00827590930385971,-0.008275909303860018,0.0072074068732630595,0.25,2026-02-27,IS7H26,380.0,0.0,21.0,False,0.0,97.53708755498745,,,,0.9,0.0,1,False,True,2026-02-26,49100.0,42400.0,42600.0,-0.014155949230132298,-0.030199739863632405,-0.03460552917747561,2,False,True,-0.1608554968990769,-0.28667891767919423,False,2026-03-05,0.038048067637529964,1400.0,1.0,2026-03-10,0.07212738129039248,2700.0,1.0,2026-03-16,0.038048067637529964,1400.0,1.0,2026-03-30,0.0874729509650529,3300.0,1.0,2026-04-14,0.1394005618978173,5400.0,1.0,2026-04-29,0.11005860361380206,4200.0,1.0,2026-05-29,0.07982960165248494,3000.0,1.0
2026-03-02,Mon,37600.0,37600.0,37300.0,37000.0,36000.0,35500.0,36400.0,35800.0,35200.0,35000.0,33500.0,900.0,2026-03-02,2.0,2,0,35200.0,0,35000.0,0,33500.0,37100.0,34566.666666666664,2533.3333333333358,-0.8140588126783259,0.01910017137341943,0.024625047305388392,0.007275943340550215,0.25,2026-02-27,IS7H26,380.0,0.0,21.0,False,0.0,97.53708755498745,,,,0.9,0.0,3,False,True,2026-02-28,49100.0,42000.0,42400.0,-0.014155949230132298,-0.011834457647002796,-0.0279087881170765,2,False,True,-0.1267517056391439,1.8327178037959084,False,2026-03-07,0.03974032864951412,1500.0,1.0,2026-03-12,0.026668247082161273,1000.0,1.0,2026-03-17,0.026668247082161273,1000.0,1.0,2026-04-01,0.09038406146826894,3500.0,1.0,2026-04-16,0.09776416876589163,3800.0,1.0,2026-05-01,0.08543355630841283,3300.0,1.0,2026-06-01,0.050076337980176085,1900.0,1.0
2026-03-03,Tue,38000.0,38000.0,37700.0,37400.0,36400.0,35600.0,36800.0,36200.0,35500.0,35300.0,33800.0,400.0,2026-03-03,1.0,2,0,35500.0,0,35300.0,0,33800.0,37500.0,34866.666666666664,2633.3333333333358,-0.6386913622490465,0.02985296314968113,0.010752791776262427,0.009281517531781115,0.25,2026-03-02,IS7H26,380.0,0.0,21.0,False,0.0,97.53708755498745,-0.002628122406269469,,,0.9,0.0,1,False,True,2026-02-28,49100.0,42000.0,42400.0,-0.014155949230132298,-0.011834457647002796,-0.0279087881170765,3,False,True,-0.11599891386288212,2.432790287610564,False,2026-03-09,0.028987536873252187,1100.0,1.0,2026-03-13,0.013280407667894466,500.0,1.0,2026-03-18,0.007989390033478861,300.0,1.0,2026-04-02,0.0919013622838215,3600.0,1.0,2026-04-17,0.08455738802806297,3300.0,1.0,2026-05-02,0.0796312696920073,3100.0,1.0,2026-06-01,0.0393235462039143,1500.0,1.0
2026-03-05,Thu,38100.0,38100.0,37800.0,37500.0,36500.0,35600.0,36900.0,36300.0,35500.0,35300.0,33800.0,100.0,2026-03-05,2.0,2,0,35500.0,0,35300.0,0,33800.0,37600.0,34866.666666666664,2733.3333333333358,-0.4685780822107719,0.02156417791584064,0.0026702285558783956,0.009376306601760313,0.2,2026-03-04,IS7H26,380.0,0.0,21.0,False,0.0,97.53708755498745,0.0,,,0.9,0.0,1,False,True,2026-02-28,49100.0,42000.0,42400.0,-0.014155949230132298,-0.011834457647002796,-0.0279087881170765,5,True,False,-0.11332868530700312,2.485673990559836,False,2026-03-10,0.03407931365286258,1300.0,1.0,2026-03-16,0.0,0.0,0.0,2026-03-20,0.005319161477600027,200.0,1.0,2026-04-04,0.08434114843375096,3300.0,1.0,2026-04-20,0.08188715947218411,3200.0,1.0,2026-05-04,0.07942713363132183,3100.0,1.0,2026-06-03,0.031498667059371016,1200.0,1.0
2026-03-06,Fri,38600.0,38600.0,38300.0,38000.0,37000.0,36000.0,37500.0,37000.0,36000.0,35800.0,34300.0,500.0,2026-03-06,1.0,2,0,36000.0,0,35800.0,0,34300.0,38100.0,35366.666666666664,2733.3333333333358,-0.46009990033792686,0.0402738991379399,0.013245226750020933,0.009114166182006935,0.2,2026-03-05,IS7H26,379.0,0.0,21.0,False,-0.0026350476380051138,97.28041100879011,-0.0026350476380051138,,0.000993336900289382,0.9,0.0,1,False,True,2026-02-28,49100.0,42000.0,42400.0,-0.014155949230132298,-0.011834457647002796,-0.0279087881170765,6,True,False,-0.10008345855698253,3.1769973610679902,False,2026-03-11,0.010471299867295437,400.0,1.0,2026-03-16,-0.01324522675002068,-500.0,-1.0,2026-03-21,0.0,0.0,0.0,2026-04-06,0.09291496907836996,3700.0,1.0,2026-04-20,0.06864193272216364,2700.0,1.0,2026-05-05,0.06618190688130118,2600.0,1.0,2026-06-04,0.0182534403093503,700.0,1.0
2026-03-07,Sat,39100.0,39100.0,38800.0,38500.0,37500.0,36500.0,38000.0,37500.0,36700.0,36500.0,35000.0,500.0,2026-03-07,1.0,2,0,36700.0,0,36500.0,0,35000.0,38600.0,36066.666666666664,2533.3333333333358,-0.777803957059406,0.058840500022933395,0.013072081567353067,0.009413294087683266,0.2,2026-03-06,IS7H26,378.0,0.0,21.0,False,-0.0026420094628386965,97.02373446259277,-0.005277057100843781,,0.0012181885599131716,0.9,0.0,1,False,True,2026-03-06,51800.0,44100.0,44100.0,0.03937516523483019,0.02061928720273561,0.006825965070399891,1,False,True,-0.13580154115906176,1.03569435561202,False,2026-03-12,-0.013072081567352775,-500.0,-1.0,2026-03-17,-0.013072081567352775,-500.0,-1.0,2026-03-23,-0.005208345107138235,-200.0,-1.0,2026-04-06,0.07984288751101724,3200.0,1.0,2026-04-21,0.055569851154810786,2200.0,1.0,2026-05-06,0.04320875433123674,1700.0,1.0,2026-06-05,0.0,0.0,0.0
2026-03-09,Mon,39100.0,39100.0,38800.0,38500.0,37500.0,36500.0,38000.0,37500.0,36500.0,36300.0,34800.0,0.0,2026-03-09,2.0,2,0,36500.0,0,36300.0,0,34800.0,38600.0,35866.666666666664,2733.3333333333358,-0.4314673333756272,0.05608946665104358,0.0,0.009671931463598772,0.15,2026-03-06,IS7H26,378.0,0.0,21.0,False,-0.0026420094628386965,97.02373446259277,-0.005277057100843781,,0.0012181885599131716,0.9,0.0,3,False,True,2026-03-07,51800.0,43900.0,44500.0,0.04138521616285428,0.01839132297142367,0.020432038817205934,2,False,True,-0.13125607878738713,1.2862849980176054,False,2026-03-14,-0.02099814683977347,-800.0,-1.0,2026-03-19,-0.02099814683977347,-800.0,-1.0,2026-03-25,-0.005208345107138235,-200.0,-1.0,2026-04-08,0.08462758563435353,3400.0,1.0,2026-04-23,0.06534988020845041,2600.0,1.0,2026-05-08,0.03320867099665339,1300.0,1.0,,,,
2026-03-10,Tue,39400.0,39400.0,39100.0,38800.0,37800.0,36800.0,38300.0,37800.0,36700.0,36500.0,35000.0,300.0,2026-03-10,1.0,2,0,36700.0,0,36500.0,0,35000.0,38900.0,36066.666666666664,2833.3333333333358,-0.2584539951773018,0.07212738129039248,0.007762005335489874,0.0093772854676798,0.2,2026-03-09,IS7H26,377.0,0.0,21.0,False,-0.002649008171576953,96.76705791639544,-0.007926065272420716,-0.010554187678690256,0.001317534492000045,0.9,0.0,1,False,True,2026-03-09,51800.0,43900.0,44500.0,0.04138521616285428,0.020714204387563235,0.02272825107755609,1,False,True,-0.1234940734518979,1.6867000174222146,True,2026-03-16,-0.03407931365286262,-1300.0,-1.0,2026-03-20,-0.028760152175262687,-1100.0,-1.0,2026-03-25,-0.012970350442627404,-500.0,-1.0,2026-04-09,0.05758787487296118,2300.0,1.0,2026-04-24,0.055151820075080064,2200.0,1.0,2026-05-09,0.022930941063916892,900.0,1.0,,,,
2026-03-11,Wed,38900.0,38900.0,38700.0,38400.0,37500.0,36500.0,38000.0,37500.0,36200.0,36000.0,34500.0,-400.0,2026-03-11,1.0,2,0,36200.0,0,36000.0,0,34500.0,38480.0,35566.666666666664,2913.3333333333358,-0.1281285542158948,0.06176459425484599,-0.010362787035546717,0.009288293567039516,0.2,2026-03-10,IS7H26,376.0,0.0,21.0,False,-0.0026560440581162963,96.51038137019809,-0.010582109330536972,-0.010582109330536972,0.0013625496515316411,0.9,0.0,1,False,True,2026-03-09,51800.0,43900.0,44500.0,0.04138521616285428,0.020714204387563235,0.02272825107755609,2,False,True,-0.13385686048744447,1.096688693481314,True,2026-03-16,-0.023716526617316044,-900.0,-1.0,2026-03-21,-0.010471299867295366,-400.0,-1.0,2026-03-26,-0.0052219439811517126,-200.0,-1.0,2026-04-10,0.06307260345507495,2500.0,1.0,2026-04-25,0.06551460711062657,2600.0,1.0,2026-05-11,0.030771658666753687,1200.0,1.0,,,,
2026-03-12,Thu,38600.0,38600.0,38300.0,38000.0,37000.0,36200.0,37500.0,37000.0,36000.0,35800.0,34300.0,-400.0,2026-03-12,1.0,2,0,36000.0,0,35800.0,0,34300.0,38100.0,35366.666666666664,2733.3333333333358,-0.4200670321761631,0.026668247082161273,-0.010471299867296224,0.009356243629411478,0.2,2026-03-11,IS7H26,376.0,3.0,21.0,False,0.0,96.51038137019809,-0.010582109330536972,-0.010582109330536972,0.0013661543999155664,0.9,0.0,1,False,True,2026-03-09,51800.0,43900.0,44500.0,0.04138521616285428,0.020714204387563235,0.02272825107755609,3,False,True,-0.14432816035473986,0.5392814459775672,True,2026-03-17,0.0,0.0,0.0,2026-03-23,0.007863736460214451,300.0,1.0,2026-03-27,0.007863736460214451,300.0,1.0,2026-04-11,0.07109592168373026,2800.0,1.0,2026-04-27,0.07598590697792205,3000.0,1.0,2026-05-11,0.041242958534049,1600.0,1.0,,,,
2026-03-13,Fri,38500.0,38500.0,38200.0,37900.0,36900.0,36200.0,37400.0,36900.0,36200.0,36000.0,34500.0,-100.0,2026-03-13,1.0,2,0,36200.0,0,36000.0,0,34500.0,38000.0,35566.666666666664,2433.3333333333358,-0.9005557809509582,0.013280407667894466,-0.002635047638005261,0.009426867158095471,0.15,2026-03-12,IS7H26,376.0,12.0,21.0,False,0.0,96.51038137019809,-0.007947061692531834,-0.010582109330536972,0.0013661543999155664,0.9,0.0,1,False,True,2026-03-12,52100.0,44400.0,44500.0,0.05524086771067676,0.03904054920360024,0.0250297480658353,1,False,True,-0.15828835734979835,-0.18306709959951717,True,2026-03-18,-0.005291017634415548,-200.0,-1.0,2026-03-23,0.01049878409821957,400.0,1.0,2026-03-28,0.02088848794735553,800.0,1.0,2026-04-13,0.08105700941380833,3200.0,1.0,2026-04-27,0.07862095461592708,3100.0,1.0,2026-05-12,0.03881470421550747,1500.0,1.0,2026-06-15,0.01049878409821957,400.0,1.0
2026-03-14,Sat,38300.0,38300.0,38000.0,37700.0,36700.0,36200.0,37000.0,36500.0,36200.0,36000.0,34500.0,-200.0,2026-03-14,1.0,2,0,36200.0,0,36000.0,0,34500.0,37800.0,35566.666666666664,2233.3333333333358,-1.2025673099010987,0.007989390033478861,-0.00529101763441453,0.009162449645955478,0.15,2026-03-13,IS7H26,377.0,6.0,38.0,False,0.0026560440581162104,96.76705791639543,-0.002649008171576953,-0.007926065272420716,0.0013661543999155664,0.95,0.0,1,False,True,2026-03-13,52300.0,44300.0,44800.0,0.05907229002223287,0.03444657446333893,0.03636764417087479,1,False,True,-0.16132458259712487,-0.31988855433746394,True,2026-03-19,0.0,0.0,0.0,2026-03-25,0.015789801732635292,600.0,1.0,2026-03-30,0.04410572184992309,1700.0,1.0,2026-04-13,0.08634802704822392,3400.0,1.0,2026-04-28,0.07656799799458433,3000.0,1.0,2026-05-13,0.033901551675681416,1300.0,1.0,2026-06-15,0.015789801732635292,600.0,1.0
2026-03-16,Mon,38100.0,38100.0,37800.0,37500.0,36700.0,36200.0,37100.0,36600.0,36000.0,35800.0,34300.0,-200.0,2026-03-16,2.0,2,0,36000.0,0,35800.0,0,34300.0,37640.0,35366.666666666664,2273.3333333333358,-1.1041136449093167,-0.01324522675002068,-0.005319161477601142,0.00897736857660699,0.15,2026-03-13,IS7H26,377.0,6.0,38.0,False,0.0026560440581162104,96.76705791639543,-0.002649008171576953,-0.007926065272420716,0.0013661543999155664,0.95,0.0,3,False,True,2026-03-14,52300.0,44200.0,44600.0,0.05907229002223287,0.03922071315328133,0.03421086191631632,2,False,True,-0.16438385610728734,-0.46517774816298874,True,2026-03-21,0.013245226750020723,500.0,1.0,2026-03-26,0.01849458263616431,700.0,1.0,2026-03-31,0.0769610411361284,3000.0,1.0,2026-04-15,0.08923113372794261,3500.0,1.0,2026-04-30,0.06703540133615829,2600.0,1.0,2026-05-15,0.03407931365286258,1300.0,1.0,2026-06-15,0.021108963210235265,800.0,1.0
2026-03-17,Tue,38600.0,38600.0,38300.0,38000.0,37300.0,36500.0,37700.0,37200.0,36400.0,36200.0,34700.0,500.0,2026-03-17,1.0,2,0,36400.0,0,36200.0,0,34700.0,38160.0,35766.666666666664,2393.3333333333358,-0.882609012936465,-0.013072081567352775,0.013245226750020933,0.00880086169054618,0.15,2026-03-16,IS7H26,377.0,0.0,38.0,False,0.0,96.76705791639543,0.0,-0.007926065272420716,0.0017878548088082404,0.9,0.0,1,False,True,2026-03-16,52300.0,44200.0,44600.0,0.06110274757261477,0.03922071315328133,0.03653374333245607,1,False,True,-0.1511386293572666,0.2615274921496467,True,2026-03-23,0.007863736460214451,300.0,1.0,2026-03-27,0.007863736460214451,300.0,1.0,2026-04-01,0.06371581438610778,2500.0,1.0,2026-04-16,0.07109592168373026,2800.0,1.0,2026-05-01,0.0587653092262516,2300.0,1.0,2026-05-16,0.028536307264934297,1100.0,1.0,2026-06-15,0.007863736460214451,300.0,1.0
2026-03-18,Wed,38400.0,38400.0,38100.0,37700.0,37100.0,36500.0,37400.0,36900.0,36200.0,36000.0,34500.0,-300.0,2026-03-18,1.0,2,0,36200.0,0,36000.0,0,34500.0,37940.0,35566.666666666664,2373.3333333333358,-0.8946848718561474,-0.02099814683977347,-0.007926065272419791,0.009128746814646803,0.15,2026-03-17,IS7H26,377.0,0.0,38.0,False,0.0,96.76705791639543,0.0026560440581162104,-0.007926065272420716,0.0017878548088082404,0.9,0.0,1,False,True,2026-03-17,52300.0,44200.0,44600.0,0.06110274757261477,0.04393770303142011,0.04119575643826733,1,False,True,-0.1590646946296874,-0.14604430476705574,True,2026-03-23,0.015789801732635292,600.0,1.0,2026-03-28,0.026179505581771078,1000.0,1.0,2026-04-02,0.08391197225034265,3300.0,1.0,2026-04-17,0.07656799799458433,3000.0,1.0,2026-05-02,0.07164187965852839,2800.0,1.0,2026-05-18,0.03901665234245172,1500.0,1.0,2026-06-16,0.015789801732635292,600.0,1.0
2026-03-19,Thu,38400.0,38400.0,38100.0,37700.0,37000.0,36300.0,37400.0,36900.0,36200.0,36000.0,34500.0,0.0,2026-03-19,1.0,2,0,36200.0,0,36000.0,0,34500.0,37920.0,35566.666666666664,2353.3333333333358,-0.8965038496835128,-0.02099814683977347,0.0,0.009061088673207445,0.1,2026-03-18,IS7H26,376.0,0.0,38.0,False,-0.0026560440581162963,96.51038137019809,0.0,-0.010582109330536972,0.0017878548088082404,0.9,0.0,1,False,True,2026-03-17,52300.0,44200.0,44600.0,0.06110274757261477,0.04393770303142011,0.04119575643826733,2,False,True,-0.1590646946296874,-0.12341702376524336,True,2026-03-25,0.015789801732635292,600.0,1.0,2026-03-30,0.04410572184992309,1700.0,1.0,2026-04-03,0.07410797215372183,2900.0,1.0,2026-04-18,0.07902198695615098,3100.0,1.0,2026-05-04,0.07410797215372183,2900.0,1.0,2026-05-18,0.03901665234245172,1500.0,1.0,2026-06-17,0.007926065272420723,300.0,1.0
2026-03-20,Fri,38400.0,38400.0,38100.0,37700.0,37000.0,36500.0,37500.0,37000.0,36800.0,36600.0,35100.0,0.0,2026-03-20,1.0,2,0,36800.0,0,36600.0,0,35100.0,37920.0,36166.666666666664,1753.3333333333358,-1.8271478234205267,-0.028760152175262687,0.0,0.008785051409474194,0.15,2026-03-19,IS7H26,378.0,3.0,38.0,False,0.005305052229693098,97.02373446259274,0.005305052229693098,-0.0026420094628386965,0.0018531217108492329,0.95,0.0,1,False,True,2026-03-17,52300.0,44200.0,44600.0,0.06110274757261477,0.04393770303142011,0.04119575643826733,3,False,True,-0.1590646946296874,-0.1127221294826952,True,2026-03-25,0.015789801732635292,600.0,1.0,2026-03-30,0.04410572184992309,1700.0,1.0,2026-04-04,0.07902198695615098,3100.0,1.0,2026-04-20,0.07656799799458433,3000.0,1.0,2026-05-04,0.07410797215372183,2900.0,1.0,2026-05-19,0.028760152175262652,1100.0,1.0,2026-06-18,0.0,0.0,0.0
2026-03-21,Sat,38700.0,38700.0,38400.0,38000.0,37300.0,37000.0,37700.0,37200.0,36700.0,36500.0,35000.0,300.0,2026-03-21,1.0,2,0,36700.0,0,36500.0,0,35000.0,38220.0,36066.666666666664,2153.3333333333358,-1.1449830770144132,-0.010471299867295366,0.007926065272419791,0.008517423352814997,0.2,2026-03-20,IS7H26,378.0,0.0,38.0,False,0.0,97.02373446259274,0.0026490081715768625,0.0,0.002637480408992507,0.9,0.0,1,False,True,2026-03-20,52100.0,44000.0,44300.0,0.059305913958846414,0.037041271680349076,0.039130423775765234,1,False,True,-0.1466034741918754,0.5788899838865865,True,2026-03-26,0.005249355886143745,200.0,1.0,2026-03-31,0.06371581438610778,2500.0,1.0,2026-04-06,0.09291496907836996,3700.0,1.0,2026-04-20,0.06864193272216364,2700.0,1.0,2026-05-05,0.06618190688130118,2600.0,1.0,2026-05-20,0.0130720815673527,500.0,1.0,2026-06-19,-0.01324522675002068,-500.0,-1.0
2026-03-23,Mon,38900.0,38900.0,38600.0,38300.0,37600.0,37200.0,38900.0,37400.0,36700.0,36500.0,35000.0,300.0,2026-03-23,2.0,2,0,36700.0,0,36500.0,0,35000.0,38460.0,36066.666666666664,2393.3333333333358,-0.7151562074159944,0.01049878409821957,0.007863736460214099,0.00848310445408832,0.2,2026-03-20,IS7H26,378.0,0.0,38.0,False,0.0,97.02373446259274,0.0026490081715768625,0.0,0.002637480408992507,0.9,0.0,3,False,True,2026-03-20,52100.0,44000.0,44300.0,0.059305913958846414,0.037041271680349076,0.039130423775765234,3,False,True,-0.13873973773166082,0.9911099696326064,True,2026-03-28,0.010389703849135868,400.0,1.0,2026-04-02,0.06812217051770751,2700.0,1.0,2026-04-07,0.08983593074149177,3600.0,1.0,2026-04-22,0.06812217051770751,2700.0,1.0,2026-05-07,0.04841709943837499,1900.0,1.0,2026-05-22,0.00520834510713826,200.0,1.0,2026-06-22,-0.026456569536830468,-1000.0,-1.0
2026-03-25,Wed,38900.0,38900.0,38600.0,38300.0,37600.0,37200.0,37900.0,37400.0,36700.0,36500.0,35000.0,0.0,2026-03-25,2.0,2,0,36700.0,0,36500.0,0,35000.0,38460.0,36066.666666666664,2393.3333333333358,-0.6893242142614452,0.015789801732635292,0.0,0.008447223128056743,0.15,2026-03-24,IS7H26,378.0,0.0,38.0,False,0.0,97.02373446259274,0.0026490081715768625,0.005305052229693098,0.0023239230443949225,0.85,0.0,1,False,True,2026-03-24,52100.0,43900.0,44300.0,0.059305913958846414,0.04424470179775742,0.04383631481317784,1,False,True,-0.13646442389452534,1.0915933618453586,True,2026-03-30,0.028315920117287858,1100.0,1.0,2026-04-04,0.0632321852235157,2500.0,1.0,2026-04-09,0.07055822531558854,2800.0,1.0,2026-04-24,0.06812217051770751,2700.0,1.0,2026-05-09,0.035901291506544385,1400.0,1.0,2026-05-25,-0.0026143805740708207,-100.0,-1.0,2026-06-23,-0.03723834514011876,-1400.0,-1.0
2026-03-26,Thu,38700.0,38700.0,38500.0,38200.0,37400.0,37200.0,37600.0,37200.0,36700.0,36500.0,35000.0,-100.0,2026-03-26,1.0,2,0,36700.0,0,36500.0,0,35000.0,38300.0,36066.666666666664,2233.3333333333358,-0.9407822189068574,0.01849458263616431,-0.002614380574069486,0.008189886681796406,0.2,2026-03-25,IS7H26,379.0,0.0,38.0,False,0.002642009462838576,97.28041100879008,0.00794706169253194,0.00794706169253194,0.0020933323068231015,0.85,0.0,1,False,True,2026-03-25,52100.0,43900.0,44400.0,0.005774799493883958,-0.0045454623716746105,0.006779686985378769,1,False,True,-0.13907880446859613,0.9127202571964191,True,2026-03-31,0.05846645849996394,2300.0,1.0,2026-04-06,0.08766561319222618,3500.0,1.0,2026-04-10,0.06829454743622666,2700.0,1.0,2026-04-25,0.07073655109177827,2800.0,1.0,2026-05-11,0.03599360264790545,1400.0,1.0,2026-05-25,0.0,0.0,0.0,2026-06-24,-0.03733767043764424,-1400.0,-1.0
2026-03-27,Fri,38800.0,38800.0,38600.0,38300.0,37200.0,37000.0,37600.0,37200.0,36900.0,36700.0,35200.0,100.0,2026-03-27,1.0,2,0,36900.0,0,36700.0,0,35200.0,38340.0,36266.666666666664,2073.3333333333358,-1.194163737213448,0.007863736460214451,0.002614380574069486,0.00796617150055097,0.2,2026-03-26,IS7H26,384.0,0.0,38.0,False,0.013106347505300583,98.56379373977676,0.015748356968139112,0.021053409197832263,0.002183711272233562,0.85,0.0,1,False,True,2026-03-26,52100.0,43900.0,44300.0,0.005774799493883958,0.0,-0.004504512121104541,1,False,True,-0.13646442389452534,1.0256398923044354,True,2026-04-01,0.05585207792589321,2200.0,1.0,2026-04-06,0.08505123261815546,3400.0,1.0,2026-04-11,0.0632321852235157,2500.0,1.0,2026-04-27,0.06812217051770751,2700.0,1.0,2026-05-11,0.03337922207383461,1300.0,1.0,2026-05-26,0.00520834510713826,200.0,1.0,2026-06-25,-0.0426731411260757,-1600.0,-1.0
2026-03-28,Sat,39300.0,39300.0,39000.0,38700.0,37700.0,37300.0,37900.0,37500.0,37100.0,36900.0,35400.0,400.0,2026-03-28,1.0,2,0,37100.0,0,36900.0,0,35400.0,38800.0,36466.666666666664,2333.3333333333358,-0.6972586583845674,0.026179505581771078,0.010389703849137177,0.007749993175531406,0.2,2026-03-27,IS7J26,399.0,5.0,35.0,True,,98.56379373977676,,,,0.85,0.0,1,False,True,2026-03-26,52100.0,43900.0,44300.0,0.005774799493883958,0.0,-0.004504512121104541,2,False,True,-0.12607472004538953,1.5613676622102064,False,2026-04-02,0.05773246666857171,2300.0,1.0,2026-04-07,0.07944622689235599,3200.0,1.0,2026-04-13,0.06016852146645291,2400.0,1.0,2026-04-27,0.05773246666857171,2300.0,1.0,2026-05-12,0.017926216268152113,700.0,1.0,2026-05-27,0.005154650588664422,200.0,1.0,2026-06-26,-0.05579135962841554,-2100.0,-1.0
2026-03-30,Mon,39900.0,39900.0,39700.0,39400.0,38400.0,37700.0,38600.0,38200.0,37700.0,37500.0,36000.0,700.0,2026-03-30,2.0,2,0,37700.0,0,37500.0,0,36000.0,39460.0,37066.666666666664,2393.3333333333358,-0.5628893643913071,0.04410572184992309,0.017926216268151052,0.007933183934077347,0.2,2026-03-27,IS7J26,399.0,5.0,35.0,True,,98.56379373977676,,,,0.85,0.0,3,False,True,2026-03-28,52500.0,44800.0,45200.0,0.01342302033214077,0.0202938193398139,0.015607897665990968,2,False,True,-0.12844232311705137,1.3748253874902616,False,2026-04-04,0.03491626510622788,1400.0,1.0,2026-04-09,0.04224230519830075,1700.0,1.0,2026-04-14,0.051927610932764476,2100.0,1.0,2026-04-29,0.02258565264874907,900.0,1.0,2026-05-14,-0.020513539833102903,-800.0,-1.0,2026-05-29,-0.007643349312568012,-300.0,-1.0,2026-06-29,-0.06826797112900286,-2600.0,-1.0
2026-03-31,Tue,41000.0,41000.0,40800.0,40500.0,39500.0,38700.0,39700.0,39200.0,38000.0,37800.0,36300.0,1100.0,2026-03-31,1.0,2,0,38000.0,0,37800.0,0,36300.0,40560.0,37366.666666666664,3193.3333333333358,0.9571619518974687,0.06371581438610778,0.027536157808604855,0.008856649291551527,0.2,2026-03-30,IS7J26,407.0,0.0,35.0,False,0.01985176855273153,100.5400101556119,,,,0.8,0.0,1,False,True,2026-03-30,52500.0,45900.0,45200.0,0.007648220838256819,0.033225647628320386,0.015607897665990968,1,False,True,-0.12516314295400605,1.5053059518569645,False,2026-04-06,0.02919915469226235,1200.0,1.0,2026-04-10,0.009828088936262693,400.0,1.0,2026-04-15,0.012270092591814401,500.0,1.0,2026-04-30,-0.00992563979996993,-400.0,-1.0,2026-05-15,-0.042881727483265686,-1700.0,-1.0,2026-05-30,-0.03517950712117334,-1400.0,-1.0,2026-06-29,-0.09580412893760819,-3700.0,-1.0
2026-04-01,Wed,41000.0,41000.0,40800.0,40500.0,39500.0,38700.0,39700.0,39200.0,38700.0,38500.0,37200.0,0.0,2026-04-01,1.0,2,0,38700.0,0,38500.0,0,37200.0,40560.0,38133.333333333336,2426.6666666666642,-0.47124446365776823,0.06371581438610778,0.0,0.010919167627834606,0.2,2026-03-31,IS7J26,407.0,0.0,35.0,False,0.0,100.5400101556119,,,,0.8,0.0,1,False,True,2026-03-31,52300.0,46200.0,46300.0,0.0,0.04199512103660324,0.03293382167124885,1,False,True,-0.1316778239751997,1.1106307482429725,False,2026-04-06,0.02919915469226235,1200.0,1.0,2026-04-11,0.00738010729762246,300.0,1.0,2026-04-16,0.00738010729762246,300.0,1.0,2026-05-01,-0.004950505159856203,-200.0,-1.0,2026-05-16,-0.03517950712117334,-1400.0,-1.0,2026-06-01,-0.04030772348809287,-1600.0,-1.0,2026-06-30,-0.08230864746272364,-3200.0,-1.0
2026-04-02,Thu,41600.0,41600.0,41300.0,41000.0,40000.0,39200.0,40300.0,39800.0,39200.0,39000.0,37700.0,500.0,2026-04-02,1.0,2,0,39200.0,0,39000.0,0,37700.0,41100.0,38633.333333333336,2466.6666666666642,-0.36890532503475165,0.06812217051770751,0.012270092591815995,0.01058652579384125,0.25,2026-04-01,IS7J26,407.0,0.0,35.0,False,0.0,100.5400101556119,,,,0.8,0.0,1,False,True,2026-04-01,52300.0,46800.0,46600.0,0.0,0.05715841383994862,0.04386668210558172,1,False,True,-0.13231113621929325,1.0407627699997497,False,2026-04-07,0.02171376022378426,900.0,1.0,2026-04-13,0.002436054797881121,100.0,1.0,2026-04-17,-0.007343974255758506,-300.0,-1.0,2026-05-02,-0.01227009259181436,-500.0,-1.0,2026-05-18,-0.04489531990789099,-1800.0,-1.0,2026-06-01,-0.05257781607990724,-2100.0,-1.0,2026-07-01,-0.0972633054252069,-3800.0,-1.0
2026-04-03,Fri,41200.0,41200.0,41000.0,40600.0,39600.0,39000.0,39800.0,39300.0,39000.0,38800.0,37300.0,-400.0,2026-04-03,1.0,2,0,39000.0,0,38800.0,0,37300.0,40720.0,38366.666666666664,2353.3333333333358,-0.5718477239213879,0.05831817042108662,-0.00980400009662219,0.010695015989391994,0.2,2026-04-02,IS7J26,406.0,9.0,0.0,False,-0.0024600258408623114,100.29298310363251,,,,0.8,0.0,1,False,False,2026-04-02,55200.0,47400.0,47800.0,0.05396658221217236,0.06989743961737833,0.0692917804713919,1,False,True,-0.15485416209334388,-0.1762933178660283,False,2026-04-08,0.031517760320405104,1300.0,1.0,2026-04-13,0.012240054894502006,500.0,1.0,2026-04-18,0.004914014802429163,200.0,1.0,2026-05-04,0.0,0.0,0.0,2026-05-18,-0.03509131981127006,-1400.0,-1.0,2026-06-02,-0.04792846657195084,-1900.0,-1.0,2026-07-02,-0.09015109699429745,-3500.0,-1.0
2026-04-04,Sat,41400.0,41400.0,41100.0,40800.0,39600.0,39200.0,40200.0,39600.0,39400.0,39200.0,37700.0,200.0,2026-04-04,1.0,2,0,39400.0,0,39200.0,0,37700.0,40860.0,38766.666666666664,2093.3333333333358,-1.103944421188346,0.0632321852235157,0.004914014802428923,0.010643658678585266,0.2,2026-04-02,IS7J26,406.0,9.0,0.0,False,-0.0024600258408623114,100.29298310363251,,,,0.8,0.0,2,False,False,2026-04-03,55200.0,46900.0,47600.0,0.05396658221217236,0.059292886368581245,0.0650989022113559,1,False,True,-0.1393355940421176,0.6293385593713229,False,2026-04-09,0.007326040092072881,300.0,1.0,2026-04-14,0.017011345826536538,700.0,1.0,2026-04-20,-0.002453988961566703,-100.0,-1.0,2026-05-04,-0.00491401480242904,-200.0,-1.0,2026-05-19,-0.05026183478088831,-2000.0,-1.0,2026-06-03,-0.052842481374379933,-2100.0,-1.0,2026-07-03,-0.1004705303636345,-3900.0,-1.0
2026-04-06,Mon,42200.0,42200.0,42000.0,41700.0,41100.0,39800.0,41000.0,40500.0,40000.0,39800.0,38300.0,900.0,2026-04-06,2.0,2,0,40000.0,0,39800.0,0,38300.0,41840.0,39366.666666666664,2473.3333333333358,-0.25346167479348547,0.08505123261815546,0.021819047394640023,0.01038937314523641,0.2,2026-04-02,IS7J26,406.0,9.0,0.0,False,-0.0024600258408623114,100.29298310363251,,,,0.8,0.0,4,False,False,2026-04-04,55200.0,47700.0,47400.0,0.057798004523728484,0.08074176397603428,0.06763755164994092,2,False,True,-0.13443026908953973,0.8739816163174213,False,2026-04-11,-0.021819047394639725,-900.0,-1.0,2026-04-16,-0.021819047394639725,-900.0,-1.0,2026-04-21,-0.02427303635620642,-1000.0,-1.0,2026-05-06,-0.036634133179780384,-1500.0,-1.0,2026-05-22,-0.07984288751101719,-3200.0,-1.0,2026-06-05,-0.07984288751101719,-3200.0,-1.0,2026-07-06,-0.1304528883974352,-5100.0,-1.0
2026-04-07,Tue,42400.0,42400.0,42200.0,41900.0,40500.0,40000.0,41100.0,40500.0,40200.0,40000.0,38500.0,200.0,2026-04-07,1.0,2,0,40200.0,0,40000.0,0,38500.0,41880.0,39566.666666666664,2313.3333333333358,-0.5793791852662119,0.07944622689235599,0.004784698123335929,0.011402937325201555,0.2,2026-04-06,IS7J26,406.0,0.0,35.0,False,0.0,100.29298310363251,0.01739174271186924,,,0.75,0.05,1,False,True,2026-04-06,55200.0,48300.0,47400.0,0.057798004523728484,0.09551724057740124,0.06763755164994092,1,False,True,-0.1421457337304349,0.41590676883361116,False,2026-04-13,-0.019277705425903076,-800.0,-1.0,2026-04-17,-0.029057734479542782,-1200.0,-1.0,2026-04-22,-0.021713760223784247,-900.0,-1.0,2026-05-07,-0.041418831303116625,-1700.0,-1.0,2026-05-22,-0.08462758563435353,-3400.0,-1.0,,,,,2026-07-06,-0.13523758652077145,-5300.0,-1.0
2026-04-08,Wed,42400.0,42400.0,42200.0,41900.0,40500.0,40000.0,41100.0,40500.0,39500.0,39300.0,37800.0,0.0,2026-04-08,1.0,2,0,39500.0,0,39300.0,0,37800.0,41880.0,38866.666666666664,3013.3333333333358,1.0166356150653664,0.07944622689235599,0.0,0.011117506961176754,0.2,2026-04-07,IS7J26,410.0,3.0,35.0,False,0.009804000096620835,101.28109131155006,0.007343974255758505,,,0.75,0.05,1,False,True,2026-04-07,55200.0,48600.0,49000.0,0.057798004523728484,0.10170921082532242,0.09858082867244759,1,False,True,-0.14833770397835602,0.020304229027970782,False,2026-04-13,-0.019277705425903076,-800.0,-1.0,2026-04-18,-0.02660374551797602,-1100.0,-1.0,2026-04-23,-0.019277705425903076,-800.0,-1.0,2026-05-08,-0.05141891463770007,-2100.0,-1.0,2026-05-23,-0.09245031131556249,-3700.0,-1.0,,,,,2026-07-07,-0.13797356633964625,-5400.0,-1.0
2026-04-09,Thu,41600.0,41600.0,41400.0,41100.0,40000.0,39300.0,40500.0,40000.0,39200.0,39000.0,37500.0,-800.0,2026-04-09,1.0,2,0,39200.0,0,39000.0,0,37500.0,41140.0,38566.666666666664,2573.3333333333358,0.04291783230290651,0.04224230519830075,-0.019277705425903235,0.010778822912076474,0.25,2026-04-08,IS7J26,409.0,0.0,35.0,False,-0.0024420036555517443,101.03406425957067,0.004901970600206688,,,0.75,0.05,1,False,True,2026-04-08,55400.0,48600.0,49500.0,0.06141464499391688,0.10170921082532242,0.1109879925235547,1,False,True,-0.16761540940425917,-1.164800879399043,False,2026-04-14,0.009685305734463679,400.0,1.0,2026-04-20,-0.009780029053639606,-400.0,-1.0,2026-04-24,-0.0024360547978811158,-100.0,-1.0,2026-05-09,-0.03465693380904415,-1400.0,-1.0,2026-05-25,-0.07317260588965945,-2900.0,-1.0,,,,,2026-07-08,-0.11051027632730366,-4300.0,-1.0
2026-04-10,Fri,41400.0,41400.0,41200.0,40900.0,39800.0,39000.0,40100.0,39600.0,39100.0,38900.0,37500.0,-200.0,2026-04-10,1.0,2,0,39100.0,0,38900.0,0,37500.0,40940.0,38500.0,2440.0,-0.2390694111203441,0.009828088936262693,-0.004878058453432033,0.011467773871025903,0.25,2026-04-09,IS7J26,408.0,0.0,35.0,False,-0.0024479816386400017,100.78703720759128,0.002453988961566787,,0.008313551886684046,0.75,0.05,1,False,True,2026-04-09,55400.0,48600.0,48300.0,0.05376642415566013,0.08141539148550864,0.06633447382034155,1,False,True,-0.172493467857692,-1.4456651693128562,False,2026-04-15,0.002442003655551809,100.0,1.0,2026-04-20,-0.0049019706002067795,-200.0,-1.0,2026-04-25,0.002442003655551809,100.0,1.0,2026-05-11,-0.03230094478832118,-1300.0,-1.0,2026-05-25,-0.0682945474362266,-2700.0,-1.0,,,,,2026-07-09,-0.10021215040453167,-3900.0,-1.0
2026-04-11,Sat,41300.0,41300.0,41100.0,40800.0,39500.0,39000.0,39800.0,39300.0,39000.0,38800.0,37300.0,-100.0,2026-04-11,1.0,2,0,39000.0,0,38800.0,0,37300.0,40800.0,38366.666666666664,2433.3333333333358,-0.2260767215119979,0.00738010729762246,-0.002447981638640684,0.011182440456361544,0.25,2026-04-10,IS7J26,406.0,12.0,31.0,False,-0.00491401480242904,100.29298310363251,0.0,,0.007982351098109991,0.75,0.05,1,False,True,2026-04-10,55200.0,46400.0,47100.0,0.050149783685471516,0.010834342165710146,0.04117591418418657,1,False,True,-0.1286173778220936,1.1896261892766056,False,2026-04-16,0.0,0.0,0.0,2026-04-21,-0.002453988961566703,-100.0,-1.0,2026-04-27,0.00488998529419177,200.0,1.0,2026-05-11,-0.02985296314968116,-1200.0,-1.0,2026-05-26,-0.0580238401163775,-2300.0,-1.0,,,,,2026-07-10,-0.09776416876589157,-3800.0,-1.0
2026-04-13,Mon,41600.0,41600.0,41400.0,41100.0,39700.0,39100.0,40200.0,39700.0,39300.0,39100.0,37600.0,300.0,2026-04-13,2.0,2,0,39300.0,0,39100.0,0,37600.0,41080.0,38666.666666666664,2413.3333333333358,-0.24816315923086987,0.012240054894502006,0.0073260400920727164,0.01085834761520621,0.25,2026-04-10,IS7J26,406.0,12.0,31.0,False,-0.00491401480242904,100.29298310363251,0.0,,0.007982351098109991,0.75,0.05,3,False,True,2026-04-10,55200.0,46400.0,47100.0,0.050149783685471516,0.010834342165710146,0.04117591418418657,3,False,True,-0.12129133773002065,1.5827188099435225,False,2026-04-18,-0.007326040092072898,-300.0,-1.0,2026-04-23,0.0,0.0,0.0,2026-04-28,-0.009780029053639606,-400.0,-1.0,2026-05-13,-0.052446475372542545,-2100.0,-1.0,2026-05-28,-0.04478360262697331,-1800.0,-1.0,2026-06-15,-0.07055822531558864,-2800.0,-1.0,2026-07-13,-0.09701479485241907,-3800.0,-1.0
2026-04-14,Tue,42000.0,42000.0,41800.0,41500.0,40100.0,39100.0,40600.0,40100.0,39500.0,39300.0,37800.0,400.0,2026-04-14,1.0,2,0,39500.0,0,39300.0,0,37800.0,41480.0,38866.666666666664,2613.3333333333358,0.2925144611042407,0.017011345826536538,0.009685305734464578,0.010679407378807803,0.2,2026-04-13,IS7J26,405.0,0.0,31.0,False,-0.002466092495193554,100.04595605165309,-0.002466092495193554,0.014925650216675792,0.007895871688291572,0.75,0.05,1,False,True,2026-04-13,55100.0,46400.0,46500.0,0.052153345087991555,0.00431966114451638,0.004310351501122263,1,False,True,-0.111606031995557,2.0840146064527514,True,2026-04-20,-0.01946533478810335,-800.0,-1.0,2026-04-24,-0.01212136053234485,-500.0,-1.0,2026-04-29,-0.02934195828401532,-1200.0,-1.0,2026-05-14,-0.07244115076586749,-2900.0,-1.0,2026-05-29,-0.05957096024533254,-2400.0,-1.0,2026-06-15,-0.08024353105005236,-3200.0,-1.0,2026-07-13,-0.10670010058688277,-4200.0,-1.0
2026-04-15,Wed,41600.0,41600.0,41300.0,41000.0,39500.0,39200.0,40000.0,39500.0,39000.0,38800.0,37300.0,-500.0,2026-04-15,1.0,2,0,39000.0,0,38800.0,0,37300.0,41000.0,38366.666666666664,2633.3333333333358,0.4006145597756964,0.00488998529419177,-0.012121360532344028,0.010622385150002122,0.15,2026-04-14,IS7J26,404.0,3.0,28.0,False,-0.002472189145389037,99.79892899967372,-0.014742281737203431,-0.0073983074814449245,0.007573128708316922,0.8,0.05,1,False,True,2026-04-14,54800.0,45900.0,46300.0,0.04669382288309265,-0.019418085857101627,-0.0064585800394118195,1,False,True,-0.11289305036219166,1.9030259923492738,True,2026-04-20,-0.007343974255758506,-300.0,-1.0,2026-04-25,0.0,0.0,0.0,2026-04-30,-0.022195732391784323,-900.0,-1.0,2026-05-15,-0.0551518200750801,-2200.0,-1.0,2026-05-30,-0.04744959971298776,-1900.0,-1.0,2026-06-15,-0.06812217051770744,-2700.0,-1.0,2026-07-14,-0.08656801630845894,-3400.0,-1.0
2026-04-16,Thu,41500.0,41500.0,40300.0,40800.0,39400.0,39000.0,39800.0,39300.0,38700.0,38500.0,37000.0,-200.0,2026-04-16,1.0,2,0,38700.0,0,38500.0,0,37000.0,40700.0,38066.666666666664,2633.3333333333358,0.44473909467540607,-0.021819047394639725,-0.0048899852941932664,0.010718237036368925,0.15,2026-04-15,IS7J26,403.0,0.0,28.0,False,-0.00247831601446709,99.55190194769433,-0.01477859409611872,-0.009876623495911976,0.004013775148355682,0.8,0.05,1,False,True,2026-04-14,54800.0,45900.0,46300.0,0.04669382288309265,-0.019418085857101627,-0.0064585800394118195,2,False,True,-0.11778303565638351,1.5447374242984957,True,2026-04-21,-0.002453988961566703,-100.0,-1.0,2026-04-27,0.00488998529419177,200.0,1.0,2026-05-01,-0.012330612457478674,-500.0,-1.0,2026-05-16,-0.04255961441879589,-1700.0,-1.0,2026-06-01,-0.04768783078571535,-1900.0,-1.0,2026-06-15,-0.06323218522351572,-2500.0,-1.0,2026-07-15,-0.07373096932173531,-2900.0,-1.0
2026-04-17,Fri,41300.0,41300.0,41100.0,40700.0,39200.0,39000.0,39600.0,39000.0,38700.0,38500.0,37000.0,-100.0,2026-04-17,1.0,2,0,38700.0,0,38500.0,0,37000.0,40720.0,38066.666666666664,2653.3333333333358,0.5247959148420211,-0.029057734479542782,-0.0024539889615660115,0.010460520361261607,0.15,2026-04-16,IS7J26,403.0,0.0,28.0,False,0.0,99.55190194769433,-0.012330612457478674,-0.009876623495911976,0.0040394484625253186,0.8,0.05,1,False,True,2026-04-14,54800.0,45900.0,46300.0,0.04669382288309265,-0.019418085857101627,-0.0064585800394118195,3,False,True,-0.12023702461795013,1.3525316921123045,True,2026-04-22,0.007343974255758505,300.0,1.0,2026-04-27,0.007343974255758505,300.0,1.0,2026-05-02,-0.004926118336055889,-200.0,-1.0,2026-05-18,-0.03755134565213248,-1500.0,-1.0,2026-06-01,-0.04523384182414873,-1800.0,-1.0,2026-06-16,-0.060778196261949045,-2400.0,-1.0,2026-07-16,-0.06864193272216358,-2700.0,-1.0
2026-04-18,Sat,41300.0,41300.0,41100.0,40800.0,39100.0,38700.0,39700.0,39000.0,38700.0,38500.0,37000.0,100.0,2026-04-18,1.0,2,0,38700.0,0,38500.0,0,37000.0,40720.0,38066.666666666664,2653.3333333333358,0.5502406963655219,-0.02660374551797602,0.0024539889615660115,0.010159648653574386,0.1,2026-04-17,IS7J26,402.0,6.0,28.0,False,-0.002484473327661945,99.30487489571493,-0.00990107098271157,-0.00990107098271157,0.0040394484625253186,0.8,0.05,1,False,True,2026-04-17,54300.0,44600.0,45300.0,-0.016438726343159835,-0.06088836967501237,-0.05371860700842195,1,False,True,-0.0890517776159024,2.97720376605759,True,2026-04-23,0.007326040092072881,300.0,1.0,2026-04-28,-0.002453988961566703,-100.0,-1.0,2026-05-04,-0.00491401480242904,-200.0,-1.0,2026-05-18,-0.04000533461369913,-1600.0,-1.0,2026-06-02,-0.052842481374379933,-2100.0,-1.0,2026-06-17,-0.07109592168373022,-2800.0,-1.0,2026-07-17,-0.07109592168373022,-2800.0,-1.0
2026-04-20,Mon,41300.0,41300.0,41100.0,40700.0,39000.0,38700.0,39700.0,39000.0,38700.0,38500.0,37000.0,-100.0,2026-04-20,2.0,2,0,38700.0,0,38500.0,0,37000.0,40680.0,38066.666666666664,2613.3333333333358,0.46589763106157384,-0.0049019706002067795,-0.0024539889615660115,0.009868468818800642,0.1,2026-04-17,IS7J26,402.0,6.0,28.0,False,-0.002484473327661945,99.30487489571493,-0.00990107098271157,-0.00990107098271157,0.0040394484625253186,0.8,0.05,3,False,True,2026-04-18,54300.0,44700.0,45300.0,-0.016438726343159835,-0.04804417383271049,-0.04952572874838604,2,False,True,-0.09374540917097386,2.4973004311627336,True,2026-04-25,0.007343974255758505,300.0,1.0,2026-04-30,-0.014851758136025814,-600.0,-1.0,2026-05-05,-0.0024600258408623114,-100.0,-1.0,2026-05-20,-0.055569851154810765,-2200.0,-1.0,2026-06-04,-0.050388492412813145,-2000.0,-1.0,2026-06-19,-0.08188715947218415,-3200.0,-1.0,2026-07-20,-0.0581706328548681,-2300.0,-1.0
2026-04-21,Tue,41300.0,41300.0,41100.0,40700.0,39000.0,38700.0,39600.0,38900.0,38400.0,38200.0,36700.0,0.0,2026-04-21,1.0,2,0,38400.0,0,38200.0,0,36700.0,40680.0,37766.666666666664,2913.3333333333358,1.4121597370481762,-0.002453988961566703,0.0,0.009586699115305089,0.1,2026-04-20,IS7J26,402.0,0.0,28.0,False,0.0,99.30487489571493,-0.00743497848751809,-0.00990107098271157,0.004040445850236874,0.85,0.05,1,False,True,2026-04-20,54000.0,44900.0,45300.0,-0.02197890671877523,-0.06049360314608695,-0.04531519621204249,1,False,True,-0.09820970229965931,2.1346279464242004,True,2026-04-27,0.007343974255758505,300.0,1.0,2026-05-01,-0.009876623495911976,-400.0,-1.0,2026-05-06,-0.012361096823573975,-500.0,-1.0,2026-05-22,-0.055569851154810765,-2200.0,-1.0,2026-06-05,-0.055569851154810765,-2200.0,-1.0,2026-06-20,-0.08723476579877948,-3400.0,-1.0,2026-07-20,-0.0581706328548681,-2300.0,-1.0
2026-04-22,Wed,41500.0,41500.0,41300.0,41000.0,39300.0,38900.0,39800.0,39200.0,38700.0,38500.0,37000.0,300.0,2026-04-22,1.0,2,0,38700.0,0,38500.0,0,37000.0,40920.0,38066.666666666664,2853.3333333333358,1.2382529037971481,0.00488998529419177,0.007343974255759278,0.009294649640075084,0.15,2026-04-21,IS7J26,402.0,0.0,28.0,False,0.0,99.30487489571493,-0.004962789342129014,-0.019705071079332444,0.004040445850236874,0.9,0.05,1,False,True,2026-04-21,53300.0,44600.0,45100.0,-0.035026622111250814,-0.07969770163250857,-0.049739982192398106,1,False,True,-0.08416179232171059,2.6672712824463822,True,2026-04-27,0.0,0.0,0.0,2026-05-02,-0.01227009259181436,-500.0,-1.0,2026-05-07,-0.019705071079332444,-800.0,-1.0,2026-05-22,-0.06291382541056932,-2500.0,-1.0,,,,,2026-06-22,-0.09457874005453791,-3700.0,-1.0,2026-07-21,-0.06551460711062657,-2600.0,-1.0
2026-04-23,Thu,41800.0,41800.0,41600.0,41100.0,39400.0,39100.0,39900.0,39300.0,38700.0,38500.0,37000.0,100.0,2026-04-23,1.0,2,0,38700.0,0,38500.0,0,37000.0,41140.0,38066.666666666664,3073.3333333333358,1.926440926326798,0.0,0.00243605479787945,0.009189293699082553,0.15,2026-04-22,IS7J26,402.0,0.0,28.0,False,0.0,99.30487489571493,-0.002484473327661945,-0.01726306742378071,0.0015557257741803383,0.9,0.05,1,False,True,2026-04-21,53300.0,44600.0,45100.0,-0.035026622111250814,-0.07969770163250857,-0.049739982192398106,2,False,True,-0.08172573752382947,2.5884858320414117,True,2026-04-28,-0.009780029053639606,-400.0,-1.0,2026-05-04,-0.01224005489450195,-500.0,-1.0,2026-05-08,-0.03214120921179686,-1300.0,-1.0,2026-05-23,-0.07317260588965945,-2900.0,-1.0,,,,,2026-06-22,-0.09701479485241907,-3800.0,-1.0,2026-07-22,-0.06534988020845042,-2600.0,-1.0
2026-04-24,Fri,41700.0,41700.0,41500.0,41000.0,39400.0,38700.0,40000.0,39300.0,38700.0,38500.0,37000.0,-100.0,2026-04-24,1.0,2,0,38700.0,0,38500.0,0,37000.0,41060.0,38066.666666666664,2993.3333333333358,1.6759146053370295,-0.01212136053234485,-0.00243605479787945,0.00892931091100622,0.15,2026-04-23,IS7J26,403.0,0.0,28.0,False,0.0024844733276619658,99.55190194769433,0.0,-0.012330612457478674,0.0016615519934576417,0.9,0.05,1,False,True,2026-04-21,53300.0,44600.0,45100.0,-0.035026622111250814,-0.07969770163250857,-0.049739982192398106,3,False,True,-0.08416179232171059,2.310196393121533,True,2026-04-29,-0.01722059775167052,-700.0,-1.0,2026-05-04,-0.009804000096620856,-400.0,-1.0,2026-05-09,-0.032220879011163106,-1300.0,-1.0,2026-05-25,-0.07073655109177825,-2800.0,-1.0,,,,,2026-06-23,-0.10536051565782628,-4100.0,-1.0,2026-07-23,-0.06291382541056932,-2500.0,-1.0
2026-04-25,Sat,41600.0,41600.0,41300.0,41000.0,39300.0,38900.0,39800.0,39000.0,38900.0,38700.0,37200.0,0.0,2026-04-25,1.0,2,0,38900.0,0,38700.0,0,37200.0,40960.0,38266.666666666664,2693.3333333333358,0.7593209476914239,0.0,0.0,0.008677828041819342,0.1,2026-04-24,IS7J26,403.0,0.0,28.0,False,0.0,99.55190194769433,0.0024844733276619658,-0.007416597655049707,0.0020982463097008615,0.9,0.05,1,False,True,2026-04-24,53400.0,45500.0,46400.0,-0.03315220731690051,-0.06591120494954333,-0.054520838878417,1,False,True,-0.1041402592525969,1.3770635435353609,True,2026-04-30,-0.022195732391784323,-900.0,-1.0,2026-05-05,-0.009804000096620856,-400.0,-1.0,2026-05-11,-0.034742948443872976,-1400.0,-1.0,2026-05-25,-0.07073655109177825,-2800.0,-1.0,,,,,2026-06-24,-0.10807422152942253,-4200.0,-1.0,2026-07-24,-0.06291382541056932,-2500.0,-1.0
2026-04-27,Mon,41600.0,41600.0,41300.0,41000.0,39300.0,38900.0,39800.0,39000.0,38900.0,38700.0,37200.0,0.0,2026-04-27,2.0,2,0,38900.0,0,38700.0,0,37200.0,40960.0,38266.666666666664,2693.3333333333358,0.7741046415368639,0.007343974255758505,0.0,0.008413466440890041,0.15,2026-04-24,IS7J26,403.0,0.0,28.0,False,0.0,99.55190194769433,0.0024844733276619658,-0.007416597655049707,0.0020982463097008615,0.9,0.05,3,False,True,2026-04-25,53300.0,45300.0,45600.0,-0.038643262581439256,-0.07031649841745971,-0.08206495305430417,2,False,True,-0.09973496578468058,1.501510567652435,True,2026-05-02,-0.01227009259181436,-500.0,-1.0,2026-05-07,-0.019705071079332444,-800.0,-1.0,2026-05-12,-0.039806250400419706,-1600.0,-1.0,2026-05-27,-0.05257781607990724,-2100.0,-1.0,2026-06-15,-0.06812217051770744,-2700.0,-1.0,2026-06-26,-0.11352382629698722,-4400.0,-1.0,2026-07-27,-0.06291382541056932,-2500.0,-1.0
2026-04-28,Tue,41400.0,41400.0,41100.0,40700.0,39100.0,38900.0,39600.0,39000.0,38700.0,38500.0,37000.0,-300.0,2026-04-28,1.0,2,0,38700.0,0,38500.0,0,37000.0,40740.0,38066.666666666664,2673.3333333333358,0.7119275618953501,-0.002453988961566703,-0.007343974255759278,0.00815715835931018,0.2,2026-04-27,IS7K26,407.0,0.0,28.0,True,,99.55190194769433,,,,0.9,0.05,1,False,True,2026-04-27,52800.0,45300.0,45600.0,-0.048068403041022334,-0.07031649841745971,-0.057523844138186606,1,False,True,-0.107078940040439,1.1600374244133218,False,2026-05-04,-0.0024600258408623114,-100.0,-1.0,2026-05-08,-0.0223611801581573,-900.0,-1.0,2026-05-13,-0.04266644631890283,-1700.0,-1.0,2026-05-28,-0.0350035735733337,-1400.0,-1.0,2026-06-15,-0.060778196261949045,-2400.0,-1.0,2026-06-27,-0.10345133738802476,-4000.0,-1.0,2026-07-27,-0.055569851154810765,-2200.0,-1.0
2026-04-29,Wed,41200.0,41200.0,41000.0,40300.0,38900.0,38700.0,39300.0,38800.0,38500.0,38300.0,36800.0,-400.0,2026-04-29,1.0,2,0,38500.0,0,38300.0,0,36800.0,40520.0,37866.666666666664,2653.3333333333358,0.6426960135072443,-0.012330612457478674,-0.009876623495912895,0.008110666804960455,0.2,2026-04-28,IS7K26,412.0,0.0,28.0,False,0.012210163906931337,100.7748982861181,,,,0.95,0.05,1,False,True,2026-04-28,52500.0,45300.0,45300.0,-0.05014978368547156,-0.023992426743221194,-0.03896596853338372,1,False,True,-0.11695556353635105,0.7349310126826943,False,2026-05-04,0.007416597655049619,300.0,1.0,2026-05-09,-0.015000281259492598,-600.0,-1.0,2026-05-14,-0.043099192481852074,-1700.0,-1.0,2026-05-29,-0.030229001961317156,-1200.0,-1.0,2026-06-15,-0.05090157276603702,-2000.0,-1.0,2026-06-29,-0.09085362377775211,-3500.0,-1.0,2026-07-28,-0.03793122232340956,-1500.0,-1.0
2026-04-30,Thu,41000.0,41000.0,40800.0,40100.0,38700.0,38700.0,39100.0,38700.0,38700.0,38500.0,37000.0,-200.0,2026-04-30,1.0,2,0,38700.0,0,38500.0,0,37000.0,40320.0,38066.666666666664,2253.3333333333358,-0.6222338187185975,-0.014851758136025814,-0.004975134640112344,0.008227320497016225,0.2,2026-04-29,IS7K26,416.0,0.0,28.0,False,0.00966191091173689,101.75329535685708,,,,0.95,0.05,1,False,True,2026-04-29,51800.0,44700.0,44900.0,-0.06175956689343141,-0.037325957612686436,-0.03501451784510203,1,False,True,-0.10859716730699964,1.0508584234061655,False,2026-05-05,0.012391732295163457,500.0,1.0,2026-05-11,-0.01254721605208864,-500.0,-1.0,2026-05-15,-0.03295608768329572,-1300.0,-1.0,2026-05-30,-0.025253867321203417,-1000.0,-1.0,2026-06-15,-0.045926438125923175,-1800.0,-1.0,2026-06-29,-0.08587848913763824,-3300.0,-1.0,2026-07-29,-0.02781468818287703,-1100.0,-1.0
2026-05-01,Fri,41200.0,41200.0,40800.0,40300.0,38900.0,38800.0,39300.0,38900.0,38700.0,38500.0,37000.0,200.0,2026-05-01,1.0,2,0,38700.0,0,38500.0,0,37000.0,40480.0,38066.666666666664,2413.3333333333358,-0.11768026435461501,-0.009876623495911976,0.004975134640112344,0.008069237404378475,0.2,2026-04-30,IS7K26,416.0,0.0,28.0,False,0.0,101.75329535685708,,,,0.95,0.05,1,False,True,2026-04-29,51800.0,44700.0,44900.0,-0.06175956689343141,-0.037325957612686436,-0.03501451784510203,2,False,True,-0.1036220326668859,1.2196867783404044,False,2026-05-06,-0.002484473327661945,-100.0,-1.0,2026-05-11,-0.01752235069220249,-700.0,-1.0,2026-05-16,-0.030229001961317156,-1200.0,-1.0,2026-06-01,-0.035357218328236684,-1400.0,-1.0,2026-06-15,-0.05090157276603702,-2000.0,-1.0,2026-06-30,-0.07735814230286749,-3000.0,-1.0,2026-07-30,-0.03278982282299084,-1300.0,-1.0
2026-05-02,Sat,41400.0,41400.0,41100.0,40500.0,39100.0,38800.0,39500.0,39000.0,38700.0,38500.0,37000.0,200.0,2026-05-02,1.0,2,0,38700.0,0,38500.0,0,37000.0,40700.0,38066.666666666664,2633.3333333333358,0.5542070167091168,-0.01227009259181436,0.004950505159856178,0.007917761971173557,0.15,2026-05-01,IS7K26,416.0,0.0,19.0,False,0.0,101.75329535685708,,,,0.95,0.05,1,False,True,2026-05-01,51500.0,45100.0,45500.0,-0.0621083862842794,-0.01758287055786682,-0.017429635135283648,1,False,True,-0.10758027239613926,1.0231389213575368,False,2026-05-07,-0.00743497848751809,-300.0,-1.0,2026-05-12,-0.02753615780860529,-1100.0,-1.0,2026-05-18,-0.03262522731607661,-1300.0,-1.0,2026-06-01,-0.04030772348809287,-1600.0,-1.0,2026-06-16,-0.055852077925893195,-2200.0,-1.0,2026-07-01,-0.08499321283339259,-3300.0,-1.0,2026-07-31,-0.050643732818754915,-2000.0,-1.0
2026-05-04,Mon,41400.0,41400.0,41100.0,40600.0,39200.0,38800.0,39600.0,39100.0,38900.0,38700.0,37200.0,100.0,2026-05-04,2.0,2,0,38900.0,0,38700.0,0,37200.0,40740.0,38266.666666666664,2473.3333333333358,0.025239388438113027,-0.009804000096620856,0.0024660924951938057,0.007771740309254948,0.15,2026-05-01,IS7K26,416.0,0.0,19.0,False,0.0,101.75329535685708,,,,0.95,0.05,3,False,True,2026-05-02,51500.0,45200.0,45600.0,-0.05294241927019927,0.013363227812167158,0.006600684031352093,2,False,True,-0.1073290202304986,1.0025133806711384,False,2026-05-09,-0.02241687891454226,-900.0,-1.0,2026-05-14,-0.050515790136901835,-2000.0,-1.0,2026-05-19,-0.045347819978459145,-1800.0,-1.0,2026-06-03,-0.04792846657195084,-1900.0,-1.0,2026-06-18,-0.07410797215372185,-2900.0,-1.0,2026-07-03,-0.09555651556120552,-3700.0,-1.0,2026-08-03,-0.05310982531394841,-2100.0,-1.0
2026-05-05,Tue,41300.0,41300.0,41000.0,40600.0,39200.0,38900.0,39700.0,39100.0,38900.0,38700.0,37200.0,0.0,2026-05-05,1.0,2,0,38900.0,0,38700.0,0,37200.0,40680.0,38266.666666666664,2413.3333333333358,-0.198767062400103,-0.009804000096620856,0.0,0.007559156521737023,0.15,2026-05-04,IS7K26,416.0,0.0,19.0,False,0.0,101.75329535685708,0.021872074818668312,,,1.0,0.0,1,False,True,2026-05-04,51500.0,45300.0,45600.0,-0.05294241927019927,0.013333530869465168,0.006600684031352093,1,False,True,-0.10953896588130135,0.8797967620026599,False,2026-05-11,-0.024938948347252066,-1000.0,-1.0,2026-05-15,-0.045347819978459145,-1800.0,-1.0,2026-05-20,-0.05310982531394841,-2100.0,-1.0,2026-06-04,-0.04792846657195084,-1900.0,-1.0,2026-06-19,-0.07942713363132178,-3100.0,-1.0,2026-07-04,-0.10099131154716243,-3900.0,-1.0,2026-08-03,-0.05310982531394841,-2100.0,-1.0
2026-05-06,Wed,41000.0,41000.0,40700.0,40200.0,39000.0,38800.0,39400.0,39000.0,38900.0,38700.0,37200.0,-400.0,2026-05-06,1.0,2,0,38900.0,0,38700.0,0,37200.0,40380.0,38266.666666666664,2113.3333333333358,-1.2085376350836312,-0.019705071079332444,-0.009901070982710536,0.007328874161896369,0.2,2026-05-05,IS7K26,416.0,0.0,19.0,False,0.0,101.75329535685708,0.00966191091173689,,,1.0,0.0,1,False,True,2026-05-05,51500.0,45300.0,45600.0,-0.047402238894583906,0.00886923774077979,0.006600684031352093,1,False,True,-0.11944003686401299,0.43073793860122855,False,2026-05-11,-0.015037877364540559,-600.0,-1.0,2026-05-16,-0.027744528633655334,-1100.0,-1.0,2026-05-22,-0.04320875433123681,-1700.0,-1.0,2026-06-05,-0.04320875433123681,-1700.0,-1.0,2026-06-20,-0.07487366897520546,-2900.0,-1.0,2026-07-06,-0.09381875521765486,-3600.0,-1.0,2026-08-04,-0.030305349495328922,-1200.0,-1.0
2026-05-07,Thu,40900.0,40900.0,40600.0,40200.0,39000.0,38700.0,39400.0,38900.0,38700.0,38500.0,37000.0,0.0,2026-05-07,1.0,2,0,38700.0,0,38500.0,0,37000.0,40320.0,38066.666666666664,2253.3333333333358,-0.7543971573304954,-0.019705071079332444,0.0,0.007508097301469782,0.2,2026-05-06,IS7K26,416.0,0.0,19.0,False,0.0,101.75329535685708,0.0,,,1.0,0.0,1,False,True,2026-05-05,51500.0,45300.0,45600.0,-0.047402238894583906,0.00886923774077979,0.006600684031352093,2,False,True,-0.11944003686401299,0.409609762785935,False,2026-05-12,-0.020101179321087265,-800.0,-1.0,2026-05-18,-0.02519024882855852,-1000.0,-1.0,2026-05-22,-0.04320875433123681,-1700.0,-1.0,,,,,2026-06-22,-0.07487366897520546,-2900.0,-1.0,2026-07-06,-0.09381875521765486,-3600.0,-1.0,2026-08-05,-0.02519024882855852,-1000.0,-1.0
2026-05-08,Fri,40600.0,40600.0,40300.0,39800.0,38500.0,38500.0,39000.0,38500.0,38500.0,38300.0,36800.0,-400.0,2026-05-08,1.0,2,0,38500.0,0,38300.0,0,36800.0,39960.0,37866.666666666664,2093.3333333333358,-1.3447050721861797,-0.0223611801581573,-0.010000083334583465,0.0072793704111713915,0.25,2026-05-07,IS7K26,415.0,0.0,19.0,False,-0.0024067400305649764,101.50869608917235,-0.0024067400305649764,,0.005386704794544451,1.0,0.0,1,False,True,2026-05-05,51500.0,45300.0,45600.0,-0.047402238894583906,0.00886923774077979,0.006600684031352093,3,False,True,-0.12944012019859627,-0.041566189134538155,False,2026-05-13,-0.02030526616074557,-800.0,-1.0,2026-05-18,-0.01519016549397512,-600.0,-1.0,2026-05-23,-0.04103139667786247,-1600.0,-1.0,,,,,2026-06-22,-0.06487358564062216,-2500.0,-1.0,2026-07-07,-0.08655465170194616,-3300.0,-1.0,2026-08-06,-0.01519016549397512,-600.0,-1.0
2026-05-09,Sat,40500.0,40500.0,40200.0,39700.0,38500.0,38400.0,39000.0,38500.0,38300.0,38100.0,36600.0,-100.0,2026-05-09,1.0,2,0,38300.0,0,38100.0,0,36600.0,39880.0,37666.666666666664,2213.3333333333358,-0.9560309727208676,-0.015000281259492598,-0.0025157245972469156,0.007470607710887525,0.25,2026-05-08,IS7K26,414.0,0.0,19.0,False,-0.002412546405383878,101.2640968214876,-0.004819286435948883,,0.005356846292010349,1.0,0.0,1,False,True,2026-05-05,51500.0,45300.0,45600.0,-0.047402238894583906,0.00886923774077979,0.006600684031352093,4,False,True,-0.13195584479584357,-0.17253871577819616,False,2026-05-14,-0.02809891122235953,-1100.0,-1.0,2026-05-19,-0.022930941063917017,-900.0,-1.0,2026-05-25,-0.03851567208061519,-1500.0,-1.0,,,,,2026-06-23,-0.07313963664666322,-2800.0,-1.0,2026-07-08,-0.07585334251825944,-2900.0,-1.0,2026-08-07,-0.012674440896727824,-500.0,-1.0
2026-05-11,Mon,40400.0,40400.0,40100.0,39600.0,38400.0,38300.0,38900.0,38400.0,38200.0,38000.0,36500.0,-100.0,2026-05-11,2.0,2,0,38200.0,0,38000.0,0,36500.0,39780.0,37566.666666666664,2213.3333333333358,-0.992557246809014,-0.01752235069220249,-0.0025220694327110493,0.007269189295287708,0.25,2026-05-08,IS7K26,414.0,0.0,19.0,False,-0.002412546405383878,101.2640968214876,-0.004819286435948883,,0.005356846292010349,1.0,0.0,3,False,True,2026-05-09,50600.0,43700.0,44500.0,-0.05198475487837898,-0.020385756924473863,-0.013393057336438136,2,False,True,-0.09851898384110964,1.284908071416478,False,2026-05-16,-0.012706651269114801,-500.0,-1.0,2026-05-22,-0.028170876966696335,-1100.0,-1.0,2026-05-26,-0.028170876966696335,-1100.0,-1.0,,,,,2026-06-25,-0.07605236319991024,-2900.0,-1.0,2026-07-10,-0.06791120561621039,-2600.0,-1.0,2026-08-10,-0.028170876966696335,-1100.0,-1.0
2026-05-12,Tue,40200.0,40200.0,39900.0,39400.0,38400.0,38200.0,38800.0,38400.0,38200.0,38000.0,36500.0,-200.0,2026-05-12,1.0,2,0,38200.0,0,38000.0,0,36500.0,39620.0,37566.666666666664,2053.3333333333358,-1.5862277393254807,-0.02753615780860529,-0.005063301956546695,0.007074764751105637,0.25,2026-05-11,IS7K26,413.0,0.0,19.0,False,-0.002418380864281638,101.01949755380284,-0.007237667300230502,0.014634407518437777,0.005264771591903881,1.0,0.0,1,False,True,2026-05-09,50600.0,43700.0,44500.0,-0.05198475487837898,-0.020385756924473863,-0.013393057336438136,3,False,True,-0.10358228579765635,1.0188708540749678,True,2026-05-18,-0.005089069507471293,-200.0,-1.0,2026-05-22,-0.023107575010149605,-900.0,-1.0,2026-05-27,-0.012771565679487505,-500.0,-1.0,2026-06-15,-0.028315920117287854,-1100.0,-1.0,2026-06-26,-0.07371757589656756,-2800.0,-1.0,2026-07-11,-0.06284790365966364,-2400.0,-1.0,2026-08-10,-0.023107575010149605,-900.0,-1.0
2026-05-13,Wed,39900.0,39900.0,39600.0,39000.0,38100.0,37800.0,38500.0,38000.0,37400.0,37200.0,35700.0,-400.0,2026-05-13,1.0,2,0,37400.0,0,37200.0,0,35700.0,39300.0,36766.666666666664,2533.3333333333358,0.12904230670357555,-0.037740327982847086,-0.0102041701742408,0.006970464841649211,0.25,2026-05-12,IS7K26,413.0,0.0,19.0,False,0.0,101.01949755380284,-0.007237667300230502,0.0024242436115064756,0.005147657293441321,1.0,0.0,1,False,True,2026-05-12,50600.0,43300.0,43900.0,-0.053859169672729315,-0.04955969094846062,-0.05538513915108396,1,False,True,-0.10459098887879778,0.943121769230165,True,2026-05-18,0.005115100666770409,200.0,1.0,2026-05-23,-0.02072613051711697,-800.0,-1.0,2026-05-28,0.007662872745569097,300.0,1.0,2026-06-15,-0.01811174994304617,-700.0,-1.0,2026-06-27,-0.060784891069121855,-2300.0,-1.0,2026-07-13,-0.04456831947987652,-1700.0,-1.0,2026-08-11,-0.012903404835907841,-500.0,-1.0
2026-05-14,Thu,39400.0,39400.0,39100.0,38600.0,37600.0,37000.0,38000.0,37300.0,36400.0,36200.0,34700.0,-400.0,2026-05-14,1.0,2,0,36400.0,0,36200.0,0,34700.0,38820.0,35766.666666666664,3053.3333333333358,1.9872515232350532,-0.050515790136901835,-0.0103093696588612,0.007205528616197401,0.25,2026-05-13,IS7K26,413.0,0.0,19.0,False,0.0,101.01949755380284,-0.007237667300230502,-0.007237667300230502,0.003499621733450086,1.0,0.0,1,False,True,2026-05-12,50600.0,43300.0,43900.0,-0.053859169672729315,-0.04955969094846062,-0.05538513915108396,2,False,True,-0.11490035853765901,0.46480334920016253,True,2026-05-19,0.005167970158442598,200.0,1.0,2026-05-25,-0.010416760858255715,-400.0,-1.0,2026-05-29,0.012870190520534956,500.0,1.0,2026-06-15,-0.007802380284184899,-300.0,-1.0,2026-06-29,-0.04775443129589999,-1800.0,-1.0,2026-07-13,-0.03425894982101533,-1300.0,-1.0,,,,
2026-05-15,Fri,39600.0,39600.0,39300.0,38800.0,37800.0,37200.0,38200.0,37500.0,36400.0,36200.0,34700.0,200.0,2026-05-15,1.0,2,0,36400.0,0,36200.0,0,34700.0,39020.0,35766.666666666664,3253.3333333333358,2.5972644185499005,-0.045347819978459145,0.005167970158442614,0.007428421787048184,0.2,2026-05-14,IS7K26,413.0,0.0,19.0,False,0.0,101.01949755380284,-0.00483092726966558,-0.007237667300230502,0.001165378381218147,1.0,0.0,1,False,True,2026-05-14,49700.0,42700.0,43200.0,-0.06993139806921583,-0.05910811225440942,-0.05406722127027582,1,False,True,-0.0957786736053511,1.307679809377081,True,2026-05-20,-0.007762005335489189,-300.0,-1.0,2026-05-25,-0.015584731016698203,-600.0,-1.0,2026-05-30,0.007702220362092303,300.0,1.0,2026-06-15,-0.012970350442627404,-500.0,-1.0,2026-06-29,-0.05292240145434255,-2000.0,-1.0,2026-07-14,-0.03141619623337893,-1200.0,-1.0,,,,
2026-05-16,Sat,40000.0,40000.0,39700.0,39100.0,38100.0,37200.0,38500.0,37800.0,36700.0,36500.0,35000.0,300.0,2026-05-16,1.0,2,0,36700.0,0,36500.0,0,35000.0,39380.0,36066.666666666664,3313.3333333333358,2.642823030799978,-0.027744528633655334,0.007702220362091339,0.007312526113801427,0.2,2026-05-15,IS7K26,413.0,0.0,19.0,False,0.0,101.01949755380284,-0.002418380864281638,-0.007237667300230502,0.001165378381218147,1.0,0.0,1,False,True,2026-05-15,49700.0,42700.0,43300.0,-0.06050625760963275,-0.05910811225440942,-0.05175508151189622,1,False,True,-0.08807645324325876,1.615409155112893,True,2026-05-22,-0.01546422569758159,-600.0,-1.0,2026-05-26,-0.01546422569758159,-600.0,-1.0,2026-06-01,-0.0051282163669194554,-200.0,-1.0,2026-06-15,-0.0206725708047198,-800.0,-1.0,2026-06-30,-0.047129140341550246,-1800.0,-1.0,2026-07-15,-0.031171354902939395,-1200.0,-1.0,,,,
2026-05-18,Mon,40000.0,40000.0,39700.0,39200.0,38200.0,37200.0,38500.0,37900.0,37000.0,36800.0,35300.0,100.0,2026-05-18,2.0,2,0,37000.0,0,36800.0,0,35300.0,39420.0,36366.666666666664,3053.3333333333358,1.6645922186583124,-0.01519016549397512,0.002554279805096371,0.007336491517442039,0.2,2026-05-15,IS7K26,413.0,0.0,19.0,False,0.0,101.01949755380284,-0.002418380864281638,-0.007237667300230502,0.001165378381218147,1.0,0.0,3,False,True,2026-05-15,49700.0,42700.0,43300.0,-0.06050625760963275,-0.05910811225440942,-0.05175508151189622,3,False,True,-0.085522173438162,1.6978645455807058,True,2026-05-23,-0.025841231183887328,-1000.0,-1.0,2026-05-28,0.002547772078798783,100.0,1.0,2026-06-02,-0.012837146760680719,-500.0,-1.0,2026-06-17,-0.03109058707003112,-1200.0,-1.0,2026-07-02,-0.05505977718302743,-2100.0,-1.0,2026-07-17,-0.03109058707003112,-1200.0,-1.0,,,,
2026-05-19,Tue,39800.0,39800.0,39500.0,38800.0,37800.0,37200.0,38300.0,37600.0,37000.0,36800.0,35300.0,-400.0,2026-05-19,1.0,2,0,37000.0,0,36800.0,0,35300.0,39140.0,36366.666666666664,2773.3333333333358,0.7423417701047959,-0.022930941063917017,-0.01025650016718771,0.007140456710724633,0.2,2026-05-18,IS7K26,413.0,0.0,19.0,False,0.0,101.01949755380284,0.0,-0.007237667300230502,0.001165378381218147,1.0,0.0,1,False,True,2026-05-18,49400.0,42700.0,43100.0,-0.06086274540370121,-0.05910811225440942,-0.04978403537928626,1,False,True,-0.0957786736053511,1.1938517857364548,True,2026-05-25,-0.015584731016698203,-600.0,-1.0,2026-05-29,0.007702220362092303,300.0,1.0,2026-06-03,-0.0025806465934916254,-100.0,-1.0,2026-06-18,-0.028760152175262687,-1100.0,-1.0,2026-07-03,-0.05020869558274631,-1900.0,-1.0,2026-07-18,-0.015584731016698203,-600.0,-1.0,,,,
2026-05-20,Wed,39300.0,39300.0,39000.0,38500.0,37500.0,36800.0,38000.0,37200.0,36500.0,36300.0,34800.0,-300.0,2026-05-20,1.0,2,0,36500.0,0,36300.0,0,34800.0,38720.0,35866.666666666664,2853.3333333333358,0.9841970983945971,-0.030692946399406135,-0.007762005335489874,0.0073646929641526665,0.15,2026-05-19,IS7K26,413.0,0.0,19.0,False,0.0,101.01949755380284,0.0,-0.007237667300230502,0.001165378381218147,1.0,0.0,1,False,True,2026-05-19,49100.0,42600.0,43300.0,-0.05353111446496249,-0.04811924834419846,-0.03628515973976448,1,False,True,-0.10119601198158613,0.9302231551971367,True,2026-05-25,-0.007822725681209045,-300.0,-1.0,2026-05-30,0.015464225697581553,600.0,1.0,2026-06-04,0.0051813587419975845,200.0,1.0,2026-06-19,-0.026317308317373417,-1000.0,-1.0,2026-07-04,-0.04788148623321397,-1800.0,-1.0,2026-07-20,-0.0026007817000573675,-100.0,-1.0,,,,
2026-05-22,Fri,39400.0,39400.0,39100.0,38500.0,37400.0,36700.0,38100.0,37200.0,36700.0,36500.0,35000.0,0.0,2026-05-22,2.0,2,0,36700.0,0,36500.0,0,35000.0,38760.0,36066.666666666664,2693.3333333333358,0.49280201488184233,-0.023107575010149605,0.0,0.007389134179222611,0.1,2026-05-21,IS7K26,412.0,0.0,16.0,False,-0.0024242436115063915,100.7748982861181,-0.0024242436115063915,-0.00725517088117191,0.001165378381218147,1.0,0.0,1,False,True,2026-05-21,48800.0,42500.0,43000.0,-0.05385149481058901,-0.0615930109078144,-0.05870760082677792,1,False,True,-0.0988458346366326,1.0055579317452565,True,2026-05-27,0.010336009330662073,400.0,1.0,2026-06-01,0.010336009330662073,400.0,1.0,,,,,2026-06-22,-0.03166491464396869,-1200.0,-1.0,2026-07-06,-0.05061000088641799,-1900.0,-1.0,2026-07-21,-0.0026007817000573675,-100.0,-1.0,,,,
2026-05-23,Sat,39000.0,39000.0,38700.0,38200.0,37100.0,36700.0,37700.0,37000.0,36200.0,36000.0,34500.0,-300.0,2026-05-23,1.0,2,0,36200.0,0,36000.0,0,34500.0,38400.0,35566.666666666664,2833.3333333333358,0.9412513676961978,-0.02072613051711697,-0.007822725681208453,0.007164031384872797,0.15,2026-05-22,IS7K26,412.0,0.0,16.0,False,0.0,100.7748982861181,-0.0024242436115063915,-0.004842624475788015,0.0011681967489959998,1.0,0.0,1,False,True,2026-05-22,48700.0,42600.0,42800.0,-0.055902777581146375,-0.061452779213663565,-0.06336961393258926,1,False,True,-0.1090187376627953,0.5562645065853068,True,2026-05-28,0.02838900326268611,1100.0,1.0,2026-06-02,0.01300408442320661,500.0,1.0,,,,,2026-06-22,-0.023842188962759636,-900.0,-1.0,2026-07-07,-0.0455232550240837,-1700.0,-1.0,2026-07-22,0.007822725681209078,300.0,1.0,,,,
2026-05-25,Mon,39000.0,39000.0,38700.0,38200.0,37000.0,36500.0,37700.0,37000.0,35900.0,35700.0,34200.0,0.0,2026-05-25,2.0,2,0,35900.0,0,35700.0,0,34200.0,38380.0,35266.666666666664,3113.3333333333358,1.7934863044140454,-0.015584731016698203,0.0,0.007205251360462187,0.15,2026-05-22,IS7K26,412.0,0.0,16.0,False,0.0,100.7748982861181,-0.0024242436115063915,-0.004842624475788015,0.0011681967489959998,1.0,0.0,3,False,True,2026-05-22,48700.0,42600.0,42800.0,-0.055902777581146375,-0.061452779213663565,-0.06336961393258926,3,False,True,-0.1090187376627953,0.5344506587900837,True,2026-05-30,0.023286951378790693,900.0,1.0,2026-06-04,0.01300408442320661,500.0,1.0,,,,,2026-06-24,-0.03733767043764424,-1400.0,-1.0,2026-07-09,-0.031917602968305085,-1200.0,-1.0,2026-07-24,0.007822725681209078,300.0,1.0,,,,
2026-05-26,Tue,39300.0,39300.0,39000.0,38500.0,37500.0,36500.0,38000.0,37300.0,36400.0,36200.0,34700.0,300.0,2026-05-26,1.0,2,0,36400.0,0,36200.0,0,34700.0,38720.0,35766.666666666664,2953.3333333333358,1.2349451889614693,-0.01546422569758159,0.007822725681208453,0.0069857503775468295,0.2,2026-05-22,IS7K26,412.0,0.0,16.0,False,0.0,100.7748982861181,-0.0024242436115063915,-0.004842624475788015,0.0011681967489959998,1.0,0.0,4,False,True,2026-05-25,48000.0,42400.0,42600.0,-0.0703807967617995,-0.06615867025107625,-0.06805346324501564,1,False,True,-0.09649012094417349,1.0365944964271006,True,2026-06-01,0.010336009330662073,400.0,1.0,2026-06-05,0.0,0.0,0.0,,,,,2026-06-25,-0.04788148623321397,-1800.0,-1.0,2026-07-10,-0.03974032864951411,-1500.0,-1.0,2026-07-25,0.0,0.0,0.0,,,,
2026-05-27,Wed,39600.0,39600.0,39300.0,38900.0,37800.0,36800.0,38300.0,37600.0,36700.0,36500.0,35000.0,400.0,2026-05-27,1.0,2,0,36700.0,0,36500.0,0,35000.0,39040.0,36066.666666666664,2973.3333333333358,1.2526592234285303,-0.0051282163669194554,0.010336009330661255,0.007038776034379714,0.2,2026-05-26,IS7M26,400.0,0.0,16.0,True,,100.7748982861181,,,,1.0,0.0,1,False,True,2026-05-25,48000.0,42400.0,42600.0,-0.0703807967617995,-0.06615867025107625,-0.06805346324501564,2,False,True,-0.08615411161351141,1.4497378411401693,False,2026-06-01,0.0,0.0,0.0,,,,,2026-06-15,-0.015544354437800344,-600.0,-1.0,2026-06-26,-0.06094601021708007,-2300.0,-1.0,2026-07-11,-0.0500763379801762,-1900.0,-1.0,2026-07-27,-0.01033600933066206,-400.0,-1.0,,,,
2026-05-28,Thu,40000.0,40000.0,39800.0,39300.0,38300.0,37000.0,38700.0,38000.0,36700.0,36500.0,35000.0,400.0,2026-05-28,1.0,2,0,36700.0,0,36500.0,0,35000.0,39480.0,36066.666666666664,3413.3333333333358,2.5139225506157516,0.002547772078798783,0.0102302682508153,0.007278852334773644,0.2,2026-05-27,IS7M26,400.0,0.0,16.0,False,0.0,100.7748982861181,,,,1.0,0.0,1,False,True,2026-05-27,48700.0,43500.0,43500.0,-0.03827254620487576,-0.004587164006906043,-0.022728251077556175,1,False,True,-0.10153641921942283,0.7466530565135785,False,2026-06-02,-0.015384918839479456,-600.0,-1.0,,,,,2026-06-15,-0.025774622688615252,-1000.0,-1.0,2026-06-27,-0.068447763814691,-2600.0,-1.0,2026-07-13,-0.052231192225445706,-2000.0,-1.0,2026-07-27,-0.02056627758147697,-800.0,-1.0,,,,
2026-05-29,Fri,39800.0,39800.0,39600.0,39100.0,38100.0,37000.0,38500.0,37800.0,36800.0,36800.0,35300.0,-200.0,2026-05-29,1.0,2,0,36800.0,0,36800.0,0,35300.0,39280.0,36300.0,2980.0,1.124131231826708,0.007702220362092303,-0.005102051883895342,0.007488811196830356,0.2,2026-05-28,IS7M26,400.0,0.0,16.0,False,0.0,100.7748982861181,,,,1.0,0.0,1,False,True,2026-05-27,48700.0,43500.0,43500.0,-0.03827254620487576,-0.004587164006906043,-0.022728251077556175,2,False,True,-0.10663847110331838,0.49566171317665525,False,2026-06-03,-0.01028286695558392,-400.0,-1.0,,,,,2026-06-15,-0.0206725708047198,-800.0,-1.0,2026-06-29,-0.060624621816434854,-2300.0,-1.0,2026-07-13,-0.047129140341550246,-1800.0,-1.0,2026-07-28,-0.007702220362092351,-300.0,-1.0,,,,
2026-05-30,Sat,39800.0,39800.0,39600.0,39100.0,38100.0,37200.0,38500.0,37700.0,37100.0,37100.0,35600.0,0.0,2026-05-30,1.0,2,0,37100.0,0,37100.0,0,35600.0,39280.0,36600.0,2680.0,0.2459496230437,0.015464225697581553,0.0,0.007367442674281423,0.15,2026-05-29,IS7M26,400.0,0.0,10.0,False,0.0,100.7748982861181,,,,1.0,0.0,1,False,True,2026-05-29,48500.0,43500.0,43500.0,-0.04238777834998233,0.004608303086194181,-0.009153381986487248,1,False,True,-0.10663847110331838,0.46982242780419586,False,2026-06-04,-0.01028286695558392,-400.0,-1.0,,,,,2026-06-15,-0.0206725708047198,-800.0,-1.0,2026-06-29,-0.060624621816434854,-2300.0,-1.0,2026-07-14,-0.03911841659547125,-1500.0,-1.0,2026-07-29,-0.002560820861673704,-100.0,-1.0,,,,
2026-06-01,Mon,39700.0,39700.0,39500.0,38900.0,37800.0,37200.0,38300.0,37500.0,37000.0,37000.0,35500.0,-200.0,2026-06-01,2.0,2,0,37000.0,0,37000.0,0,35500.0,39120.0,36500.0,2620.0,0.06255871777287764,0.010336009330662073,-0.005128216366919958,0.00714300069055671,0.2,2026-05-29,IS7M26,400.0,0.0,10.0,False,0.0,100.7748982861181,,,,1.0,0.0,3,False,True,2026-05-30,48300.0,42900.0,43400.0,-0.028573372444056,0.004672905699392423,0.004618945856294458,2,False,True,-0.09787757530957063,0.8515746917889122,False,,,,,2026-06-15,-0.015544354437800344,-600.0,-1.0,2026-06-16,-0.015544354437800344,-600.0,-1.0,2026-07-01,-0.04468548934529972,-1700.0,-1.0,2026-07-16,-0.023408090898014846,-900.0,-1.0,2026-07-31,-0.01033600933066206,-400.0,-1.0,,,,
2026-06-02,Tue,39400.0,39400.0,39200.0,38700.0,37200.0,37000.0,38100.0,37100.0,36600.0,36600.0,35100.0,-200.0,2026-06-02,1.0,2,0,36600.0,0,36600.0,0,35100.0,38780.0,36100.0,2680.0,0.20083514108171904,0.01300408442320661,-0.005154650588663046,0.007038396658311661,0.15,2026-06-01,IS7M26,400.0,0.0,10.0,False,0.0,100.7748982861181,,,,1.0,0.0,1,False,True,2026-06-01,48000.0,42700.0,43300.0,-0.03480392219469212,0.0,0.0,1,False,True,-0.09835932019884273,0.8052048490596925,False,,,,,2026-06-15,-0.010389703849135798,-400.0,-1.0,2026-06-17,-0.018253440309350347,-700.0,-1.0,2026-07-02,-0.0422226304223467,-1600.0,-1.0,2026-07-17,-0.018253440309350347,-700.0,-1.0,2026-08-01,-0.010389703849135798,-400.0,-1.0,,,,
2026-06-03,Wed,39400.0,39400.0,39200.0,38700.0,37200.0,37000.0,38100.0,37100.0,36700.0,36700.0,35200.0,0.0,2026-06-03,1.0,2,0,36700.0,0,36700.0,0,35200.0,38780.0,36200.0,2580.0,-0.12343860971977204,0.01300408442320661,0.0,0.006939806281879996,0.15,2026-06-02,IS7M26,401.0,0.0,10.0,False,0.002496880198587146,101.02683553183338,0.002496880198587146,,,1.0,0.0,1,False,True,2026-06-02,48000.0,42700.0,43000.0,-0.028749413285985938,0.0,-0.0023228814161396385,1,False,True,-0.09835932019884273,0.778046097390138,False,,,,,2026-06-15,-0.010389703849135798,-400.0,-1.0,2026-06-18,-0.026179505581771054,-1000.0,-1.0,2026-07-03,-0.04762804898925459,-1800.0,-1.0,2026-07-18,-0.013004084423206573,-500.0,-1.0,2026-08-03,-0.005181358741997629,-200.0,-1.0,,,,
2026-06-04,Thu,39500.0,39500.0,39200.0,38700.0,37200.0,37000.0,38200.0,37000.0,36800.0,36800.0,35300.0,0.0,2026-06-04,1.0,2,0,36800.0,0,36800.0,0,35300.0,38820.0,36300.0,2520.0,-0.3146757907789073,0.01300408442320661,0.0,0.006728391825408192,0.2,2026-06-03,IS7M26,402.0,0.0,10.0,False,0.0024906613124518304,101.27877277754867,0.004987541511038968,,,1.0,0.0,1,False,True,2026-06-03,47300.0,42700.0,42800.0,-0.03734873930258764,0.0023446669592540547,-0.011614532420693002,1,False,True,-0.09835932019884273,0.7508379363609509,False,,,,,2026-06-15,-0.010389703849135798,-400.0,-1.0,2026-06-19,-0.03149866705937105,-1200.0,-1.0,2026-07-04,-0.053062844975211555,-2000.0,-1.0,2026-07-20,-0.007782140442054963,-300.0,-1.0,2026-08-03,-0.005181358741997629,-200.0,-1.0,,,,
2026-06-05,Fri,39300.0,39300.0,39000.0,38500.0,37200.0,37000.0,38000.0,37000.0,,,,-200.0,2026-06-05,1.0,2,1,36800.0,1,36800.0,1,35300.0,38660.0,36300.0,2360.0,-0.807329027083912,0.0,-0.00518135874199821,0.006523417904967195,0.25,2026-06-04,IS7M26,403.0,0.0,10.0,False,0.0024844733276619658,101.53071002326396,0.0074720148387010564,,,1.0,0.0,1,False,True,2026-06-03,47300.0,42700.0,42800.0,-0.03734873930258764,0.0023446669592540547,-0.011614532420693002,2,False,True,-0.10354067894084033,0.4685354689748528,False,,,,,2026-06-15,-0.005208345107138235,-200.0,-1.0,2026-06-20,-0.03166491464396869,-1200.0,-1.0,2026-07-06,-0.05061000088641799,-1900.0,-1.0,2026-07-20,-0.0026007817000573675,-100.0,-1.0,2026-08-04,0.012903404835907782,500.0,1.0,,,,
2026-06-15,Mon,39000.0,39000.0,38800.0,38300.0,37500.0,,37600.0,37100.0,36800.0,36600.0,35300.0,-200.0,2026-06-15,10.0,2,0,36800.0,0,36600.0,0,35300.0,38520.0,36233.333333333336,2286.6666666666642,-1.0429472777816005,-0.005208345107138235,-0.0052083451071389675,0.006450772899263519,0.25,2026-06-12,IS7M26,406.0,9.0,19.0,False,0.0,102.28652176040984,0.004938281640582577,0.014888612493750559,0.0017282672737234635,1.0,0.0,3,False,True,2026-06-13,46500.0,42300.0,42700.0,-0.04211148535012685,-0.02797385204240618,-0.018562017860059538,2,False,True,-0.099337189865632,0.655067107799245,True,2026-06-20,-0.026456569536830468,-1000.0,-1.0,2026-06-25,-0.0426731411260757,-1600.0,-1.0,2026-06-30,-0.026456569536830468,-1000.0,-1.0,2026-07-15,-0.010498784098219695,-400.0,-1.0,2026-07-30,0.018111749943046103,700.0,1.0,,,,,,,,
2026-06-16,Tue,39000.0,39000.0,38800.0,38300.0,37500.0,,37600.0,37100.0,36800.0,36600.0,35300.0,0.0,2026-06-16,1.0,2,0,36800.0,0,36600.0,0,35300.0,38520.0,36233.333333333336,2286.6666666666642,-1.0701547001757252,-0.005208345107138235,0.0,0.006383050545256854,0.25,2026-06-15,IS7M26,401.0,0.0,19.0,False,-0.012391732295163497,101.02683553183338,-0.00992563979996993,0.002496880198587146,0.0017282672737234635,1.0,0.0,1,False,True,2026-06-15,46300.0,42100.0,42700.0,-0.042289599566338654,-0.01882408524563559,-0.01626052087178029,1,False,True,-0.09459784450173539,0.8689746740138053,True,2026-06-22,-0.026456569536830468,-1000.0,-1.0,2026-06-26,-0.04540165577927974,-1700.0,-1.0,2026-07-01,-0.029141134907499467,-1100.0,-1.0,2026-07-16,-0.007863736460214576,-300.0,-1.0,2026-07-31,0.00520834510713826,200.0,1.0,,,,,,,,
2026-06-17,Wed,38700.0,38700.0,38500.0,38000.0,37200.0,,37300.0,36800.0,36300.0,36100.0,34800.0,-300.0,2026-06-17,1.0,2,0,36300.0,0,36100.0,0,34800.0,38220.0,35733.333333333336,2486.6666666666642,-0.4466733091318183,-0.013072081567352775,-0.007863736460214099,0.0061885971114223936,0.3,2026-06-16,IS7M26,400.0,0.0,19.0,False,-0.0024968801985871545,100.77489828611807,-0.014888612493750637,-0.0024968801985871545,0.004737332070622154,1.0,0.0,1,False,True,2026-06-16,46100.0,42100.0,42500.0,-0.04038806090528806,-0.014151179546243151,-0.018648559078072977,1,False,True,-0.10246158096194996,0.4450429095592548,True,2026-06-22,-0.018592833076615856,-700.0,-1.0,2026-06-27,-0.034809404665861174,-1300.0,-1.0,2026-07-02,-0.023969190112996277,-900.0,-1.0,2026-07-17,0.0,0.0,0.0,2026-08-01,0.007863736460214451,300.0,1.0,,,,,,,,
2026-06-18,Thu,38500.0,38500.0,38200.0,37700.0,36700.0,,37000.0,36200.0,36000.0,35800.0,34500.0,-300.0,2026-06-18,1.0,2,0,36000.0,0,35800.0,0,34500.0,37920.0,35433.333333333336,2486.6666666666642,-0.4527999252022184,-0.02099814683977347,-0.007926065272419791,0.006301675271068582,0.3,2026-06-17,IS7M26,400.0,9.0,19.0,False,0.0,100.77489828611807,-0.017348638334612976,-0.004987541511039051,0.004737332070622154,1.0,0.0,1,False,True,2026-06-17,46100.0,42100.0,42500.0,-0.04038806090528806,-0.014151179546243151,-0.011696039763191298,1,False,True,-0.11038764623437067,0.024144058974781623,True,2026-06-23,-0.021448543407483627,-800.0,-1.0,2026-06-29,-0.024162249279079822,-900.0,-1.0,2026-07-03,-0.021448543407483627,-800.0,-1.0,2026-07-18,0.013175421158564328,500.0,1.0,2026-08-03,0.020998146839773402,800.0,1.0,,,,,,,,
2026-06-19,Fri,38200.0,38200.0,38000.0,37500.0,36300.0,,37000.0,36000.0,36000.0,35800.0,34500.0,-200.0,2026-06-19,1.0,2,0,36000.0,0,35800.0,0,34500.0,37640.0,35433.333333333336,2206.6666666666642,-1.3174250943442316,-0.026317308317373417,-0.005319161477601142,0.0064107562105290665,0.3,2026-06-18,IS7M26,403.0,0.0,19.0,False,0.0074720148387010564,101.53071002326396,-0.007416597655049707,0.0,0.004641758845200077,1.0,0.0,1,False,True,2026-06-18,45900.0,41800.0,42300.0,-0.030045178431387817,-0.021302580703868264,-0.011751016535518853,1,False,True,-0.10855540655434553,0.1048916053605594,True,2026-06-24,-0.018843087801479943,-700.0,-1.0,2026-06-29,-0.018843087801479943,-700.0,-1.0,2026-07-04,-0.021564177915840525,-800.0,-1.0,2026-07-20,0.023716526617316065,900.0,1.0,2026-08-03,0.026317308317373358,1000.0,1.0,,,,,,,,
2026-06-20,Sat,38000.0,38000.0,37800.0,37300.0,36100.0,,36800.0,35800.0,35900.0,35700.0,34400.0,-200.0,2026-06-20,1.0,2,0,35900.0,0,35700.0,0,34400.0,37440.0,35333.333333333336,2106.6666666666642,-1.6056015097780683,,-0.0053476063265947005,0.0063505540080275305,0.3,2026-06-18,IS7M26,403.0,0.0,19.0,False,0.0074720148387010564,101.53071002326396,-0.007416597655049707,0.0,0.004641758845200077,1.0,0.0,2,False,True,2026-06-18,45900.0,41800.0,42300.0,-0.030045178431387817,-0.021302580703868264,-0.011751016535518853,2,False,True,-0.11390301288094072,-0.18845624676238515,False,2026-06-25,-0.01621657158924528,-600.0,-1.0,2026-06-30,0.0,0.0,0.0,2026-07-06,-0.018945086242449304,-700.0,-1.0,2026-07-20,0.029064132943911334,1100.0,1.0,2026-08-04,0.0445683194798766,1700.0,1.0,,,,,,,,
2026-06-22,Mon,38000.0,38000.0,37800.0,37300.0,36100.0,,36800.0,35800.0,35800.0,35600.0,34400.0,0.0,2026-06-22,2.0,2,0,35800.0,0,35600.0,0,34400.0,37440.0,35266.666666666664,2173.3333333333358,-1.3506400946060195,,0.0,0.006294885038012703,0.3,2026-06-18,IS7M26,403.0,0.0,19.0,False,0.0074720148387010564,101.53071002326396,-0.007416597655049707,0.0,0.004641758845200077,1.0,0.0,4,False,True,2026-06-18,45900.0,41800.0,42300.0,-0.030045178431387817,-0.021302580703868264,-0.011751016535518853,4,False,True,-0.11390301288094072,-0.2064353232862869,False,2026-06-27,-0.01621657158924528,-600.0,-1.0,2026-07-02,-0.005376357036380406,-200.0,-1.0,2026-07-07,-0.021681066061324052,-800.0,-1.0,2026-07-22,0.0316649146439687,1200.0,1.0,2026-08-06,0.04968342014664703,1900.0,1.0,,,,,,,,
2026-06-23,Tue,37600.0,37600.0,37400.0,36900.0,36000.0,,36300.0,35700.0,35400.0,35200.0,33800.0,-400.0,2026-06-23,1.0,2,0,35400.0,0,35200.0,0,33800.0,37100.0,34800.0,2300.0,-0.9412751920103692,,-0.010781775603287969,0.006103117480705121,0.35,2026-06-22,IS7M26,402.0,0.0,19.0,False,-0.002484473327661945,101.27877277754867,-0.00990107098271157,-0.004962789342129014,0.005228758952597081,1.0,0.0,1,False,True,2026-06-22,45900.0,41200.0,42000.0,-0.027928775525010264,-0.033415996919844065,-0.021202207650602937,1,False,True,-0.11022670530899915,-0.05357190887722935,False,2026-06-29,-0.002713705871596273,-100.0,-1.0,2026-07-03,0.0,0.0,0.0,2026-07-08,-0.002713705871596273,-100.0,-1.0,2026-07-23,0.04244669024725705,1600.0,1.0,2026-08-07,0.060465195749935356,2300.0,1.0,,,,,,,,
2026-06-24,Wed,37500.0,37500.0,37300.0,36800.0,36000.0,,36300.0,35700.0,35500.0,35300.0,34000.0,-100.0,2026-06-24,1.0,2,0,35500.0,0,35300.0,0,34000.0,37020.0,34933.333333333336,2086.6666666666642,-1.6253840482618163,,-0.0027137058715958062,0.0064798118424743215,0.3,2026-06-23,IS7M26,402.0,0.0,19.0,False,0.0,101.27877277754867,0.0024906613124518304,-0.00743497848751809,0.005202850835008548,1.0,0.0,1,False,True,2026-06-22,45900.0,41200.0,42000.0,-0.027928775525010264,-0.033415996919844065,-0.021202207650602937,2,False,True,-0.1129404111805954,-0.2333661150632146,False,2026-06-29,0.0,0.0,0.0,2026-07-04,-0.0027210901143606132,-100.0,-1.0,2026-07-09,0.005420067469339113,200.0,1.0,2026-07-24,0.045160396118853335,1700.0,1.0,2026-08-10,0.045160396118853335,1700.0,1.0,,,,,,,,
2026-06-25,Thu,37400.0,37400.0,37200.0,36700.0,36000.0,,36300.0,35500.0,35500.0,35300.0,34000.0,-100.0,2026-06-25,1.0,2,0,35500.0,0,35300.0,0,34000.0,36940.0,34933.333333333336,2006.6666666666642,-1.816020534595189,-0.0426731411260757,-0.002721090114361502,0.006317478594858097,0.3,2026-06-24,IS7M26,401.0,0.0,19.0,False,-0.002490661312451919,101.02683553183338,0.002496880198587146,-0.012391732295163497,0.0051039225593438545,1.0,0.0,1,False,True,2026-06-22,45900.0,41200.0,42000.0,-0.027928775525010264,-0.033415996919844065,-0.021202207650602937,3,False,True,-0.11566150129495606,-0.4123292069196627,True,2026-06-30,0.01621657158924529,600.0,1.0,2026-07-06,-0.0027285146532040625,-100.0,-1.0,2026-07-10,0.008141157583699866,300.0,1.0,2026-07-25,0.047881486233214005,1800.0,1.0,2026-08-10,0.047881486233214005,1800.0,1.0,,,,,,,,
2026-06-26,Fri,37400.0,37400.0,37200.0,36600.0,36000.0,,36200.0,35400.0,35500.0,35300.0,34000.0,-100.0,2026-06-26,1.0,2,0,35500.0,0,35300.0,0,34000.0,36920.0,34933.333333333336,1986.6666666666642,-1.8229833350948672,-0.04540165577927974,-0.0027285146532047833,0.006161181991576728,0.25,2026-06-25,IS7M26,400.0,0.0,19.0,False,-0.0024968801985871545,100.77489828611807,0.0,-0.017348638334612976,0.004997159177283666,1.0,0.0,1,False,True,2026-06-25,45500.0,40900.0,41600.0,-0.034560675065467325,-0.03601829918915598,-0.03077165866675366,1,False,True,-0.11108182264143548,-0.1829044922422611,True,2026-07-01,0.016260520871780326,600.0,1.0,2026-07-06,0.0,0.0,0.0,2026-07-11,0.010869672236903891,400.0,1.0,2026-07-27,0.05061000088641792,1900.0,1.0,2026-08-10,0.05061000088641792,1900.0,1.0,,,,,,,,
2026-06-27,Sat,37400.0,37400.0,37200.0,36700.0,36000.0,,36300.0,35400.0,35500.0,35300.0,34000.0,100.0,2026-06-27,1.0,2,0,35500.0,0,35300.0,0,34000.0,36940.0,34933.333333333336,2006.6666666666642,-1.6890997765090654,-0.034809404665861174,0.0027285146532047833,0.006010760455557583,0.25,2026-06-26,IS7N26,383.0,0.0,19.0,True,,100.77489828611807,,,,1.0,0.0,1,False,True,2026-06-26,45500.0,40700.0,41500.0,-0.028170876966696335,-0.03619212859341679,-0.030844675351098527,1,False,True,-0.10345133738802476,0.23937320814590876,False,2026-07-02,0.010840214552864807,400.0,1.0,2026-07-07,-0.0054644944720787375,-200.0,-1.0,2026-07-13,0.01621657158924529,600.0,1.0,2026-07-27,0.047881486233214005,1800.0,1.0,2026-08-11,0.047881486233214005,1800.0,1.0,,,,,,,,
2026-06-29,Mon,37500.0,37500.0,37300.0,36800.0,35800.0,,36500.0,35600.0,35500.0,35300.0,34000.0,100.0,2026-06-29,2.0,2,0,35500.0,0,35300.0,0,34000.0,36980.0,34933.333333333336,2046.6666666666642,-1.5087256978021852,-0.018843087801479943,0.002721090114361502,0.005865848132334685,0.25,2026-06-26,IS7N26,383.0,0.0,19.0,True,,100.77489828611807,,,,1.0,0.0,3,False,True,2026-06-27,45300.0,40600.0,41400.0,-0.02183492860320007,-0.029128272923023713,-0.028573372444056,2,False,True,-0.09827022143280172,0.5639500309752105,False,2026-07-04,-0.0027210901143606132,-100.0,-1.0,2026-07-09,0.005420067469339113,200.0,1.0,2026-07-14,0.021506205220963682,800.0,1.0,2026-07-29,0.058063800954761116,2200.0,1.0,,,,,,,,,,,,
2026-06-30,Tue,38000.0,38000.0,37800.0,37300.0,36300.0,,37000.0,36000.0,35700.0,35500.0,34200.0,500.0,2026-06-30,1.0,2,0,35700.0,0,35500.0,0,34200.0,37480.0,35133.333333333336,2346.6666666666642,-0.619933886899469,0.0,0.013495481474883775,0.005726075771201949,0.25,2026-06-29,IS7N26,383.0,0.0,19.0,False,0.0,100.77489828611807,,,,1.0,0.0,1,False,True,2026-06-27,45300.0,40600.0,41400.0,-0.02183492860320007,-0.029128272923023713,-0.028573372444056,3,False,True,-0.08477473995791705,1.8021364548005518,False,2026-07-06,-0.018945086242449304,-700.0,-1.0,2026-07-10,-0.008075414005545418,-300.0,-1.0,2026-07-15,0.015957785438610816,600.0,1.0,2026-07-30,0.0445683194798766,1700.0,1.0,,,,,,,,,,,,
2026-07-01,Wed,37900.0,37900.0,37700.0,37200.0,36000.0,,36900.0,35700.0,35700.0,35500.0,34200.0,-100.0,2026-07-01,1.0,2,0,35700.0,0,35500.0,0,34200.0,37340.0,35133.333333333336,2206.6666666666642,-1.00771275089841,-0.002684565370668987,-0.0026845653706697448,0.00646129618015063,0.25,2026-06-30,IS7N26,383.0,0.0,19.0,False,0.0,100.77489828611807,,,,1.0,0.0,1,False,True,2026-06-27,45300.0,40600.0,41400.0,-0.02183492860320007,-0.029128272923023713,-0.028573372444056,4,False,True,-0.08745930532858609,1.516512539771316,False,2026-07-06,-0.01626052087178029,-600.0,-1.0,2026-07-11,-0.005390848634876423,-200.0,-1.0,2026-07-16,0.02127739844728488,800.0,1.0,2026-07-31,0.03434948001463764,1300.0,1.0,,,,,,,,,,,,
2026-07-02,Thu,37800.0,37800.0,37600.0,37100.0,36000.0,,36500.0,35500.0,35700.0,35500.0,34200.0,-100.0,2026-07-02,1.0,2,0,35700.0,0,35500.0,0,34200.0,37260.0,35133.333333333336,2126.6666666666642,-1.2141887846161619,-0.005376357036380406,-0.0026917916657112073,0.006298877749388007,0.2,2026-07-01,IS7N26,383.0,0.0,19.0,False,0.0,100.77489828611807,,,,1.0,0.0,1,False,True,2026-07-01,45100.0,40600.0,41800.0,-0.030570066084678004,-0.04101901944454527,-0.03294415571935403,1,False,True,-0.09015109699429745,1.2253865689095034,False,2026-07-07,-0.016304709024943582,-600.0,-1.0,2026-07-13,0.005376357036380496,200.0,1.0,2026-07-17,0.023969190112996402,900.0,1.0,2026-08-01,0.031832926573210754,1200.0,1.0,,,,,,,,,,,,
2026-07-03,Fri,37600.0,37600.0,37400.0,36900.0,35900.0,,36400.0,35400.0,35100.0,34900.0,33400.0,-200.0,2026-07-03,1.0,2,0,35100.0,0,34900.0,0,33400.0,37080.0,34466.666666666664,2613.3333333333358,0.16348446407239528,0.0,-0.0054054185669070165,0.00614247944969511,0.2,2026-07-02,IS7N26,383.0,0.0,16.0,False,0.0,100.77489828611807,,,,1.0,0.0,1,False,True,2026-07-02,45100.0,40800.0,41300.0,-0.030570066084678004,-0.03610500464211632,-0.033336420267591836,1,False,True,-0.1004705303636345,0.2603153218228683,False,2026-07-08,-0.002713705871596273,-100.0,-1.0,2026-07-13,0.010781775603288413,400.0,1.0,2026-07-18,0.03462396456604808,1300.0,1.0,2026-08-03,0.04244669024725705,1600.0,1.0,,,,,,,,,,,,
2026-07-04,Sat,37400.0,37400.0,37200.0,36700.0,35500.0,,36200.0,35200.0,35000.0,34800.0,33300.0,-200.0,2026-07-04,1.0,2,0,35000.0,0,34800.0,0,33300.0,36840.0,34366.666666666664,2473.3333333333358,-0.22138654412844092,-0.0027210901143606132,-0.005434795985957308,0.006100767456274573,0.2,2026-07-02,IS7N26,383.0,0.0,16.0,False,0.0,100.77489828611807,,,,1.0,0.0,2,False,True,2026-07-02,45100.0,40800.0,41300.0,-0.030570066084678004,-0.03610500464211632,-0.033336420267591836,2,False,True,-0.1059053263495914,-0.2459815895833001,False,2026-07-09,0.008141157583699866,300.0,1.0,2026-07-14,0.02422729533532427,900.0,1.0,2026-07-20,0.045280704533156496,1700.0,1.0,2026-08-03,0.047881486233214005,1800.0,1.0,,,,,,,,,,,,
2026-07-06,Mon,37300.0,37300.0,37100.0,36600.0,35200.0,,36000.0,35000.0,34700.0,34500.0,33000.0,-100.0,2026-07-06,2.0,2,0,34700.0,0,34500.0,0,33000.0,36700.0,34066.666666666664,2633.3333333333358,0.22690291561955736,0.0,-0.0027285146532047833,0.00606287243695142,0.15,2026-07-02,IS7N26,383.0,0.0,16.0,False,0.0,100.77489828611807,,,,1.0,0.0,4,False,True,2026-07-02,45100.0,40800.0,41300.0,-0.030570066084678004,-0.03610500464211632,-0.033336420267591836,4,False,True,-0.10863384100279541,-0.5168315368960055,False,2026-07-11,0.010869672236903891,400.0,1.0,2026-07-16,0.03753791931906524,1400.0,1.0,2026-07-21,0.04800921918636066,1800.0,1.0,2026-08-05,0.06862850638909636,2600.0,1.0,,,,,,,,,,,,
2026-07-07,Tue,37200.0,37200.0,37000.0,36500.0,35200.0,,35800.0,34700.0,34500.0,34300.0,32800.0,-100.0,2026-07-07,1.0,2,0,34500.0,0,34300.0,0,32800.0,36620.0,33866.666666666664,2753.3333333333358,0.5586633146997815,-0.0054644944720787375,-0.0027359798188744122,0.00591604634771447,0.1,2026-07-06,IS7N26,380.0,0.0,16.0,False,-0.007863736460214576,99.98553876951664,-0.007863736460214576,,,1.0,0.0,1,False,True,2026-07-06,45100.0,40000.0,40900.0,-0.02625971458355577,-0.05116828657439949,-0.04306885718582286,1,False,True,-0.0915671935254905,1.0440645083912123,False,2026-07-13,0.021681066061323948,800.0,1.0,2026-07-17,0.0402738991379399,1500.0,1.0,2026-07-22,0.053345980705292714,2000.0,1.0,2026-08-06,0.07136448620797106,2700.0,1.0,,,,,,,,,,,,
2026-07-08,Wed,37500.0,37500.0,37300.0,36800.0,35300.0,,36100.0,35100.0,35000.0,34800.0,33300.0,300.0,2026-07-08,1.0,2,0,35000.0,0,34800.0,0,33300.0,36880.0,34366.666666666664,2513.3333333333358,-0.10729632409961457,0.0027210901143605863,0.008185584586440697,0.005774838808067691,0.1,2026-07-07,IS7N26,377.0,0.0,16.0,False,-0.007926065272420716,99.19617925291519,-0.015789801732635195,,,1.0,0.0,1,False,True,2026-07-07,45100.0,39900.0,40300.0,-0.021930703493970118,-0.05367141679251791,-0.05315260697773384,1,False,True,-0.08087847872093258,2.0526368762887968,False,2026-07-13,0.013495481474884509,500.0,1.0,2026-07-18,0.03733767043764431,1400.0,1.0,2026-07-23,0.045160396118853335,1700.0,1.0,2026-08-07,0.06317890162153167,2400.0,1.0,,,,,,,,,,,,
2026-07-09,Thu,37700.0,37700.0,37500.0,37000.0,36000.0,,36500.0,35500.0,35200.0,35200.0,33700.0,200.0,2026-07-09,1.0,2,0,35200.0,0,35200.0,0,33700.0,37180.0,34700.0,2480.0,-0.19444679189887507,0.005420067469339113,0.005420067469337653,0.005947105612390057,0.1,2026-07-08,IS7N26,377.0,0.0,16.0,False,0.0,99.19617925291519,-0.015789801732635195,,,1.0,0.0,1,False,True,2026-07-08,45100.0,39700.0,40200.0,-0.021930703493970118,-0.05869655299519097,-0.05563708030539573,1,False,True,-0.0704332750489203,2.9248584443274677,False,2026-07-14,0.016086137751624444,600.0,1.0,2026-07-20,0.037139546949456786,1400.0,1.0,2026-07-24,0.03974032864951412,1500.0,1.0,2026-08-10,0.03974032864951412,1500.0,1.0,,,,,,,,,,,,
2026-07-10,Fri,37700.0,37700.0,37500.0,37000.0,36000.0,,36500.0,35500.0,35100.0,34900.0,33400.0,0.0,2026-07-10,1.0,2,0,35100.0,0,34900.0,0,33400.0,37180.0,34466.666666666664,2713.3333333333358,0.47140560133973347,-0.008075414005545418,0.0,0.005916807343268528,0.05,2026-07-09,IS7N26,377.0,0.0,16.0,False,0.0,99.19617925291519,-0.015789801732635195,,0.0038523591843265645,1.0,0.0,1,False,True,2026-07-09,45100.0,39700.0,40300.0,-0.01758287055786682,-0.05154515183756588,-0.048435617099594944,1,False,True,-0.0704332750489203,2.69939180676182,False,2026-07-15,0.024033199444156193,900.0,1.0,2026-07-20,0.037139546949456786,1400.0,1.0,2026-07-25,0.03974032864951412,1500.0,1.0,2026-08-10,0.03974032864951412,1500.0,1.0,,,,,,,,,,,,
2026-07-11,Sat,37700.0,37700.0,37500.0,37000.0,36000.0,,36500.0,35400.0,35100.0,35100.0,33600.0,0.0,2026-07-11,1.0,2,0,35100.0,0,35100.0,0,33600.0,37180.0,34600.0,2580.0,0.10838680822736801,-0.005390848634876423,0.0,0.005736557555635173,0.1,2026-07-10,IS7N26,376.0,0.0,16.0,False,-0.0026560440581162963,98.93305941404803,-0.018445845790751456,,0.0036546669180630284,1.0,0.0,1,False,True,2026-07-10,45100.0,39700.0,40200.0,-0.01758287055786682,-0.03708706866233596,-0.04380262265839289,1,False,True,-0.0704332750489203,2.5747002144197597,False,2026-07-16,0.026668247082161273,1000.0,1.0,2026-07-21,0.037139546949456786,1400.0,1.0,2026-07-27,0.03974032864951412,1500.0,1.0,2026-08-10,0.03974032864951412,1500.0,1.0,,,,,,,,,,,,
2026-07-13,Mon,38000.0,38000.0,37800.0,37300.0,36300.0,,36600.0,35600.0,35000.0,35000.0,33500.0,300.0,2026-07-13,2.0,2,0,35000.0,0,35000.0,0,33500.0,37480.0,34500.0,2980.0,1.2702669964099182,0.010781775603288413,0.008075414005546122,0.005561798902672416,0.15,2026-07-10,IS7N26,376.0,0.0,16.0,False,-0.0026560440581162963,98.93305941404803,-0.018445845790751456,,0.0036546669180630284,1.0,0.0,3,False,True,2026-07-11,45100.0,39700.0,40300.0,-0.008830079448272037,-0.029778875355611356,-0.0317486983145803,2,False,True,-0.06235786104337488,3.1185855719230333,False,2026-07-18,0.023842188962759657,900.0,1.0,2026-07-23,0.0316649146439687,1200.0,1.0,2026-07-28,0.03942691997945792,1500.0,1.0,,,,,,,,,,,,,,,,
2026-07-14,Tue,38300.0,38300.0,38100.0,37600.0,36600.0,,37000.0,36000.0,34800.0,34800.0,33300.0,300.0,2026-07-14,1.0,2,0,34800.0,0,34800.0,0,33300.0,37780.0,34300.0,3480.0,2.693656641716182,0.02422729533532427,0.008010723746078696,0.005743720857893447,0.15,2026-07-13,IS7N26,375.0,0.0,16.0,False,-0.002663117419483662,98.66993957518089,-0.01324522675002068,-0.021108963210235168,0.0034261852364813146,1.0,0.0,1,False,True,2026-07-13,45100.0,39600.0,40300.0,-0.008830079448272037,-0.027398974188114388,-0.02934195828401532,1,False,True,-0.05182506786458602,3.689566725324011,True,2026-07-20,0.021053409197832263,800.0,1.0,2026-07-24,0.02365419089788981,900.0,1.0,2026-07-29,0.036557595733797514,1400.0,1.0,,,,,,,,,,,,,,,,
2026-07-15,Wed,38600.0,38600.0,38400.0,37900.0,36700.0,,37300.0,36000.0,35300.0,35300.0,33800.0,300.0,2026-07-15,1.0,2,0,35300.0,0,35300.0,0,33800.0,38040.0,34800.0,3240.0,1.8668587191988666,0.032174357027856114,0.007947061692531676,0.005904338339895129,0.15,2026-07-14,IS7N26,374.0,0.0,16.0,False,-0.0026702285558789208,98.40681973631374,-0.007989390033478863,-0.023779191766114063,0.003236060593202232,1.0,0.0,1,False,True,2026-07-14,45100.0,39800.0,39900.0,-0.004424785980355695,-0.019901154317294913,-0.03690455693545098,1,False,True,-0.048915800202011396,3.4696335899190274,True,2026-07-20,0.013106347505300583,500.0,1.0,2026-07-25,0.015707129205357877,600.0,1.0,2026-07-30,0.028610534041265838,1100.0,1.0,,,,,,,,,,,,,,,,
2026-07-16,Thu,38700.0,38700.0,38500.0,38000.0,36800.0,,37300.0,36200.0,35500.0,35500.0,34000.0,100.0,2026-07-16,1.0,2,0,35500.0,0,35500.0,0,34000.0,38140.0,35000.0,3140.0,1.5313068180940366,0.03753791931906524,0.002635047638005261,0.006046394457090316,0.1,2026-07-15,IS7N26,374.0,0.0,16.0,False,0.0,98.40681973631374,-0.007989390033478863,-0.023779191766114063,0.0031515913208455676,1.0,0.0,1,False,True,2026-07-15,45100.0,39900.0,40300.0,0.0,-0.01739174271186922,-0.03654487057807335,1,False,True,-0.048790164169432056,3.1221268901009287,True,2026-07-21,0.010471299867295437,400.0,1.0,2026-07-27,0.0130720815673527,500.0,1.0,2026-07-31,0.0130720815673527,500.0,1.0,,,,,,,,,,,,,,,,
2026-07-17,Fri,38700.0,38700.0,38500.0,38000.0,36800.0,,37200.0,36000.0,35900.0,35900.0,34400.0,0.0,2026-07-17,1.0,2,0,35900.0,0,35900.0,0,34400.0,38140.0,35400.0,2740.0,0.45559566216531555,0.0402738991379399,0.0,0.005897623363539077,0.1,2026-07-16,IS7N26,374.0,0.0,16.0,False,0.0,98.40681973631374,-0.007989390033478863,-0.023779191766114063,0.0031515913208455676,1.0,0.0,1,False,True,2026-07-16,45100.0,40000.0,40500.0,0.0,-0.019802627296179754,-0.019560525854493596,1,False,True,-0.05129329438755058,2.703018890113849,True,2026-07-22,0.0130720815673527,500.0,1.0,2026-07-27,0.0130720815673527,500.0,1.0,2026-08-01,0.007863736460214451,300.0,1.0,,,,,,,,,,,,,,,,
2026-07-18,Sat,38900.0,38900.0,38700.0,38200.0,37100.0,,37500.0,36300.0,35900.0,35700.0,34200.0,200.0,2026-07-18,1.0,2,0,35900.0,0,35700.0,0,34200.0,38360.0,35266.666666666664,3093.3333333333358,1.3578968946293877,0.03733767043764431,0.005249355886144613,0.005717957997211264,0.15,2026-07-17,IS7N26,373.0,0.0,16.0,False,-0.002677377770716403,98.14369989744658,-0.008010723746078972,-0.026456569536830468,0.0031515913208455676,1.0,0.0,1,False,True,2026-07-16,45100.0,40000.0,40500.0,0.0,-0.019802627296179754,-0.019560525854493596,2,False,True,-0.046043938501406846,2.8013993266486725,True,2026-07-23,0.007822725681209078,300.0,1.0,2026-07-28,0.01558473101669833,600.0,1.0,2026-08-03,0.007822725681209078,300.0,1.0,,,,,,,,,,,,,,,,
2026-07-20,Mon,39100.0,39100.0,38900.0,38400.0,37300.0,,37700.0,36500.0,35800.0,35800.0,34300.0,200.0,2026-07-20,2.0,2,0,35800.0,0,35800.0,0,34300.0,38560.0,35300.0,3260.0,1.733087720795148,0.037139546949456786,0.005221943981151611,0.005690930088444592,0.15,2026-07-17,IS7N26,373.0,0.0,16.0,False,-0.002677377770716403,98.14369989744658,-0.008010723746078972,-0.026456569536830468,0.0031515913208455676,1.0,0.0,3,False,True,2026-07-18,45500.0,40400.0,40800.0,0.008830079448271995,0.009950330853168092,-0.0024479816386400017,2,False,True,-0.05077232537342326,2.3468182885514426,True,2026-07-25,0.0026007817000574403,100.0,1.0,2026-07-30,0.015504186535965254,600.0,1.0,2026-08-04,0.015504186535965254,600.0,1.0,,,,,,,,,,,,,,,,
2026-07-21,Tue,39100.0,39100.0,38900.0,38400.0,37300.0,,37700.0,36500.0,35800.0,35800.0,34300.0,0.0,2026-07-21,1.0,2,0,35800.0,0,35800.0,0,34300.0,38560.0,35300.0,3260.0,1.658986375689216,0.037139546949456786,0.0,0.005663886129841178,0.15,2026-07-20,IS7N26,373.0,0.0,16.0,False,0.0,98.14369989744658,-0.005347606326595242,-0.018592833076615856,0.003038842823419547,1.0,0.0,1,False,True,2026-07-20,45900.0,40200.0,40900.0,0.01758287055786688,0.007490671729157659,0.014778594096118683,1,False,True,-0.04580953603129422,2.449418234204858,True,2026-07-27,0.0026007817000574403,100.0,1.0,2026-07-31,0.0026007817000574403,100.0,1.0,2026-08-05,0.02061928720273561,800.0,1.0,,,,,,,,,,,,,,,,
2026-07-22,Wed,39200.0,39200.0,39000.0,38500.0,37000.0,,37600.0,36600.0,35600.0,35600.0,33600.0,100.0,2026-07-22,1.0,2,0,35600.0,0,35600.0,0,33600.0,38580.0,34933.333333333336,3646.6666666666642,2.5362369428898086,0.03974032864951412,0.0026007817000568423,0.005491341341266161,0.2,2026-07-21,IS7N26,373.0,13.0,29.0,False,0.0,98.14369989744658,-0.002677377770716403,-0.010666767804195192,0.0025099447363892483,1.0,0.0,1,False,True,2026-07-21,45900.0,40200.0,40900.0,0.01758287055786688,0.012515807931830599,0.01726306742378077,1,False,True,-0.04320875433123681,2.4164501726895824,True,2026-07-27,0.0,0.0,0.0,2026-08-01,-0.005208345107138235,-200.0,-1.0,2026-08-06,0.018018505502678212,700.0,1.0,,,,,,,,,,,,,,,,
2026-07-23,Thu,39200.0,39200.0,39000.0,38500.0,37200.0,,37600.0,36600.0,35200.0,35200.0,33200.0,0.0,2026-07-23,1.0,2,0,35200.0,0,35200.0,0,33200.0,38620.0,34533.333333333336,4086.6666666666642,3.384308044861126,0.0316649146439687,0.0,0.005362031692353369,0.2,2026-07-22,IS7N26,372.0,29.0,53.0,False,-0.002684565370668987,97.88058005857944,-0.005361943141385399,-0.013351333174864225,0.0013770840028241662,1.0,0.0,1,False,True,2026-07-21,45900.0,40200.0,40900.0,0.01758287055786688,0.012515807931830599,0.01726306742378077,2,False,True,-0.04320875433123681,2.2660545566592747,True,2026-07-28,0.007762005335489109,300.0,1.0,2026-08-03,0.0,0.0,0.0,2026-08-07,0.018018505502678212,700.0,1.0,,,,,,,,,,,,,,,,
2026-07-24,Fri,39200.0,39200.0,39000.0,38500.0,37200.0,,37700.0,36500.0,35000.0,35000.0,33000.0,0.0,2026-07-24,1.0,2,0,35000.0,0,35000.0,0,33000.0,38620.0,34333.333333333336,4286.666666666664,3.4729126982526837,0.02365419089788981,0.0,0.005198682605969883,0.25,2026-07-23,IS7N26,372.0,0.0,53.0,False,0.0,97.88058005857944,-0.005361943141385399,-0.013351333174864225,0.0014073741574349553,1.0,0.0,1,False,True,2026-07-23,46100.0,39800.0,40500.0,0.021930703493970208,0.0025157245972473705,0.004950505159856205,1,False,True,-0.03320867099665346,2.570773307908356,True,2026-07-29,0.012903404835907782,500.0,1.0,2026-08-03,0.0,0.0,0.0,2026-08-10,0.0,0.0,0.0,,,,,,,,,,,,,,,,
2026-07-25,Sat,39200.0,39200.0,39000.0,38500.0,37200.0,,38700.0,36500.0,34800.0,34600.0,32600.0,0.0,2026-07-25,1.0,2,0,34800.0,0,34600.0,0,32600.0,38620.0,34000.0,4620.0,3.7832283538931204,0.015707129205357877,0.0,0.005040309790812166,0.3,2026-07-24,IS7N26,372.0,0.0,53.0,False,0.0,97.88058005857944,-0.002684565370668987,-0.010695289116747919,0.0014073741574349553,1.0,0.0,1,False,True,2026-07-23,46100.0,39800.0,40500.0,0.021930703493970208,0.0025157245972473705,0.004950505159856205,2,False,True,-0.03320867099665346,2.4083531745328766,True,2026-07-30,0.012903404835907782,500.0,1.0,2026-08-04,0.012903404835907782,500.0,1.0,2026-08-10,0.0,0.0,0.0,,,,,,,,,,,,,,,,
2026-07-27,Mon,39200.0,39200.0,39000.0,38500.0,37200.0,,37800.0,36600.0,35000.0,34800.0,32800.0,0.0,2026-07-27,2.0,2,0,35000.0,0,34800.0,0,32800.0,38620.0,34200.0,4420.0,2.995677936791807,0.0130720815673527,0.0,0.00488676164961169,0.35,2026-07-24,IS7N26,372.0,0.0,53.0,False,0.0,97.88058005857944,-0.002684565370668987,-0.010695289116747919,0.0014073741574349553,1.0,0.0,3,False,True,2026-07-25,46500.0,40300.0,41000.0,0.03057006608467793,0.015000281259492598,0.019705071079332337,2,False,True,-0.04569322765889874,1.766795240312713,True,2026-08-01,-0.005208345107138235,-200.0,-1.0,2026-08-06,0.018018505502678212,700.0,1.0,2026-08-11,0.0,0.0,0.0,,,,,,,,,,,,,,,,
2026-07-28,Tue,39500.0,39500.0,39300.0,38800.0,37500.0,,38000.0,36800.0,35300.0,35300.0,33300.0,300.0,2026-07-28,1.0,2,0,35300.0,0,35300.0,0,33300.0,38920.0,34633.333333333336,4286.666666666664,2.5361647463512584,0.01558473101669833,0.007762005335489874,0.0047378912033634365,0.4,2026-07-27,IS7Q26,387.0,0.0,53.0,True,,97.88058005857944,,,,1.0,0.0,1,False,True,2026-07-27,46800.0,40700.0,41200.0,0.037000956414968304,0.024876904755404477,0.022086787402843505,1,False,True,-0.04780784581932154,1.6205770037945517,False,2026-08-03,-0.007762005335489189,-300.0,-1.0,2026-08-07,0.010256500167189061,400.0,1.0,,,,,,,,,,,,,,,,,,,,
2026-07-29,Wed,39700.0,39700.0,39500.0,39000.0,37500.0,,38100.0,37100.0,35300.0,35300.0,,200.0,2026-07-29,1.0,2,0,35300.0,0,35300.0,1,33300.0,39080.0,34633.333333333336,4446.666666666664,2.6277805505850225,0.020726130517116952,0.005141399500418586,0.004971486687229939,0.4,2026-07-28,IS7Q26,387.0,0.0,53.0,False,0.0,97.88058005857944,,,,1.0,0.0,1,False,True,2026-07-28,47100.0,41100.0,42000.0,0.04339075451373948,0.03717900324175403,0.04131814933073107,1,False,True,-0.052446475372542545,1.385763465690727,False,2026-08-03,-0.012903404835907841,-500.0,-1.0,2026-08-10,-0.012903404835907841,-500.0,-1.0,,,,,,,,,,,,,,,,,,,,
2026-07-30,Thu,39700.0,39700.0,39500.0,39000.0,37800.0,,38000.0,37000.0,35000.0,35000.0,33000.0,0.0,2026-07-30,1.0,2,0,35000.0,0,35000.0,0,33000.0,39140.0,34333.333333333336,4806.666666666664,2.998177522854261,0.015504186535965254,0.0,0.004981844880945262,0.4,2026-07-29,IS7Q26,387.0,0.0,53.0,False,0.0,97.88058005857944,,,,1.0,0.0,1,False,True,2026-07-28,47100.0,41100.0,42000.0,0.04339075451373948,0.03717900324175403,0.04131814933073107,2,False,True,-0.052446475372542545,1.3363451604785015,False,2026-08-04,0.0,0.0,0.0,2026-08-10,-0.012903404835907841,-500.0,-1.0,,,,,,,,,,,,,,,,,,,,
2026-07-31,Fri,39200.0,39200.0,39000.0,38500.0,37500.0,,37800.0,36800.0,34500.0,34500.0,32500.0,-500.0,2026-07-31,1.0,2,0,34500.0,0,34500.0,0,32500.0,38680.0,33833.333333333336,4846.666666666664,2.8203445586918994,0.0026007817000574403,-0.01290340483590846,0.004830077816426199,0.45,2026-07-30,IS7Q26,387.0,9.0,62.0,False,0.0,97.88058005857944,,,,1.0,0.0,1,False,True,2026-07-30,48000.0,40600.0,41300.0,0.06231876439925819,0.01990115431729502,0.034486176071169404,1,False,True,-0.05310982531394841,1.262935658852435,False,2026-08-05,0.018018505502678212,700.0,1.0,2026-08-10,0.0,0.0,0.0,,,,,,,,,,,,,,,,,,,,
2026-08-01,Sat,39000.0,39000.0,38800.0,38300.0,37300.0,,37500.0,36500.0,34500.0,34500.0,32500.0,-200.0,2026-08-01,1.0,2,0,34500.0,0,34500.0,0,32500.0,38480.0,33833.333333333336,4646.666666666664,2.3336001362536765,-0.005208345107138235,-0.0052083451071389675,0.005649756100180723,0.45,2026-07-31,IS7Q26,387.0,9.0,53.0,False,0.0,97.88058005857944,,,,1.0,0.0,1,False,True,2026-07-31,47800.0,40300.0,41100.0,0.05814339298877758,0.009975145056819524,0.019656652549551592,1,False,True,-0.05090157276603702,1.305777327492108,False,2026-08-06,0.023226850609816555,900.0,1.0,2026-08-11,0.00520834510713826,200.0,1.0,,,,,,,,,,,,,,,,,,,,
2026-08-03,Mon,39200.0,39200.0,39000.0,38500.0,37500.0,,37700.0,36500.0,34500.0,34500.0,32500.0,200.0,2026-08-03,2.0,2,0,34500.0,0,34500.0,0,32500.0,38680.0,33833.333333333336,4846.666666666664,2.4593088060744357,0.0,0.0052083451071389675,0.005624248472226404,0.45,2026-07-31,IS7Q26,387.0,9.0,53.0,False,0.0,97.88058005857944,,,,1.0,0.0,3,False,True,2026-07-31,47800.0,40300.0,41100.0,0.05814339298877758,0.009975145056819524,0.019656652549551592,3,False,True,-0.04569322765889874,1.465584608188479,False,2026-08-10,0.0,0.0,0.0,,,,,,,,,,,,,,,,,,,,,,,,
2026-08-04,Tue,39700.0,39700.0,39500.0,39000.0,37500.0,,38000.0,37000.0,35000.0,35000.0,33000.0,500.0,2026-08-04,1.0,2,0,35000.0,0,35000.0,0,33000.0,39080.0,34333.333333333336,4746.666666666664,2.189962876703571,0.012903404835907782,0.01290340483590846,0.005600165368094417,0.4,2026-08-03,IS7Q26,381.0,0.0,53.0,False,-0.01562531790308087,96.3630516855782,-0.01562531790308087,,,1.0,0.0,1,False,True,2026-08-03,48000.0,40900.0,41100.0,0.06231876439925819,0.022250608934819723,0.014706147389695487,1,False,True,-0.047568416919109686,1.339024818500019,False,2026-08-10,-0.012903404835907841,-500.0,-1.0,,,,,,,,,,,,,,,,,,,,,,,,
2026-08-05,Wed,39900.0,39900.0,39700.0,39200.0,37700.0,,38200.0,37000.0,35200.0,35200.0,33200.0,200.0,2026-08-05,1.0,2,0,35200.0,0,35200.0,0,33200.0,39280.0,34533.333333333336,4746.666666666664,2.0813825700796684,0.018018505502678212,0.0051151006667691234,0.00628251640686792,0.35,2026-08-04,IS7Q26,381.0,0.0,53.0,False,0.0,96.3630516855782,-0.01562531790308087,,,1.0,0.0,1,False,True,2026-08-04,48000.0,40900.0,41500.0,0.05348868495098622,0.012300278081651687,0.017011345826536538,1,False,True,-0.04245331625233923,1.4883520440121283,False,2026-08-10,-0.018018505502678365,-700.0,-1.0,,,,,,,,,,,,,,,,,,,,,,,,
2026-08-06,Thu,39900.0,39900.0,39700.0,39200.0,37700.0,,38300.0,37000.0,35200.0,35000.0,33200.0,0.0,2026-08-06,1.0,2,0,35200.0,0,35000.0,0,33200.0,39280.0,34466.666666666664,4813.333333333336,2.054264401438117,0.018018505502678212,0.0,0.006218654753906316,0.35,2026-08-05,IS7Q26,379.0,0.0,53.0,False,-0.005263170044274644,95.85720889457778,-0.02088848794735542,,,1.0,0.0,1,False,True,2026-08-04,48000.0,40900.0,41500.0,0.05348868495098622,0.012300278081651687,0.017011345826536538,2,False,True,-0.04245331625233923,1.4352309102086842,False,2026-08-11,-0.018018505502678365,-700.0,-1.0,,,,,,,,,,,,,,,,,,,,,,,,
2026-08-07,Fri,39900.0,39900.0,39700.0,39200.0,37700.0,,38300.0,37000.0,35000.0,35000.0,33000.0,0.0,2026-08-07,1.0,2,0,35000.0,0,35000.0,0,33000.0,39280.0,34333.333333333336,4946.666666666664,2.0977316590365604,0.010256500167189061,0.0,0.00602920947814759,0.4,2026-08-06,IS7Q26,379.0,0.0,53.0,False,0.0,95.85720889457778,-0.02088848794735542,,0.00590929796145389,1.0,0.0,1,False,True,2026-08-06,48000.0,41200.0,41800.0,0.04473589384139152,0.024571260730505327,0.021766276481954505,1,False,True,-0.049761509559063825,1.114231244500131,False,,,,,,,,,,,,,,,,,,,,,,,,,,,,
2026-08-10,Mon,39200.0,39200.0,39000.0,38500.0,37000.0,,37500.0,36500.0,34800.0,34800.0,32800.0,-700.0,2026-08-10,3.0,2,0,34800.0,0,34800.0,0,32800.0,38580.0,34133.333333333336,4446.666666666664,1.4515447864932536,0.0,-0.018018505502677584,0.005845535468671937,0.45,2026-08-07,IS7Q26,378.0,0.0,53.0,False,-0.0026420094628386965,95.60428749907757,-0.02353049741019416,,0.005571745076678496,1.0,0.0,3,False,True,2026-08-08,48000.0,40900.0,41300.0,0.04038806090528803,0.027263150758363996,0.019560525854493572,2,False,True,-0.06047182175501757,0.686279664087396,False,,,,,,,,,,,,,,,,,,,,,,,,,,,,
2026-08-11,Tue,39200.0,39200.0,39000.0,38500.0,37000.0,,37500.0,36500.0,34800.0,34800.0,32800.0,0.0,2026-08-11,1.0,2,0,34800.0,0,34800.0,0,32800.0,38580.0,34133.333333333336,4446.666666666664,1.398273215010349,0.00520834510713826,0.0,0.007183318192421445,0.45,2026-08-10,IS7Q26,377.0,0.0,53.0,False,-0.002649008171576953,95.35136610357736,-0.010554187678690256,-0.026179505581771054,0.005211900490477448,1.0,0.0,1,False,True,2026-08-10,47800.0,40600.0,41100.0,0.02757332690409977,0.007416597655049619,0.002436054797881121,1,False,True,-0.05310982531394841,0.932381914694796,True,,,,,,,,,,,,,,,,,,,,,,,,,,,,
