model,horizon,origin_index,origin_date,target_end,current_price,actual_log_return,actual_change_rupee,actual_class,predicted_log_return,zero_baseline_log_return,median_baseline_log_return,prob_down,prob_flat,prob_up,predicted_class,freq_prob_down,freq_prob_flat,freq_prob_up,majority_class,lower80_log_return,upper80_log_return,interval_half80,alpha_magnitude,alpha_class,train_raw_n,train_nonoverlap_n,turkey_date,turkey_age,turkey_symbol,turkey_open_interest,local_date,local_age,past_oos_mae_skill_zero,past_nonoverlap_n,operational_call_pti,operational_call_reason_pti
baseline,5,318,2025-08-12,2025-08-18,38000.0,0.0,0.0,0,0.0,0.0,0.0,0.3409090909090909,0.36363636363636365,0.29545454545454547,0,0.3409090909090909,0.36363636363636365,0.29545454545454547,0,-0.013900727505220064,0.013900727505220064,0.013900727505220064,,,85,26,2025-08-11,1.0,IS7Q25,43.0,2025-08-11,1.0,,0,NO CALL,baseline model
baseline,5,322,2025-08-19,2025-08-25,38000.0,0.005249355886143745,200.0,1,0.0,0.0,0.0,0.3333333333333333,0.37777777777777777,0.28888888888888886,0,0.3333333333333333,0.37777777777777777,0.28888888888888886,0,-0.013449053453380601,0.013449053453380601,0.013449053453380601,,,87,27,2025-08-18,1.0,IS7Q25,49.0,2025-08-18,1.0,0.0,1,NO CALL,baseline model
baseline,5,340,2025-09-10,2025-09-15,38300.0,-0.013140793561058255,-500.0,-1,0.0,0.0,0.0,0.34375,0.375,0.28125,0,0.34375,0.375,0.28125,0,-0.01294357219993958,0.01294357219993958,0.01294357219993958,,,93,29,2025-09-09,1.0,IS7U25,37.0,2025-09-09,1.0,0.0,2,NO CALL,baseline model
baseline,5,346,2025-09-18,2025-09-23,37400.0,-0.02985296314968116,-1100.0,-1,0.0,0.0,0.0,0.35714285714285715,0.3673469387755102,0.2755102040816326,0,0.35714285714285715,0.3673469387755102,0.2755102040816326,0,-0.013154681196207897,0.013154681196207897,0.013154681196207897,,,95,30,2025-09-17,1.0,IS7U25,45.0,2025-09-16,2.0,0.0,3,NO CALL,baseline model
baseline,5,351,2025-09-25,2025-09-30,36300.0,-0.008298802814695066,-300.0,-1,0.0,0.0,0.0,0.3883495145631068,0.34951456310679613,0.2621359223300971,-1,0.3883495145631068,0.34951456310679613,0.2621359223300971,-1,-0.013900727505220064,0.013900727505220064,0.013900727505220064,,,100,31,2025-09-24,1.0,IS7U25,45.0,2025-09-24,1.0,0.0,4,NO CALL,baseline model
baseline,5,363,2025-10-10,2025-10-15,34700.0,-0.005780362915499425,-200.0,-1,0.0,0.0,0.0,0.411214953271028,0.3364485981308411,0.2523364485981308,-1,0.411214953271028,0.3364485981308411,0.2523364485981308,-1,-0.01362829201516102,0.01362829201516102,0.01362829201516102,,,104,32,2025-10-09,1.0,IS7V25,21.0,2025-10-08,2.0,0.0,5,NO CALL,baseline model
baseline,5,369,2025-10-17,2025-10-24,34200.0,0.0,0.0,0,0.0,0.0,0.0,0.42201834862385323,0.3302752293577982,0.24770642201834864,-1,0.42201834862385323,0.3302752293577982,0.24770642201834864,-1,-0.013717636228799195,0.013717636228799195,0.013717636228799195,,,106,33,2025-10-16,1.0,IS7V25,21.0,2025-10-15,2.0,0.0,6,NO CALL,baseline model
baseline,5,372,2025-10-25,2025-10-30,34000.0,0.0,0.0,0,0.0,0.0,0.0,0.4247787610619469,0.336283185840708,0.23893805309734514,-1,0.4247787610619469,0.336283185840708,0.23893805309734514,-1,-0.013598510610614963,0.013598510610614963,0.013598510610614963,,,110,34,2025-10-24,1.0,IS7V25,21.0,2025-10-24,1.0,0.0,7,NO CALL,baseline model
baseline,5,386,2025-11-11,2025-11-17,34300.0,0.023055776299925796,800.0,1,0.0,0.0,0.0,0.41739130434782606,0.3391304347826087,0.24347826086956523,-1,0.41739130434782606,0.3391304347826087,0.24347826086956523,-1,-0.013687854824253139,0.013687854824253139,0.013687854824253139,,,112,35,2025-11-10,1.0,IS7X25,15.0,2025-11-10,1.0,0.0,8,NO CALL,baseline model
baseline,5,392,2025-11-18,2025-11-24,35200.0,-0.005698021114637779,-200.0,-1,0.0,0.0,0.0,0.41025641025641024,0.3333333333333333,0.2564102564102564,-1,0.41025641025641024,0.3333333333333333,0.2564102564102564,-1,-0.015244221273410179,0.015244221273410179,0.015244221273410179,,,114,36,2025-11-17,1.0,IS7X25,19.0,2025-11-17,1.0,0.0,9,NO CALL,baseline model
baseline,5,411,2025-12-10,2025-12-16,34300.0,-0.0058479698824231,-200.0,-1,0.0,0.0,0.0,0.4251968503937008,0.30708661417322836,0.2677165354330709,-1,0.4251968503937008,0.30708661417322836,0.2677165354330709,-1,-0.015244221273410179,0.015244221273410179,0.015244221273410179,,,124,38,2025-12-09,1.0,IS7Z25,27.0,2025-12-09,1.0,0.0,10,NO CALL,baseline model
baseline,5,416,2025-12-17,2025-12-22,34500.0,0.011527505171067414,400.0,1,0.0,0.0,0.0,0.43410852713178294,0.3023255813953488,0.26356589147286824,-1,0.43410852713178294,0.3023255813953488,0.26356589147286824,-1,-0.015228720701824683,0.015228720701824683,0.015228720701824683,,,126,39,2025-12-16,1.0,IS7Z25,42.0,2025-12-16,1.0,0.0,11,NO CALL,baseline model
baseline,5,422,2025-12-24,2025-12-29,35400.0,0.011236073266925752,400.0,1,0.0,0.0,0.0,0.417910447761194,0.291044776119403,0.291044776119403,-1,0.417910447761194,0.291044776119403,0.291044776119403,-1,-0.015306421282675507,0.015306421282675507,0.015306421282675507,,,131,40,2025-12-23,1.0,IS7Z25,45.0,2025-12-23,1.0,0.0,12,NO CALL,baseline model
baseline,5,440,2026-01-15,2026-01-20,36700.0,0.013532006218576373,500.0,1,0.0,0.0,0.0,0.3916083916083916,0.2727272727272727,0.3356643356643357,-1,0.3916083916083916,0.2727272727272727,0.3356643356643357,-1,-0.015993306049708382,0.015993306049708382,0.015993306049708382,,,140,42,2026-01-14,1.0,IS7F26,45.0,2026-01-14,1.0,0.0,13,NO CALL,baseline model
baseline,5,446,2026-01-22,2026-01-27,36500.0,0.013605652055778678,500.0,1,0.0,0.0,0.0,0.3931034482758621,0.2689655172413793,0.33793103448275863,-1,0.3931034482758621,0.2689655172413793,0.33793103448275863,-1,-0.015817258309846,0.015817258309846,0.015817258309846,,,142,43,2026-01-21,1.0,IS7F26,45.0,2026-01-21,1.0,0.0,14,NO CALL,baseline model
baseline,5,459,2026-02-07,2026-02-12,37300.0,-0.010781775603288362,-400.0,-1,0.0,0.0,0.0,0.40397350993377484,0.2582781456953642,0.33774834437086093,-1,0.40397350993377484,0.2582781456953642,0.33774834437086093,-1,-0.016149007537325986,0.016149007537325986,0.016149007537325986,,,148,44,2026-02-06,1.0,IS7G26,33.0,2026-02-06,1.0,0.0,15,NO CALL,baseline model
baseline,5,465,2026-02-14,2026-02-19,36500.0,-0.005494519317640702,-200.0,-1,0.0,0.0,0.0,0.40789473684210525,0.2565789473684211,0.3355263157894737,-1,0.40789473684210525,0.2565789473684211,0.3355263157894737,-1,-0.016071156793517186,0.016071156793517186,0.016071156793517186,,,149,45,2026-02-13,1.0,IS7G26,36.0,2026-02-10,4.0,0.0,16,NO CALL,baseline model
baseline,5,471,2026-02-23,2026-02-28,36700.0,-0.01648388972168937,-600.0,-1,0.0,0.0,0.0,0.43037974683544306,0.2468354430379747,0.3227848101265823,-1,0.43037974683544306,0.2468354430379747,0.3227848101265823,-1,-0.016358072356358805,0.016358072356358805,0.016358072356358805,,,155,46,2026-02-20,3.0,IS7G26,36.0,2026-02-21,2.0,0.0,17,NO CALL,baseline model
baseline,5,483,2026-03-10,2026-03-16,38800.0,-0.03407931365286262,-1300.0,-1,0.0,0.0,-0.001349528484582529,0.42073170731707316,0.25,0.32926829268292684,-1,0.42073170731707316,0.25,0.32926829268292684,-1,-0.01634913800152941,0.01634913800152941,0.01634913800152941,,,161,48,2026-03-09,1.0,IS7H26,21.0,2026-03-09,1.0,0.0,18,NO CALL,baseline model
baseline,5,489,2026-03-17,2026-03-23,38000.0,0.007863736460214451,300.0,1,0.0,0.0,-0.0027100735417628355,0.42771084337349397,0.2469879518072289,0.3253012048192771,-1,0.42771084337349397,0.2469879518072289,0.3253012048192771,-1,-0.016447857743284174,0.016447857743284174,0.016447857743284174,,,163,49,2026-03-16,1.0,IS7H26,38.0,2026-03-16,1.0,0.0,19,NO CALL,baseline model
baseline,5,495,2026-03-25,2026-03-30,38300.0,0.028315920117287858,1100.0,1,0.0,0.0,0.0,0.4186046511627907,0.25,0.3313953488372093,-1,0.4186046511627907,0.25,0.3313953488372093,-1,-0.0163670067111882,0.0163670067111882,0.0163670067111882,,,169,50,2026-03-24,1.0,IS7H26,38.0,2026-03-24,1.0,0.0,20,NO CALL,baseline model
baseline,5,512,2026-04-14,2026-04-20,41500.0,-0.01946533478810335,-800.0,-1,0.0,0.0,0.0,0.4022346368715084,0.24022346368715083,0.3575418994413408,-1,0.4022346368715084,0.24022346368715083,0.3575418994413408,-1,-0.01648388972168937,0.01648388972168937,0.01648388972168937,,,176,52,2026-04-13,1.0,IS7J26,31.0,2026-04-13,1.0,0.0,21,NO CALL,baseline model
baseline,5,518,2026-04-21,2026-04-27,40700.0,0.007343974255758505,300.0,1,0.0,0.0,0.0,0.4088397790055249,0.23756906077348067,0.35359116022099446,-1,0.4088397790055249,0.23756906077348067,0.35359116022099446,-1,-0.016879522080538268,0.016879522080538268,0.016879522080538268,,,178,53,2026-04-20,1.0,IS7J26,28.0,2026-04-20,1.0,0.0,22,NO CALL,baseline model
baseline,5,536,2026-05-12,2026-05-18,39400.0,-0.005089069507471293,-200.0,-1,0.0,0.0,0.0,0.41361256544502617,0.23036649214659685,0.35602094240837695,-1,0.41361256544502617,0.23036649214659685,0.35602094240837695,-1,-0.016879522080538268,0.016879522080538268,0.016879522080538268,,,188,55,2026-05-11,1.0,IS7K26,19.0,2026-05-09,3.0,0.0,23,NO CALL,baseline model
baseline,5,542,2026-05-19,2026-05-25,38800.0,-0.015584731016698203,-600.0,-1,0.0,0.0,0.0,0.41450777202072536,0.22797927461139897,0.35751295336787564,-1,0.41450777202072536,0.22797927461139897,0.35751295336787564,-1,-0.016615767174639015,0.016615767174639015,0.016615767174639015,,,190,56,2026-05-18,1.0,IS7K26,19.0,2026-05-18,1.0,0.0,24,NO CALL,baseline model
baseline,5,547,2026-05-26,2026-06-01,38500.0,0.010336009330662073,400.0,1,0.0,0.0,0.0,0.4271356783919598,0.22110552763819097,0.35175879396984927,-1,0.4271356783919598,0.22110552763819097,0.35175879396984927,-1,-0.01648388972168937,0.01648388972168937,0.01648388972168937,,,196,57,2026-05-22,4.0,IS7K26,16.0,2026-05-25,1.0,0.0,25,NO CALL,baseline model
baseline,5,557,2026-06-15,2026-06-20,38300.0,-0.026456569536830468,-1000.0,-1,0.0,0.0,0.0,0.4187192118226601,0.21674876847290642,0.3645320197044335,-1,0.4187192118226601,0.21674876847290642,0.3645320197044335,-1,-0.017158741139484138,0.017158741139484138,0.017158741139484138,,,200,58,2026-06-12,3.0,IS7M26,19.0,2026-06-13,2.0,0.0,26,NO CALL,baseline model
baseline,5,566,2026-06-25,2026-06-30,36700.0,0.01621657158924529,600.0,1,0.0,0.0,-0.0012269944807833514,0.4326923076923077,0.21153846153846154,0.3557692307692308,-1,0.4326923076923077,0.21153846153846154,0.3557692307692308,-1,-0.017972242404430436,0.017972242404430436,0.017972242404430436,,,205,59,2026-06-24,1.0,IS7M26,19.0,2026-06-22,3.0,0.0,27,NO CALL,baseline model
baseline,5,582,2026-07-14,2026-07-20,37600.0,0.021053409197832263,800.0,1,0.0,0.0,-0.0012269944807833514,0.42857142857142855,0.20952380952380953,0.3619047619047619,-1,0.42857142857142855,0.20952380952380953,0.3619047619047619,-1,-0.017836093345556556,0.017836093345556556,0.017836093345556556,,,207,60,2026-07-13,1.0,IS7N26,16.0,2026-07-13,1.0,0.0,28,NO CALL,baseline model
baseline,5,588,2026-07-21,2026-07-27,38400.0,0.0026007817000574403,100.0,1,0.0,0.0,-0.0012269944807833514,0.42452830188679247,0.20754716981132076,0.36792452830188677,-1,0.42452830188679247,0.20754716981132076,0.36792452830188677,-1,-0.017972242404430436,0.017972242404430436,0.017972242404430436,,,209,61,2026-07-20,1.0,IS7N26,16.0,2026-07-20,1.0,0.0,29,NO CALL,baseline model
baseline,5,593,2026-07-27,2026-08-01,38500.0,-0.005208345107138235,-200.0,-1,0.0,0.0,0.0,0.4166666666666667,0.2037037037037037,0.37962962962962965,-1,0.4166666666666667,0.2037037037037037,0.37962962962962965,-1,-0.017699944286682676,0.017699944286682676,0.017699944286682676,,,213,62,2026-07-24,3.0,IS7N26,53.0,2026-07-25,2.0,0.0,30,NO CALL,baseline model
internal,5,318,2025-08-12,2025-08-18,38000.0,0.0,0.0,0,-0.002274459991400345,0.0,0.0,0.41858341426120144,0.30054903358963,0.28086755214916875,-1,0.3409090909090909,0.36363636363636365,0.29545454545454547,0,-0.012989731252472677,0.008440811269671987,0.010715271261072332,100.0,100.0,85,26,2025-08-11,1.0,IS7Q25,43.0,2025-08-11,1.0,,0,NO CALL,past independent N<20; past MAE skill<=0; class confidence<0.50; 80% interval/class does not clear holding hurdle Rs150
internal,5,322,2025-08-19,2025-08-25,38000.0,0.005249355886143745,200.0,1,-0.0009418590006254521,0.0,0.0,0.3488036187288161,0.3614385565128783,0.2897578247583055,0,0.3333333333333333,0.37777777777777777,0.28888888888888886,0,-0.011621618539860185,0.00973790053860928,0.010679759539234732,100.0,100.0,87,27,2025-08-18,1.0,IS7Q25,49.0,2025-08-18,1.0,-0.002274459991400345,1,NO CALL,past independent N<20; past MAE skill<=0; class confidence<0.50; 80% interval/class does not clear holding hurdle Rs150
internal,5,340,2025-09-10,2025-09-15,38300.0,-0.013140793561058255,-500.0,-1,-0.003880201814376766,0.0,0.0,0.4758012473687846,0.2935301812281055,0.23066857140310984,-1,0.34375,0.375,0.28125,0,-0.014494646254932731,0.0067342426261792,0.010614444440555966,100.0,100.0,93,29,2025-09-09,1.0,IS7U25,37.0,2025-09-09,1.0,-0.0016081594960128984,2,NO CALL,past independent N<20; past MAE skill<=0; class confidence<0.50; 80% interval/class does not clear holding hurdle Rs150
internal,5,346,2025-09-18,2025-09-23,37400.0,-0.02985296314968116,-1100.0,-1,-0.008200602316577437,0.0,0.0,0.6236190029912067,0.283016939149381,0.09336405785941244,-1,0.35714285714285715,0.3673469387755102,0.2755102040816326,0,-0.018654618120182504,0.0022534134870276293,0.010454015803605067,100.0,100.0,95,30,2025-09-17,1.0,IS7U25,45.0,2025-09-16,2.0,0.00022129427411698988,3,NO CALL,past independent N<20; 80% interval/class does not clear holding hurdle Rs150
internal,5,351,2025-09-25,2025-09-30,36300.0,-0.008298802814695066,-300.0,-1,-0.008967201901078033,0.0,0.0,0.6116848667068728,0.2949013509112526,0.09341378238187467,-1,0.3883495145631068,0.34951456310679613,0.2621359223300971,-1,-0.01950305413878977,0.0015686503366337048,0.010535852237711738,100.0,100.0,100,31,2025-09-24,1.0,IS7U25,45.0,2025-09-24,1.0,0.002216121284732102,4,NO CALL,past independent N<20; 80% interval/class does not clear holding hurdle Rs150
internal,5,363,2025-10-10,2025-10-15,34700.0,-0.005780362915499425,-200.0,-1,-0.01149416819101661,0.0,0.0,0.8211153807490984,0.14676349509449654,0.0321211241564051,-1,0.411214953271028,0.3364485981308411,0.2523364485981308,-1,-0.022137534123896813,-0.0008508022581364058,0.010643365932880204,100.0,100.0,104,32,2025-10-09,1.0,IS7V25,21.0,2025-10-08,2.0,0.0032989777734481023,5,NO CALL,past independent N<20; 80% interval/class does not clear holding hurdle Rs150
internal,5,369,2025-10-17,2025-10-24,34200.0,0.0,0.0,0,-0.009481288427822133,0.0,0.0,0.7802814808779348,0.15389383122637249,0.06582468789569276,-1,0.42201834862385323,0.3302752293577982,0.24770642201834864,-1,-0.019969798324971835,0.001007221469327569,0.010488509897149702,100.0,100.0,106,33,2025-10-16,1.0,IS7V25,21.0,2025-10-15,2.0,0.0027602410845371256,6,NO CALL,past independent N<20; 80% interval/class does not clear holding hurdle Rs150
internal,5,372,2025-10-25,2025-10-30,34000.0,0.0,0.0,0,-0.006855735101082514,0.0,0.0,0.6600079601352524,0.24261824341189042,0.09737379645285714,-1,0.4247787610619469,0.336283185840708,0.23893805309734514,-1,-0.017410181296004447,0.0036987110938394175,0.010554446194921931,100.0,100.0,110,34,2025-10-24,1.0,IS7V25,21.0,2025-10-24,1.0,0.0010114511542000902,7,NO CALL,past independent N<20; 80% interval/class does not clear holding hurdle Rs150
internal,5,386,2025-11-11,2025-11-17,34300.0,0.023055776299925796,800.0,1,-0.005046046880441835,0.0,0.0,0.5657049074176621,0.2801941428470039,0.1541009497353339,-1,0.41739130434782606,0.3391304347826087,0.24347826086956523,-1,-0.015653576164269926,0.005561482403386257,0.010607529283828092,100.0,100.0,112,35,2025-11-10,1.0,IS7X25,15.0,2025-11-10,1.0,2.8052872289762755e-05,8,NO CALL,past independent N<20; 80% interval/class does not clear holding hurdle Rs150
internal,5,392,2025-11-18,2025-11-24,35200.0,-0.005698021114637779,-200.0,-1,-0.001446298741069654,0.0,0.0,0.4623803417639809,0.26599519864152615,0.2716244595944929,-1,0.41025641025641024,0.3333333333333333,0.2564102564102564,-1,-0.012319943731175525,0.009427346249036217,0.01087364499010587,100.0,100.0,114,36,2025-11-17,1.0,IS7X25,19.0,2025-11-17,1.0,-0.0005357359891248591,9,NO CALL,past independent N<20; past MAE skill<=0; class confidence<0.50; 80% interval/class does not clear holding hurdle Rs150
internal,5,411,2025-12-10,2025-12-16,34300.0,-0.0058479698824231,-200.0,-1,-0.0037327138836946005,0.0,0.0,0.5750109605110802,0.2245494505464557,0.20043958894246405,-1,0.4251968503937008,0.30708661417322836,0.2677165354330709,-1,-0.016227577399080158,0.008762149631690955,0.012494863515385556,100.0,100.0,124,38,2025-12-09,1.0,IS7Z25,27.0,2025-12-09,1.0,-0.00033753251610540644,10,NO CALL,past independent N<20; past MAE skill<=0; 80% interval/class does not clear holding hurdle Rs150
internal,5,416,2025-12-17,2025-12-22,34500.0,0.011527505171067414,400.0,1,-0.0038017506768670993,0.0,0.0,0.609407683729917,0.18202233650796149,0.20856997976212144,-1,0.43410852713178294,0.3023255813953488,0.26356589147286824,-1,-0.016291705948657358,0.008688204594923157,0.012489955271790257,100.0,100.0,126,39,2025-12-16,1.0,IS7Z25,42.0,2025-12-16,1.0,3.248988387641143e-05,11,NO CALL,past independent N<20; 80% interval/class does not clear holding hurdle Rs150
internal,5,422,2025-12-24,2025-12-29,35400.0,0.011236073266925752,400.0,1,-0.002464051309619475,0.0,0.0,0.603422223457132,0.09392846921548316,0.3026493073273847,-1,0.417910447761194,0.291044776119403,0.291044776119403,-1,-0.015672230043265876,0.010744127424026927,0.013208178733646402,100.0,100.0,131,40,2025-12-23,1.0,IS7Z25,45.0,2025-12-23,1.0,-0.00028703016285221324,12,NO CALL,past independent N<20; past MAE skill<=0; 80% interval/class does not clear holding hurdle Rs150
internal,5,440,2026-01-15,2026-01-20,36700.0,0.013532006218576373,500.0,1,-0.009029226440970678,0.0,0.0,0.8006490912866925,0.07886564778491036,0.12048526092839734,-1,0.3916083916083916,0.2727272727272727,0.3356643356643357,-1,-0.02419837349626431,0.006139920614322952,0.01516914705529363,100.0,100.0,140,42,2026-01-14,1.0,IS7F26,45.0,2026-01-14,1.0,-0.0004544933279881577,13,NO CALL,past independent N<20; past MAE skill<=0; 80% interval/class does not clear holding hurdle Rs150
internal,5,446,2026-01-22,2026-01-27,36500.0,0.013605652055778678,500.0,1,0.005746028185264556,0.0,0.0,0.5176668784306343,0.0325897347276486,0.44974338684171705,-1,0.3931034482758621,0.2689655172413793,0.33793103448275863,-1,-0.010271481912538861,0.02176353828306797,0.016017510097803417,100.0,100.0,142,43,2026-01-21,1.0,IS7F26,45.0,2026-01-21,1.0,-0.001066974264629766,14,NO CALL,past independent N<20; past MAE skill<=0; 80% interval/class does not clear holding hurdle Rs150
internal,5,459,2026-02-07,2026-02-12,37300.0,-0.010781775603288362,-400.0,-1,0.0032309179547901235,0.0,0.0,0.4978855182441111,0.07039104302880357,0.43172343872708535,-1,0.40397350993377484,0.2582781456953642,0.33774834437086093,-1,-0.012492054439282226,0.018953890348862475,0.01572297239407235,100.0,100.0,148,44,2026-02-06,1.0,IS7G26,33.0,2026-02-06,1.0,-0.0006127741013034777,15,NO CALL,past independent N<20; past MAE skill<=0; class confidence<0.50; 80% interval/class does not clear holding hurdle Rs150
internal,5,465,2026-02-14,2026-02-19,36500.0,-0.005494519317640702,-200.0,-1,0.0013440980347589004,0.0,0.0,0.5213186451640558,0.11774899080764174,0.36093236402830237,-1,0.40789473684210525,0.2565789473684211,0.3355263157894737,-1,-0.014297124633668888,0.016985320703186688,0.01564122266842779,100.0,100.0,149,45,2026-02-13,1.0,IS7G26,36.0,2026-02-10,4.0,-0.000776408092146394,16,NO CALL,past independent N<20; past MAE skill<=0; 80% interval/class does not clear holding hurdle Rs150
internal,5,471,2026-02-23,2026-02-28,36700.0,-0.01648388972168937,-600.0,-1,0.0025030812534835526,0.0,0.0,0.4852771685252502,0.12886418399865102,0.38585864747609877,-1,0.43037974683544306,0.2468354430379747,0.3227848101265823,-1,-0.014095092327321286,0.019101254834288393,0.01659817358080484,100.0,100.0,155,46,2026-02-20,3.0,IS7G26,36.0,2026-02-21,2.0,-0.0008098016181824243,17,NO CALL,past independent N<20; past MAE skill<=0; class confidence<0.50; 80% interval/class does not clear holding hurdle Rs150
internal,5,483,2026-03-10,2026-03-16,38800.0,-0.03407931365286262,-1300.0,-1,0.0030245165278898153,0.0,-0.001349528484582529,0.5304476700241554,0.03192361072475955,0.43762871925108504,-1,0.42073170731707316,0.25,0.32926829268292684,-1,-0.013507169431729317,0.019556202487508948,0.01653168595961913,100.0,100.0,161,48,2026-03-09,1.0,IS7H26,21.0,2026-03-09,1.0,-0.0009038727090324855,18,NO CALL,past independent N<20; past MAE skill<=0; 80% interval/class does not clear holding hurdle Rs150
internal,5,489,2026-03-17,2026-03-23,38000.0,0.007863736460214451,300.0,1,-0.0035381612165758963,0.0,-0.0027100735417628355,0.626465616331213,0.08173504449028932,0.2917993391784977,-1,0.42771084337349397,0.2469879518072289,0.3253012048192771,-1,-0.01972839874739058,0.012652076314238788,0.016190237530814684,100.0,100.0,163,49,2026-03-16,1.0,IS7H26,38.0,2026-03-16,1.0,-0.0010154855416039232,19,NO CALL,past independent N<20; past MAE skill<=0; 80% interval/class does not clear holding hurdle Rs150
internal,5,495,2026-03-25,2026-03-30,38300.0,0.028315920117287858,1100.0,1,-0.0007481240650625822,0.0,0.0,0.545437681642567,0.09484311789556524,0.35971920046186784,-1,0.4186046511627907,0.25,0.3313953488372093,-1,-0.017115102845040576,0.01561885471491541,0.016366978779977993,100.0,100.0,169,50,2026-03-24,1.0,IS7H26,38.0,2026-03-24,1.0,-0.001141619325352521,20,NO CALL,past MAE skill<=0; 80% interval/class does not clear holding hurdle Rs150
internal,5,512,2026-04-14,2026-04-20,41500.0,-0.01946533478810335,-800.0,-1,0.0007236000475009758,0.0,0.0,0.5466986015481512,0.030572395491301595,0.4227290029605471,-1,0.4022346368715084,0.24022346368715083,0.3575418994413408,-1,-0.016091072431450245,0.0175382725264522,0.01681467247895122,100.0,10.0,176,52,2026-04-13,1.0,IS7J26,31.0,2026-04-13,1.0,-0.001122881455814904,21,NO CALL,past MAE skill<=0; 80% interval/class does not clear holding hurdle Rs150
internal,5,518,2026-04-21,2026-04-27,40700.0,0.007343974255758505,300.0,1,-0.004242083927507702,0.0,0.0,0.73066080629931,0.029423833631442787,0.23991536006924716,-1,0.4088397790055249,0.23756906077348067,0.35359116022099446,-1,-0.02128569205936692,0.012801524204351513,0.017043608131859216,100.0,10.0,178,53,2026-04-20,1.0,IS7J26,28.0,2026-04-20,1.0,-0.0011047323008915467,22,NO CALL,past MAE skill<=0; 80% interval/class does not clear holding hurdle Rs150
internal,5,536,2026-05-12,2026-05-18,39400.0,-0.005089069507471293,-200.0,-1,0.0013499113432095733,0.0,0.0,0.42769295238861765,0.17701465628111598,0.39529239133026634,-1,0.41361256544502617,0.23036649214659685,0.35602094240837695,-1,-0.015303038915165806,0.018002861601584954,0.01665295025837538,100.0,100.0,188,55,2026-05-11,1.0,IS7K26,19.0,2026-05-09,3.0,-0.0012411388933531164,23,NO CALL,past MAE skill<=0; class confidence<0.50; 80% interval/class does not clear holding hurdle Rs150
internal,5,542,2026-05-19,2026-05-25,38800.0,-0.015584731016698203,-600.0,-1,-0.0037850160139005756,0.0,0.0,0.5490877466734714,0.13490568627822885,0.31600656704829977,-1,0.41450777202072536,0.22797927461139897,0.35751295336787564,-1,-0.02034710111484663,0.012777069087045482,0.016562085100946058,100.0,100.0,190,56,2026-05-18,1.0,IS7K26,19.0,2026-05-18,1.0,-0.0012456710787638013,24,NO CALL,past MAE skill<=0; 80% interval/class does not clear holding hurdle Rs150
internal,5,547,2026-05-26,2026-06-01,38500.0,0.010336009330662073,400.0,1,-0.0047555252917822295,0.0,0.0,0.5875643190761465,0.11583303737463603,0.2966026435492174,-1,0.4271356783919598,0.22110552763819097,0.35175879396984927,-1,-0.021417052611546264,0.011906002027981803,0.016661527319764034,100.0,100.0,196,57,2026-05-22,4.0,IS7K26,16.0,2026-05-25,1.0,-0.0010444435950572265,25,NO CALL,past MAE skill<=0; 80% interval/class does not clear holding hurdle Rs150
internal,5,557,2026-06-15,2026-06-20,38300.0,-0.026456569536830468,-1000.0,-1,0.002095169935804997,0.0,0.0,0.43398538551376603,0.15584095065227377,0.41017366383396003,-1,0.4187192118226601,0.21674876847290642,0.3645320197044335,-1,-0.014891930493945209,0.019082270365555203,0.016987100429750206,100.0,100.0,200,58,2026-06-12,3.0,IS7M26,19.0,2026-06-13,2.0,-0.0011871775064697249,26,NO CALL,past MAE skill<=0; class confidence<0.50; 80% interval/class does not clear holding hurdle Rs150
internal,5,566,2026-06-25,2026-06-30,36700.0,0.01621657158924529,600.0,1,9.028718670720174e-05,0.0,-0.0012269944807833514,0.4328659801448375,0.18379343281880353,0.383340587036359,-1,0.4326923076923077,0.21153846153846154,0.3557692307692308,-1,-0.0181071909119952,0.018287765285409607,0.018197478098702403,100.0,100.0,205,59,2026-06-24,1.0,IS7M26,19.0,2026-06-22,3.0,-0.0012208068557043646,27,NO CALL,past MAE skill<=0; class confidence<0.50; 80% interval/class does not clear holding hurdle Rs150
internal,5,582,2026-07-14,2026-07-20,37600.0,0.021053409197832263,800.0,1,-0.0045428546662211735,0.0,-0.0012269944807833514,0.6183744388127644,0.08614500415447464,0.2954805570327608,-1,0.42857142857142855,0.20952380952380953,0.3619047619047619,-1,-0.022318679081741313,0.013232969749298964,0.017775824415520138,100.0,100.0,207,60,2026-07-13,1.0,IS7N26,16.0,2026-07-13,1.0,-0.0011739820684753821,28,NO CALL,past MAE skill<=0; 80% interval/class does not clear holding hurdle Rs150
internal,5,588,2026-07-21,2026-07-27,38400.0,0.0026007817000574403,100.0,1,-0.0005508050833987173,0.0,-0.0012269944807833514,0.5371667420739994,0.09210150637867057,0.37073175154733,-1,0.42452830188679247,0.20754716981132076,0.36792452830188677,-1,-0.019083957929369396,0.017982347762571963,0.01853315284597068,100.0,100.0,209,61,2026-07-20,1.0,IS7N26,16.0,2026-07-20,1.0,-0.0012901500890873056,29,NO CALL,past MAE skill<=0; 80% interval/class does not clear holding hurdle Rs150
internal,5,593,2026-07-27,2026-08-01,38500.0,-0.005208345107138235,-200.0,-1,-0.003363858618197205,0.0,0.0,0.5063011475728106,0.14603351810112336,0.34766533432606606,-1,0.4166666666666667,0.2037037037037037,0.37962962962962965,-1,-0.021815044723508495,0.015087327487114083,0.01845118610531129,100.0,100.0,213,62,2026-07-24,3.0,IS7N26,53.0,2026-07-25,2.0,-0.0012655052555643545,30,NO CALL,past MAE skill<=0; 80% interval/class does not clear holding hurdle Rs150
local,5,318,2025-08-12,2025-08-18,38000.0,0.0,0.0,0,-0.0019404279190393498,0.0,0.0,0.4100001181939191,0.2794517708814628,0.31054811092461815,-1,0.3409090909090909,0.36363636363636365,0.29545454545454547,0,-0.013086935292874533,0.009206079454795834,0.011146507373835183,100.0,100.0,85,26,2025-08-11,1.0,IS7Q25,43.0,2025-08-11,1.0,,0,NO CALL,past independent N<20; past MAE skill<=0; class confidence<0.50; 80% interval/class does not clear holding hurdle Rs150
local,5,322,2025-08-19,2025-08-25,38000.0,0.005249355886143745,200.0,1,-0.0010880554040294298,0.0,0.0,0.35740863582576565,0.36188225184290457,0.28070911233132984,0,0.3333333333333333,0.37777777777777777,0.28888888888888886,0,-0.012087239766432292,0.009911128958373431,0.010999184362402862,100.0,100.0,87,27,2025-08-18,1.0,IS7Q25,49.0,2025-08-18,1.0,-0.0019404279190393498,1,NO CALL,past independent N<20; past MAE skill<=0; class confidence<0.50; 80% interval/class does not clear holding hurdle Rs150
local,5,340,2025-09-10,2025-09-15,38300.0,-0.013140793561058255,-500.0,-1,-0.0037072758685855215,0.0,0.0,0.49041221376556343,0.2473988950659238,0.2621888911685128,-1,0.34375,0.375,0.28125,0,-0.01422156500655413,0.0068070132693830885,0.01051428913796861,100.0,100.0,93,29,2025-09-09,1.0,IS7U25,37.0,2025-09-09,1.0,-0.0015142416615343897,2,NO CALL,past independent N<20; past MAE skill<=0; class confidence<0.50; 80% interval/class does not clear holding hurdle Rs150
local,5,346,2025-09-18,2025-09-23,37400.0,-0.02985296314968116,-1100.0,-1,-0.008102054937380272,0.0,0.0,0.636552063260929,0.24879730431160493,0.11465063242746604,-1,0.35714285714285715,0.3673469387755102,0.2755102040816326,0,-0.018512374450535794,0.0023082645757752512,0.010410319513155523,100.0,100.0,95,30,2025-09-17,1.0,IS7U25,45.0,2025-09-16,2.0,0.00022626418183891318,3,NO CALL,past independent N<20; 80% interval/class does not clear holding hurdle Rs150
local,5,351,2025-09-25,2025-09-30,36300.0,-0.008298802814695066,-300.0,-1,-0.007909573658165202,0.0,0.0,0.5722743511211663,0.2826105745330435,0.14511507434579027,-1,0.3883495145631068,0.34951456310679613,0.2621359223300971,-1,-0.018527766350858663,0.0027086190345282594,0.010618192692693462,100.0,100.0,100,31,2025-09-24,1.0,IS7U25,45.0,2025-09-24,1.0,0.002195211870724252,4,NO CALL,past independent N<20; 80% interval/class does not clear holding hurdle Rs150
local,5,363,2025-10-10,2025-10-15,34700.0,-0.005780362915499425,-200.0,-1,-0.01123129948932965,0.0,0.0,0.8027160160644328,0.16523288398085675,0.03205109995471067,-1,0.411214953271028,0.3364485981308411,0.2523364485981308,-1,-0.02198260168018287,-0.00047999729847643044,0.01075130219085322,100.0,100.0,104,32,2025-10-09,1.0,IS7V25,21.0,2025-10-08,2.0,0.0033380842282124436,5,NO CALL,past independent N<20; 80% interval/class does not clear holding hurdle Rs150
local,5,369,2025-10-17,2025-10-24,34200.0,0.0,0.0,0,-0.010484788315204158,0.0,0.0,0.788311499948884,0.1799795349246976,0.03170896512641836,-1,0.42201834862385323,0.3302752293577982,0.24770642201834864,-1,-0.021102903557745897,0.0001333269273375813,0.01061811524254174,100.0,100.0,106,33,2025-10-16,1.0,IS7V25,21.0,2025-10-15,2.0,0.002836641247121902,6,NO CALL,past independent N<20; 80% interval/class does not clear holding hurdle Rs150
local,5,372,2025-10-25,2025-10-30,34000.0,0.0,0.0,0,-0.0074872336923193835,0.0,0.0,0.6508338213983266,0.31817489186957076,0.030991286732102653,-1,0.4247787610619469,0.336283185840708,0.23893805309734514,-1,-0.01841048221109836,0.003436014826459593,0.010923248518778976,100.0,100.0,110,34,2025-10-24,1.0,IS7V25,21.0,2025-10-24,1.0,0.0009335798810753224,7,NO CALL,past independent N<20; 80% interval/class does not clear holding hurdle Rs150
local,5,386,2025-11-11,2025-11-17,34300.0,0.023055776299925796,800.0,1,-0.004675624432127772,0.0,0.0,0.5326268986024595,0.3404926067056299,0.12688049469191065,-1,0.41739130434782606,0.3391304347826087,0.24347826086956523,-1,-0.01572506620263515,0.0063738173383796086,0.01104944177050738,100.0,100.0,112,35,2025-11-10,1.0,IS7X25,15.0,2025-11-10,1.0,-0.00011902181559901581,8,NO CALL,past independent N<20; past MAE skill<=0; 80% interval/class does not clear holding hurdle Rs150
local,5,392,2025-11-18,2025-11-24,35200.0,-0.005698021114637779,-200.0,-1,2.5594777810492893e-05,0.0,0.0,0.3939625886978809,0.32258926442704255,0.2834481468750766,-1,0.41025641025641024,0.3333333333333333,0.2564102564102564,-1,-0.011326169247209566,0.011377358802830553,0.01135176402502006,100.0,100.0,114,36,2025-11-17,1.0,IS7X25,19.0,2025-11-17,1.0,-0.0006253109952133237,9,NO CALL,past independent N<20; past MAE skill<=0; class confidence<0.50; 80% interval/class does not clear holding hurdle Rs150
local,5,411,2025-12-10,2025-12-16,34300.0,-0.0058479698824231,-200.0,-1,-0.0015506114722082876,0.0,0.0,0.5060415023589263,0.2003805981293648,0.2935778995117088,-1,0.4251968503937008,0.30708661417322836,0.2677165354330709,-1,-0.013693157337358694,0.010591934392942117,0.012142545865150406,100.0,100.0,124,38,2025-12-09,1.0,IS7Z25,27.0,2025-12-09,1.0,-0.0005653393734730387,10,NO CALL,past independent N<20; past MAE skill<=0; 80% interval/class does not clear holding hurdle Rs150
local,5,416,2025-12-17,2025-12-22,34500.0,0.011527505171067414,400.0,1,-0.0019683512572325167,0.0,0.0,0.5581634904008308,0.17648349584470618,0.2653530137544631,-1,0.43410852713178294,0.3023255813953488,0.26356589147286824,-1,-0.013954378526304758,0.010017676011839725,0.011986027269072242,100.0,100.0,126,39,2025-12-16,1.0,IS7Z25,42.0,2025-12-16,1.0,-0.0003729802056838278,11,NO CALL,past independent N<20; past MAE skill<=0; 80% interval/class does not clear holding hurdle Rs150
local,5,422,2025-12-24,2025-12-29,35400.0,0.011236073266925752,400.0,1,0.0009008501379993942,0.0,0.0,0.5214094914609951,0.055406396656611366,0.4231841118823936,-1,0.417910447761194,0.291044776119403,0.291044776119403,-1,-0.011546797143898163,0.013348497419896953,0.012447647281897558,100.0,100.0,131,40,2025-12-23,1.0,IS7Z25,45.0,2025-12-23,1.0,-0.0005059277933128839,12,NO CALL,past independent N<20; past MAE skill<=0; 80% interval/class does not clear holding hurdle Rs150
local,5,440,2026-01-15,2026-01-20,36700.0,0.013532006218576373,500.0,1,-0.0024187023435819316,0.0,0.0,0.6507101746114891,0.03334435395778425,0.31594547143072677,-1,0.3916083916083916,0.2727272727272727,0.3356643356643357,-1,-0.01704835261930899,0.012210947932145125,0.014629650275727057,100.0,100.0,140,42,2026-01-14,1.0,IS7F26,45.0,2026-01-14,1.0,-0.00039771410628886353,13,NO CALL,past independent N<20; past MAE skill<=0; 80% interval/class does not clear holding hurdle Rs150
local,5,446,2026-01-22,2026-01-27,36500.0,0.013605652055778678,500.0,1,0.009823680872568291,0.0,0.0,0.426518498027951,0.030374115073426404,0.5431073868986225,1,0.3931034482758621,0.2689655172413793,0.33793103448275863,-1,-0.004811888738261631,0.024459250483398212,0.014635569610829922,100.0,100.0,142,43,2026-01-21,1.0,IS7F26,45.0,2026-01-21,1.0,-0.0005420704089526551,14,NO CALL,past independent N<20; past MAE skill<=0; 80% interval/class does not clear holding hurdle Rs150
local,5,459,2026-02-07,2026-02-12,37300.0,-0.010781775603288362,-400.0,-1,0.0016126197613604547,0.0,0.0,0.5530155725100265,0.050070364036895534,0.3969140634530779,-1,0.40397350993377484,0.2582781456953642,0.33774834437086093,-1,-0.01321002291391997,0.01643526243664088,0.014822642675280424,100.0,100.0,148,44,2026-02-06,1.0,IS7G26,33.0,2026-02-06,1.0,0.0001489796764820757,15,NO CALL,past independent N<20; 80% interval/class does not clear holding hurdle Rs150
local,5,465,2026-02-14,2026-02-19,36500.0,-0.005494519317640702,-200.0,-1,0.002884341020582288,0.0,0.0,0.5141188480021229,0.03706801790613834,0.4488131340917388,-1,0.40789473684210525,0.2565789473684211,0.3355263157894737,-1,-0.011579275811768243,0.01734795785293282,0.01446361683235053,100.0,100.0,149,45,2026-02-13,1.0,IS7G26,36.0,2026-02-10,4.0,3.887971161692025e-05,16,NO CALL,past independent N<20; 80% interval/class does not clear holding hurdle Rs150
local,5,471,2026-02-23,2026-02-28,36700.0,-0.01648388972168937,-600.0,-1,0.0010592661642091026,0.0,0.0,0.549607537106647,0.04502843975934838,0.40536402313400455,-1,0.43037974683544306,0.2468354430379747,0.3227848101265823,-1,-0.013805481290917508,0.015924013619335715,0.014864747455126611,100.0,100.0,155,46,2026-02-20,3.0,IS7G26,36.0,2026-02-21,2.0,-0.00013307444910068064,17,NO CALL,past independent N<20; past MAE skill<=0; 80% interval/class does not clear holding hurdle Rs150
local,5,483,2026-03-10,2026-03-16,38800.0,-0.03407931365286262,-1300.0,-1,0.001146218693375323,0.0,-0.001349528484582529,0.5366691242285441,0.02827760725491075,0.43505326851654524,-1,0.42073170731707316,0.25,0.32926829268292684,-1,-0.013218559969705048,0.015510997356455695,0.014364778663080372,100.0,100.0,161,48,2026-03-09,1.0,IS7H26,21.0,2026-03-09,1.0,-0.0001845295443844812,18,NO CALL,past independent N<20; past MAE skill<=0; 80% interval/class does not clear holding hurdle Rs150
local,5,489,2026-03-17,2026-03-23,38000.0,0.007863736460214451,300.0,1,-0.0025548499491186627,0.0,-0.0027100735417628355,0.5749146975464201,0.02957364361514169,0.39551165883843825,-1,0.42771084337349397,0.2469879518072289,0.3253012048192771,-1,-0.018535637509094097,0.01342593761085677,0.015980787559975434,100.0,100.0,163,49,2026-03-16,1.0,IS7H26,38.0,2026-03-16,1.0,-0.00023514476275241988,19,NO CALL,past independent N<20; past MAE skill<=0; 80% interval/class does not clear holding hurdle Rs150
local,5,495,2026-03-25,2026-03-30,38300.0,0.028315920117287858,1100.0,1,-0.00023225815694621638,0.0,0.0,0.5093184149727347,0.030979018564097707,0.45970256646316765,-1,0.4186046511627907,0.25,0.3313953488372093,-1,-0.015758538341951858,0.015294022028059427,0.015526280185005643,100.0,100.0,169,50,2026-03-24,1.0,IS7H26,38.0,2026-03-24,1.0,-0.0003511300220707305,20,NO CALL,past MAE skill<=0; 80% interval/class does not clear holding hurdle Rs150
local,5,512,2026-04-14,2026-04-20,41500.0,-0.01946533478810335,-800.0,-1,-0.0007120208333450118,0.0,0.0,0.536212933449282,0.026744621957263074,0.43704244459345487,-1,0.4022346368715084,0.24022346368715083,0.3575418994413408,-1,-0.017266748615048927,0.015842706948358903,0.016554727781703915,100.0,10.0,176,52,2026-04-13,1.0,IS7J26,31.0,2026-04-13,1.0,-0.00034546945706480023,21,NO CALL,past MAE skill<=0; 80% interval/class does not clear holding hurdle Rs150
local,5,518,2026-04-21,2026-04-27,40700.0,0.007343974255758505,300.0,1,-0.010872381683912772,0.0,0.0,0.929891688169563,0.028642579643362465,0.041465732187074424,-1,0.4088397790055249,0.23756906077348067,0.35359116022099446,-1,-0.027926680249191115,0.006181916881365568,0.01705429856527834,100.0,10.0,178,53,2026-04-20,1.0,IS7J26,28.0,2026-04-20,1.0,-0.00029740171659162727,22,NO CALL,past MAE skill<=0; 80% interval/class does not clear holding hurdle Rs150
local,5,536,2026-05-12,2026-05-18,39400.0,-0.005089069507471293,-200.0,-1,-0.0019355635519799428,0.0,0.0,0.48647914558280675,0.24687009367475918,0.26665076074243393,-1,0.41361256544502617,0.23036649214659685,0.35602094240837695,-1,-0.01815462607437932,0.014283498970419434,0.016219062522399377,100.0,100.0,188,55,2026-05-11,1.0,IS7K26,19.0,2026-05-09,3.0,-0.0007571834543012423,23,NO CALL,past MAE skill<=0; class confidence<0.50; 80% interval/class does not clear holding hurdle Rs150
local,5,542,2026-05-19,2026-05-25,38800.0,-0.015584731016698203,-600.0,-1,-0.008037245716994077,0.0,0.0,0.6393971288752287,0.21652891989061704,0.14407395123415426,-1,0.41450777202072536,0.22797927461139897,0.35751295336787564,-1,-0.02423770202103412,0.008163210587045965,0.01620045630404004,100.0,100.0,190,56,2026-05-18,1.0,IS7K26,19.0,2026-05-18,1.0,-0.0006449856623728621,24,NO CALL,past MAE skill<=0; 80% interval/class does not clear holding hurdle Rs150
local,5,547,2026-05-26,2026-06-01,38500.0,0.010336009330662073,400.0,1,-0.008991813873113087,0.0,0.0,0.6852997472269864,0.18545133534260066,0.12924891743041292,-1,0.4271356783919598,0.22110552763819097,0.35175879396984927,-1,-0.025225059439089197,0.0072414316928630235,0.01623324556597611,100.0,100.0,196,57,2026-05-22,4.0,IS7K26,16.0,2026-05-25,1.0,-0.00029769640719818496,25,NO CALL,past MAE skill<=0; 80% interval/class does not clear holding hurdle Rs150
local,5,557,2026-06-15,2026-06-20,38300.0,-0.026456569536830468,-1000.0,-1,-2.5301560051187535e-06,0.0,0.0,0.479414666616899,0.1906535433093149,0.32993179007378604,-1,0.4187192118226601,0.21674876847290642,0.3645320197044335,-1,-0.016932353742091982,0.016927293430081744,0.016929823586086863,100.0,100.0,200,58,2026-06-12,3.0,IS7M26,19.0,2026-06-13,2.0,-0.0006320855405026037,26,NO CALL,past MAE skill<=0; class confidence<0.50; 80% interval/class does not clear holding hurdle Rs150
local,5,566,2026-06-25,2026-06-30,36700.0,0.01621657158924529,600.0,1,-0.0012687298619066174,0.0,-0.0012269944807833514,0.46276525159287085,0.2046156890970171,0.33261905931011204,-1,0.4326923076923077,0.21153846153846154,0.3557692307692308,-1,-0.01896534978023236,0.016427890056419123,0.017696619918325742,100.0,100.0,205,59,2026-06-24,1.0,IS7M26,19.0,2026-06-22,3.0,-0.0006085812554467631,27,NO CALL,past MAE skill<=0; class confidence<0.50; 80% interval/class does not clear holding hurdle Rs150
local,5,582,2026-07-14,2026-07-20,37600.0,0.021053409197832263,800.0,1,-0.006941431691625145,0.0,-0.0012269944807833514,0.674222621806567,0.02731795820678886,0.298459419986644,-1,0.42857142857142855,0.20952380952380953,0.3619047619047619,-1,-0.02451879084694442,0.010635927463694132,0.017577359155319276,100.0,100.0,207,60,2026-07-13,1.0,IS7N26,16.0,2026-07-13,1.0,-0.0006321579913917599,28,NO CALL,past MAE skill<=0; 80% interval/class does not clear holding hurdle Rs150
local,5,588,2026-07-21,2026-07-27,38400.0,0.0026007817000574403,100.0,1,-0.0005719160595482632,0.0,-0.0012269944807833514,0.5373000098952928,0.040233883005917036,0.4224661070987903,-1,0.42452830188679247,0.20754716981132076,0.36792452830188677,-1,-0.018308591110218046,0.017164758991121517,0.01773667505066978,100.0,100.0,209,61,2026-07-20,1.0,IS7N26,16.0,2026-07-20,1.0,-0.0008497191534687712,29,NO CALL,past MAE skill<=0; 80% interval/class does not clear holding hurdle Rs150
local,5,593,2026-07-27,2026-08-01,38500.0,-0.005208345107138235,-200.0,-1,-0.0014498598095077661,0.0,0.0,0.4615679195003545,0.09265194220880003,0.44578013829084545,-1,0.4166666666666667,0.2037037037037037,0.37962962962962965,-1,-0.01921401368163119,0.016314294062615656,0.017764153872123423,100.0,100.0,213,62,2026-07-24,3.0,IS7N26,53.0,2026-07-25,2.0,-0.0008404590503380896,30,NO CALL,past MAE skill<=0; class confidence<0.50; 80% interval/class does not clear holding hurdle Rs150
turkey,5,318,2025-08-12,2025-08-18,38000.0,0.0,0.0,0,-0.0030819835663519132,0.0,0.0,0.4388968379556115,0.33619601443593583,0.22490714760845282,-1,0.3409090909090909,0.36363636363636365,0.29545454545454547,0,-0.014150113164830077,0.00798614603212625,0.011068129598478164,100.0,100.0,85,26,2025-08-11,1.0,IS7Q25,43.0,2025-08-11,1.0,,0,NO CALL,past independent N<20; past MAE skill<=0; class confidence<0.50; 80% interval/class does not clear holding hurdle Rs150
turkey,5,322,2025-08-19,2025-08-25,38000.0,0.005249355886143745,200.0,1,5.3031516917555785e-05,0.0,0.0,0.34049771376078874,0.30124666767960634,0.35825561855960497,1,0.3333333333333333,0.37777777777777777,0.28888888888888886,0,-0.010695293733683213,0.010801356767518325,0.010748325250600769,100.0,100.0,87,27,2025-08-18,1.0,IS7Q25,49.0,2025-08-18,1.0,-0.0030819835663519132,1,NO CALL,past independent N<20; past MAE skill<=0; class confidence<0.50; 80% interval/class does not clear holding hurdle Rs150
turkey,5,340,2025-09-10,2025-09-15,38300.0,-0.013140793561058255,-500.0,-1,-0.004561719133703171,0.0,0.0,0.5069713659614046,0.2667897825782835,0.2262388514603119,-1,0.34375,0.375,0.28125,0,-0.014354374137292918,0.005230935869886577,0.009792655003589747,100.0,100.0,93,29,2025-09-09,1.0,IS7U25,37.0,2025-09-09,1.0,-0.001514476024717179,2,NO CALL,past independent N<20; past MAE skill<=0; 80% interval/class does not clear holding hurdle Rs150
turkey,5,346,2025-09-18,2025-09-23,37400.0,-0.02985296314968116,-1100.0,-1,-0.009356378220150792,0.0,0.0,0.6368070756880744,0.3275447418492255,0.03564818246270009,-1,0.35714285714285715,0.3673469387755102,0.2755102040816326,0,-0.019165537303634267,0.00045278086333268297,0.009809159083483475,100.0,100.0,95,30,2025-09-17,1.0,IS7U25,45.0,2025-09-16,2.0,0.0005109223614229372,3,NO CALL,past independent N<20; 80% interval/class does not clear holding hurdle Rs150
turkey,5,351,2025-09-25,2025-09-30,36300.0,-0.008298802814695066,-300.0,-1,-0.009525528139333857,0.0,0.0,0.6138485237419731,0.3312060016268024,0.05494547463122456,-1,0.3883495145631068,0.34951456310679613,0.2621359223300971,-1,-0.019553174362865418,0.0005021180841977054,0.010027646223531562,100.0,100.0,100,31,2025-09-24,1.0,IS7U25,45.0,2025-09-24,1.0,0.002722286326104901,4,NO CALL,past independent N<20; 80% interval/class does not clear holding hurdle Rs150
turkey,5,363,2025-10-10,2025-10-15,34700.0,-0.005780362915499425,-200.0,-1,-0.008106988895120805,0.0,0.0,0.7773727135268398,0.07045519091887392,0.15217209555428626,-1,0.411214953271028,0.3364485981308411,0.2523364485981308,-1,-0.018899703644632886,0.0026857258543912747,0.01079271474951208,100.0,100.0,104,32,2025-10-09,1.0,IS7V25,21.0,2025-10-08,2.0,0.0035922445588951763,5,NO CALL,past independent N<20; 80% interval/class does not clear holding hurdle Rs150
turkey,5,369,2025-10-17,2025-10-24,34200.0,0.0,0.0,0,-0.0062180900741770125,0.0,0.0,0.714091512026806,0.08890587732247728,0.19700261065071661,-1,0.42201834862385323,0.3302752293577982,0.24770642201834864,-1,-0.017275229123071698,0.004839048974717673,0.011057139048894686,100.0,100.0,106,33,2025-10-16,1.0,IS7V25,21.0,2025-10-15,2.0,0.0035691599550589873,6,NO CALL,past independent N<20; 80% interval/class does not clear holding hurdle Rs150
turkey,5,372,2025-10-25,2025-10-30,34000.0,0.0,0.0,0,-0.004991247784221085,0.0,0.0,0.6218591056425098,0.2016656792059509,0.1764752151515393,-1,0.4247787610619469,0.336283185840708,0.23893805309734514,-1,-0.01587296372254591,0.005890468154103738,0.010881715938324822,100.0,100.0,110,34,2025-10-24,1.0,IS7V25,21.0,2025-10-24,1.0,0.002170981379453845,7,NO CALL,past independent N<20; 80% interval/class does not clear holding hurdle Rs150
turkey,5,386,2025-11-11,2025-11-17,34300.0,0.023055776299925796,800.0,1,-0.0025757408317708457,0.0,0.0,0.516337913839379,0.2317197523755819,0.25194233378503916,-1,0.41739130434782606,0.3391304347826087,0.24347826086956523,-1,-0.01327514574783684,0.008123664084295146,0.010699404916065993,100.0,100.0,112,35,2025-11-10,1.0,IS7X25,15.0,2025-11-10,1.0,0.0012757027339944781,8,NO CALL,past independent N<20; 80% interval/class does not clear holding hurdle Rs150
turkey,5,392,2025-11-18,2025-11-24,35200.0,-0.005698021114637779,-200.0,-1,0.001108038074936838,0.0,0.0,0.40722851412287864,0.22281393749073686,0.3699575483863845,-1,0.41025641025641024,0.3333333333333333,0.2564102564102564,-1,-0.009682356056718234,0.01189843220659191,0.010790394131655072,100.0,100.0,114,36,2025-11-17,1.0,IS7X25,19.0,2025-11-17,1.0,0.0008477645600205516,9,NO CALL,past independent N<20; class confidence<0.50; 80% interval/class does not clear holding hurdle Rs150
turkey,5,411,2025-12-10,2025-12-16,34300.0,-0.0058479698824231,-200.0,-1,-0.0013758668963069478,0.0,0.0,0.5283400568816585,0.18375055550238517,0.28790938761595614,-1,0.4251968503937008,0.30708661417322836,0.2677165354330709,-1,-0.013400963733283009,0.010649229940669112,0.01202509683697606,100.0,100.0,124,38,2025-12-09,1.0,IS7Z25,27.0,2025-12-09,1.0,0.0006521842965248135,10,NO CALL,past independent N<20; 80% interval/class does not clear holding hurdle Rs150
turkey,5,416,2025-12-17,2025-12-22,34500.0,0.011527505171067414,400.0,1,-0.0018102564161201454,0.0,0.0,0.5672763576626553,0.15254588307309594,0.28017775926424876,-1,0.43410852713178294,0.3023255813953488,0.26356589147286824,-1,-0.013881046789876395,0.010260533957636105,0.01207079037375625,100.0,100.0,126,39,2025-12-16,1.0,IS7Z25,42.0,2025-12-16,1.0,0.0007179736237777345,11,NO CALL,past independent N<20; 80% interval/class does not clear holding hurdle Rs150
turkey,5,422,2025-12-24,2025-12-29,35400.0,0.011236073266925752,400.0,1,-0.001861504325681228,0.0,0.0,0.5969040114721704,0.06666814095531182,0.33642784757251776,-1,0.417910447761194,0.291044776119403,0.291044776119403,-1,-0.01416345380818597,0.010440445156823514,0.012301949482504742,100.0,100.0,131,40,2025-12-23,1.0,IS7Z25,45.0,2025-12-23,1.0,0.0005072877871195782,12,NO CALL,past independent N<20; 80% interval/class does not clear holding hurdle Rs150
turkey,5,440,2026-01-15,2026-01-20,36700.0,0.013532006218576373,500.0,1,-0.0043316677795006255,0.0,0.0,0.6480818154876493,0.12466494571354284,0.22725323879880777,-1,0.3916083916083916,0.2727272727272727,0.3356643356643357,-1,-0.01950978144051717,0.010846445881515922,0.015178113661016547,100.0,100.0,140,42,2026-01-14,1.0,IS7F26,45.0,2026-01-14,1.0,0.00032507300921182265,13,NO CALL,past independent N<20; 80% interval/class does not clear holding hurdle Rs150
turkey,5,446,2026-01-22,2026-01-27,36500.0,0.013605652055778678,500.0,1,0.006306623654507496,0.0,0.0,0.493277063630972,0.03492181592927012,0.4718011204397577,-1,0.3931034482758621,0.2689655172413793,0.33793103448275863,-1,-0.009048162266884513,0.021661409575899505,0.015354785921392009,100.0,100.0,142,43,2026-01-21,1.0,IS7F26,45.0,2026-01-21,1.0,-7.551332839065075e-06,14,NO CALL,past independent N<20; past MAE skill<=0; class confidence<0.50; 80% interval/class does not clear holding hurdle Rs150
turkey,5,459,2026-02-07,2026-02-12,37300.0,-0.010781775603288362,-400.0,-1,0.0036730660105465714,0.0,0.0,0.5132874439836271,0.03251373914526956,0.4541988168711033,-1,0.40397350993377484,0.2582781456953642,0.33774834437086093,-1,-0.011776587098614531,0.019122719119707674,0.015449653109161103,100.0,100.0,148,44,2026-02-06,1.0,IS7G26,33.0,2026-02-06,1.0,0.00041339366631737255,15,NO CALL,past independent N<20; 80% interval/class does not clear holding hurdle Rs150
turkey,5,465,2026-02-14,2026-02-19,36500.0,-0.005494519317640702,-200.0,-1,0.00025738461646917046,0.0,0.0,0.5805565606703305,0.0744539408195327,0.3449894985101367,-1,0.40789473684210525,0.2565789473684211,0.3355263157894737,-1,-0.015019057501889104,0.015533826734827444,0.015276442118358274,100.0,100.0,149,45,2026-02-13,1.0,IS7G26,36.0,2026-02-10,4.0,0.000157989936513378,16,NO CALL,past independent N<20; 80% interval/class does not clear holding hurdle Rs150
turkey,5,471,2026-02-23,2026-02-28,36700.0,-0.01648388972168937,-600.0,-1,0.0030771601667178997,0.0,0.0,0.49372383355166405,0.09509774646627416,0.4111784199820617,-1,0.43037974683544306,0.2468354430379747,0.3227848101265823,-1,-0.0130506267205329,0.019204947053968698,0.0161277868872508,100.0,100.0,155,46,2026-02-20,3.0,IS7G26,36.0,2026-02-21,2.0,0.00013355613927910903,17,NO CALL,past independent N<20; class confidence<0.50; 80% interval/class does not clear holding hurdle Rs150
turkey,5,483,2026-03-10,2026-03-16,38800.0,-0.03407931365286262,-1300.0,-1,0.00020785017923763513,0.0,-0.001349528484582529,0.6117898010530053,0.03179230353119467,0.35641789541580005,-1,0.42073170731707316,0.25,0.32926829268292684,-1,-0.01608911104986389,0.01650481140833916,0.016296961229101525,100.0,100.0,161,48,2026-03-09,1.0,IS7H26,21.0,2026-03-09,1.0,-4.481698883183373e-05,18,NO CALL,past independent N<20; past MAE skill<=0; 80% interval/class does not clear holding hurdle Rs150
turkey,5,489,2026-03-17,2026-03-23,38000.0,0.007863736460214451,300.0,1,-0.00458113699855976,0.0,-0.0027100735417628355,0.6589630761508621,0.08019547898495186,0.260841444864186,-1,0.42771084337349397,0.2469879518072289,0.3253012048192771,-1,-0.021434607645479015,0.012272333648359498,0.016853470646919257,100.0,100.0,163,49,2026-03-16,1.0,IS7H26,38.0,2026-03-16,1.0,-5.33976830637186e-05,19,NO CALL,past independent N<20; past MAE skill<=0; 80% interval/class does not clear holding hurdle Rs150
turkey,5,495,2026-03-25,2026-03-30,38300.0,0.028315920117287858,1100.0,1,-0.00046524054228407833,0.0,0.0,0.5336859769207509,0.10671500565243726,0.35959901742681183,-1,0.4186046511627907,0.25,0.3313953488372093,-1,-0.017028917012313124,0.01609843592774497,0.016563676470029046,100.0,100.0,169,50,2026-03-24,1.0,IS7H26,38.0,2026-03-24,1.0,-0.0002797846488385193,20,NO CALL,past MAE skill<=0; 80% interval/class does not clear holding hurdle Rs150
turkey,5,512,2026-04-14,2026-04-20,41500.0,-0.01946533478810335,-800.0,-1,-0.0009171155254577984,0.0,0.0,0.5038796447449085,0.20133900993071183,0.29478134532437955,-1,0.4022346368715084,0.24022346368715083,0.3575418994413408,-1,-0.017585566260174604,0.015751335209259008,0.016668450734716806,100.0,100.0,176,52,2026-04-13,1.0,IS7J26,31.0,2026-04-13,1.0,-0.000288615881859737,21,NO CALL,past MAE skill<=0; 80% interval/class does not clear holding hurdle Rs150
turkey,5,518,2026-04-21,2026-04-27,40700.0,0.007343974255758505,300.0,1,-0.006552506496689544,0.0,0.0,0.6819671909800048,0.09279704197475291,0.22523576704524237,-1,0.4088397790055249,0.23756906077348067,0.35359116022099446,-1,-0.02299105441752459,0.009886041424145505,0.01643854792083505,100.0,100.0,178,53,2026-04-20,1.0,IS7J26,28.0,2026-04-20,1.0,-0.00023380990879984936,22,NO CALL,past MAE skill<=0; 80% interval/class does not clear holding hurdle Rs150
turkey,5,536,2026-05-12,2026-05-18,39400.0,-0.005089069507471293,-200.0,-1,0.0008449430588531665,0.0,0.0,0.3956616947471386,0.238418296029873,0.3659200092229885,-1,0.41361256544502617,0.23036649214659685,0.35602094240837695,-1,-0.015481360979134336,0.017171247096840668,0.016326304037987502,100.0,100.0,188,55,2026-05-11,1.0,IS7K26,19.0,2026-05-09,3.0,-0.0005085358474037488,23,NO CALL,past MAE skill<=0; class confidence<0.50; 80% interval/class does not clear holding hurdle Rs150
turkey,5,542,2026-05-19,2026-05-25,38800.0,-0.015584731016698203,-600.0,-1,-0.002643087519985236,0.0,0.0,0.5461010070400532,0.08639949540477262,0.36749949755517425,-1,0.41450777202072536,0.22797927461139897,0.35751295336787564,-1,-0.018712548510349793,0.013426373470379322,0.01606946099036456,100.0,100.0,190,56,2026-05-18,1.0,IS7K26,19.0,2026-05-18,1.0,-0.0005225528145474754,24,NO CALL,past MAE skill<=0; 80% interval/class does not clear holding hurdle Rs150
turkey,5,547,2026-05-26,2026-06-01,38500.0,0.010336009330662073,400.0,1,-0.0038626010159784107,0.0,0.0,0.5859484725658067,0.07087773453425397,0.34317379289993943,-1,0.4271356783919598,0.22110552763819097,0.35175879396984927,-1,-0.02011189489312211,0.01238669286116529,0.0162492938771437,100.0,100.0,196,57,2026-05-22,4.0,IS7K26,16.0,2026-05-25,1.0,-0.0003959272011661661,25,NO CALL,past MAE skill<=0; 80% interval/class does not clear holding hurdle Rs150
turkey,5,557,2026-06-15,2026-06-20,38300.0,-0.026456569536830468,-1000.0,-1,0.004741999917458551,0.0,0.0,0.3846514176450652,0.12231853586575413,0.49303004648918075,1,0.4187192118226601,0.21674876847290642,0.3645320197044335,-1,-0.01154878587645539,0.02103278571137249,0.01629078579391394,100.0,100.0,200,58,2026-06-12,3.0,IS7M26,19.0,2026-06-13,2.0,-0.0005292608094281757,26,NO CALL,past MAE skill<=0; class confidence<0.50; 80% interval/class does not clear holding hurdle Rs150
turkey,5,566,2026-06-25,2026-06-30,36700.0,0.01621657158924529,600.0,1,-0.0011577253148701075,0.0,-0.0012269944807833514,0.4446435954705592,0.24822174727405918,0.30713465725538164,-1,0.4326923076923077,0.21153846153846154,0.3557692307692308,-1,-0.018059567348082766,0.01574411671834255,0.01690184203321266,100.0,100.0,205,59,2026-06-24,1.0,IS7M26,19.0,2026-06-22,3.0,-0.0006852881837996708,27,NO CALL,past MAE skill<=0; class confidence<0.50; 80% interval/class does not clear holding hurdle Rs150
turkey,5,582,2026-07-14,2026-07-20,37600.0,0.021053409197832263,800.0,1,-0.008054752987382,0.0,-0.0012269944807833514,0.6831407641102184,0.1179234477464148,0.19893578814336665,-1,0.42857142857142855,0.20952380952380953,0.3619047619047619,-1,-0.02505049238081697,0.008940986406052972,0.01699573939343497,100.0,100.0,207,60,2026-07-13,1.0,IS7N26,16.0,2026-07-13,1.0,-0.0007021609384807587,28,NO CALL,past MAE skill<=0; 80% interval/class does not clear holding hurdle Rs150
turkey,5,588,2026-07-21,2026-07-27,38400.0,0.0026007817000574403,100.0,1,-0.0024364632470994223,0.0,-0.0012269944807833514,0.5751781599778131,0.1177146804080863,0.30710715961410057,-1,0.42452830188679247,0.20754716981132076,0.36792452830188677,-1,-0.019986021923747384,0.01511309542954854,0.017549558676647963,100.0,100.0,209,61,2026-07-20,1.0,IS7N26,16.0,2026-07-20,1.0,-0.0009556985953394215,29,NO CALL,past MAE skill<=0; 80% interval/class does not clear holding hurdle Rs150
turkey,5,593,2026-07-27,2026-08-01,38500.0,-0.005208345107138235,-200.0,-1,-0.002303894843272544,0.0,0.0,0.5065994010378164,0.09342829590408278,0.3999723030581009,-1,0.4166666666666667,0.2037037037037037,0.37962962962962965,-1,-0.019545673009163007,0.01493788332261792,0.017241778165890464,100.0,100.0,213,62,2026-07-24,3.0,IS7N26,53.0,2026-07-25,2.0,-0.0010050574170647562,30,NO CALL,past MAE skill<=0; 80% interval/class does not clear holding hurdle Rs150
combined,5,318,2025-08-12,2025-08-18,38000.0,0.0,0.0,0,-0.00273149506311902,0.0,0.0,0.43579434500051173,0.3046081682900589,0.25959748670942934,-1,0.3409090909090909,0.36363636363636365,0.29545454545454547,0,-0.013425116361779874,0.007962126235541832,0.010693621298660853,100.0,100.0,85,26,2025-08-11,1.0,IS7Q25,43.0,2025-08-11,1.0,,0,NO CALL,past independent N<20; past MAE skill<=0; class confidence<0.50; 80% interval/class does not clear holding hurdle Rs150
combined,5,322,2025-08-19,2025-08-25,38000.0,0.005249355886143745,200.0,1,-7.274009501385666e-05,0.0,0.0,0.34018812844728996,0.3154316130853811,0.344380258467329,1,0.3333333333333333,0.37777777777777777,0.28888888888888886,0,-0.010724422904947028,0.010578942714919316,0.010651682809933172,100.0,100.0,87,27,2025-08-18,1.0,IS7Q25,49.0,2025-08-18,1.0,-0.00273149506311902,1,NO CALL,past independent N<20; past MAE skill<=0; class confidence<0.50; 80% interval/class does not clear holding hurdle Rs150
combined,5,340,2025-09-10,2025-09-15,38300.0,-0.013140793561058255,-500.0,-1,-0.004593980974076228,0.0,0.0,0.51972781777478,0.24262434711114161,0.2376478351140783,-1,0.34375,0.375,0.28125,0,-0.014653159427034136,0.00546519747888168,0.010059178452957908,100.0,100.0,93,29,2025-09-09,1.0,IS7U25,37.0,2025-09-09,1.0,-0.001402117579066439,2,NO CALL,past independent N<20; past MAE skill<=0; 80% interval/class does not clear holding hurdle Rs150
combined,5,346,2025-09-18,2025-09-23,37400.0,-0.02985296314968116,-1100.0,-1,-0.009501804979310866,0.0,0.0,0.6653456110860134,0.2971907348641274,0.037463654049859324,-1,0.35714285714285715,0.3673469387755102,0.2755102040816326,0,-0.01904679989187836,4.3189933256628996e-05,0.009544994912567495,100.0,100.0,95,30,2025-09-17,1.0,IS7U25,45.0,2025-09-16,2.0,0.0005965819386477833,3,NO CALL,past independent N<20; 80% interval/class does not clear holding hurdle Rs150
combined,5,351,2025-09-25,2025-09-30,36300.0,-0.008298802814695066,-300.0,-1,-0.008326797223668539,0.0,0.0,0.5784343026758629,0.2996056124222504,0.12196008490188669,-1,0.3883495145631068,0.34951456310679613,0.2621359223300971,-1,-0.017814619401672047,0.0011610249543349705,0.00948782217800351,100.0,100.0,100,31,2025-09-24,1.0,IS7U25,45.0,2025-09-24,1.0,0.0028228876988135535,4,NO CALL,past independent N<20; 80% interval/class does not clear holding hurdle Rs150
combined,5,363,2025-10-10,2025-10-15,34700.0,-0.005780362915499425,-200.0,-1,-0.007547316453216455,0.0,0.0,0.7543306760373499,0.07933815144799912,0.16633117251465088,-1,0.411214953271028,0.3364485981308411,0.2523364485981308,-1,-0.017152995486892277,0.0020583625804593665,0.009605679033675821,100.0,100.0,104,32,2025-10-09,1.0,IS7V25,21.0,2025-10-08,2.0,0.0039124718401951615,5,NO CALL,past independent N<20; 80% interval/class does not clear holding hurdle Rs150
combined,5,369,2025-10-17,2025-10-24,34200.0,0.0,0.0,0,-0.0072170194294660355,0.0,0.0,0.7364889372940195,0.11724090786838025,0.14627015483760028,-1,0.42201834862385323,0.3302752293577982,0.24770642201834864,-1,-0.016992048063264417,0.002558009204332348,0.009775028633798383,100.0,100.0,106,33,2025-10-16,1.0,IS7V25,21.0,2025-10-15,2.0,0.003929294763126366,6,NO CALL,past independent N<20; 80% interval/class does not clear holding hurdle Rs150
combined,5,372,2025-10-25,2025-10-30,34000.0,0.0,0.0,0,-0.005571742064289489,0.0,0.0,0.6143053418033592,0.27773673036526886,0.10795792783137188,-1,0.4247787610619469,0.336283185840708,0.23893805309734514,-1,-0.01548390901286471,0.004340424884285731,0.00991216694857522,100.0,100.0,110,34,2025-10-24,1.0,IS7V25,21.0,2025-10-24,1.0,0.002336964164184595,7,NO CALL,past independent N<20; 80% interval/class does not clear holding hurdle Rs150
combined,5,386,2025-11-11,2025-11-17,34300.0,0.023055776299925796,800.0,1,-0.0018773917671610328,0.0,0.0,0.4775176162719641,0.27909104454884603,0.24339133917918987,-1,0.41739130434782606,0.3391304347826087,0.24347826086956523,-1,-0.012022264376321442,0.008267480841999375,0.010144872609160409,100.0,100.0,112,35,2025-11-10,1.0,IS7X25,15.0,2025-11-10,1.0,0.001348375885625335,8,NO CALL,past independent N<20; class confidence<0.50; 80% interval/class does not clear holding hurdle Rs150
combined,5,392,2025-11-18,2025-11-24,35200.0,-0.005698021114637779,-200.0,-1,0.0031090998137043276,0.0,0.0,0.3318117761388145,0.25487897163643203,0.4133092522247536,1,0.41025641025641024,0.3333333333333333,0.2564102564102564,-1,-0.007983311138296083,0.01420151076570474,0.011092410952000411,100.0,100.0,114,36,2025-11-17,1.0,IS7X25,19.0,2025-11-17,1.0,0.0009899572575379594,9,NO CALL,past independent N<20; class confidence<0.50; 80% interval/class does not clear holding hurdle Rs150
combined,5,411,2025-12-10,2025-12-16,34300.0,-0.0058479698824231,-200.0,-1,0.0013083291673621393,0.0,0.0,0.45782346056817996,0.1253465310436382,0.41683000838818174,-1,0.4251968503937008,0.30708661417322836,0.2677165354330709,-1,-0.010957355121447312,0.01357401345617159,0.012265684288809451,100.0,100.0,124,38,2025-12-09,1.0,IS7Z25,27.0,2025-12-09,1.0,0.0005800515504137318,10,NO CALL,past independent N<20; class confidence<0.50; 80% interval/class does not clear holding hurdle Rs150
combined,5,416,2025-12-17,2025-12-22,34500.0,0.011527505171067414,400.0,1,0.00027386850491431915,0.0,0.0,0.5205477044558433,0.11670344623263984,0.3627488493115168,-1,0.43410852713178294,0.3023255813953488,0.26356589147286824,-1,-0.011925071201002994,0.012472808210831632,0.012198939705917313,100.0,100.0,126,39,2025-12-16,1.0,IS7Z25,42.0,2025-12-16,1.0,0.0004083805760704707,11,NO CALL,past independent N<20; 80% interval/class does not clear holding hurdle Rs150
combined,5,422,2025-12-24,2025-12-29,35400.0,0.011236073266925752,400.0,1,0.0016866998734737272,0.0,0.0,0.5029264964998693,0.03696632287446483,0.46010718062566586,-1,0.417910447761194,0.291044776119403,0.291044776119403,-1,-0.010812471601909257,0.014185871348856712,0.012499171475382985,100.0,100.0,131,40,2025-12-23,1.0,IS7Z25,45.0,2025-12-23,1.0,0.0003971712368074608,12,NO CALL,past independent N<20; 80% interval/class does not clear holding hurdle Rs150
combined,5,440,2026-01-15,2026-01-20,36700.0,0.013532006218576373,500.0,1,-0.005675782362250383,0.0,0.0,0.6667739007660572,0.02606276756490191,0.30716333166904075,-1,0.3916083916083916,0.2727272727272727,0.3356643356643357,-1,-0.018609056118180114,0.007257491393679347,0.01293327375592973,10.0,10.0,140,42,2026-01-14,1.0,IS7F26,45.0,2026-01-14,1.0,0.0004963657473202494,13,NO CALL,past independent N<20; 80% interval/class does not clear holding hurdle Rs150
combined,5,446,2026-01-22,2026-01-27,36500.0,0.013605652055778678,500.0,1,0.009688187213707369,0.0,0.0,0.45090949113451606,0.028232051076797604,0.5208584577886863,1,0.3931034482758621,0.2689655172413793,0.33793103448275863,-1,-0.004038944450419843,0.02341531887783458,0.013727131664127212,10.0,10.0,142,43,2026-01-21,1.0,IS7F26,45.0,2026-01-21,1.0,5.5498025208060645e-05,14,NO CALL,past independent N<20; 80% interval/class does not clear holding hurdle Rs150
combined,5,459,2026-02-07,2026-02-12,37300.0,-0.010781775603288362,-400.0,-1,0.0024768443796542496,0.0,0.0,0.5615663512393488,0.03009410727117387,0.40833954148947726,-1,0.40397350993377484,0.2582781456953642,0.33774834437086093,-1,-0.01178103405741168,0.016734722816720178,0.01425787843706593,100.0,10.0,148,44,2026-02-06,1.0,IS7G26,33.0,2026-02-06,1.0,0.0006976773044413496,15,NO CALL,past independent N<20; 80% interval/class does not clear holding hurdle Rs150
combined,5,465,2026-02-14,2026-02-19,36500.0,-0.005494519317640702,-200.0,-1,0.0025573907935787896,0.0,0.0,0.5245014569633135,0.02835499988398663,0.4471435431526998,-1,0.40789473684210525,0.2565789473684211,0.3355263157894737,-1,-0.011518458192828618,0.016633239779986198,0.014075848986407407,100.0,10.0,149,45,2026-02-13,1.0,IS7G26,36.0,2026-02-10,4.0,0.0004992696991853729,16,NO CALL,past independent N<20; 80% interval/class does not clear holding hurdle Rs150
combined,5,471,2026-02-23,2026-02-28,36700.0,-0.01648388972168937,-600.0,-1,0.0017134149639219192,0.0,0.0,0.5674803286118558,0.02854356404804174,0.4039761073401025,-1,0.43037974683544306,0.2468354430379747,0.3227848101265823,-1,-0.013533493430744796,0.016960323358588634,0.015246908394666716,100.0,10.0,155,46,2026-02-20,3.0,IS7G26,36.0,2026-02-21,2.0,0.0003194661407874798,17,NO CALL,past independent N<20; 80% interval/class does not clear holding hurdle Rs150
combined,5,483,2026-03-10,2026-03-16,38800.0,-0.03407931365286262,-1300.0,-1,-0.0015534774274067347,0.0,-0.001349528484582529,0.6128115866347534,0.02600477192125177,0.36118364144399484,-1,0.42073170731707316,0.25,0.32926829268292684,-1,-0.016219217652475932,0.013112262797662463,0.014665740225069198,10.0,10.0,161,48,2026-03-09,1.0,IS7H26,21.0,2026-03-09,1.0,0.00020652830163695943,18,NO CALL,past independent N<20; 80% interval/class does not clear holding hurdle Rs150
combined,5,489,2026-03-17,2026-03-23,38000.0,0.007863736460214451,300.0,1,-0.005859287804622162,0.0,-0.0027100735417628355,0.6136477960776007,0.026388105603408755,0.3599640983189907,-1,0.42771084337349397,0.2469879518072289,0.3253012048192771,-1,-0.021332039212379285,0.009613463603134963,0.015472751407757125,10.0,10.0,163,49,2026-03-16,1.0,IS7H26,38.0,2026-03-16,1.0,0.0002774203608880005,19,NO CALL,past independent N<20; 80% interval/class does not clear holding hurdle Rs150
combined,5,495,2026-03-25,2026-03-30,38300.0,0.028315920117287858,1100.0,1,-0.0013394551403939417,0.0,0.0,0.5006869247473879,0.029503023588944542,0.46981005166366757,-1,0.4186046511627907,0.25,0.3313953488372093,-1,-0.017134328937636438,0.014455418656848554,0.015794873797242495,10.0,10.0,169,50,2026-03-24,1.0,IS7H26,38.0,2026-03-24,1.0,-2.9415047387508497e-05,20,NO CALL,past MAE skill<=0; 80% interval/class does not clear holding hurdle Rs150
combined,5,512,2026-04-14,2026-04-20,41500.0,-0.01946533478810335,-800.0,-1,-0.0032106426696127876,0.0,0.0,0.6663893099539806,0.14774667771000552,0.18586401233601385,-1,0.4022346368715084,0.24022346368715083,0.3575418994413408,-1,-0.018873194443579874,0.012451909104354297,0.015662551773967085,100.0,10.0,176,52,2026-04-13,1.0,IS7J26,31.0,2026-04-13,1.0,-9.179790895924057e-05,21,NO CALL,past MAE skill<=0; 80% interval/class does not clear holding hurdle Rs150
combined,5,518,2026-04-21,2026-04-27,40700.0,0.007343974255758505,300.0,1,-0.013200499015634568,0.0,0.0,0.8373558136325114,0.12703392665268756,0.03561025971480104,-1,0.4088397790055249,0.23756906077348067,0.35359116022099446,-1,-0.028815284341937045,0.002414286310667908,0.015614785326302475,100.0,10.0,178,53,2026-04-20,1.0,IS7J26,28.0,2026-04-20,1.0,5.831302643039514e-05,22,NO CALL,80% interval/class does not clear holding hurdle Rs150
combined,5,536,2026-05-12,2026-05-18,39400.0,-0.005089069507471293,-200.0,-1,-0.0027896726965111755,0.0,0.0,0.46029304279554284,0.3109585917879999,0.2287483654164573,-1,0.41361256544502617,0.23036649214659685,0.35602094240837695,-1,-0.01889733597863012,0.013317990585607769,0.016107663282118944,100.0,100.0,188,55,2026-05-11,1.0,IS7K26,19.0,2026-05-09,3.0,-0.0005181570623550378,23,NO CALL,past MAE skill<=0; class confidence<0.50; 80% interval/class does not clear holding hurdle Rs150
combined,5,542,2026-05-19,2026-05-25,38800.0,-0.015584731016698203,-600.0,-1,-0.006664866226220199,0.0,0.0,0.6279552675584764,0.1751917126078868,0.1968530198336367,-1,0.41450777202072536,0.22797927461139897,0.35751295336787564,-1,-0.022784066227478472,0.009454333775038076,0.016119200001258275,100.0,100.0,190,56,2026-05-18,1.0,IS7K26,19.0,2026-05-18,1.0,-0.0003803308224022781,24,NO CALL,past MAE skill<=0; 80% interval/class does not clear holding hurdle Rs150
combined,5,547,2026-05-26,2026-06-01,38500.0,0.010336009330662073,400.0,1,-0.007983579203271942,0.0,0.0,0.6762033784213729,0.15137320896705864,0.17242341261156846,-1,0.4271356783919598,0.22110552763819097,0.35175879396984927,-1,-0.02403595695196104,0.008068798545417154,0.016052377748689096,100.0,100.0,196,57,2026-05-22,4.0,IS7K26,16.0,2026-05-25,1.0,-9.852294045737883e-05,25,NO CALL,past MAE skill<=0; 80% interval/class does not clear holding hurdle Rs150
combined,5,557,2026-06-15,2026-06-20,38300.0,-0.026456569536830468,-1000.0,-1,0.0024246193796276074,0.0,0.0,0.43198841138351907,0.1602659614578327,0.40774562715864826,-1,0.4187192118226601,0.21674876847290642,0.3645320197044335,-1,-0.013444122668722823,0.018293361427978036,0.01586874204835043,100.0,100.0,200,58,2026-06-12,3.0,IS7M26,19.0,2026-06-13,2.0,-0.00040179433518101534,26,NO CALL,past MAE skill<=0; class confidence<0.50; 80% interval/class does not clear holding hurdle Rs150
combined,5,566,2026-06-25,2026-06-30,36700.0,0.01621657158924529,600.0,1,-0.002765148264924271,0.0,-0.0012269944807833514,0.47843250389362496,0.27218861896038316,0.2493788771459918,-1,0.4326923076923077,0.21153846153846154,0.3557692307692308,-1,-0.019464437938859713,0.01393414140901117,0.01669928967393544,100.0,100.0,205,59,2026-06-24,1.0,IS7M26,19.0,2026-06-22,3.0,-0.00047671378127163086,27,NO CALL,past MAE skill<=0; class confidence<0.50; 80% interval/class does not clear holding hurdle Rs150
combined,5,582,2026-07-14,2026-07-20,37600.0,0.021053409197832263,800.0,1,-0.00974183677148022,0.0,-0.0012269944807833514,0.784035967205913,0.033313029985433874,0.18265100280865326,-1,0.42857142857142855,0.20952380952380953,0.3619047619047619,-1,-0.026590889879482164,0.007107216336521723,0.016849053108001943,100.0,10.0,207,60,2026-07-13,1.0,IS7N26,16.0,2026-07-13,1.0,-0.0005584435842592265,28,NO CALL,past MAE skill<=0; 80% interval/class does not clear holding hurdle Rs150
combined,5,588,2026-07-21,2026-07-27,38400.0,0.0026007817000574403,100.0,1,-0.0020029449265657655,0.0,-0.0012269944807833514,0.5917321831129725,0.0333994858341017,0.37486833105292583,-1,0.42452830188679247,0.20754716981132076,0.36792452830188677,-1,-0.020186473835647988,0.01618058398251646,0.018183528909082224,100.0,10.0,209,61,2026-07-20,1.0,IS7N26,16.0,2026-07-20,1.0,-0.0008751123148530524,29,NO CALL,past MAE skill<=0; 80% interval/class does not clear holding hurdle Rs150
combined,5,593,2026-07-27,2026-08-01,38500.0,-0.005208345107138235,-200.0,-1,-2.1109873624712778e-05,0.0,0.0,0.4197499666516701,0.024825772403998293,0.5554242609443315,1,0.4166666666666667,0.2037037037037037,0.37962962962962965,-1,-0.0173692222944689,0.017327002547219476,0.017348112420844188,100.0,10.0,213,62,2026-07-24,3.0,IS7N26,53.0,2026-07-25,2.0,-0.0009127067352434782,30,NO CALL,past MAE skill<=0; 80% interval/class does not clear holding hurdle Rs150
nonlinear,5,318,2025-08-12,2025-08-18,38000.0,0.0,0.0,0,-0.0029787010017255514,0.0,0.0,0.4442112188778074,0.3052520288070086,0.25053675231518396,-1,0.3409090909090909,0.36363636363636365,0.29545454545454547,0,-0.013543447700388327,0.007586045696937225,0.010564746698662777,100.0,100.0,85,26,2025-08-11,1.0,IS7Q25,43.0,2025-08-11,1.0,,0,NO CALL,past independent N<20; past MAE skill<=0; class confidence<0.50; 80% interval/class does not clear holding hurdle Rs150
nonlinear,5,322,2025-08-19,2025-08-25,38000.0,0.005249355886143745,200.0,1,-0.0001496011914109654,0.0,0.0,0.3439649423354399,0.3141985589955262,0.3418364986690338,-1,0.3333333333333333,0.37777777777777777,0.28888888888888886,0,-0.010590379764772452,0.01029117738195052,0.010440778573361486,100.0,100.0,87,27,2025-08-18,1.0,IS7Q25,49.0,2025-08-18,1.0,-0.0029787010017255514,1,NO CALL,past independent N<20; past MAE skill<=0; class confidence<0.50; 80% interval/class does not clear holding hurdle Rs150
nonlinear,5,340,2025-09-10,2025-09-15,38300.0,-0.013140793561058255,-500.0,-1,-0.003959481366363571,0.0,0.0,0.48834481273626007,0.26080250364312707,0.25085268362061286,-1,0.34375,0.375,0.28125,0,-0.01396471164335289,0.006045748910625748,0.010005230276989319,100.0,100.0,93,29,2025-09-09,1.0,IS7U25,37.0,2025-09-09,1.0,-0.0015641510965682588,2,NO CALL,past independent N<20; past MAE skill<=0; class confidence<0.50; 80% interval/class does not clear holding hurdle Rs150
nonlinear,5,346,2025-09-18,2025-09-23,37400.0,-0.02985296314968116,-1100.0,-1,-0.00772667198334734,0.0,0.0,0.5728082054070619,0.3543047969344871,0.07288699765845105,-1,0.35714285714285715,0.3673469387755102,0.2755102040816326,0,-0.01731589459491758,0.0018625506282228966,0.009589222611570237,100.0,100.0,95,30,2025-09-17,1.0,IS7U25,45.0,2025-09-16,2.0,0.00027705972440901765,3,NO CALL,past independent N<20; 80% interval/class does not clear holding hurdle Rs150
nonlinear,5,351,2025-09-25,2025-09-30,36300.0,-0.008298802814695066,-300.0,-1,-0.008302644562352314,0.0,0.0,0.5703081509561324,0.30458913622475675,0.12510271281911084,-1,0.3883495145631068,0.34951456310679613,0.2621359223300971,-1,-0.018019587086546652,0.0014142979618420246,0.009716942524194338,100.0,100.0,100,31,2025-09-24,1.0,IS7U25,45.0,2025-09-24,1.0,0.0021394627891435977,4,NO CALL,past independent N<20; 80% interval/class does not clear holding hurdle Rs150
nonlinear,5,363,2025-10-10,2025-10-15,34700.0,-0.005780362915499425,-200.0,-1,-0.007419347389850172,0.0,0.0,0.7447577211882948,0.08436826989937424,0.17087400891233093,-1,0.411214953271028,0.3364485981308411,0.2523364485981308,-1,-0.0172659166268818,0.0024272218471814546,0.009846569237031626,100.0,100.0,104,32,2025-10-09,1.0,IS7V25,21.0,2025-10-08,2.0,0.0033705624447224435,5,NO CALL,past independent N<20; 80% interval/class does not clear holding hurdle Rs150
nonlinear,5,369,2025-10-17,2025-10-24,34200.0,0.0,0.0,0,-0.007073609224615435,0.0,0.0,0.7648009413693099,0.09950938290478191,0.13568967572590818,-1,0.42201834862385323,0.3302752293577982,0.24770642201834864,-1,-0.01714327421542336,0.002996055766192487,0.010069664990807923,100.0,100.0,106,33,2025-10-16,1.0,IS7V25,21.0,2025-10-15,2.0,0.003499031777460147,6,NO CALL,past independent N<20; 80% interval/class does not clear holding hurdle Rs150
nonlinear,5,372,2025-10-25,2025-10-30,34000.0,0.0,0.0,0,-0.005490374246790461,0.0,0.0,0.6184201233310963,0.2765209529972118,0.10505892367169185,-1,0.4247787610619469,0.336283185840708,0.23893805309734514,-1,-0.015747501750846625,0.004766753257265702,0.010257127504056163,100.0,100.0,110,34,2025-10-24,1.0,IS7V25,21.0,2025-10-24,1.0,0.0019886544914493503,7,NO CALL,past independent N<20; 80% interval/class does not clear holding hurdle Rs150
nonlinear,5,386,2025-11-11,2025-11-17,34300.0,0.023055776299925796,800.0,1,-0.0020323254576743817,0.0,0.0,0.46900406957916674,0.2813511687677362,0.2496447616530972,-1,0.41739130434782606,0.3391304347826087,0.24347826086956523,-1,-0.012374092901473795,0.008309441986125033,0.010341767443799414,100.0,100.0,112,35,2025-11-10,1.0,IS7X25,15.0,2025-11-10,1.0,0.001053775899169375,8,NO CALL,past independent N<20; class confidence<0.50; 80% interval/class does not clear holding hurdle Rs150
nonlinear,5,392,2025-11-18,2025-11-24,35200.0,-0.005698021114637779,-200.0,-1,0.0030527743436456565,0.0,0.0,0.3100382690660354,0.25829844313098516,0.43166328780297947,1,0.41025641025641024,0.3333333333333333,0.2564102564102564,-1,-0.008332008948109457,0.01443755763540077,0.011384783291755114,100.0,100.0,114,36,2025-11-17,1.0,IS7X25,19.0,2025-11-17,1.0,0.000710875748408956,9,NO CALL,past independent N<20; class confidence<0.50; 80% interval/class does not clear holding hurdle Rs150
nonlinear,5,411,2025-12-10,2025-12-16,34300.0,-0.0058479698824231,-200.0,-1,0.0010048805334784655,0.0,0.0,0.441743186760474,0.1372048085379325,0.4210520047015934,-1,0.4251968503937008,0.30708661417322836,0.2677165354330709,-1,-0.011507042961235062,0.013516804028191994,0.012511923494713528,100.0,100.0,124,38,2025-12-09,1.0,IS7Z25,27.0,2025-12-09,1.0,0.0003345107392034967,10,NO CALL,past independent N<20; class confidence<0.50; 80% interval/class does not clear holding hurdle Rs150
nonlinear,5,416,2025-12-17,2025-12-22,34500.0,0.011527505171067414,400.0,1,-0.00022015540969206097,0.0,0.0,0.5185001671191365,0.11886118997187214,0.3626386429089914,-1,0.43410852713178294,0.3023255813953488,0.26356589147286824,-1,-0.012712787757670638,0.012272476938286515,0.012492632347978577,100.0,100.0,126,39,2025-12-16,1.0,IS7Z25,42.0,2025-12-16,1.0,0.0002127478962324087,11,NO CALL,past independent N<20; 80% interval/class does not clear holding hurdle Rs150
nonlinear,5,422,2025-12-24,2025-12-29,35400.0,0.011236073266925752,400.0,1,0.0017347977442322376,0.0,0.0,0.4975434088185959,0.036810629420249194,0.46564596176115497,-1,0.417910447761194,0.291044776119403,0.291044776119403,-1,-0.01095924341155555,0.014428838900020027,0.012694041155787789,100.0,100.0,131,40,2025-12-23,1.0,IS7Z25,45.0,2025-12-23,1.0,0.00017667262073870274,12,NO CALL,past independent N<20; class confidence<0.50; 80% interval/class does not clear holding hurdle Rs150
nonlinear,5,440,2026-01-15,2026-01-20,36700.0,0.013532006218576373,500.0,1,0.002020112253042752,0.0,0.0,0.5044620541708885,0.03329001365334685,0.4622479321757647,-1,0.3916083916083916,0.2727272727272727,0.3356643356643357,-1,-0.01198092686988703,0.016021151375972535,0.014001039122929783,100.0,100.0,140,42,2026-01-14,1.0,IS7F26,45.0,2026-01-14,1.0,0.0002965283994689743,13,NO CALL,past independent N<20; 80% interval/class does not clear holding hurdle Rs150
nonlinear,5,446,2026-01-22,2026-01-27,36500.0,0.013605652055778678,500.0,1,0.0097296959205747,0.0,0.0,0.39854219907765964,0.031740897224303954,0.5697169036980365,1,0.3931034482758621,0.2689655172413793,0.33793103448275863,-1,-0.0050425028807434165,0.024501894721892816,0.014772198801318116,100.0,100.0,142,43,2026-01-21,1.0,IS7F26,45.0,2026-01-21,1.0,0.0004196415318671008,14,NO CALL,past independent N<20; 80% interval/class does not clear holding hurdle Rs150
nonlinear,5,459,2026-02-07,2026-02-12,37300.0,-0.010781775603288362,-400.0,-1,0.0034316168592408783,0.0,0.0,0.5407009686278772,0.03260499803653335,0.4266940333355895,-1,0.40397350993377484,0.2582781456953642,0.33774834437086093,-1,-0.010942684082412396,0.017805917800894154,0.014374300941653274,100.0,100.0,148,44,2026-02-06,1.0,IS7G26,33.0,2026-02-06,1.0,0.0010403118244476078,15,NO CALL,past independent N<20; 80% interval/class does not clear holding hurdle Rs150
nonlinear,5,465,2026-02-14,2026-02-19,36500.0,-0.005494519317640702,-200.0,-1,0.0031836112856879085,0.0,0.0,0.5326380069366082,0.03256393472982598,0.4347980583335659,-1,0.40789473684210525,0.2565789473684211,0.3355263157894737,-1,-0.011074604133115897,0.017441826704491716,0.014258215418803805,100.0,100.0,149,45,2026-02-13,1.0,IS7G26,36.0,2026-02-10,4.0,0.0007608162817170777,16,NO CALL,past independent N<20; 80% interval/class does not clear holding hurdle Rs150
nonlinear,5,471,2026-02-23,2026-02-28,36700.0,-0.01648388972168937,-600.0,-1,0.0019923753435248217,0.0,0.0,0.544793834473547,0.03309403926368284,0.42211212626277017,-1,0.43037974683544306,0.2468354430379747,0.3227848101265823,-1,-0.013614051527937644,0.017598802214987285,0.015606426871462464,100.0,100.0,155,46,2026-02-20,3.0,IS7G26,36.0,2026-02-21,2.0,0.0005287911306932538,17,NO CALL,past independent N<20; 80% interval/class does not clear holding hurdle Rs150
nonlinear,5,483,2026-03-10,2026-03-16,38800.0,-0.03407931365286262,-1300.0,-1,-0.00018899115271267183,0.0,-0.001349528484582529,0.6001322409862039,0.02894712714305061,0.3709206318707455,-1,0.42073170731707316,0.25,0.32926829268292684,-1,-0.015298885475041652,0.014920903169616308,0.01510989432232898,100.0,100.0,161,48,2026-03-09,1.0,IS7H26,21.0,2026-03-09,1.0,0.00038872632657002866,18,NO CALL,past independent N<20; 80% interval/class does not clear holding hurdle Rs150
nonlinear,5,489,2026-03-17,2026-03-23,38000.0,0.007863736460214451,300.0,1,-0.003094573506073158,0.0,-0.0027100735417628355,0.6035158922188013,0.02979866720132353,0.3666854405798753,-1,0.42771084337349397,0.2469879518072289,0.3253012048192771,-1,-0.018535334165157756,0.012346187153011442,0.015440760659084599,100.0,100.0,163,49,2026-03-16,1.0,IS7H26,38.0,2026-03-16,1.0,0.00037821394899858855,19,NO CALL,past independent N<20; 80% interval/class does not clear holding hurdle Rs150
nonlinear,5,495,2026-03-25,2026-03-30,38300.0,0.028315920117287858,1100.0,1,-7.73526753980445e-05,0.0,0.0,0.5051854340727178,0.03149256272416899,0.46332200320311334,-1,0.4186046511627907,0.25,0.3313953488372093,-1,-0.0153380710975365,0.015183365746740412,0.015260718422138456,100.0,100.0,169,50,2026-03-24,1.0,IS7H26,38.0,2026-03-24,1.0,0.00020457457624500214,20,NO CALL,80% interval/class does not clear holding hurdle Rs150
nonlinear,5,512,2026-04-14,2026-04-20,41500.0,-0.01946533478810335,-800.0,-1,-0.0025349395842971735,0.0,0.0,0.5591097000489107,0.11303405182012029,0.327856248130969,-1,0.4022346368715084,0.24022346368715083,0.3575418994413408,-1,-0.018491414305996903,0.013421535137402556,0.01595647472169973,100.0,100.0,176,52,2026-04-13,1.0,IS7J26,31.0,2026-04-13,1.0,0.00019114946902390462,21,NO CALL,80% interval/class does not clear holding hurdle Rs150
nonlinear,5,518,2026-04-21,2026-04-27,40700.0,0.007343974255758505,300.0,1,-0.013297877347717747,0.0,0.0,0.8191056744345323,0.13676628549447245,0.04412804007099518,-1,0.4088397790055249,0.23756906077348067,0.35359116022099446,-1,-0.029269146426449098,0.0026733917310136045,0.01597126907873135,100.0,100.0,178,53,2026-04-20,1.0,IS7J26,28.0,2026-04-20,1.0,0.0002976853833545068,22,NO CALL,80% interval/class does not clear holding hurdle Rs150
nonlinear,5,536,2026-05-12,2026-05-18,39400.0,-0.005089069507471293,-200.0,-1,-0.0024781979754090015,0.0,0.0,0.45556195706888863,0.31979336648096746,0.2246446764501439,-1,0.41361256544502617,0.23036649214659685,0.35602094240837695,-1,-0.01873257722188492,0.013776181271066917,0.01625437924647592,100.0,100.0,188,55,2026-05-11,1.0,IS7K26,19.0,2026-05-09,3.0,-0.00029342603973559096,23,NO CALL,past MAE skill<=0; class confidence<0.50; 80% interval/class does not clear holding hurdle Rs150
nonlinear,5,542,2026-05-19,2026-05-25,38800.0,-0.015584731016698203,-600.0,-1,-0.0067994670703505605,0.0,0.0,0.6339686914553725,0.16780232617604307,0.19822898236858447,-1,0.41450777202072536,0.22797927461139897,0.35751295336787564,-1,-0.023068530350641873,0.00946959620994075,0.01626906328029131,100.0,100.0,190,56,2026-05-18,1.0,IS7K26,19.0,2026-05-18,1.0,-0.00017794170577123056,24,NO CALL,past MAE skill<=0; 80% interval/class does not clear holding hurdle Rs150
nonlinear,5,547,2026-05-26,2026-06-01,38500.0,0.010336009330662073,400.0,1,-0.007951718691804747,0.0,0.0,0.6787396876821775,0.14864484564744496,0.17261546667037755,-1,0.4271356783919598,0.22110552763819097,0.35175879396984927,-1,-0.024120925102490913,0.00821748771888142,0.016169206410686168,100.0,100.0,196,57,2026-05-22,4.0,IS7K26,16.0,2026-05-25,1.0,0.00010115464527364094,25,NO CALL,80% interval/class does not clear holding hurdle Rs150
nonlinear,5,557,2026-06-15,2026-06-20,38300.0,-0.026456569536830468,-1000.0,-1,0.0029172088099772876,0.0,0.0,0.4257479575992631,0.16744199837980303,0.40681004402093385,-1,0.4187192118226601,0.21674876847290642,0.3645320197044335,-1,-0.013243718158793844,0.01907813577874842,0.016160926968771132,100.0,100.0,200,58,2026-06-12,3.0,IS7M26,19.0,2026-06-13,2.0,-0.0002085712523062968,26,NO CALL,past MAE skill<=0; class confidence<0.50; 80% interval/class does not clear holding hurdle Rs150
nonlinear,5,566,2026-06-25,2026-06-30,36700.0,0.01621657158924529,600.0,1,-0.0031176380899111894,0.0,-0.0012269944807833514,0.4830890736215126,0.26505208609901504,0.2518588402794725,-1,0.4326923076923077,0.21153846153846154,0.3557692307692308,-1,-0.020023584457792176,0.013788308277969799,0.016905946367880988,100.0,100.0,205,59,2026-06-24,1.0,IS7M26,19.0,2026-06-22,3.0,-0.0003088911618496677,27,NO CALL,past MAE skill<=0; class confidence<0.50; 80% interval/class does not clear holding hurdle Rs150
nonlinear,5,582,2026-07-14,2026-07-20,37600.0,0.021053409197832263,800.0,1,-0.009733806292330453,0.0,-0.0012269944807833514,0.7064377651461202,0.10056338530659621,0.19299884954728358,-1,0.42857142857142855,0.20952380952380953,0.3619047619047619,-1,-0.026745301176522948,0.007277688591862043,0.017011494884192496,100.0,100.0,207,60,2026-07-13,1.0,IS7N26,16.0,2026-07-13,1.0,-0.0004092035521375808,28,NO CALL,past MAE skill<=0; 80% interval/class does not clear holding hurdle Rs150
nonlinear,5,588,2026-07-21,2026-07-27,38400.0,0.0026007817000574403,100.0,1,-0.0014851461694352125,0.0,-0.0012269944807833514,0.5528328736613126,0.08633927507829449,0.360827851260393,-1,0.42452830188679247,0.20754716981132076,0.36792452830188677,-1,-0.019764643678226123,0.0167943513393557,0.01827949750879091,100.0,100.0,209,61,2026-07-20,1.0,IS7N26,16.0,2026-07-20,1.0,-0.0007307415776614725,29,NO CALL,past MAE skill<=0; 80% interval/class does not clear holding hurdle Rs150
nonlinear,5,593,2026-07-27,2026-08-01,38500.0,-0.005208345107138235,-200.0,-1,0.000526685198063447,0.0,0.0,0.43567816333355663,0.07062117118050604,0.49370066548593733,1,0.4166666666666667,0.2037037037037037,0.37962962962962965,-1,-0.01698946978505829,0.018042840181185182,0.017516154983121736,100.0,100.0,213,62,2026-07-24,3.0,IS7N26,53.0,2026-07-25,2.0,-0.0007558883973872634,30,NO CALL,past MAE skill<=0; class confidence<0.50; 80% interval/class does not clear holding hurdle Rs150
baseline,10,318,2025-08-12,2025-08-22,38000.0,0.005249355886143745,200.0,1,0.0,0.0,0.0,0.35294117647058826,0.27058823529411763,0.3764705882352941,1,0.35294117647058826,0.27058823529411763,0.3764705882352941,1,-0.02297863385225421,0.02297863385225421,0.02297863385225421,,,82,16,2025-08-11,1.0,IS7Q25,43.0,2025-08-11,1.0,,0,NO CALL,baseline model
baseline,10,322,2025-08-19,2025-08-29,38000.0,-0.005277057100843781,-200.0,-1,0.0,0.0,0.0,0.35294117647058826,0.27058823529411763,0.3764705882352941,1,0.35294117647058826,0.27058823529411763,0.3764705882352941,1,-0.02297863385225421,0.02297863385225421,0.02297863385225421,,,82,16,2025-08-18,1.0,IS7Q25,49.0,2025-08-18,1.0,0.0,1,NO CALL,baseline model
baseline,10,340,2025-09-10,2025-09-22,38300.0,-0.0426731411260757,-1600.0,-1,0.0,0.0,0.0,0.3763440860215054,0.24731182795698925,0.3763440860215054,-1,0.3763440860215054,0.24731182795698925,0.3763440860215054,-1,-0.021516681889529692,0.021516681889529692,0.021516681889529692,,,90,18,2025-09-09,1.0,IS7U25,37.0,2025-09-09,1.0,0.0,1,NO CALL,baseline model
baseline,10,346,2025-09-18,2025-09-29,37400.0,-0.03537783908165104,-1300.0,-1,0.0,0.0,0.0,0.3763440860215054,0.24731182795698925,0.3763440860215054,-1,0.3763440860215054,0.24731182795698925,0.3763440860215054,-1,-0.021516681889529692,0.021516681889529692,0.021516681889529692,,,90,18,2025-09-17,1.0,IS7U25,45.0,2025-09-16,2.0,0.0,2,NO CALL,baseline model
baseline,10,351,2025-09-25,2025-10-06,36300.0,-0.03933091206242356,-1400.0,-1,0.0,0.0,0.0,0.4020618556701031,0.23711340206185566,0.36082474226804123,-1,0.4020618556701031,0.23711340206185566,0.36082474226804123,-1,-0.024097551579060524,0.024097551579060524,0.024097551579060524,,,94,19,2025-09-24,1.0,IS7U25,45.0,2025-09-24,1.0,0.0,2,NO CALL,baseline model
baseline,10,363,2025-10-10,2025-10-24,34700.0,-0.01451404288425407,-500.0,-1,0.0,0.0,0.0,0.4423076923076923,0.22115384615384615,0.33653846153846156,-1,0.4423076923076923,0.22115384615384615,0.33653846153846156,-1,-0.025708356710206923,0.025708356710206923,0.025708356710206923,,,101,20,2025-10-09,1.0,IS7V25,21.0,2025-10-08,2.0,0.0,3,NO CALL,baseline model
baseline,10,369,2025-10-17,2025-10-27,34200.0,-0.005865119452398134,-200.0,-1,0.0,0.0,0.0,0.4423076923076923,0.22115384615384615,0.33653846153846156,-1,0.4423076923076923,0.22115384615384615,0.33653846153846156,-1,-0.025708356710206923,0.025708356710206923,0.025708356710206923,,,101,20,2025-10-16,1.0,IS7V25,21.0,2025-10-15,2.0,0.0,4,NO CALL,baseline model
baseline,10,372,2025-10-25,2025-11-04,34000.0,0.020379162336652046,700.0,1,0.0,0.0,0.0,0.45794392523364486,0.21495327102803738,0.32710280373831774,-1,0.45794392523364486,0.21495327102803738,0.32710280373831774,-1,-0.025512586646933087,0.025512586646933087,0.025512586646933087,,,104,21,2025-10-24,1.0,IS7V25,21.0,2025-10-24,1.0,0.0,4,NO CALL,baseline model
baseline,10,386,2025-11-11,2025-11-21,34300.0,0.028737609767356946,1000.0,1,0.0,0.0,0.0,0.4690265486725664,0.20353982300884957,0.3274336283185841,-1,0.4690265486725664,0.20353982300884957,0.3274336283185841,-1,-0.02527950851124617,0.02527950851124617,0.02527950851124617,,,110,22,2025-11-10,1.0,IS7X25,15.0,2025-11-10,1.0,0.0,5,NO CALL,baseline model
baseline,10,392,2025-11-18,2025-11-28,35200.0,-0.008559253395669948,-300.0,-1,0.0,0.0,0.0,0.4690265486725664,0.20353982300884957,0.3274336283185841,-1,0.4690265486725664,0.20353982300884957,0.3274336283185841,-1,-0.02527950851124617,0.02527950851124617,0.02527950851124617,,,110,22,2025-11-17,1.0,IS7X25,19.0,2025-11-17,1.0,0.0,6,NO CALL,baseline model
baseline,10,411,2025-12-10,2025-12-20,34300.0,0.017341475036487173,600.0,1,0.0,0.0,0.0,0.488,0.184,0.328,-1,0.488,0.184,0.328,-1,-0.024904247220673203,0.024904247220673203,0.024904247220673203,,,122,24,2025-12-09,1.0,IS7Z25,27.0,2025-12-09,1.0,0.0,6,NO CALL,baseline model
baseline,10,416,2025-12-17,2025-12-27,34500.0,0.022923639901937024,800.0,1,0.0,0.0,0.0,0.488,0.184,0.328,-1,0.488,0.184,0.328,-1,-0.024904247220673203,0.024904247220673203,0.024904247220673203,,,122,24,2025-12-16,1.0,IS7Z25,42.0,2025-12-16,1.0,0.0,7,NO CALL,baseline model
baseline,10,422,2025-12-24,2026-01-03,35400.0,0.08394642115400969,3100.0,1,0.0,0.0,0.0,0.4728682170542636,0.17829457364341086,0.3488372093023256,-1,0.4728682170542636,0.17829457364341086,0.3488372093023256,-1,-0.025105921131076358,0.025105921131076358,0.025105921131076358,,,126,25,2025-12-23,1.0,IS7Z25,45.0,2025-12-23,1.0,0.0,7,NO CALL,baseline model
baseline,10,440,2026-01-15,2026-01-27,36700.0,0.008141157583699866,300.0,1,0.0,0.0,0.0,0.4326241134751773,0.16312056737588654,0.40425531914893614,-1,0.4326241134751773,0.16312056737588654,0.40425531914893614,-1,-0.027929235595903986,0.027929235595903986,0.027929235595903986,,,138,26,2026-01-14,1.0,IS7F26,45.0,2026-01-14,1.0,0.0,8,NO CALL,baseline model
baseline,10,446,2026-01-22,2026-02-02,36500.0,0.005464494472078745,200.0,1,0.0,0.0,0.0,0.4326241134751773,0.16312056737588654,0.40425531914893614,-1,0.4326241134751773,0.16312056737588654,0.40425531914893614,-1,-0.027929235595903986,0.027929235595903986,0.027929235595903986,,,138,26,2026-01-21,1.0,IS7F26,45.0,2026-01-21,1.0,0.0,9,NO CALL,baseline model
baseline,10,459,2026-02-07,2026-02-17,37300.0,-0.027175585378964782,-1000.0,-1,0.0,0.0,-0.002699056969165058,0.4429530201342282,0.15436241610738255,0.40268456375838924,-1,0.4429530201342282,0.15436241610738255,0.40268456375838924,-1,-0.027626066274931152,0.027626066274931152,0.027626066274931152,,,146,27,2026-02-06,1.0,IS7G26,33.0,2026-02-06,1.0,0.0,9,NO CALL,baseline model
baseline,10,465,2026-02-14,2026-02-24,36500.0,0.0,0.0,0,0.0,0.0,-0.002699056969165058,0.4429530201342282,0.15436241610738255,0.40268456375838924,-1,0.4429530201342282,0.15436241610738255,0.40268456375838924,-1,-0.027626066274931152,0.027626066274931152,0.027626066274931152,,,146,27,2026-02-13,1.0,IS7G26,36.0,2026-02-10,4.0,0.0,10,NO CALL,baseline model
baseline,10,471,2026-02-23,2026-03-05,36700.0,0.02156417791584064,800.0,1,0.0,0.0,-0.0028027111234137847,0.45394736842105265,0.1513157894736842,0.39473684210526316,-1,0.45394736842105265,0.1513157894736842,0.39473684210526316,-1,-0.02784439778267615,0.02784439778267615,0.02784439778267615,,,149,28,2026-02-20,3.0,IS7G26,36.0,2026-02-21,2.0,0.0,10,NO CALL,baseline model
baseline,10,483,2026-03-10,2026-03-20,38800.0,-0.028760152175262687,-1100.0,-1,0.0,0.0,-0.005412822310416684,0.4506172839506173,0.14814814814814814,0.4012345679012346,-1,0.4506172839506173,0.14814814814814814,0.4012345679012346,-1,-0.02761358616510581,0.02761358616510581,0.02761358616510581,,,159,29,2026-03-09,1.0,IS7H26,21.0,2026-03-09,1.0,0.0,11,NO CALL,baseline model
baseline,10,489,2026-03-17,2026-03-27,38000.0,0.007863736460214451,300.0,1,0.0,0.0,-0.005412822310416684,0.4506172839506173,0.14814814814814814,0.4012345679012346,-1,0.4506172839506173,0.14814814814814814,0.4012345679012346,-1,-0.02761358616510581,0.02761358616510581,0.02761358616510581,,,159,29,2026-03-16,1.0,IS7H26,38.0,2026-03-16,1.0,0.0,12,NO CALL,baseline model
baseline,10,495,2026-03-25,2026-04-04,38300.0,0.0632321852235157,2500.0,1,0.0,0.0,-0.005574548624697804,0.45180722891566266,0.14457831325301204,0.4036144578313253,-1,0.45180722891566266,0.14457831325301204,0.4036144578313253,-1,-0.02761774620171426,0.02761774620171426,0.02761774620171426,,,163,30,2026-03-24,1.0,IS7H26,38.0,2026-03-24,1.0,0.0,12,NO CALL,baseline model
baseline,10,512,2026-04-14,2026-04-24,41500.0,-0.01212136053234485,-500.0,-1,0.0,0.0,0.0,0.423728813559322,0.13559322033898305,0.4406779661016949,1,0.423728813559322,0.13559322033898305,0.4406779661016949,1,-0.028354390640358572,0.028354390640358572,0.028354390640358572,,,174,31,2026-04-13,1.0,IS7J26,31.0,2026-04-13,1.0,0.0,13,NO CALL,baseline model
baseline,10,518,2026-04-21,2026-05-01,40700.0,-0.009876623495911976,-400.0,-1,0.0,0.0,0.0,0.423728813559322,0.13559322033898305,0.4406779661016949,1,0.423728813559322,0.13559322033898305,0.4406779661016949,1,-0.028354390640358572,0.028354390640358572,0.028354390640358572,,,174,31,2026-04-20,1.0,IS7J26,28.0,2026-04-20,1.0,0.0,14,NO CALL,baseline model
baseline,10,536,2026-05-12,2026-05-22,39400.0,-0.023107575010149605,-900.0,-1,0.0,0.0,0.0027435065953823213,0.4444444444444444,0.13227513227513227,0.42328042328042326,-1,0.4444444444444444,0.13227513227513227,0.42328042328042326,-1,-0.02809891122235965,0.02809891122235965,0.02809891122235965,,,186,33,2026-05-11,1.0,IS7K26,19.0,2026-05-09,3.0,0.0,14,NO CALL,baseline model
baseline,10,542,2026-05-19,2026-05-29,38800.0,0.007702220362092303,300.0,1,0.0,0.0,0.0027435065953823213,0.4444444444444444,0.13227513227513227,0.42328042328042326,-1,0.4444444444444444,0.13227513227513227,0.42328042328042326,-1,-0.02809891122235965,0.02809891122235965,0.02809891122235965,,,186,33,2026-05-18,1.0,IS7K26,19.0,2026-05-18,1.0,0.0,15,NO CALL,baseline model
baseline,10,547,2026-05-26,2026-06-05,38500.0,0.0,0.0,0,0.0,0.0,0.0013755166859448988,0.45595854922279794,0.12953367875647667,0.41450777202072536,-1,0.45595854922279794,0.12953367875647667,0.41450777202072536,-1,-0.02775955996944832,0.02775955996944832,0.02775955996944832,,,190,34,2026-05-22,4.0,IS7K26,16.0,2026-05-25,1.0,0.0,15,NO CALL,baseline model
baseline,10,557,2026-06-15,2026-06-25,38300.0,-0.0426731411260757,-1600.0,-1,0.0,0.0,0.0,0.4427860696517413,0.12935323383084577,0.42786069651741293,-1,0.4427860696517413,0.12935323383084577,0.42786069651741293,-1,-0.02761774620171426,0.02761774620171426,0.02761774620171426,,,198,35,2026-06-12,3.0,IS7M26,19.0,2026-06-13,2.0,0.0,16,NO CALL,baseline model
baseline,10,566,2026-06-25,2026-07-06,36700.0,-0.0027285146532040625,-100.0,-1,0.0,0.0,0.0,0.4427860696517413,0.12935323383084577,0.42786069651741293,-1,0.4427860696517413,0.12935323383084577,0.42786069651741293,-1,-0.02761774620171426,0.02761774620171426,0.02761774620171426,,,198,35,2026-06-24,1.0,IS7M26,19.0,2026-06-22,3.0,0.0,17,NO CALL,baseline model
baseline,10,582,2026-07-14,2026-07-24,37600.0,0.02365419089788981,900.0,1,0.0,0.0,-0.005333952867860103,0.4567307692307692,0.12980769230769232,0.41346153846153844,-1,0.4567307692307692,0.12980769230769232,0.41346153846153844,-1,-0.02775955996944832,0.02775955996944832,0.02775955996944832,,,205,37,2026-07-13,1.0,IS7N26,16.0,2026-07-13,1.0,0.0,18,NO CALL,baseline model
baseline,10,588,2026-07-21,2026-07-31,38400.0,0.0026007817000574403,100.0,1,0.0,0.0,-0.005333952867860103,0.4567307692307692,0.12980769230769232,0.41346153846153844,-1,0.4567307692307692,0.12980769230769232,0.41346153846153844,-1,-0.02775955996944832,0.02775955996944832,0.02775955996944832,,,205,37,2026-07-20,1.0,IS7N26,16.0,2026-07-20,1.0,0.0,19,NO CALL,baseline model
baseline,10,593,2026-07-27,2026-08-06,38500.0,0.018018505502678212,700.0,1,0.0,0.0,-0.002798978540578441,0.4523809523809524,0.12857142857142856,0.41904761904761906,-1,0.4523809523809524,0.12857142857142856,0.41904761904761906,-1,-0.027664990979962615,0.027664990979962615,0.027664990979962615,,,207,38,2026-07-24,3.0,IS7N26,53.0,2026-07-25,2.0,0.0,19,NO CALL,baseline model
internal,10,318,2025-08-12,2025-08-22,38000.0,0.005249355886143745,200.0,1,-0.001402878987209769,0.0,0.0,0.4060520412463733,0.2365337001188148,0.3574142586348118,-1,0.35294117647058826,0.27058823529411763,0.3764705882352941,1,-0.017941378378865374,0.015135620404445837,0.016538499391655605,100.0,100.0,82,16,2025-08-11,1.0,IS7Q25,43.0,2025-08-11,1.0,,0,NO CALL,past independent N<20; past MAE skill<=0; class confidence<0.50; 80% interval/class does not clear holding hurdle Rs300
internal,10,322,2025-08-19,2025-08-29,38000.0,-0.005277057100843781,-200.0,-1,0.0008027177509056915,0.0,0.0,0.37099353096851345,0.23869741547244236,0.39030905355904416,1,0.35294117647058826,0.27058823529411763,0.3764705882352941,1,-0.015735781640749916,0.017341217142561295,0.016538499391655605,100.0,100.0,82,16,2025-08-18,1.0,IS7Q25,49.0,2025-08-18,1.0,-0.0014028789872097694,1,NO CALL,past independent N<20; past MAE skill<=0; class confidence<0.50; 80% interval/class does not clear holding hurdle Rs300
internal,10,340,2025-09-10,2025-09-22,38300.0,-0.0426731411260757,-1600.0,-1,-0.005984400507955291,0.0,0.0,0.47060389182914203,0.23812783000512755,0.29126827816573037,-1,0.3763440860215054,0.24731182795698925,0.3763440860215054,-1,-0.02239270470497349,0.01042390368906291,0.0164083041970182,100.0,100.0,90,18,2025-09-09,1.0,IS7U25,37.0,2025-09-09,1.0,-0.0011027983690577309,1,NO CALL,past independent N<20; past MAE skill<=0; class confidence<0.50; 80% interval/class does not clear holding hurdle Rs300
internal,10,346,2025-09-18,2025-09-29,37400.0,-0.03537783908165104,-1300.0,-1,-0.013465049545780722,0.0,0.0,0.6633815024348133,0.145547350172658,0.19107114739252876,-1,0.3763440860215054,0.24731182795698925,0.3763440860215054,-1,-0.02987335374279892,0.0029432546512374765,0.0164083041970182,100.0,100.0,90,18,2025-09-17,1.0,IS7U25,45.0,2025-09-16,2.0,0.0012596012566132783,2,NO CALL,past independent N<20; 80% interval/class does not clear holding hurdle Rs300
internal,10,351,2025-09-25,2025-10-06,36300.0,-0.03933091206242356,-1400.0,-1,-0.013226524127635496,0.0,0.0,0.7025269722595843,0.10942985689705706,0.1880431708433587,-1,0.4020618556701031,0.23711340206185566,0.36082474226804123,-1,-0.030674788952743292,0.0042217406974723,0.017448264825107796,100.0,100.0,94,19,2025-09-24,1.0,IS7U25,45.0,2025-09-24,1.0,0.00431096332890514,2,NO CALL,past independent N<20; 80% interval/class does not clear holding hurdle Rs300
internal,10,363,2025-10-10,2025-10-24,34700.0,-0.01451404288425407,-500.0,-1,-0.034794531676299915,0.0,0.0,0.9058982181191426,0.02827992413140243,0.065821857749455,-1,0.4423076923076923,0.22115384615384615,0.33653846153846156,-1,-0.05244640540802571,-0.01714265794457412,0.017651873731725796,10.0,100.0,101,20,2025-10-09,1.0,IS7V25,21.0,2025-10-08,2.0,0.006094075488651214,3,NO CALL,past independent N<20
internal,10,369,2025-10-17,2025-10-27,34200.0,-0.005865119452398134,-200.0,-1,-0.03168043049943531,0.0,0.0,0.8554870755515881,0.028525562591626873,0.11598736185678508,-1,0.4423076923076923,0.22115384615384615,0.33653846153846156,-1,-0.049332304231161105,-0.014028556767709512,0.017651873731725796,10.0,100.0,101,20,2025-10-16,1.0,IS7V25,21.0,2025-10-15,2.0,0.004117321922577383,4,NO CALL,past independent N<20
internal,10,372,2025-10-25,2025-11-04,34000.0,0.020379162336652046,700.0,1,-0.022170064975283586,0.0,0.0,0.802536422275373,0.0340283190975398,0.16343525862708716,-1,0.45794392523364486,0.21495327102803738,0.32710280373831774,-1,-0.039174078627379275,-0.005166051323187901,0.017004013652095685,10.0,100.0,104,21,2025-10-24,1.0,IS7V25,21.0,2025-10-24,1.0,0.0006791057058321733,4,NO CALL,past independent N<20
internal,10,386,2025-11-11,2025-11-21,34300.0,0.028737609767356946,1000.0,1,-0.015921862150740297,0.0,0.0,0.6565181712668952,0.11388205466098365,0.22959977407212115,-1,0.4690265486725664,0.20353982300884957,0.3274336283185841,-1,-0.03376097853853416,0.0019172542370535645,0.01783911638779386,1.0,100.0,110,22,2025-11-10,1.0,IS7X25,15.0,2025-11-10,1.0,-0.002177040629307292,5,NO CALL,past independent N<20; past MAE skill<=0; 80% interval/class does not clear holding hurdle Rs300
internal,10,392,2025-11-18,2025-11-28,35200.0,-0.008559253395669948,-300.0,-1,-0.011529859954441217,0.0,0.0,0.580437726570296,0.10459925374595443,0.3149630196837494,-1,0.4690265486725664,0.20353982300884957,0.3274336283185841,-1,-0.02936897634223508,0.006309256433352645,0.01783911638779386,1.0,100.0,110,22,2025-11-17,1.0,IS7X25,19.0,2025-11-17,1.0,-0.003704243020577626,6,NO CALL,past independent N<20; past MAE skill<=0; 80% interval/class does not clear holding hurdle Rs300
internal,10,411,2025-12-10,2025-12-20,34300.0,0.017341475036487173,600.0,1,-0.00866788214645826,0.0,0.0,0.720436503484838,0.02689194465003644,0.2526715518651256,-1,0.488,0.184,0.328,-1,-0.02890674600496764,0.01157098171205112,0.02023886385850938,100.0,100.0,122,24,2025-12-09,1.0,IS7Z25,27.0,2025-12-09,1.0,-0.0027749540348299927,6,NO CALL,past independent N<20; past MAE skill<=0; 80% interval/class does not clear holding hurdle Rs300
internal,10,416,2025-12-17,2025-12-27,34500.0,0.022923639901937024,800.0,1,-0.00884695826513663,0.0,0.0,0.7309366449382722,0.023870253678944933,0.24519310138278305,-1,0.488,0.184,0.328,-1,-0.02908582212364601,0.011391905593372751,0.02023886385850938,100.0,100.0,122,24,2025-12-16,1.0,IS7Z25,42.0,2025-12-16,1.0,-0.003310674772250742,7,NO CALL,past independent N<20; past MAE skill<=0; 80% interval/class does not clear holding hurdle Rs300
internal,10,422,2025-12-24,2026-01-03,35400.0,0.08394642115400969,3100.0,1,-0.009999893899439758,0.0,0.0,0.7378870994418764,0.023246105905428877,0.2388667946526947,-1,0.4728682170542636,0.17829457364341086,0.3488372093023256,-1,-0.03131773912514328,0.011317951326263762,0.02131784522570352,100.0,100.0,126,25,2025-12-23,1.0,IS7Z25,45.0,2025-12-23,1.0,-0.003772031729991236,7,NO CALL,past independent N<20; past MAE skill<=0; 80% interval/class does not clear holding hurdle Rs300
internal,10,440,2026-01-15,2026-01-27,36700.0,0.008141157583699866,300.0,1,-0.018277383542313376,0.0,0.0,0.805220686047028,0.02013138707225952,0.17464792688071254,-1,0.4326241134751773,0.16312056737588654,0.40425531914893614,-1,-0.04441439167616207,0.007859624591535313,0.02613700813384869,100.0,100.0,138,26,2026-01-14,1.0,IS7F26,45.0,2026-01-14,1.0,-0.004251098050718043,8,NO CALL,past independent N<20; past MAE skill<=0; 80% interval/class does not clear holding hurdle Rs300
internal,10,446,2026-01-22,2026-02-02,36500.0,0.005464494472078745,200.0,1,0.007633109502379451,0.0,0.0,0.5720690923480157,0.020141349778902643,0.40778955787308163,-1,0.4326241134751773,0.16312056737588654,0.40425531914893614,-1,-0.018503898631469236,0.03377011763622814,0.02613700813384869,100.0,100.0,138,26,2026-01-21,1.0,IS7F26,45.0,2026-01-21,1.0,-0.0052529755858319975,9,NO CALL,past independent N<20; past MAE skill<=0; 80% interval/class does not clear holding hurdle Rs300
internal,10,459,2026-02-07,2026-02-17,37300.0,-0.027175585378964782,-1000.0,-1,0.007455558809720308,0.0,-0.002699056969165058,0.5402067387234185,0.01982922699013953,0.4399640342864419,-1,0.4429530201342282,0.15436241610738255,0.40268456375838924,-1,-0.018360448056806353,0.03327156567624697,0.025816006866526662,100.0,100.0,146,27,2026-02-06,1.0,IS7G26,33.0,2026-02-06,1.0,-0.004683051917324658,9,NO CALL,past independent N<20; past MAE skill<=0; 80% interval/class does not clear holding hurdle Rs300
internal,10,465,2026-02-14,2026-02-24,36500.0,0.0,0.0,0,0.002164612460312521,0.0,-0.002699056969165058,0.5763978652889007,0.019697916535942012,0.4039042181751573,-1,0.4429530201342282,0.15436241610738255,0.40268456375838924,-1,-0.02365139440621414,0.027980619326839182,0.025816006866526662,100.0,100.0,146,27,2026-02-13,1.0,IS7G26,36.0,2026-02-10,4.0,-0.00485633359809939,10,NO CALL,past independent N<20; past MAE skill<=0; 80% interval/class does not clear holding hurdle Rs300
internal,10,471,2026-02-23,2026-03-05,36700.0,0.02156417791584064,800.0,1,0.00691490055895701,0.0,-0.0028027111234137847,0.5221802694803658,0.03072718249007322,0.44709254802956083,-1,0.45394736842105265,0.1513157894736842,0.39473684210526316,-1,-0.018851528474712897,0.032681329592626915,0.025766429033669908,100.0,100.0,149,28,2026-02-20,3.0,IS7G26,36.0,2026-02-21,2.0,-0.004697997060582514,10,NO CALL,past independent N<20; past MAE skill<=0; 80% interval/class does not clear holding hurdle Rs300
internal,10,483,2026-03-10,2026-03-20,38800.0,-0.028760152175262687,-1100.0,-1,0.011467755181110071,0.0,-0.005412822310416684,0.5279096947742846,0.018502567064371034,0.45358773816134434,-1,0.4506172839506173,0.14814814814814814,0.4012345679012346,-1,-0.01339994139787501,0.03633545176009515,0.02486769657898508,100.0,100.0,159,29,2026-03-09,1.0,IS7H26,21.0,2026-03-09,1.0,-0.004052836081719208,11,NO CALL,past independent N<20; past MAE skill<=0; 80% interval/class does not clear holding hurdle Rs300
internal,10,489,2026-03-17,2026-03-27,38000.0,0.007863736460214451,300.0,1,-0.002866091384396236,0.0,-0.005412822310416684,0.6240891001768369,0.018136220970391016,0.3577746788527719,-1,0.4506172839506173,0.14814814814814814,0.4012345679012346,-1,-0.027733787963381315,0.022001605194588846,0.02486769657898508,100.0,100.0,159,29,2026-03-16,1.0,IS7H26,38.0,2026-03-16,1.0,-0.004443094981687153,12,NO CALL,past independent N<20; past MAE skill<=0; 80% interval/class does not clear holding hurdle Rs300
internal,10,495,2026-03-25,2026-04-04,38300.0,0.0632321852235157,2500.0,1,0.002896029424391522,0.0,-0.005574548624697804,0.5731885454367863,0.017829507437507282,0.40898194712570646,-1,0.45180722891566266,0.14457831325301204,0.4036144578313253,-1,-0.022230317238515894,0.02802237608729894,0.025126346662907417,100.0,100.0,163,30,2026-03-24,1.0,IS7H26,38.0,2026-03-24,1.0,-0.0043642448018226115,12,NO CALL,past independent N<20; past MAE skill<=0; 80% interval/class does not clear holding hurdle Rs300
internal,10,512,2026-04-14,2026-04-24,41500.0,-0.01212136053234485,-500.0,-1,0.008760206290429465,0.0,0.0,0.5004408925948006,0.01723716481309142,0.48232194259210803,-1,0.423728813559322,0.13559322033898305,0.4406779661016949,1,-0.019512687604002026,0.03703310018486096,0.02827289389443149,100.0,100.0,174,31,2026-04-13,1.0,IS7J26,31.0,2026-04-13,1.0,-0.004018517457717172,13,NO CALL,past independent N<20; past MAE skill<=0; 80% interval/class does not clear holding hurdle Rs300
internal,10,518,2026-04-21,2026-05-01,40700.0,-0.009876623495911976,-400.0,-1,-0.0005874102580979532,0.0,0.0,0.5867021960117095,0.01661584326624595,0.3966819607220446,-1,0.423728813559322,0.13559322033898305,0.4406779661016949,1,-0.028860304152529444,0.027685483636333538,0.02827289389443149,100.0,100.0,174,31,2026-04-20,1.0,IS7J26,28.0,2026-04-20,1.0,-0.004234048768295008,14,NO CALL,past independent N<20; past MAE skill<=0; 80% interval/class does not clear holding hurdle Rs300
internal,10,536,2026-05-12,2026-05-22,39400.0,-0.023107575010149605,-900.0,-1,0.0036752511752806624,0.0,0.0027435065953823213,0.4914461086366631,0.035300929266900496,0.4732529620964364,-1,0.4444444444444444,0.13227513227513227,0.42328042328042326,-1,-0.023691793674670076,0.0310422960252314,0.02736704484995074,100.0,100.0,186,33,2026-05-11,1.0,IS7K26,19.0,2026-05-09,3.0,-0.004024420114973577,14,NO CALL,past independent N<20; past MAE skill<=0; class confidence<0.50; 80% interval/class does not clear holding hurdle Rs300
internal,10,542,2026-05-19,2026-05-29,38800.0,0.007702220362092303,300.0,1,-0.005447074073944499,0.0,0.0027435065953823213,0.6172720114736732,0.025747928716129815,0.3569800598101971,-1,0.4444444444444444,0.13227513227513227,0.42328042328042326,-1,-0.032814118923895234,0.02191997077600624,0.02736704484995074,100.0,100.0,186,33,2026-05-18,1.0,IS7K26,19.0,2026-05-18,1.0,-0.004009871409153029,15,NO CALL,past independent N<20; past MAE skill<=0; 80% interval/class does not clear holding hurdle Rs300
internal,10,547,2026-05-26,2026-06-05,38500.0,0.0,0.0,0,-0.00599028850993898,0.0,0.0013755166859448988,0.6536311508340662,0.025078844085157134,0.3212900050807767,-1,0.45595854922279794,0.12953367875647667,0.41450777202072536,-1,-0.03304129976305521,0.021060722743177256,0.027051011253116236,100.0,100.0,190,34,2026-05-22,4.0,IS7K26,16.0,2026-05-25,1.0,-0.00406735951574469,15,NO CALL,past independent N<20; past MAE skill<=0; 80% interval/class does not clear holding hurdle Rs300
internal,10,557,2026-06-15,2026-06-25,38300.0,-0.0426731411260757,-1600.0,-1,0.006734529734087982,0.0,0.0,0.47347838136472953,0.04175848337063936,0.48476313526463105,1,0.4427860696517413,0.12935323383084577,0.42786069651741293,-1,-0.019811454973226984,0.033280514441402946,0.026545984707314965,100.0,100.0,198,35,2026-06-12,3.0,IS7M26,19.0,2026-06-13,2.0,-0.0041413183232137,16,NO CALL,past independent N<20; past MAE skill<=0; class confidence<0.50; 80% interval/class does not clear holding hurdle Rs300
internal,10,566,2026-06-25,2026-07-06,36700.0,-0.0027285146532040625,-100.0,-1,0.0013173044766262997,0.0,0.0,0.46434717991872376,0.059894692310040014,0.47575812777123616,1,0.4427860696517413,0.12935323383084577,0.42786069651741293,-1,-0.025228680230688666,0.027863289183941264,0.026545984707314965,100.0,100.0,198,35,2026-06-24,1.0,IS7M26,19.0,2026-06-22,3.0,-0.00423736319028312,17,NO CALL,past independent N<20; past MAE skill<=0; class confidence<0.50; 80% interval/class does not clear holding hurdle Rs300
internal,10,582,2026-07-14,2026-07-24,37600.0,0.02365419089788981,900.0,1,-0.0016335719224703767,0.0,-0.005333952867860103,0.6249946743681098,0.01736419376651396,0.35764113186537605,-1,0.4567307692307692,0.12980769230769232,0.41346153846153844,-1,-0.02887535288953581,0.025608209044595053,0.02724178096706543,100.0,100.0,205,37,2026-07-13,1.0,IS7N26,16.0,2026-07-13,1.0,-0.004133075379081089,18,NO CALL,past independent N<20; past MAE skill<=0; 80% interval/class does not clear holding hurdle Rs300
internal,10,588,2026-07-21,2026-07-31,38400.0,0.0026007817000574403,100.0,1,0.004911825641715805,0.0,-0.005333952867860103,0.5701545187854729,0.01678050874350178,0.4130649724710253,-1,0.4567307692307692,0.12980769230769232,0.41346153846153844,-1,-0.022329955325349628,0.032153606608781235,0.02724178096706543,100.0,100.0,205,37,2026-07-20,1.0,IS7N26,16.0,2026-07-20,1.0,-0.004046885604715202,19,NO CALL,past independent N<20; past MAE skill<=0; 80% interval/class does not clear holding hurdle Rs300
internal,10,593,2026-07-27,2026-08-06,38500.0,0.018018505502678212,700.0,1,-0.0036590050016554634,0.0,-0.002798978540578441,0.5490646701299734,0.09418917194285197,0.3567461579271748,-1,0.4523809523809524,0.12857142857142856,0.41904761904761906,-1,-0.03014758872052721,0.022829578717216283,0.026488583718871746,100.0,100.0,207,38,2026-07-24,3.0,IS7N26,53.0,2026-07-25,2.0,-0.0039023314926113946,19,NO CALL,past independent N<20; past MAE skill<=0; 80% interval/class does not clear holding hurdle Rs300
local,10,318,2025-08-12,2025-08-22,38000.0,0.005249355886143745,200.0,1,-0.00013654307331258185,0.0,0.0,0.3805068811782286,0.21703775677051843,0.40245536205125293,1,0.35294117647058826,0.27058823529411763,0.3764705882352941,1,-0.016775717473460655,0.016502631326835493,0.016639174400148074,100.0,100.0,82,16,2025-08-11,1.0,IS7Q25,43.0,2025-08-11,1.0,,0,NO CALL,past independent N<20; past MAE skill<=0; class confidence<0.50; 80% interval/class does not clear holding hurdle Rs300
local,10,322,2025-08-19,2025-08-29,38000.0,-0.005277057100843781,-200.0,-1,0.0005880921074239749,0.0,0.0,0.3828505700728986,0.23158581646440363,0.3855636134626978,1,0.35294117647058826,0.27058823529411763,0.3764705882352941,1,-0.0160510822927241,0.01722726650757205,0.016639174400148074,100.0,100.0,82,16,2025-08-18,1.0,IS7Q25,49.0,2025-08-18,1.0,-0.00013654307331258195,1,NO CALL,past independent N<20; past MAE skill<=0; class confidence<0.50; 80% interval/class does not clear holding hurdle Rs300
local,10,340,2025-09-10,2025-09-22,38300.0,-0.0426731411260757,-1600.0,-1,-0.005155969896473786,0.0,0.0,0.4802510579459015,0.18807754670039856,0.33167139535370005,-1,0.3763440860215054,0.24731182795698925,0.3763440860215054,-1,-0.021181382799360313,0.01086944300641274,0.016025412902886525,100.0,100.0,90,18,2025-09-09,1.0,IS7U25,37.0,2025-09-09,1.0,-0.00036231759036827946,1,NO CALL,past independent N<20; past MAE skill<=0; class confidence<0.50; 80% interval/class does not clear holding hurdle Rs300
local,10,346,2025-09-18,2025-09-29,37400.0,-0.03537783908165104,-1300.0,-1,-0.01251762438960998,0.0,0.0,0.6616494102725877,0.10355586180807858,0.23479472791933367,-1,0.3763440860215054,0.24731182795698925,0.3763440860215054,-1,-0.028543037292496506,0.003507788513276546,0.016025412902886525,100.0,100.0,90,18,2025-09-17,1.0,IS7U25,45.0,2025-09-16,2.0,0.0014771115719124095,2,NO CALL,past independent N<20; 80% interval/class does not clear holding hurdle Rs300
local,10,351,2025-09-25,2025-10-06,36300.0,-0.03933091206242356,-1400.0,-1,-0.010101884162595321,0.0,0.0,0.627150328495383,0.09815565831399449,0.2746940131906225,-1,0.4020618556701031,0.23711340206185566,0.36082474226804123,-1,-0.026919197852094234,0.006715429526903592,0.016817313689498913,100.0,100.0,94,19,2025-09-24,1.0,IS7U25,45.0,2025-09-24,1.0,0.004237239776336804,2,NO CALL,past independent N<20; 80% interval/class does not clear holding hurdle Rs300
local,10,363,2025-10-10,2025-10-24,34700.0,-0.01451404288425407,-500.0,-1,-0.03395033019201649,0.0,0.0,0.8957705059676403,0.02882506913891375,0.075404424893446,-1,0.4423076923076923,0.22115384615384615,0.33653846153846156,-1,-0.04930891890961217,-0.018591741474420803,0.015358588717595682,10.0,100.0,101,20,2025-10-09,1.0,IS7V25,21.0,2025-10-08,2.0,0.00541016865358851,3,NO CALL,past independent N<20
local,10,369,2025-10-17,2025-10-27,34200.0,-0.005865119452398134,-200.0,-1,-0.035558909515365084,0.0,0.0,0.8933978853719463,0.04484998826840485,0.06175212635964888,-1,0.4423076923076923,0.22115384615384615,0.33653846153846156,-1,-0.05091749823296077,-0.0202003207977694,0.015358588717595682,10.0,100.0,101,20,2025-10-16,1.0,IS7V25,21.0,2025-10-15,2.0,0.003688099807405698,4,NO CALL,past independent N<20
local,10,372,2025-10-25,2025-11-04,34000.0,0.020379162336652046,700.0,1,-0.026065704227638625,0.0,0.0,0.8292340423742465,0.10254125594301639,0.06822470168273717,-1,0.45794392523364486,0.21495327102803738,0.32710280373831774,-1,-0.041177498018556524,-0.010953910436720726,0.015111793790917899,10.0,100.0,104,21,2025-10-24,1.0,IS7V25,21.0,2025-10-24,1.0,-0.00024286739516209133,4,NO CALL,past independent N<20; past MAE skill<=0
local,10,386,2025-11-11,2025-11-21,34300.0,0.028737609767356946,1000.0,1,-0.010279945217155816,0.0,0.0,0.633136436144943,0.17880884080623516,0.1880547230488219,-1,0.4690265486725664,0.20353982300884957,0.3274336283185841,-1,-0.029264348705016874,0.008704458270705241,0.018984403487861057,100.0,100.0,110,22,2025-11-10,1.0,IS7X25,15.0,2025-11-10,1.0,-0.0034707219992216563,5,NO CALL,past independent N<20; past MAE skill<=0; 80% interval/class does not clear holding hurdle Rs300
local,10,392,2025-11-18,2025-11-28,35200.0,-0.008559253395669948,-300.0,-1,-0.0038281639273566844,0.0,0.0,0.5011476701078361,0.17654985127416756,0.3223024786179962,-1,0.4690265486725664,0.20353982300884957,0.3274336283185841,-1,-0.02281256741521774,0.015156239560504374,0.018984403487861057,100.0,100.0,110,22,2025-11-17,1.0,IS7X25,19.0,2025-11-17,1.0,-0.004227302356769897,6,NO CALL,past independent N<20; past MAE skill<=0; 80% interval/class does not clear holding hurdle Rs300
local,10,411,2025-12-10,2025-12-20,34300.0,0.017341475036487173,600.0,1,-0.0022584030423550084,0.0,0.0,0.5770196176234346,0.023888739243043886,0.39909164313352163,-1,0.488,0.184,0.328,-1,-0.021794773139577107,0.017277967054867092,0.0195363700972221,100.0,100.0,122,24,2025-12-09,1.0,IS7Z25,27.0,2025-12-09,1.0,-0.003421755728357234,6,NO CALL,past independent N<20; past MAE skill<=0; 80% interval/class does not clear holding hurdle Rs300
local,10,416,2025-12-17,2025-12-27,34500.0,0.022923639901937024,800.0,1,-0.0031405630369078738,0.0,0.0,0.6023618223165524,0.03937613165781233,0.3582620460256353,-1,0.488,0.184,0.328,-1,-0.022676933134129974,0.016395807060314224,0.0195363700972221,100.0,100.0,122,24,2025-12-16,1.0,IS7Z25,42.0,2025-12-16,1.0,-0.003315996393266126,7,NO CALL,past independent N<20; past MAE skill<=0; 80% interval/class does not clear holding hurdle Rs300
local,10,422,2025-12-24,2026-01-03,35400.0,0.08394642115400969,3100.0,1,-0.001684813878480564,0.0,0.0,0.5631274621685621,0.024306261077098212,0.41256627675433977,-1,0.4728682170542636,0.17829457364341086,0.3488372093023256,-1,-0.022442275930554312,0.019072648173593186,0.02075746205207375,100.0,100.0,126,25,2025-12-23,1.0,IS7Z25,45.0,2025-12-23,1.0,-0.0033013769469029362,7,NO CALL,past independent N<20; past MAE skill<=0; 80% interval/class does not clear holding hurdle Rs300
local,10,440,2026-01-15,2026-01-27,36700.0,0.008141157583699866,300.0,1,-0.0031165106552311006,0.0,0.0,0.5545087015267527,0.01906733308862936,0.42642396538461796,-1,0.4326241134751773,0.16312056737588654,0.40425531914893614,-1,-0.028549508108977308,0.022316486798515105,0.025432997453746206,100.0,100.0,138,26,2026-01-14,1.0,IS7F26,45.0,2026-01-14,1.0,-0.003177025941639676,8,NO CALL,past independent N<20; past MAE skill<=0; 80% interval/class does not clear holding hurdle Rs300
local,10,446,2026-01-22,2026-02-02,36500.0,0.005464494472078745,200.0,1,0.019834217615808825,0.0,0.0,0.38200746462036345,0.019392748649353572,0.598599786730283,1,0.4326241134751773,0.16312056737588654,0.40425531914893614,-1,-0.005598779837937381,0.04526721506955503,0.025432997453746206,100.0,100.0,138,26,2026-01-21,1.0,IS7F26,45.0,2026-01-21,1.0,-0.0031727034211819216,9,NO CALL,past independent N<20; past MAE skill<=0; 80% interval/class does not clear holding hurdle Rs300
local,10,459,2026-02-07,2026-02-17,37300.0,-0.027175585378964782,-1000.0,-1,0.004400849573593773,0.0,-0.002699056969165058,0.5830870987848891,0.019002573040786414,0.39791032817432453,-1,0.4429530201342282,0.15436241610738255,0.40268456375838924,-1,-0.02064188623448575,0.02944358538167329,0.02504273580807952,100.0,100.0,146,27,2026-02-06,1.0,IS7G26,33.0,2026-02-06,1.0,-0.003554871771213216,9,NO CALL,past independent N<20; past MAE skill<=0; 80% interval/class does not clear holding hurdle Rs300
local,10,465,2026-02-14,2026-02-24,36500.0,0.0,0.0,0,0.006318741064835204,0.0,-0.002699056969165058,0.48344143967990894,0.01844206473897502,0.498116495581116,1,0.4429530201342282,0.15436241610738255,0.40268456375838924,-1,-0.018723994743244314,0.031361476872914726,0.02504273580807952,100.0,100.0,146,27,2026-02-13,1.0,IS7G26,36.0,2026-02-10,4.0,-0.0036077453838620037,10,NO CALL,past independent N<20; past MAE skill<=0; class confidence<0.50; 80% interval/class does not clear holding hurdle Rs300
local,10,471,2026-02-23,2026-03-05,36700.0,0.02156417791584064,800.0,1,0.004774498690037903,0.0,-0.0028027111234137847,0.526688789335372,0.0181513277898065,0.45515988287482156,-1,0.45394736842105265,0.1513157894736842,0.39473684210526316,-1,-0.01989173105853807,0.029440728438613877,0.024666229748575973,100.0,100.0,149,28,2026-02-20,3.0,IS7G26,36.0,2026-02-21,2.0,-0.003767215718036898,10,NO CALL,past independent N<20; past MAE skill<=0; 80% interval/class does not clear holding hurdle Rs300
local,10,483,2026-03-10,2026-03-20,38800.0,-0.028760152175262687,-1100.0,-1,0.00826078437811129,0.0,-0.005412822310416684,0.5203950959717406,0.016194314717717682,0.46341058931054174,-1,0.4506172839506173,0.14814814814814814,0.4012345679012346,-1,-0.01588069004173974,0.03240225879796232,0.02414147441985103,100.0,100.0,159,29,2026-03-09,1.0,IS7H26,21.0,2026-03-09,1.0,-0.0032926760286994053,11,NO CALL,past independent N<20; past MAE skill<=0; 80% interval/class does not clear holding hurdle Rs300
local,10,489,2026-03-17,2026-03-27,38000.0,0.007863736460214451,300.0,1,0.002106468920395203,0.0,-0.005412822310416684,0.48853713665800985,0.016219540644136745,0.4952433226978533,1,0.4506172839506173,0.14814814814814814,0.4012345679012346,-1,-0.022035005499455827,0.02624794334024623,0.02414147441985103,100.0,100.0,159,29,2026-03-16,1.0,IS7H26,38.0,2026-03-16,1.0,-0.00355415541551056,12,NO CALL,past independent N<20; past MAE skill<=0; class confidence<0.50; 80% interval/class does not clear holding hurdle Rs300
local,10,495,2026-03-25,2026-04-04,38300.0,0.0632321852235157,2500.0,1,0.005345688421905413,0.0,-0.005574548624697804,0.4653257994808213,0.015872068897417064,0.5188021316217617,1,0.45180722891566266,0.14457831325301204,0.4036144578313253,-1,-0.018856588298129813,0.029547965141940642,0.024202276720035228,100.0,100.0,163,30,2026-03-24,1.0,IS7H26,38.0,2026-03-24,1.0,-0.0032711241987152737,12,NO CALL,past independent N<20; past MAE skill<=0; 80% interval/class does not clear holding hurdle Rs300
local,10,512,2026-04-14,2026-04-24,41500.0,-0.01212136053234485,-500.0,-1,0.007956426386107756,0.0,0.0,0.4825717291476498,0.015202383578308894,0.5022258872740414,1,0.423728813559322,0.13559322033898305,0.4406779661016949,1,-0.018349104271419846,0.034261957043635355,0.026305530657527602,100.0,100.0,174,31,2026-04-13,1.0,IS7J26,31.0,2026-04-13,1.0,-0.002860799788209526,13,NO CALL,past independent N<20; past MAE skill<=0; 80% interval/class does not clear holding hurdle Rs300
local,10,518,2026-04-21,2026-05-01,40700.0,-0.009876623495911976,-400.0,-1,-0.01625007760844241,0.0,0.0,0.8250572394205962,0.01570547252673314,0.15923728805267084,-1,0.423728813559322,0.13559322033898305,0.4406779661016949,1,-0.04255560826597001,0.010055453049085193,0.026305530657527602,100.0,100.0,174,31,2026-04-20,1.0,IS7J26,28.0,2026-04-20,1.0,-0.003092419179023087,14,NO CALL,past independent N<20; past MAE skill<=0; 80% interval/class does not clear holding hurdle Rs300
local,10,536,2026-05-12,2026-05-22,39400.0,-0.023107575010149605,-900.0,-1,-0.00663623029674027,0.0,0.0027435065953823213,0.7068592880486667,0.06099127586903496,0.23214943608229824,-1,0.4444444444444444,0.13227513227513227,0.42328042328042326,-1,-0.033129324845881776,0.019856864252401234,0.026493094549141505,100.0,100.0,186,33,2026-05-11,1.0,IS7K26,19.0,2026-05-09,3.0,-0.0028056544589185363,14,NO CALL,past independent N<20; past MAE skill<=0; 80% interval/class does not clear holding hurdle Rs300
local,10,542,2026-05-19,2026-05-29,38800.0,0.007702220362092303,300.0,1,-0.01861453242526045,0.0,0.0027435065953823213,0.876008724803211,0.06242583286778947,0.06156544232899959,-1,0.4444444444444444,0.13227513227513227,0.42328042328042326,-1,-0.04510762697440196,0.007878562123881053,0.026493094549141505,100.0,100.0,186,33,2026-05-18,1.0,IS7K26,19.0,2026-05-18,1.0,-0.002412242594099414,15,NO CALL,past independent N<20; past MAE skill<=0; 80% interval/class does not clear holding hurdle Rs300
local,10,547,2026-05-26,2026-06-05,38500.0,0.0,0.0,0,-0.018692957634506437,0.0,0.0013755166859448988,0.8872556610355331,0.05972929622556227,0.05301504273890466,-1,0.45595854922279794,0.12953367875647667,0.41450777202072536,-1,-0.04527351810824058,0.007887602839227709,0.026580560473734145,100.0,100.0,190,34,2026-05-22,4.0,IS7K26,16.0,2026-05-25,1.0,-0.0030603341873458555,15,NO CALL,past independent N<20; past MAE skill<=0; 80% interval/class does not clear holding hurdle Rs300
local,10,557,2026-06-15,2026-06-25,38300.0,-0.0426731411260757,-1600.0,-1,-0.00023128393503835142,0.0,0.0,0.602366830937018,0.06344001666335353,0.3341931523996284,-1,0.4427860696517413,0.12935323383084577,0.42786069651741293,-1,-0.02723077831850111,0.02676821044842441,0.02699949438346276,100.0,100.0,198,35,2026-06-12,3.0,IS7M26,19.0,2026-06-13,2.0,-0.00366158893531357,16,NO CALL,past independent N<20; past MAE skill<=0; 80% interval/class does not clear holding hurdle Rs300
local,10,566,2026-06-25,2026-07-06,36700.0,-0.0027285146532040625,-100.0,-1,-0.0025026443983216604,0.0,0.0,0.5315145992843979,0.07812171724522306,0.39036368347037903,-1,0.4427860696517413,0.12935323383084577,0.42786069651741293,-1,-0.02950213878178442,0.024496849985141102,0.02699949438346276,100.0,100.0,198,35,2026-06-24,1.0,IS7M26,19.0,2026-06-22,3.0,-0.0035174084586338666,17,NO CALL,past independent N<20; past MAE skill<=0; 80% interval/class does not clear holding hurdle Rs300
local,10,582,2026-07-14,2026-07-24,37600.0,0.02365419089788981,900.0,1,-0.005850126548031236,0.0,-0.005333952867860103,0.6697143575567854,0.01572944044873262,0.314556201994482,-1,0.4567307692307692,0.12980769230769232,0.41346153846153844,-1,-0.033674000984820096,0.02197374788875763,0.027823874436788864,100.0,100.0,205,37,2026-07-13,1.0,IS7N26,16.0,2026-07-13,1.0,-0.0033024065708854543,18,NO CALL,past independent N<20; past MAE skill<=0; 80% interval/class does not clear holding hurdle Rs300
local,10,588,2026-07-21,2026-07-31,38400.0,0.0026007817000574403,100.0,1,0.00554904928464737,0.0,-0.005333952867860103,0.5426121205366794,0.01577333033256065,0.4416145491307599,-1,0.4567307692307692,0.12980769230769232,0.41346153846153844,-1,-0.022274825152141492,0.033372923721436236,0.027823874436788864,100.0,100.0,205,37,2026-07-20,1.0,IS7N26,16.0,2026-07-20,1.0,-0.003390258983890483,19,NO CALL,past independent N<20; past MAE skill<=0; 80% interval/class does not clear holding hurdle Rs300
local,10,593,2026-07-27,2026-08-06,38500.0,0.018018505502678212,700.0,1,0.0026907337852720924,0.0,-0.002798978540578441,0.45110125649843175,0.03733688253733572,0.5115618609642325,1,0.4523809523809524,0.12857142857142856,0.41904761904761906,-1,-0.025304289845534112,0.030685757416078294,0.027995023630806203,100.0,100.0,207,38,2026-07-24,3.0,IS7N26,53.0,2026-07-25,2.0,-0.0032888332139118827,19,NO CALL,past independent N<20; past MAE skill<=0; 80% interval/class does not clear holding hurdle Rs300
turkey,10,318,2025-08-12,2025-08-22,38000.0,0.005249355886143745,200.0,1,-0.0025513594854586165,0.0,0.0,0.3894752566272482,0.32526994504600487,0.28525479832674694,-1,0.35294117647058826,0.27058823529411763,0.3764705882352941,1,-0.01998938942868882,0.014886670457771586,0.017438029943230203,100.0,100.0,82,16,2025-08-11,1.0,IS7Q25,43.0,2025-08-11,1.0,,0,NO CALL,past independent N<20; past MAE skill<=0; class confidence<0.50; 80% interval/class does not clear holding hurdle Rs300
turkey,10,322,2025-08-19,2025-08-29,38000.0,-0.005277057100843781,-200.0,-1,0.001982347928960649,0.0,0.0,0.3732395735866115,0.17815086328392524,0.4486095631294633,1,0.35294117647058826,0.27058823529411763,0.3764705882352941,1,-0.015455682014269554,0.019420377872190853,0.017438029943230203,100.0,100.0,82,16,2025-08-18,1.0,IS7Q25,49.0,2025-08-18,1.0,-0.0025513594854586165,1,NO CALL,past independent N<20; past MAE skill<=0; class confidence<0.50; 80% interval/class does not clear holding hurdle Rs300
turkey,10,340,2025-09-10,2025-09-22,38300.0,-0.0426731411260757,-1600.0,-1,-0.005941996897955832,0.0,0.0,0.4861178288208961,0.21520155118566756,0.29868061999343626,-1,0.3763440860215054,0.24731182795698925,0.3763440860215054,-1,-0.023117314354490427,0.011233320558578761,0.017175317456534594,100.0,100.0,90,18,2025-09-09,1.0,IS7U25,37.0,2025-09-09,1.0,-0.002266853707209633,1,NO CALL,past independent N<20; past MAE skill<=0; class confidence<0.50; 80% interval/class does not clear holding hurdle Rs300
turkey,10,346,2025-09-18,2025-09-29,37400.0,-0.03537783908165104,-1300.0,-1,-0.014703619935309411,0.0,0.0,0.6510468236017184,0.21795214385554987,0.13100103254273163,-1,0.3763440860215054,0.24731182795698925,0.3763440860215054,-1,-0.031878937391844005,0.002471697521225183,0.017175317456534594,100.0,100.0,90,18,2025-09-17,1.0,IS7U25,45.0,2025-09-16,2.0,0.0004694298278455217,2,NO CALL,past independent N<20; 80% interval/class does not clear holding hurdle Rs300
turkey,10,351,2025-09-25,2025-10-06,36300.0,-0.03933091206242356,-1400.0,-1,-0.014076751197351457,0.0,0.0,0.6872712780008164,0.1671797165804185,0.1455490054187651,-1,0.4020618556701031,0.23711340206185566,0.36082474226804123,-1,-0.030709504024570476,0.002556001629867563,0.01663275282721902,100.0,100.0,94,19,2025-09-24,1.0,IS7U25,45.0,2025-09-24,1.0,0.004027977354711495,2,NO CALL,past independent N<20; 80% interval/class does not clear holding hurdle Rs300
turkey,10,363,2025-10-10,2025-10-24,34700.0,-0.01451404288425407,-500.0,-1,-0.02942447526892659,0.0,0.0,0.7979481917805776,0.025585433434818824,0.1764663747846037,-1,0.4423076923076923,0.22115384615384615,0.33653846153846156,-1,-0.046442859706639236,-0.01240609083121395,0.01701838443771264,10.0,100.0,101,20,2025-10-09,1.0,IS7V25,21.0,2025-10-08,2.0,0.006037732123239489,3,NO CALL,past independent N<20
turkey,10,369,2025-10-17,2025-10-27,34200.0,-0.005865119452398134,-200.0,-1,-0.025903491052470147,0.0,0.0,0.7428012906671002,0.025768660353695152,0.23143004897920455,-1,0.4423076923076923,0.22115384615384615,0.33653846153846156,-1,-0.04292187549018279,-0.008885106614757506,0.01701838443771264,10.0,100.0,101,20,2025-10-16,1.0,IS7V25,21.0,2025-10-15,2.0,0.004965378519296498,4,NO CALL,past independent N<20
turkey,10,372,2025-10-25,2025-11-04,34000.0,0.020379162336652046,700.0,1,-0.018449750298046363,0.0,0.0,0.7411658461589374,0.02611898986955612,0.2327151639715064,-1,0.45794392523364486,0.21495327102803738,0.32710280373831774,-1,-0.03569341860036117,-0.001206081995731561,0.017243668302314802,10.0,100.0,104,21,2025-10-24,1.0,IS7V25,21.0,2025-10-24,1.0,0.002231288424015012,4,NO CALL,past independent N<20; 80% interval/class does not clear holding hurdle Rs300
turkey,10,386,2025-11-11,2025-11-21,34300.0,0.028737609767356946,1000.0,1,-0.009274286596433885,0.0,0.0,0.6395525262262589,0.04040473669240656,0.3200427370813345,-1,0.4690265486725664,0.20353982300884957,0.3274336283185841,-1,-0.026957494378361917,0.008408921185494148,0.017683207781928032,10.0,100.0,110,22,2025-11-10,1.0,IS7X25,15.0,2025-11-10,1.0,-0.0003538414162426555,5,NO CALL,past independent N<20; past MAE skill<=0; 80% interval/class does not clear holding hurdle Rs300
turkey,10,392,2025-11-18,2025-11-28,35200.0,-0.008559253395669948,-300.0,-1,-0.004767085708156538,0.0,0.0,0.5676475900318263,0.03131036242889717,0.40104204753927664,-1,0.4690265486725664,0.20353982300884957,0.3274336283185841,-1,-0.02245029349008457,0.012916122073771494,0.017683207781928032,10.0,100.0,110,22,2025-11-17,1.0,IS7X25,19.0,2025-11-17,1.0,-0.0013450019918194583,6,NO CALL,past independent N<20; past MAE skill<=0; 80% interval/class does not clear holding hurdle Rs300
turkey,10,411,2025-12-10,2025-12-20,34300.0,0.017341475036487173,600.0,1,-0.005089782462596574,0.0,0.0,0.6672608682235741,0.022879928263602606,0.3098592035128234,-1,0.488,0.184,0.328,-1,-0.02323596977761457,0.013056404852421422,0.018146187315017995,100.0,100.0,122,24,2025-12-09,1.0,IS7Z25,27.0,2025-12-09,1.0,-0.000733793221821856,6,NO CALL,past independent N<20; past MAE skill<=0; 80% interval/class does not clear holding hurdle Rs300
turkey,10,416,2025-12-17,2025-12-27,34500.0,0.022923639901937024,800.0,1,-0.005534891456490892,0.0,0.0,0.685622964479271,0.022832543405830682,0.2915444921148983,-1,0.488,0.184,0.328,-1,-0.023681078771508886,0.012611295858527103,0.018146187315017995,100.0,100.0,122,24,2025-12-16,1.0,IS7Z25,42.0,2025-12-16,1.0,-0.0011297922437104695,7,NO CALL,past independent N<20; past MAE skill<=0; 80% interval/class does not clear holding hurdle Rs300
turkey,10,422,2025-12-24,2026-01-03,35400.0,0.08394642115400969,3100.0,1,-0.008899657014621653,0.0,0.0,0.716997849266723,0.02242476006407826,0.2605773906691987,-1,0.4728682170542636,0.17829457364341086,0.3488372093023256,-1,-0.02882398313343,0.011024669104186695,0.019924326118808348,100.0,100.0,126,25,2025-12-23,1.0,IS7Z25,45.0,2025-12-23,1.0,-0.0014968838447755074,7,NO CALL,past independent N<20; past MAE skill<=0; 80% interval/class does not clear holding hurdle Rs300
turkey,10,440,2026-01-15,2026-01-27,36700.0,0.008141157583699866,300.0,1,-0.009927249462739688,0.0,0.0,0.7184680206869619,0.021090667392200044,0.26044131192083797,-1,0.4326241134751773,0.16312056737588654,0.40425531914893614,-1,-0.03424217223414662,0.014387673308667243,0.02431492277140693,100.0,100.0,138,26,2026-01-14,1.0,IS7F26,45.0,2026-01-14,1.0,-0.0020663279347636655,8,NO CALL,past independent N<20; past MAE skill<=0; 80% interval/class does not clear holding hurdle Rs300
turkey,10,446,2026-01-22,2026-02-02,36500.0,0.005464494472078745,200.0,1,0.01038423731127113,0.0,0.0,0.5575410576885503,0.02349944764657267,0.41895949466487703,-1,0.4326241134751773,0.16312056737588654,0.40425531914893614,-1,-0.013930685460135801,0.03469916008267806,0.02431492277140693,100.0,100.0,138,26,2026-01-21,1.0,IS7F26,45.0,2026-01-21,1.0,-0.0026278223296191013,9,NO CALL,past independent N<20; past MAE skill<=0; 80% interval/class does not clear holding hurdle Rs300
turkey,10,459,2026-02-07,2026-02-17,37300.0,-0.027175585378964782,-1000.0,-1,0.00784283707631233,0.0,-0.002699056969165058,0.5366012825004178,0.018399785616500984,0.4449989318830811,-1,0.4429530201342282,0.15436241610738255,0.40268456375838924,-1,-0.015948504023502334,0.031634178176126994,0.023791341099814664,100.0,100.0,146,27,2026-02-06,1.0,IS7G26,33.0,2026-02-06,1.0,-0.0024163173987854017,9,NO CALL,past independent N<20; past MAE skill<=0; 80% interval/class does not clear holding hurdle Rs300
turkey,10,465,2026-02-14,2026-02-24,36500.0,0.0,0.0,0,-2.5758125941534836e-05,0.0,-0.002699056969165058,0.6073264751113632,0.018759826089638346,0.37391369879899855,-1,0.4429530201342282,0.15436241610738255,0.40268456375838924,-1,-0.0238170992257562,0.02376558297387313,0.023791341099814664,100.0,100.0,146,27,2026-02-13,1.0,IS7G26,36.0,2026-02-10,4.0,-0.002755474878630839,10,NO CALL,past independent N<20; past MAE skill<=0; 80% interval/class does not clear holding hurdle Rs300
turkey,10,471,2026-02-23,2026-03-05,36700.0,0.02156417791584064,800.0,1,0.007626114322305422,0.0,-0.0028027111234137847,0.514359675542537,0.01928253385400418,0.46635779060345883,-1,0.45394736842105265,0.1513157894736842,0.39473684210526316,-1,-0.016814994391069465,0.03206722303568031,0.024441108713374887,100.0,100.0,149,28,2026-02-20,3.0,IS7G26,36.0,2026-02-21,2.0,-0.0025949033049432295,10,NO CALL,past independent N<20; past MAE skill<=0; 80% interval/class does not clear holding hurdle Rs300
turkey,10,483,2026-03-10,2026-03-20,38800.0,-0.028760152175262687,-1100.0,-1,0.006327483018014954,0.0,-0.005412822310416684,0.5930490820414775,0.018480858185687257,0.38847005977283516,-1,0.4506172839506173,0.14814814814814814,0.4012345679012346,-1,-0.017666003562694224,0.03032096959872413,0.023993486580709177,100.0,100.0,159,29,2026-03-09,1.0,IS7H26,21.0,2026-03-09,1.0,-0.002027068992318304,11,NO CALL,past independent N<20; past MAE skill<=0; 80% interval/class does not clear holding hurdle Rs300
turkey,10,489,2026-03-17,2026-03-27,38000.0,0.007863736460214451,300.0,1,-0.004804972192023315,0.0,-0.005412822310416684,0.6463818513914481,0.018242764364054538,0.3353753842444974,-1,0.4506172839506173,0.14814814814814814,0.4012345679012346,-1,-0.02879845877273249,0.01918851438868586,0.023993486580709177,100.0,100.0,159,29,2026-03-16,1.0,IS7H26,38.0,2026-03-16,1.0,-0.002253406572618133,12,NO CALL,past independent N<20; past MAE skill<=0; 80% interval/class does not clear holding hurdle Rs300
turkey,10,495,2026-03-25,2026-04-04,38300.0,0.0632321852235157,2500.0,1,0.0031259634524020393,0.0,-0.005574548624697804,0.571222332727292,0.01813493373155216,0.41064273354115577,-1,0.45180722891566266,0.14457831325301204,0.4036144578313253,-1,-0.02049283233283136,0.026744759237635436,0.023618795785233397,100.0,100.0,163,30,2026-03-24,1.0,IS7H26,38.0,2026-03-24,1.0,-0.0023809848535883936,12,NO CALL,past independent N<20; past MAE skill<=0; 80% interval/class does not clear holding hurdle Rs300
turkey,10,512,2026-04-14,2026-04-24,41500.0,-0.01212136053234485,-500.0,-1,0.0055042927342415626,0.0,0.0,0.48586186662876096,0.15708654822097037,0.35705158515026875,-1,0.423728813559322,0.13559322033898305,0.4406779661016949,1,-0.021012263462159328,0.032020848930642457,0.026516556196400892,100.0,100.0,174,31,2026-04-13,1.0,IS7J26,31.0,2026-04-13,1.0,-0.002118749219969799,13,NO CALL,past independent N<20; past MAE skill<=0; class confidence<0.50; 80% interval/class does not clear holding hurdle Rs300
turkey,10,518,2026-04-21,2026-05-01,40700.0,-0.009876623495911976,-400.0,-1,-0.00494098873742121,0.0,0.0,0.6451024494303701,0.018255952063320095,0.33664159850630976,-1,0.423728813559322,0.13559322033898305,0.4406779661016949,1,-0.0314575449338221,0.02157556745897968,0.026516556196400892,100.0,100.0,174,31,2026-04-20,1.0,IS7J26,28.0,2026-04-20,1.0,-0.00227263756152761,14,NO CALL,past independent N<20; past MAE skill<=0; 80% interval/class does not clear holding hurdle Rs300
turkey,10,536,2026-05-12,2026-05-22,39400.0,-0.023107575010149605,-900.0,-1,0.0021828495636824546,0.0,0.0027435065953823213,0.4802092064856623,0.10383656479698429,0.4159542287173533,-1,0.4444444444444444,0.13227513227513227,0.42328042328042326,-1,-0.023683010868474484,0.028048709995839395,0.02586586043215694,100.0,100.0,186,33,2026-05-11,1.0,IS7K26,19.0,2026-05-09,3.0,-0.0019590016354863564,14,NO CALL,past independent N<20; past MAE skill<=0; class confidence<0.50; 80% interval/class does not clear holding hurdle Rs300
turkey,10,542,2026-05-19,2026-05-29,38800.0,0.007702220362092303,300.0,1,-0.0036031372409143936,0.0,0.0027435065953823213,0.5933688902628657,0.016532179149735263,0.3900989305873991,-1,0.4444444444444444,0.13227513227513227,0.42328042328042326,-1,-0.02946899767307133,0.022262723191242548,0.02586586043215694,100.0,100.0,186,33,2026-05-18,1.0,IS7K26,19.0,2026-05-18,1.0,-0.0019683286324945204,15,NO CALL,past independent N<20; past MAE skill<=0; 80% interval/class does not clear holding hurdle Rs300
turkey,10,547,2026-05-26,2026-06-05,38500.0,0.0,0.0,0,-0.004242291228900909,0.0,0.0013755166859448988,0.6283270293314432,0.0161360860497098,0.3555368846188469,-1,0.45595854922279794,0.12953367875647667,0.41450777202072536,-1,-0.029739280394292314,0.021254697936490492,0.025496989165391403,100.0,100.0,190,34,2026-05-22,4.0,IS7K26,16.0,2026-05-25,1.0,-0.002033720976831313,15,NO CALL,past independent N<20; past MAE skill<=0; 80% interval/class does not clear holding hurdle Rs300
turkey,10,557,2026-06-15,2026-06-25,38300.0,-0.0426731411260757,-1600.0,-1,0.01102742415966534,0.0,0.0,0.4394706887782127,0.016690366261319617,0.5438389449604676,1,0.4427860696517413,0.12935323383084577,0.42786069651741293,-1,-0.014285669741487395,0.036340518060818075,0.025313093901152734,100.0,100.0,198,35,2026-06-12,3.0,IS7M26,19.0,2026-06-13,2.0,-0.0021186659865263004,16,NO CALL,past independent N<20; past MAE skill<=0; 80% interval/class does not clear holding hurdle Rs300
turkey,10,566,2026-06-25,2026-07-06,36700.0,-0.0027285146532040625,-100.0,-1,-0.001360989617484802,0.0,0.0,0.45796811240797125,0.14127621637147558,0.40075567122055317,-1,0.4427860696517413,0.12935323383084577,0.42786069651741293,-1,-0.026674083518637537,0.02395210428366793,0.025313093901152734,100.0,100.0,198,35,2026-06-24,1.0,IS7M26,19.0,2026-06-22,3.0,-0.0024486199929388587,17,NO CALL,past independent N<20; past MAE skill<=0; class confidence<0.50; 80% interval/class does not clear holding hurdle Rs300
turkey,10,582,2026-07-14,2026-07-24,37600.0,0.02365419089788981,900.0,1,-0.007853343604215496,0.0,-0.005333952867860103,0.6758382905242529,0.057412997169947654,0.26674871230579933,-1,0.4567307692307692,0.12980769230769232,0.41346153846153844,-1,-0.03283460373543721,0.017127916527006216,0.024981260131221712,100.0,100.0,205,37,2026-07-13,1.0,IS7N26,16.0,2026-07-13,1.0,-0.002312562506852297,18,NO CALL,past independent N<20; past MAE skill<=0; 80% interval/class does not clear holding hurdle Rs300
turkey,10,588,2026-07-21,2026-07-31,38400.0,0.0026007817000574403,100.0,1,0.0011768342951806805,0.0,-0.005333952867860103,0.5958357460779731,0.0480841961389303,0.3560800577830967,-1,0.4567307692307692,0.12980769230769232,0.41346153846153844,-1,-0.023804425836041032,0.026158094426402392,0.024981260131221712,100.0,100.0,205,37,2026-07-20,1.0,IS7N26,16.0,2026-07-20,1.0,-0.0025036239240027527,19,NO CALL,past independent N<20; past MAE skill<=0; 80% interval/class does not clear holding hurdle Rs300
turkey,10,593,2026-07-27,2026-08-06,38500.0,0.018018505502678212,700.0,1,-0.002026649178235089,0.0,-0.002798978540578441,0.547861093066531,0.040383281326617365,0.4117556256068518,-1,0.4523809523809524,0.12857142857142856,0.41904761904761906,-1,-0.027626316633063086,0.02357301827659291,0.025599667454827998,100.0,100.0,207,38,2026-07-24,3.0,IS7N26,53.0,2026-07-25,2.0,-0.002380941983363305,19,NO CALL,past independent N<20; past MAE skill<=0; 80% interval/class does not clear holding hurdle Rs300
combined,10,318,2025-08-12,2025-08-22,38000.0,0.005249355886143745,200.0,1,-0.0010648152712201923,0.0,0.0,0.3704895615475576,0.286712656568591,0.3427977818838514,-1,0.35294117647058826,0.27058823529411763,0.3764705882352941,1,-0.01709417760367762,0.014964547061237236,0.016029362332457428,100.0,100.0,82,16,2025-08-11,1.0,IS7Q25,43.0,2025-08-11,1.0,,0,NO CALL,past independent N<20; past MAE skill<=0; class confidence<0.50; 80% interval/class does not clear holding hurdle Rs300
combined,10,322,2025-08-19,2025-08-29,38000.0,-0.005277057100843781,-200.0,-1,0.001732960024519991,0.0,0.0,0.37649870191146223,0.1847206693270483,0.43878062876148943,1,0.35294117647058826,0.27058823529411763,0.3764705882352941,1,-0.014296402307937437,0.01776232235697742,0.016029362332457428,100.0,100.0,82,16,2025-08-18,1.0,IS7Q25,49.0,2025-08-18,1.0,-0.0010648152712201923,1,NO CALL,past independent N<20; past MAE skill<=0; class confidence<0.50; 80% interval/class does not clear holding hurdle Rs300
combined,10,340,2025-09-10,2025-09-22,38300.0,-0.0426731411260757,-1600.0,-1,-0.005555216618085021,0.0,0.0,0.4947395947782815,0.18630385489106205,0.3189565503306565,-1,0.3763440860215054,0.24731182795698925,0.3763440860215054,-1,-0.021522462833686293,0.010412029597516253,0.015967246215601274,100.0,100.0,90,18,2025-09-09,1.0,IS7U25,37.0,2025-09-09,1.0,-0.0013988876478700923,1,NO CALL,past independent N<20; past MAE skill<=0; class confidence<0.50; 80% interval/class does not clear holding hurdle Rs300
combined,10,346,2025-09-18,2025-09-29,37400.0,-0.03537783908165104,-1300.0,-1,-0.014028208503542193,0.0,0.0,0.6590219765350255,0.17451083691735456,0.16646718654761988,-1,0.3763440860215054,0.24731182795698925,0.3763440860215054,-1,-0.029995454719143465,0.0019390377120590812,0.015967246215601274,100.0,100.0,90,18,2025-09-17,1.0,IS7U25,45.0,2025-09-16,2.0,0.0009191471074482815,2,NO CALL,past independent N<20; 80% interval/class does not clear holding hurdle Rs300
combined,10,351,2025-09-25,2025-10-06,36300.0,-0.03933091206242356,-1400.0,-1,-0.010767648566324686,0.0,0.0,0.619633317406525,0.1320472249496715,0.24831945764380345,-1,0.4020618556701031,0.23711340206185566,0.36082474226804123,-1,-0.02725989175799041,0.005724594625341039,0.016492243191665725,100.0,100.0,94,19,2025-09-24,1.0,IS7U25,45.0,2025-09-24,1.0,0.00419641245647176,2,NO CALL,past independent N<20; 80% interval/class does not clear holding hurdle Rs300
combined,10,363,2025-10-10,2025-10-24,34700.0,-0.01451404288425407,-500.0,-1,-0.02701889385216088,0.0,0.0,0.7772396664773407,0.025862994124688177,0.19689733939797116,-1,0.4423076923076923,0.22115384615384615,0.33653846153846156,-1,-0.040700829298672886,-0.013336958405648873,0.013681935446512005,10.0,100.0,101,20,2025-10-09,1.0,IS7V25,21.0,2025-10-08,2.0,0.005510659678442345,3,NO CALL,past independent N<20
combined,10,369,2025-10-17,2025-10-27,34200.0,-0.005865119452398134,-200.0,-1,-0.02918938462364181,0.0,0.0,0.7845943946793382,0.02644443776352513,0.1889611675571366,-1,0.4423076923076923,0.22115384615384615,0.33653846153846156,-1,-0.04287132007015382,-0.015507449177129805,0.013681935446512005,10.0,100.0,101,20,2025-10-16,1.0,IS7V25,21.0,2025-10-15,2.0,0.004927081718093165,4,NO CALL,past independent N<20
combined,10,372,2025-10-25,2025-11-04,34000.0,0.020379162336652046,700.0,1,-0.021783120259740503,0.0,0.0,0.8164948013341954,0.027957256929914878,0.1555479417358896,-1,0.45794392523364486,0.21495327102803738,0.32710280373831774,-1,-0.03544522964842341,-0.008121010871057599,0.013662109388682904,10.0,100.0,104,21,2025-10-24,1.0,IS7V25,21.0,2025-10-24,1.0,0.001729049227101917,4,NO CALL,past independent N<20
combined,10,386,2025-11-11,2025-11-21,34300.0,0.028737609767356946,1000.0,1,-0.0063915395557510215,0.0,0.0,0.6111244659449072,0.09111640948491266,0.29775912457018006,-1,0.4690265486725664,0.20353982300884957,0.3274336283185841,-1,-0.021007006816853663,0.008223927705351622,0.014615467261102643,10.0,100.0,110,22,2025-11-10,1.0,IS7X25,15.0,2025-11-10,1.0,-0.001209971958753383,5,NO CALL,past independent N<20; past MAE skill<=0; 80% interval/class does not clear holding hurdle Rs300
combined,10,392,2025-11-18,2025-11-28,35200.0,-0.008559253395669948,-300.0,-1,0.0024728616159279296,0.0,0.0,0.4859220093679245,0.07730117610624997,0.43677681452582545,-1,0.4690265486725664,0.20353982300884957,0.3274336283185841,-1,-0.012142605645174713,0.017088328877030573,0.014615467261102643,10.0,100.0,110,22,2025-11-17,1.0,IS7X25,19.0,2025-11-17,1.0,-0.0017857016917531172,6,NO CALL,past independent N<20; past MAE skill<=0; class confidence<0.50; 80% interval/class does not clear holding hurdle Rs300
combined,10,411,2025-12-10,2025-12-20,34300.0,0.017341475036487173,600.0,1,0.0018496612948752603,0.0,0.0,0.5180390997080022,0.02208886596314687,0.45987203432885093,-1,0.488,0.184,0.328,-1,-0.015695486059991666,0.01939480864974219,0.017545147354866928,100.0,100.0,122,24,2025-12-09,1.0,IS7Z25,27.0,2025-12-09,1.0,-0.0018544176841705957,6,NO CALL,past independent N<20; past MAE skill<=0; 80% interval/class does not clear holding hurdle Rs300
combined,10,416,2025-12-17,2025-12-27,34500.0,0.022923639901937024,800.0,1,0.0006200211268497101,0.0,0.0,0.5597551009086807,0.022591240870008106,0.4176536582213111,-1,0.488,0.184,0.328,-1,-0.01692512622801722,0.018165168481716638,0.017545147354866928,100.0,100.0,122,24,2025-12-16,1.0,IS7Z25,42.0,2025-12-16,1.0,-0.0015176832315300648,7,NO CALL,past independent N<20; past MAE skill<=0; 80% interval/class does not clear holding hurdle Rs300
combined,10,422,2025-12-24,2026-01-03,35400.0,0.08394642115400969,3100.0,1,-0.0004158386281293363,0.0,0.0,0.5436901506972459,0.02210796366846326,0.4342018856342909,-1,0.4728682170542636,0.17829457364341086,0.3488372093023256,-1,-0.018450431669026223,0.017618754412767553,0.018034593040896888,100.0,100.0,126,25,2025-12-23,1.0,IS7Z25,45.0,2025-12-23,1.0,-0.0013395412016650836,7,NO CALL,past independent N<20; past MAE skill<=0; 80% interval/class does not clear holding hurdle Rs300
combined,10,440,2026-01-15,2026-01-27,36700.0,0.008141157583699866,300.0,1,0.002845412222064434,0.0,0.0,0.6421498822213128,0.015975730827214336,0.341874386951473,-1,0.4326241134751773,0.16312056737588654,0.40425531914893614,-1,-0.019607918695173025,0.025298743139301895,0.02245333091723746,100.0,10.0,138,26,2026-01-14,1.0,IS7F26,45.0,2026-01-14,1.0,-0.0012684871575469464,8,NO CALL,past independent N<20; past MAE skill<=0; 80% interval/class does not clear holding hurdle Rs300
combined,10,446,2026-01-22,2026-02-02,36500.0,0.005464494472078745,200.0,1,0.020771326124815193,0.0,0.0,0.47797357285759484,0.01812158970814337,0.5039048374342618,1,0.4326241134751773,0.16312056737588654,0.40425531914893614,-1,-0.0016820047924222675,0.04322465704205265,0.02245333091723746,100.0,10.0,138,26,2026-01-21,1.0,IS7F26,45.0,2026-01-21,1.0,-0.0009746372018604177,9,NO CALL,past independent N<20; past MAE skill<=0; 80% interval/class does not clear holding hurdle Rs300
combined,10,459,2026-02-07,2026-02-17,37300.0,-0.027175585378964782,-1000.0,-1,0.005822940619918037,0.0,-0.002699056969165058,0.5638957491227613,0.018195962781242178,0.4179082880959965,-1,0.4429530201342282,0.15436241610738255,0.40268456375838924,-1,-0.01709390455048282,0.02873978579031889,0.022916845170400855,100.0,100.0,146,27,2026-02-06,1.0,IS7G26,33.0,2026-02-06,1.0,-0.0015658172004469027,9,NO CALL,past independent N<20; past MAE skill<=0; 80% interval/class does not clear holding hurdle Rs300
combined,10,465,2026-02-14,2026-02-24,36500.0,0.0,0.0,0,0.005641783282256053,0.0,-0.002699056969165058,0.497595750549777,0.017904015073279694,0.4845002343769433,-1,0.4429530201342282,0.15436241610738255,0.40268456375838924,-1,-0.017275061888144802,0.028558628452656908,0.022916845170400855,100.0,100.0,146,27,2026-02-13,1.0,IS7G26,36.0,2026-02-10,4.0,-0.0018318874141638568,10,NO CALL,past independent N<20; past MAE skill<=0; class confidence<0.50; 80% interval/class does not clear holding hurdle Rs300
combined,10,471,2026-02-23,2026-03-05,36700.0,0.02156417791584064,800.0,1,0.005861087370967106,0.0,-0.0028027111234137847,0.5072742900233191,0.017895577883974074,0.47483013209270675,-1,0.45394736842105265,0.1513157894736842,0.39473684210526316,-1,-0.017721823650896695,0.029443998392830906,0.0235829110218638,100.0,100.0,149,28,2026-02-20,3.0,IS7G26,36.0,2026-02-21,2.0,-0.0020559989358163375,10,NO CALL,past independent N<20; past MAE skill<=0; 80% interval/class does not clear holding hurdle Rs300
combined,10,483,2026-03-10,2026-03-20,38800.0,-0.028760152175262687,-1100.0,-1,0.004535507108468699,0.0,-0.005412822310416684,0.5750623193904909,0.015861358901612534,0.40907632170789643,-1,0.4506172839506173,0.14814814814814814,0.4012345679012346,-1,-0.01896649553525799,0.02803750975219539,0.02350200264372669,100.0,10.0,159,29,2026-03-09,1.0,IS7H26,21.0,2026-03-09,1.0,-0.0016161608076616998,11,NO CALL,past independent N<20; past MAE skill<=0; 80% interval/class does not clear holding hurdle Rs300
combined,10,489,2026-03-17,2026-03-27,38000.0,0.007863736460214451,300.0,1,0.0007198194900511245,0.0,-0.005412822310416684,0.49238278178948547,0.014481887034922454,0.49313533117559194,1,0.4506172839506173,0.14814814814814814,0.4012345679012346,-1,-0.022782183153675566,0.024221822133777816,0.02350200264372669,100.0,10.0,159,29,2026-03-16,1.0,IS7H26,38.0,2026-03-16,1.0,-0.0017698106129673367,12,NO CALL,past independent N<20; past MAE skill<=0; class confidence<0.50; 80% interval/class does not clear holding hurdle Rs300
combined,10,495,2026-03-25,2026-04-04,38300.0,0.0632321852235157,2500.0,1,0.005189124006926865,0.0,-0.005574548624697804,0.4693872764497504,0.014218794681084659,0.5163939288691649,1,0.45180722891566266,0.14457831325301204,0.4036144578313253,-1,-0.01739168910168389,0.02776993711553762,0.022580813108610754,100.0,10.0,163,30,2026-03-24,1.0,IS7H26,38.0,2026-03-24,1.0,-0.001645329107816413,12,NO CALL,past independent N<20; past MAE skill<=0; 80% interval/class does not clear holding hurdle Rs300
combined,10,512,2026-04-14,2026-04-24,41500.0,-0.01212136053234485,-500.0,-1,0.002624021021748372,0.0,0.0,0.7169805969277556,0.0371955446830539,0.24582385838919052,-1,0.423728813559322,0.13559322033898305,0.4406779661016949,1,-0.022542835581130145,0.027790877624626887,0.025166856602878516,100.0,10.0,174,31,2026-04-13,1.0,IS7J26,31.0,2026-04-13,1.0,-0.0013198789594953027,13,NO CALL,past independent N<20; past MAE skill<=0; 80% interval/class does not clear holding hurdle Rs300
combined,10,518,2026-04-21,2026-05-01,40700.0,-0.009876623495911976,-400.0,-1,-0.020883891272280325,0.0,0.0,0.942053108021656,0.013634562818433907,0.0443123291599102,-1,0.423728813559322,0.13559322033898305,0.4406779661016949,1,-0.04605074787515884,0.004282965330598191,0.025166856602878516,100.0,10.0,174,31,2026-04-20,1.0,IS7J26,28.0,2026-04-20,1.0,-0.001379158144143175,14,NO CALL,past independent N<20; past MAE skill<=0; 80% interval/class does not clear holding hurdle Rs300
combined,10,536,2026-05-12,2026-05-22,39400.0,-0.023107575010149605,-900.0,-1,-0.009205178534255289,0.0,0.0027435065953823213,0.7245383507075949,0.12176587886066899,0.15369577043173624,-1,0.4444444444444444,0.13227513227513227,0.42328042328042326,-1,-0.033593219185888076,0.0151828621173775,0.02438804065163279,100.0,100.0,186,33,2026-05-11,1.0,IS7K26,19.0,2026-05-09,3.0,-0.001368353193548097,14,NO CALL,past independent N<20; past MAE skill<=0; 80% interval/class does not clear holding hurdle Rs300
combined,10,542,2026-05-19,2026-05-29,38800.0,0.007702220362092303,300.0,1,-0.016215584814610343,0.0,0.0027435065953823213,0.8678361178210263,0.017669729446639065,0.11449415273233457,-1,0.4444444444444444,0.13227513227513227,0.42328042328042326,-1,-0.04060362546624313,0.008172455837022446,0.02438804065163279,100.0,100.0,186,33,2026-05-18,1.0,IS7K26,19.0,2026-05-18,1.0,-0.0009277893715562806,15,NO CALL,past independent N<20; past MAE skill<=0; 80% interval/class does not clear holding hurdle Rs300
combined,10,547,2026-05-26,2026-06-05,38500.0,0.0,0.0,0,-0.016583137918474745,0.0,0.0013755166859448988,0.8994097034500872,0.01686250525863063,0.08372779129128215,-1,0.45595854922279794,0.12953367875647667,0.41450777202072536,-1,-0.04048016148369481,0.00731388564674532,0.023897023565220065,100.0,100.0,190,34,2026-05-22,4.0,IS7K26,16.0,2026-05-25,1.0,-0.00153930118927844,15,NO CALL,past independent N<20; past MAE skill<=0; 80% interval/class does not clear holding hurdle Rs300
combined,10,557,2026-06-15,2026-06-25,38300.0,-0.0426731411260757,-1600.0,-1,0.0035952082672395073,0.0,0.0,0.583498151446837,0.026679265616409494,0.3898225829367535,-1,0.4427860696517413,0.12935323383084577,0.42786069651741293,-1,-0.02055686494416976,0.027747281478648776,0.024152073211409268,100.0,100.0,198,35,2026-06-12,3.0,IS7M26,19.0,2026-06-13,2.0,-0.0021179102942475297,16,NO CALL,past independent N<20; past MAE skill<=0; 80% interval/class does not clear holding hurdle Rs300
combined,10,566,2026-06-25,2026-07-06,36700.0,-0.0027285146532040625,-100.0,-1,-0.00542871107468922,0.0,0.0,0.5290752919242022,0.15933218838684218,0.31159251968895557,-1,0.4427860696517413,0.12935323383084577,0.42786069651741293,-1,-0.029580784286098488,0.01872336213672005,0.024152073211409268,100.0,100.0,198,35,2026-06-24,1.0,IS7M26,19.0,2026-06-22,3.0,-0.0021726250339879766,17,NO CALL,past independent N<20; past MAE skill<=0; 80% interval/class does not clear holding hurdle Rs300
combined,10,582,2026-07-14,2026-07-24,37600.0,0.02365419089788981,900.0,1,-0.010778252130834744,0.0,-0.005333952867860103,0.7368359739558098,0.016657516034202367,0.24650651000998783,-1,0.4567307692307692,0.12980769230769232,0.41346153846153844,-1,-0.03533547658979885,0.013778972328129368,0.024557224458964112,100.0,100.0,205,37,2026-07-13,1.0,IS7N26,16.0,2026-07-13,1.0,-0.002094019917355583,18,NO CALL,past independent N<20; past MAE skill<=0; 80% interval/class does not clear holding hurdle Rs300
combined,10,588,2026-07-21,2026-07-31,38400.0,0.0026007817000574403,100.0,1,0.002919376897485594,0.0,-0.005333952867860103,0.5710263617519112,0.016530614358117493,0.41244302388997117,-1,0.4567307692307692,0.12980769230769232,0.41346153846153844,-1,-0.021637847561478518,0.027476601356449706,0.024557224458964112,100.0,100.0,205,37,2026-07-20,1.0,IS7N26,16.0,2026-07-20,1.0,-0.002393476200579,19,NO CALL,past independent N<20; past MAE skill<=0; 80% interval/class does not clear holding hurdle Rs300
combined,10,593,2026-07-27,2026-08-06,38500.0,0.018018505502678212,700.0,1,0.005206933238246761,0.0,-0.002798978540578441,0.4229783415925336,0.016252133814659512,0.5607695245928068,1,0.4523809523809524,0.12857142857142856,0.41904761904761906,-1,-0.019715325132515955,0.030129191609009474,0.024922258370762715,100.0,100.0,207,38,2026-07-24,3.0,IS7N26,53.0,2026-07-25,2.0,-0.002237620777138724,19,NO CALL,past independent N<20; past MAE skill<=0; 80% interval/class does not clear holding hurdle Rs300
nonlinear,10,318,2025-08-12,2025-08-22,38000.0,0.005249355886143745,200.0,1,-0.0016415798806647,0.0,0.0,0.38026935818320007,0.2897806780672513,0.32994996374954866,-1,0.35294117647058826,0.27058823529411763,0.3764705882352941,1,-0.017858100185409988,0.014574940424080586,0.016216520304745286,100.0,100.0,82,16,2025-08-11,1.0,IS7Q25,43.0,2025-08-11,1.0,,0,NO CALL,past independent N<20; past MAE skill<=0; class confidence<0.50; 80% interval/class does not clear holding hurdle Rs300
nonlinear,10,322,2025-08-19,2025-08-29,38000.0,-0.005277057100843781,-200.0,-1,0.0014489462872504257,0.0,0.0,0.3813881644492578,0.18565475793107328,0.43295707761966884,1,0.35294117647058826,0.27058823529411763,0.3764705882352941,1,-0.01476757401749486,0.01766546659199571,0.016216520304745286,100.0,100.0,82,16,2025-08-18,1.0,IS7Q25,49.0,2025-08-18,1.0,-0.0016415798806646998,1,NO CALL,past independent N<20; past MAE skill<=0; class confidence<0.50; 80% interval/class does not clear holding hurdle Rs300
nonlinear,10,340,2025-09-10,2025-09-22,38300.0,-0.0426731411260757,-1600.0,-1,-0.004423299924531936,0.0,0.0,0.46477180370597965,0.19882701955881116,0.33640117673520925,-1,0.3763440860215054,0.24731182795698925,0.3763440860215054,-1,-0.02015753074200392,0.011310930892940049,0.015734230817471984,100.0,100.0,90,18,2025-09-09,1.0,IS7U25,37.0,2025-09-09,1.0,-0.001545263083957563,1,NO CALL,past independent N<20; past MAE skill<=0; class confidence<0.50; 80% interval/class does not clear holding hurdle Rs300
nonlinear,10,346,2025-09-18,2025-09-29,37400.0,-0.03537783908165104,-1300.0,-1,-0.010306564373560576,0.0,0.0,0.5575934729289412,0.21824359923588857,0.2241629278351701,-1,0.3763440860215054,0.24731182795698925,0.3763440860215054,-1,-0.02604079519103256,0.005427666443911409,0.015734230817471984,100.0,100.0,90,18,2025-09-17,1.0,IS7U25,45.0,2025-09-16,2.0,0.0004442579188722734,2,NO CALL,past independent N<20; 80% interval/class does not clear holding hurdle Rs300
nonlinear,10,351,2025-09-25,2025-10-06,36300.0,-0.03933091206242356,-1400.0,-1,-0.010733918294074846,0.0,0.0,0.6111822888176283,0.137030014673363,0.2517876965090088,-1,0.4020618556701031,0.23711340206185566,0.36082474226804123,-1,-0.027538189040348993,0.0060703524521993,0.016804270746274146,100.0,100.0,94,19,2025-09-24,1.0,IS7U25,45.0,2025-09-24,1.0,0.002909834532544349,2,NO CALL,past independent N<20; 80% interval/class does not clear holding hurdle Rs300
nonlinear,10,363,2025-10-10,2025-10-24,34700.0,-0.01451404288425407,-500.0,-1,-0.018219251086698307,0.0,0.0,0.7728321711549261,0.02594063403111481,0.20122719481395904,-1,0.4423076923076923,0.22115384615384615,0.33653846153846156,-1,-0.0349933279824807,-0.001445174190915919,0.016774076895782388,100.0,100.0,101,20,2025-10-09,1.0,IS7V25,21.0,2025-10-08,2.0,0.004474651284850448,3,NO CALL,past independent N<20; 80% interval/class does not clear holding hurdle Rs300
nonlinear,10,369,2025-10-17,2025-10-27,34200.0,-0.005865119452398134,-200.0,-1,-0.016143527279295595,0.0,0.0,0.7890256225617562,0.02603243127319814,0.1849419461650456,-1,0.4423076923076923,0.22115384615384615,0.33653846153846156,-1,-0.03291760417507798,0.0006305496164867933,0.016774076895782388,100.0,100.0,101,20,2025-10-16,1.0,IS7V25,21.0,2025-10-15,2.0,0.005530348517677013,4,NO CALL,past independent N<20; 80% interval/class does not clear holding hurdle Rs300
nonlinear,10,372,2025-10-25,2025-11-04,34000.0,0.020379162336652046,700.0,1,-0.014526295293452353,0.0,0.0,0.8183460986737032,0.02776454858240281,0.15388935274389398,-1,0.45794392523364486,0.21495327102803738,0.32710280373831774,-1,-0.03094355767689924,0.0018909670899945347,0.016417262383446887,100.0,100.0,104,21,2025-10-24,1.0,IS7V25,21.0,2025-10-24,1.0,0.00410982896165182,4,NO CALL,past independent N<20; 80% interval/class does not clear holding hurdle Rs300
nonlinear,10,386,2025-11-11,2025-11-21,34300.0,0.028737609767356946,1000.0,1,-0.006379834380674038,0.0,0.0,0.6013928940712006,0.09867544477974965,0.2999316611490497,-1,0.4690265486725664,0.20353982300884957,0.3274336283185841,-1,-0.023461392960879686,0.01070172419953161,0.017081558580205648,100.0,100.0,110,22,2025-11-10,1.0,IS7X25,15.0,2025-11-10,1.0,0.0017803134297637996,5,NO CALL,past independent N<20; 80% interval/class does not clear holding hurdle Rs300
nonlinear,10,392,2025-11-18,2025-11-28,35200.0,-0.008559253395669948,-300.0,-1,-0.0003516823718094392,0.0,0.0,0.46546311495284093,0.09267430070046047,0.44186258434669873,-1,0.4690265486725664,0.20353982300884957,0.3274336283185841,-1,-0.017433240952015087,0.016729876208396208,0.017081558580205648,100.0,100.0,110,22,2025-11-17,1.0,IS7X25,19.0,2025-11-17,1.0,0.0008736303397151486,6,NO CALL,past independent N<20; class confidence<0.50; 80% interval/class does not clear holding hurdle Rs300
nonlinear,10,411,2025-12-10,2025-12-20,34300.0,0.017341475036487173,600.0,1,0.0004476915265698594,0.0,0.0,0.5140324573338777,0.022648685559952485,0.46331885710616993,-1,0.488,0.184,0.328,-1,-0.017090532974287538,0.01798591602742726,0.0175382245008574,100.0,100.0,122,24,2025-12-09,1.0,IS7Z25,27.0,2025-12-09,1.0,0.0008214355429245826,6,NO CALL,past independent N<20; 80% interval/class does not clear holding hurdle Rs300
nonlinear,10,416,2025-12-17,2025-12-27,34500.0,0.022923639901937024,800.0,1,-0.0010294971368738485,0.0,0.0,0.5544522048406484,0.023193264675285697,0.4223545304840659,-1,0.488,0.184,0.328,-1,-0.01856772163773125,0.01650872736398355,0.0175382245008574,100.0,100.0,122,24,2025-12-16,1.0,IS7Z25,42.0,2025-12-16,1.0,0.0007874588141650596,7,NO CALL,past independent N<20; 80% interval/class does not clear holding hurdle Rs300
nonlinear,10,422,2025-12-24,2026-01-03,35400.0,0.08394642115400969,3100.0,1,-0.0006374914577839852,0.0,0.0,0.5374795020359381,0.02218726120237939,0.44033323676168246,-1,0.4728682170542636,0.17829457364341086,0.3488372093023256,-1,-0.01902564496063931,0.01775066204507134,0.018388153502855324,100.0,100.0,126,25,2025-12-23,1.0,IS7Z25,45.0,2025-12-23,1.0,0.0006360458182451505,7,NO CALL,past independent N<20; 80% interval/class does not clear holding hurdle Rs300
nonlinear,10,440,2026-01-15,2026-01-27,36700.0,0.008141157583699866,300.0,1,0.0035173336551433884,0.0,0.0,0.4327043670636672,0.01972083490665756,0.5475747980296752,1,0.4326241134751773,0.16312056737588654,0.40425531914893614,-1,-0.019412569314242963,0.02644723662452974,0.02292990296938635,100.0,100.0,138,26,2026-01-14,1.0,IS7F26,45.0,2026-01-14,1.0,0.0005380814123967584,8,NO CALL,past independent N<20; 80% interval/class does not clear holding hurdle Rs300
nonlinear,10,446,2026-01-22,2026-02-02,36500.0,0.005464494472078745,200.0,1,0.021288241076735756,0.0,0.0,0.34158436701757755,0.020370477424248024,0.6380451555581744,1,0.4326241134751773,0.16312056737588654,0.40425531914893614,-1,-0.001641661892650595,0.04421814404612211,0.02292990296938635,100.0,100.0,138,26,2026-01-21,1.0,IS7F26,45.0,2026-01-21,1.0,0.0007508851440215132,9,NO CALL,past independent N<20; 80% interval/class does not clear holding hurdle Rs300
nonlinear,10,459,2026-02-07,2026-02-17,37300.0,-0.027175585378964782,-1000.0,-1,0.007338852066262535,0.0,-0.002699056969165058,0.5630887611487935,0.017938968887034987,0.41897226996417153,-1,0.4429530201342282,0.15436241610738255,0.40268456375838924,-1,-0.015553064032475904,0.030230768165000976,0.02289191609873844,100.0,100.0,146,27,2026-02-06,1.0,IS7G26,33.0,2026-02-06,1.0,1.0209325581531092e-05,9,NO CALL,past independent N<20; 80% interval/class does not clear holding hurdle Rs300
nonlinear,10,465,2026-02-14,2026-02-24,36500.0,0.0,0.0,0,0.006784162514301184,0.0,-0.002699056969165058,0.496705899359393,0.017748260974316355,0.48554583966629067,-1,0.4429530201342282,0.15436241610738255,0.40268456375838924,-1,-0.016107753584437254,0.029676078613039624,0.02289191609873844,100.0,100.0,146,27,2026-02-13,1.0,IS7G26,36.0,2026-02-10,4.0,-0.0004491070114087288,10,NO CALL,past independent N<20; past MAE skill<=0; class confidence<0.50; 80% interval/class does not clear holding hurdle Rs300
nonlinear,10,471,2026-02-23,2026-03-05,36700.0,0.02156417791584064,800.0,1,0.006510516130306193,0.0,-0.0028027111234137847,0.5092309487805947,0.017789764410008756,0.47297928680939655,-1,0.45394736842105265,0.1513157894736842,0.39473684210526316,-1,-0.01715371487054872,0.030174747131161108,0.023664231000854914,100.0,100.0,149,28,2026-02-20,3.0,IS7G26,36.0,2026-02-21,2.0,-0.0008217573351082842,10,NO CALL,past independent N<20; past MAE skill<=0; 80% interval/class does not clear holding hurdle Rs300
nonlinear,10,483,2026-03-10,2026-03-20,38800.0,-0.028760152175262687,-1100.0,-1,0.006363893357399137,0.0,-0.005412822310416684,0.5622760494635604,0.016432872680808796,0.4212910778556308,-1,0.4506172839506173,0.14814814814814814,0.4012345679012346,-1,-0.017107088187731996,0.02983487490253027,0.023470981545131133,100.0,100.0,159,29,2026-03-09,1.0,IS7H26,21.0,2026-03-09,1.0,-0.00041440880925192394,11,NO CALL,past independent N<20; past MAE skill<=0; 80% interval/class does not clear holding hurdle Rs300
nonlinear,10,489,2026-03-17,2026-03-27,38000.0,0.007863736460214451,300.0,1,0.0019685433602208502,0.0,-0.005412822310416684,0.5027314807414381,0.01626225516725464,0.48100626409130715,-1,0.4506172839506173,0.14814814814814814,0.4012345679012346,-1,-0.021502438184910284,0.025439524905351982,0.023470981545131133,100.0,100.0,159,29,2026-03-16,1.0,IS7H26,38.0,2026-03-16,1.0,-0.0007275395749438869,12,NO CALL,past independent N<20; past MAE skill<=0; 80% interval/class does not clear holding hurdle Rs300
nonlinear,10,495,2026-03-25,2026-04-04,38300.0,0.0632321852235157,2500.0,1,0.005321082525056845,0.0,-0.005574548624697804,0.46655991116693324,0.016128387031704005,0.5173117018013628,1,0.45180722891566266,0.14457831325301204,0.4036144578313253,-1,-0.01762794987881592,0.028270114928929613,0.022949032403872766,100.0,100.0,163,30,2026-03-24,1.0,IS7H26,38.0,2026-03-24,1.0,-0.0005927354281856506,12,NO CALL,past independent N<20; past MAE skill<=0; 80% interval/class does not clear holding hurdle Rs300
nonlinear,10,512,2026-04-14,2026-04-24,41500.0,-0.01212136053234485,-500.0,-1,0.004404043874217977,0.0,0.0,0.5591023077170231,0.01763801153846075,0.42325968074451614,-1,0.423728813559322,0.13559322033898305,0.4406779661016949,1,-0.021519138062116465,0.030327225810552423,0.025923181936334444,100.0,100.0,174,31,2026-04-13,1.0,IS7J26,31.0,2026-04-13,1.0,-0.0003111250494598136,13,NO CALL,past independent N<20; past MAE skill<=0; 80% interval/class does not clear holding hurdle Rs300
nonlinear,10,518,2026-04-21,2026-05-01,40700.0,-0.009876623495911976,-400.0,-1,-0.021038646552464846,0.0,0.0,0.9157765391919015,0.01720381571860105,0.06701964508949741,-1,0.423728813559322,0.13559322033898305,0.4406779661016949,1,-0.04696182848879929,0.004884535383869598,0.025923181936334444,100.0,100.0,174,31,2026-04-20,1.0,IS7J26,28.0,2026-04-20,1.0,-0.0004971668142215516,14,NO CALL,past independent N<20; past MAE skill<=0; 80% interval/class does not clear holding hurdle Rs300
nonlinear,10,536,2026-05-12,2026-05-22,39400.0,-0.023107575010149605,-900.0,-1,-0.008336272961214471,0.0,0.0027435065953823213,0.7191906055229573,0.12250784527341625,0.15830154920362652,-1,0.4444444444444444,0.13227513227513227,0.42328042328042326,-1,-0.03313135346976312,0.01645880754733418,0.02479508050854865,100.0,100.0,186,33,2026-05-11,1.0,IS7K26,19.0,2026-05-09,3.0,-0.0005314378031963038,14,NO CALL,past independent N<20; past MAE skill<=0; 80% interval/class does not clear holding hurdle Rs300
nonlinear,10,542,2026-05-19,2026-05-29,38800.0,0.007702220362092303,300.0,1,-0.016515533571945653,0.0,0.0027435065953823213,0.8709410214661742,0.0172046010500065,0.11185437748381934,-1,0.4444444444444444,0.13227513227513227,0.42328042328042326,-1,-0.0413106140804943,0.008279546936602999,0.02479508050854865,100.0,100.0,186,33,2026-05-18,1.0,IS7K26,19.0,2026-05-18,1.0,-0.0001619498546791831,15,NO CALL,past independent N<20; past MAE skill<=0; 80% interval/class does not clear holding hurdle Rs300
nonlinear,10,547,2026-05-26,2026-06-05,38500.0,0.0,0.0,0,-0.016478506337929716,0.0,0.0013755166859448988,0.8994412866143409,0.016837231774632564,0.08372148161102645,-1,0.45595854922279794,0.12953367875647667,0.41450777202072536,-1,-0.0407391031781246,0.007782090502265169,0.024260596840194885,100.0,100.0,190,34,2026-05-22,4.0,IS7K26,16.0,2026-05-25,1.0,-0.0008160932033698387,15,NO CALL,past independent N<20; past MAE skill<=0; 80% interval/class does not clear holding hurdle Rs300
nonlinear,10,557,2026-06-15,2026-06-25,38300.0,-0.0426731411260757,-1600.0,-1,0.004769997656452614,0.0,0.0,0.5772725427409761,0.026331377699274402,0.39639607955974965,-1,0.4427860696517413,0.12935323383084577,0.42786069651741293,-1,-0.019255302140639814,0.028795297453545046,0.02402529979709243,100.0,100.0,198,35,2026-06-12,3.0,IS7M26,19.0,2026-06-13,2.0,-0.0014184937085452189,16,NO CALL,past independent N<20; past MAE skill<=0; 80% interval/class does not clear holding hurdle Rs300
nonlinear,10,566,2026-06-25,2026-07-06,36700.0,-0.0027285146532040625,-100.0,-1,-0.006539857849567654,0.0,0.0,0.5359770662912954,0.15818543953445666,0.305837494174248,-1,0.4427860696517413,0.12935323383084577,0.42786069651741293,-1,-0.030565157646660082,0.017485441947524778,0.02402529979709243,100.0,100.0,198,35,2026-06-24,1.0,IS7M26,19.0,2026-06-22,3.0,-0.0015426234843936397,17,NO CALL,past independent N<20; past MAE skill<=0; 80% interval/class does not clear holding hurdle Rs300
nonlinear,10,582,2026-07-14,2026-07-24,37600.0,0.02365419089788981,900.0,1,-0.010694012371104466,0.0,-0.005333952867860103,0.7435226426697121,0.016817990386377313,0.23965936694391052,-1,0.4567307692307692,0.12980769230769232,0.41346153846153844,-1,-0.03523120148345149,0.013843176741242563,0.02453718911234703,100.0,100.0,205,37,2026-07-13,1.0,IS7N26,16.0,2026-07-13,1.0,-0.0015262022364924167,18,NO CALL,past independent N<20; past MAE skill<=0; 80% interval/class does not clear holding hurdle Rs300
nonlinear,10,588,2026-07-21,2026-07-31,38400.0,0.0026007817000574403,100.0,1,0.004032475558825162,0.0,-0.005333952867860103,0.5668750102500186,0.01653674198851996,0.41658824776146147,-1,0.4567307692307692,0.12980769230769232,0.41346153846153844,-1,-0.020504713553521868,0.02856966467117219,0.02453718911234703,100.0,100.0,205,37,2026-07-20,1.0,IS7N26,16.0,2026-07-20,1.0,-0.001842333620444555,19,NO CALL,past independent N<20; past MAE skill<=0; 80% interval/class does not clear holding hurdle Rs300
nonlinear,10,593,2026-07-27,2026-08-06,38500.0,0.018018505502678212,700.0,1,0.006712267552487693,0.0,-0.002798978540578441,0.40897730959206074,0.01645281851648712,0.5745698718914523,1,0.4523809523809524,0.12857142857142856,0.41904761904761906,-1,-0.018713951839424352,0.03213848694439974,0.025426219391912044,100.0,100.0,207,38,2026-07-24,3.0,IS7N26,53.0,2026-07-25,2.0,-0.0017419529050534156,19,NO CALL,past independent N<20; past MAE skill<=0; 80% interval/class does not clear holding hurdle Rs300
baseline,15,318,2025-08-12,2025-08-27,38000.0,-0.005277057100843781,-200.0,-1,0.0,0.0,0.0,0.3614457831325301,0.25301204819277107,0.3855421686746988,1,0.3614457831325301,0.25301204819277107,0.3855421686746988,1,-0.031917602968304946,0.031917602968304946,0.031917602968304946,,,80,11,2025-08-11,1.0,IS7Q25,43.0,2025-08-11,1.0,,0,NO CALL,baseline model
baseline,15,322,2025-08-19,2025-09-03,38000.0,-0.01324522675002068,-500.0,-1,0.0,0.0,0.0,0.35714285714285715,0.25,0.39285714285714285,1,0.35714285714285715,0.25,0.39285714285714285,1,-0.031917602968304946,0.031917602968304946,0.031917602968304946,,,81,11,2025-08-18,1.0,IS7Q25,49.0,2025-08-18,1.0,0.0,1,NO CALL,baseline model
baseline,15,340,2025-09-10,2025-09-25,38300.0,-0.05363215491579525,-2000.0,-1,0.0,0.0,0.0,0.40217391304347827,0.22826086956521738,0.3695652173913043,-1,0.40217391304347827,0.22826086956521738,0.3695652173913043,-1,-0.029374608679904317,0.029374608679904317,0.029374608679904317,,,89,12,2025-09-09,1.0,IS7U25,37.0,2025-09-09,1.0,0.0,1,NO CALL,baseline model
baseline,15,346,2025-09-18,2025-10-03,37400.0,-0.04652001563489282,-1700.0,-1,0.0,0.0,0.0,0.40217391304347827,0.22826086956521738,0.3695652173913043,-1,0.40217391304347827,0.22826086956521738,0.3695652173913043,-1,-0.029374608679904317,0.029374608679904317,0.029374608679904317,,,89,12,2025-09-17,1.0,IS7U25,45.0,2025-09-16,2.0,0.0,2,NO CALL,baseline model
baseline,15,351,2025-09-25,2025-10-10,36300.0,-0.04507805431799159,-1600.0,-1,0.0,0.0,0.0,0.40217391304347827,0.22826086956521738,0.3695652173913043,-1,0.40217391304347827,0.22826086956521738,0.3695652173913043,-1,-0.029374608679904317,0.029374608679904317,0.029374608679904317,,,89,12,2025-09-24,1.0,IS7U25,45.0,2025-09-24,1.0,0.0,2,NO CALL,baseline model
baseline,15,363,2025-10-10,2025-10-25,34700.0,-0.02037916233665214,-700.0,-1,0.0,0.0,0.0,0.46078431372549017,0.20588235294117646,0.3333333333333333,-1,0.46078431372549017,0.20588235294117646,0.3333333333333333,-1,-0.03350615391616455,0.03350615391616455,0.03350615391616455,,,99,13,2025-10-09,1.0,IS7V25,21.0,2025-10-08,2.0,0.0,3,NO CALL,baseline model
baseline,15,369,2025-10-17,2025-11-01,34200.0,0.014514042884254012,500.0,1,0.0,0.0,0.0,0.46601941747572817,0.20388349514563106,0.3300970873786408,-1,0.46601941747572817,0.20388349514563106,0.3300970873786408,-1,-0.034888262490637756,0.034888262490637756,0.034888262490637756,,,100,14,2025-10-16,1.0,IS7V25,21.0,2025-10-15,2.0,0.0,4,NO CALL,baseline model
baseline,15,372,2025-10-25,2025-11-10,34000.0,0.008784829555732811,300.0,1,0.0,0.0,0.0,0.46601941747572817,0.20388349514563106,0.3300970873786408,-1,0.46601941747572817,0.20388349514563106,0.3300970873786408,-1,-0.034888262490637756,0.034888262490637756,0.034888262490637756,,,100,14,2025-10-24,1.0,IS7V25,21.0,2025-10-24,1.0,0.0,4,NO CALL,baseline model
baseline,15,386,2025-11-11,2025-11-26,34300.0,0.011594332780919227,400.0,1,0.0,0.0,0.0,0.46846846846846846,0.1981981981981982,0.3333333333333333,-1,0.46846846846846846,0.1981981981981982,0.3333333333333333,-1,-0.03295735564533323,0.03295735564533323,0.03295735564533323,,,108,16,2025-11-10,1.0,IS7X25,15.0,2025-11-10,1.0,0.0,5,NO CALL,baseline model
baseline,15,392,2025-11-18,2025-12-03,35200.0,-0.011428695823622744,-400.0,-1,0.0,0.0,0.0,0.4642857142857143,0.19642857142857142,0.3392857142857143,-1,0.4642857142857143,0.19642857142857142,0.3392857142857143,-1,-0.03287400975548359,0.03287400975548359,0.03287400975548359,,,109,16,2025-11-17,1.0,IS7X25,19.0,2025-11-17,1.0,0.0,6,NO CALL,baseline model
baseline,15,411,2025-12-10,2025-12-25,34300.0,0.028737609767356946,1000.0,1,0.0,0.0,0.0,0.4838709677419355,0.1774193548387097,0.3387096774193548,-1,0.4838709677419355,0.1774193548387097,0.3387096774193548,-1,-0.032002731086173734,0.032002731086173734,0.032002731086173734,,,121,17,2025-12-09,1.0,IS7Z25,27.0,2025-12-09,1.0,0.0,6,NO CALL,baseline model
baseline,15,416,2025-12-17,2026-01-01,34500.0,0.06453852113757116,2300.0,1,0.0,0.0,0.0,0.4838709677419355,0.1774193548387097,0.3387096774193548,-1,0.4838709677419355,0.1774193548387097,0.3387096774193548,-1,-0.032002731086173734,0.032002731086173734,0.032002731086173734,,,121,17,2025-12-16,1.0,IS7Z25,42.0,2025-12-16,1.0,0.0,7,NO CALL,baseline model
baseline,15,422,2025-12-24,2026-01-08,35400.0,0.03333642026759171,1200.0,1,0.0,0.0,0.0,0.4838709677419355,0.1774193548387097,0.3387096774193548,-1,0.4838709677419355,0.1774193548387097,0.3387096774193548,-1,-0.032002731086173734,0.032002731086173734,0.032002731086173734,,,121,17,2025-12-23,1.0,IS7Z25,45.0,2025-12-23,1.0,0.0,7,NO CALL,baseline model
baseline,15,440,2026-01-15,2026-01-30,36700.0,0.005434795985956995,200.0,1,0.0,0.0,0.0,0.42857142857142855,0.15714285714285714,0.4142857142857143,-1,0.42857142857142855,0.15714285714285714,0.4142857142857143,-1,-0.037416362203346626,0.037416362203346626,0.037416362203346626,,,137,19,2026-01-14,1.0,IS7F26,45.0,2026-01-14,1.0,0.0,7,NO CALL,baseline model
baseline,15,446,2026-01-22,2026-02-06,36500.0,0.02702867238791942,1000.0,1,0.0,0.0,0.0,0.42857142857142855,0.15714285714285714,0.4142857142857143,-1,0.42857142857142855,0.15714285714285714,0.4142857142857143,-1,-0.037416362203346626,0.037416362203346626,0.037416362203346626,,,137,19,2026-01-21,1.0,IS7F26,45.0,2026-01-21,1.0,0.0,8,NO CALL,baseline model
baseline,15,459,2026-02-07,2026-02-23,37300.0,-0.01621657158924528,-600.0,-1,0.0,0.0,0.0013071902870354468,0.43537414965986393,0.14965986394557823,0.41496598639455784,-1,0.43537414965986393,0.14965986394557823,0.41496598639455784,-1,-0.03428182005162955,0.03428182005162955,0.03428182005162955,,,144,20,2026-02-06,1.0,IS7G26,33.0,2026-02-06,1.0,0.0,8,NO CALL,baseline model
baseline,15,465,2026-02-14,2026-03-02,36500.0,0.013605652055778678,500.0,1,0.0,0.0,0.0013071902870354468,0.43243243243243246,0.14864864864864866,0.4189189189189189,-1,0.43243243243243246,0.14864864864864866,0.4189189189189189,-1,-0.03418056685224609,0.03418056685224609,0.03418056685224609,,,145,20,2026-02-13,1.0,IS7G26,36.0,2026-02-10,4.0,0.0,9,NO CALL,baseline model
baseline,15,471,2026-02-23,2026-03-10,36700.0,0.055643491568703234,2100.0,1,0.0,0.0,0.0013071902870354468,0.43243243243243246,0.14864864864864866,0.4189189189189189,-1,0.43243243243243246,0.14864864864864866,0.4189189189189189,-1,-0.03418056685224609,0.03418056685224609,0.03418056685224609,,,145,20,2026-02-20,3.0,IS7G26,36.0,2026-02-21,2.0,0.0,9,NO CALL,baseline model
baseline,15,483,2026-03-10,2026-03-25,38800.0,-0.012970350442627404,-500.0,-1,0.0,0.0,-0.005089201311658569,0.4375,0.1375,0.425,-1,0.4375,0.1375,0.425,-1,-0.033930734975808445,0.033930734975808445,0.033930734975808445,,,157,21,2026-03-09,1.0,IS7H26,21.0,2026-03-09,1.0,0.0,10,NO CALL,baseline model
baseline,15,489,2026-03-17,2026-04-01,38000.0,0.06371581438610778,2500.0,1,0.0,0.0,-0.005089201311658569,0.43478260869565216,0.13664596273291926,0.42857142857142855,-1,0.43478260869565216,0.13664596273291926,0.42857142857142855,-1,-0.03438307325101302,0.03438307325101302,0.03438307325101302,,,158,22,2026-03-16,1.0,IS7H26,38.0,2026-03-16,1.0,0.0,11,NO CALL,baseline model
baseline,15,495,2026-03-25,2026-04-09,38300.0,0.07055822531558854,2800.0,1,0.0,0.0,-0.005089201311658569,0.43478260869565216,0.13664596273291926,0.42857142857142855,-1,0.43478260869565216,0.13664596273291926,0.42857142857142855,-1,-0.03438307325101302,0.03438307325101302,0.03438307325101302,,,158,22,2026-03-24,1.0,IS7H26,38.0,2026-03-24,1.0,0.0,11,NO CALL,baseline model
baseline,15,512,2026-04-14,2026-04-29,41500.0,-0.02934195828401532,-1200.0,-1,0.0,0.0,0.004077378464229508,0.4090909090909091,0.125,0.4659090909090909,1,0.4090909090909091,0.125,0.4659090909090909,1,-0.044781158118815646,0.044781158118815646,0.044781158118815646,,,173,24,2026-04-13,1.0,IS7J26,31.0,2026-04-13,1.0,0.0,12,NO CALL,baseline model
baseline,15,518,2026-04-21,2026-05-06,40700.0,-0.012361096823573975,-500.0,-1,0.0,0.0,0.004077378464229508,0.4090909090909091,0.125,0.4659090909090909,1,0.4090909090909091,0.125,0.4659090909090909,1,-0.044781158118815646,0.044781158118815646,0.044781158118815646,,,173,24,2026-04-20,1.0,IS7J26,28.0,2026-04-20,1.0,0.0,13,NO CALL,baseline model
baseline,15,536,2026-05-12,2026-05-27,39400.0,-0.012771565679487505,-500.0,-1,0.0,0.0,0.004077378464229508,0.44385026737967914,0.11764705882352941,0.4385026737967914,-1,0.44385026737967914,0.11764705882352941,0.4385026737967914,-1,-0.04182692283282494,0.04182692283282494,0.04182692283282494,,,184,25,2026-05-11,1.0,IS7K26,19.0,2026-05-09,3.0,0.0,13,NO CALL,baseline model
baseline,15,542,2026-05-19,2026-06-03,38800.0,-0.0025806465934916254,-100.0,-1,0.0,0.0,0.004077378464229508,0.44680851063829785,0.11702127659574468,0.43617021276595747,-1,0.44680851063829785,0.11702127659574468,0.43617021276595747,-1,-0.041067323160458934,0.041067323160458934,0.041067323160458934,,,185,25,2026-05-18,1.0,IS7K26,19.0,2026-05-18,1.0,0.0,14,NO CALL,baseline model
baseline,15,557,2026-06-15,2026-06-30,38300.0,-0.026456569536830468,-1000.0,-1,0.0,0.0,0.0027460402008430444,0.4489795918367347,0.11224489795918367,0.4387755102040816,-1,0.4489795918367347,0.11224489795918367,0.4387755102040816,-1,-0.039572035501564344,0.039572035501564344,0.039572035501564344,,,193,26,2026-06-12,3.0,IS7M26,19.0,2026-06-13,2.0,0.0,14,NO CALL,baseline model
baseline,15,566,2026-06-25,2026-07-10,36700.0,0.008141157583699866,300.0,1,0.0,0.0,0.0027460402008430444,0.4489795918367347,0.11224489795918367,0.4387755102040816,-1,0.4489795918367347,0.11224489795918367,0.4387755102040816,-1,-0.039572035501564344,0.039572035501564344,0.039572035501564344,,,193,26,2026-06-24,1.0,IS7M26,19.0,2026-06-22,3.0,0.0,15,NO CALL,baseline model
baseline,15,582,2026-07-14,2026-07-29,37600.0,0.036557595733797514,1400.0,1,0.0,0.0,-0.0027724303240589067,0.458128078817734,0.10837438423645321,0.43349753694581283,-1,0.458128078817734,0.10837438423645321,0.43349753694581283,-1,-0.03889590600306219,0.03889590600306219,0.03889590600306219,,,200,27,2026-07-13,1.0,IS7N26,16.0,2026-07-13,1.0,0.0,15,NO CALL,baseline model
baseline,15,588,2026-07-21,2026-08-05,38400.0,0.02061928720273561,800.0,1,0.0,0.0,-0.0027724303240589067,0.458128078817734,0.10837438423645321,0.43349753694581283,-1,0.458128078817734,0.10837438423645321,0.43349753694581283,-1,-0.03889590600306219,0.03889590600306219,0.03889590600306219,,,200,27,2026-07-20,1.0,IS7N26,16.0,2026-07-20,1.0,0.0,16,NO CALL,baseline model
baseline,15,593,2026-07-27,2026-08-11,38500.0,0.0,0.0,0,0.0,0.0,-0.0027724303240589067,0.458128078817734,0.10837438423645321,0.43349753694581283,-1,0.458128078817734,0.10837438423645321,0.43349753694581283,-1,-0.03889590600306219,0.03889590600306219,0.03889590600306219,,,200,27,2026-07-24,3.0,IS7N26,53.0,2026-07-25,2.0,0.0,16,NO CALL,baseline model
internal,15,318,2025-08-12,2025-08-27,38000.0,-0.005277057100843781,-200.0,-1,-0.0021454739391702305,0.0,0.0,0.4362743176099703,0.18336486101408195,0.3803608213759478,-1,0.3614457831325301,0.25301204819277107,0.3855421686746988,1,-0.02262072265442639,0.01832977477608593,0.02047524871525616,10.0,10.0,80,11,2025-08-11,1.0,IS7Q25,43.0,2025-08-11,1.0,,0,NO CALL,past independent N<20; past MAE skill<=0; class confidence<0.50; 80% interval/class does not clear holding hurdle Rs450
internal,15,322,2025-08-19,2025-09-03,38000.0,-0.01324522675002068,-500.0,-1,0.004835604374787784,0.0,0.0,0.3845673045186186,0.15234195752222052,0.4630907379591609,1,0.35714285714285715,0.25,0.39285714285714285,1,-0.015809531347754664,0.025480740097330232,0.020645135722542448,10.0,10.0,81,11,2025-08-18,1.0,IS7Q25,49.0,2025-08-18,1.0,0.0021454739391702305,1,NO CALL,past independent N<20; class confidence<0.50; 80% interval/class does not clear holding hurdle Rs450
internal,15,340,2025-09-10,2025-09-25,38300.0,-0.05363215491579525,-2000.0,-1,-0.009809319806178949,0.0,0.0,0.48387561140329505,0.22279217504891294,0.293332213547792,-1,0.40217391304347827,0.22826086956521738,0.3695652173913043,-1,-0.03153767768558327,0.011919038073225372,0.02172835787940432,100.0,100.0,89,12,2025-09-09,1.0,IS7U25,37.0,2025-09-09,1.0,-0.0013450652178087757,1,NO CALL,past independent N<20; past MAE skill<=0; class confidence<0.50; 80% interval/class does not clear holding hurdle Rs450
internal,15,346,2025-09-18,2025-10-03,37400.0,-0.04652001563489282,-1700.0,-1,-0.018011837474363166,0.0,0.0,0.7000497129409834,0.12655755073263977,0.17339273632637672,-1,0.40217391304347827,0.22826086956521738,0.3695652173913043,-1,-0.039740195353767487,0.0037165204050411543,0.02172835787940432,100.0,100.0,89,12,2025-09-17,1.0,IS7U25,45.0,2025-09-16,2.0,0.0023730631235204663,2,NO CALL,past independent N<20; 80% interval/class does not clear holding hurdle Rs450
internal,15,351,2025-09-25,2025-10-10,36300.0,-0.04507805431799159,-1600.0,-1,-0.015980003973695676,0.0,0.0,0.7281444715511386,0.07526146287618632,0.19659406557267506,-1,0.40217391304347827,0.22826086956521738,0.3695652173913043,-1,-0.037708361853099996,0.005748353905708645,0.02172835787940432,100.0,100.0,89,12,2025-09-24,1.0,IS7U25,45.0,2025-09-24,1.0,0.00628275671123114,2,NO CALL,past independent N<20; 80% interval/class does not clear holding hurdle Rs450
internal,15,363,2025-10-10,2025-10-25,34700.0,-0.02037916233665214,-700.0,-1,-0.05382636076402213,0.0,0.0,0.9099779341737364,0.025440235055982863,0.0645818307702808,-1,0.46078431372549017,0.20588235294117646,0.3333333333333333,-1,-0.07439734595743923,-0.033255375570605025,0.0205709851934171,10.0,100.0,99,13,2025-10-09,1.0,IS7V25,21.0,2025-10-08,2.0,0.008222206163724047,3,NO CALL,past independent N<20
internal,15,369,2025-10-17,2025-11-01,34200.0,0.014514042884254012,500.0,1,-0.046567865549952674,0.0,0.0,0.8458148265755849,0.025548115485227462,0.12863705793918753,-1,0.46601941747572817,0.20388349514563106,0.3300970873786408,-1,-0.06698777185357585,-0.026147959246329497,0.020419906303623177,10.0,100.0,100,14,2025-10-16,1.0,IS7V25,21.0,2025-10-15,2.0,0.0046738324546503965,4,NO CALL,past independent N<20
internal,15,372,2025-10-25,2025-11-10,34000.0,0.008784829555732811,300.0,1,-0.03961316444223593,0.0,0.0,0.8074697893664298,0.025770578211986764,0.16675963242158343,-1,0.46601941747572817,0.20388349514563106,0.3300970873786408,-1,-0.060033070745859105,-0.01919325813861275,0.020419906303623177,10.0,100.0,100,14,2025-10-24,1.0,IS7V25,21.0,2025-10-24,1.0,-0.002646410117435754,4,NO CALL,past independent N<20; past MAE skill<=0
internal,15,386,2025-11-11,2025-11-26,34300.0,0.011594332780919227,400.0,1,-0.022507129025778016,0.0,0.0,0.6049577940662884,0.1233702302155075,0.27167197571820406,-1,0.46846846846846846,0.1981981981981982,0.3333333333333333,-1,-0.04479639118437083,-0.00021786686718519924,0.022289262158592817,1.0,100.0,108,16,2025-11-10,1.0,IS7X25,15.0,2025-11-10,1.0,-0.0072672544080357795,5,NO CALL,past independent N<20; past MAE skill<=0; 80% interval/class does not clear holding hurdle Rs450
internal,15,392,2025-11-18,2025-12-03,35200.0,-0.011428695823622744,-400.0,-1,-0.015765493344999833,0.0,0.0,0.510136197297955,0.11884117328694474,0.3710226294151002,-1,0.4642857142857143,0.19642857142857142,0.3392857142857143,-1,-0.038613275709367456,0.007082289019367787,0.02284778236436762,1.0,100.0,109,16,2025-11-17,1.0,IS7X25,19.0,2025-11-17,1.0,-0.008960573810007144,6,NO CALL,past independent N<20; past MAE skill<=0; 80% interval/class does not clear holding hurdle Rs450
internal,15,411,2025-12-10,2025-12-25,34300.0,0.028737609767356946,1000.0,1,-0.012961410182875072,0.0,0.0,0.6650145457582001,0.03458933102989502,0.30039612321190484,-1,0.4838709677419355,0.1774193548387097,0.3387096774193548,-1,-0.03890278792889884,0.012979967563148696,0.02594137774602377,100.0,100.0,121,17,2025-12-09,1.0,IS7Z25,27.0,2025-12-09,1.0,-0.007355326598781863,6,NO CALL,past independent N<20; past MAE skill<=0; 80% interval/class does not clear holding hurdle Rs450
internal,15,416,2025-12-17,2026-01-01,34500.0,0.06453852113757116,2300.0,1,-0.013501595660864226,0.0,0.0,0.6734172023697839,0.030645761183262083,0.29593703644695407,-1,0.4838709677419355,0.1774193548387097,0.3387096774193548,-1,-0.039442973406887995,0.012439782085159543,0.02594137774602377,100.0,100.0,121,17,2025-12-16,1.0,IS7Z25,42.0,2025-12-16,1.0,-0.007864970560972157,7,NO CALL,past independent N<20; past MAE skill<=0; 80% interval/class does not clear holding hurdle Rs450
internal,15,422,2025-12-24,2026-01-08,35400.0,0.03333642026759171,1200.0,1,-0.016355038519563405,0.0,0.0,0.6913941655068836,0.04717628027945209,0.26142955421366426,-1,0.4838709677419355,0.1774193548387097,0.3387096774193548,-1,-0.042296416265587174,0.009586339226460364,0.02594137774602377,100.0,100.0,121,17,2025-12-23,1.0,IS7Z25,45.0,2025-12-23,1.0,-0.008334689319296495,7,NO CALL,past independent N<20; past MAE skill<=0; 80% interval/class does not clear holding hurdle Rs450
internal,15,440,2026-01-15,2026-01-30,36700.0,0.005434795985956995,200.0,1,-0.02434676935939702,0.0,0.0,0.7894330633210157,0.01995787636641425,0.19060906031256997,-1,0.42857142857142855,0.15714285714285714,0.4142857142857143,-1,-0.05601401481164278,0.0073204760928487385,0.03166724545224576,100.0,100.0,137,19,2026-01-14,1.0,IS7F26,45.0,2026-01-14,1.0,-0.00895163925777856,7,NO CALL,past independent N<20; past MAE skill<=0; 80% interval/class does not clear holding hurdle Rs450
internal,15,446,2026-01-22,2026-02-06,36500.0,0.02702867238791942,1000.0,1,-0.0003719049493988284,0.0,0.0,0.5485279358075392,0.019811369671452767,0.431660694521008,-1,0.42857142857142855,0.15714285714285714,0.4142857142857143,-1,-0.03203915040164459,0.03129534050284693,0.03166724545224576,100.0,100.0,137,19,2026-01-21,1.0,IS7F26,45.0,2026-01-21,1.0,-0.010051291407894167,8,NO CALL,past independent N<20; past MAE skill<=0; 80% interval/class does not clear holding hurdle Rs450
internal,15,459,2026-02-07,2026-02-23,37300.0,-0.01621657158924528,-600.0,-1,0.00501710942460692,0.0,0.0013071902870354468,0.49729704514496753,0.019285800143783043,0.4834171547112494,-1,0.43537414965986393,0.14965986394557823,0.41496598639455784,-1,-0.027079518690013543,0.03711373753922738,0.03209662811462046,100.0,100.0,144,20,2026-02-06,1.0,IS7G26,33.0,2026-02-06,1.0,-0.009405998977327818,8,NO CALL,past independent N<20; past MAE skill<=0; class confidence<0.50; 80% interval/class does not clear holding hurdle Rs450
internal,15,465,2026-02-14,2026-03-02,36500.0,0.013605652055778678,500.0,1,0.0035054553111224015,0.0,0.0013071902870354468,0.4914758305342392,0.01912970260180398,0.4893944668639569,-1,0.43243243243243246,0.14864864864864866,0.4189189189189189,-1,-0.02853639376080122,0.03554730438304603,0.032041849071923624,100.0,100.0,145,20,2026-02-13,1.0,IS7G26,36.0,2026-02-10,4.0,-0.009131693380282753,9,NO CALL,past independent N<20; past MAE skill<=0; class confidence<0.50; 80% interval/class does not clear holding hurdle Rs450
internal,15,471,2026-02-23,2026-03-10,36700.0,0.055643491568703234,2100.0,1,0.00980346493756958,0.0,0.0013071902870354468,0.4230620234255269,0.03159344334394997,0.5453445332305231,1,0.43243243243243246,0.14864864864864866,0.4189189189189189,-1,-0.02223838413435404,0.041845314009493206,0.032041849071923624,100.0,100.0,145,20,2026-02-20,3.0,IS7G26,36.0,2026-02-21,2.0,-0.008388331692553035,9,NO CALL,past independent N<20; past MAE skill<=0; 80% interval/class does not clear holding hurdle Rs450
internal,15,483,2026-03-10,2026-03-25,38800.0,-0.012970350442627404,-500.0,-1,0.008791378166185432,0.0,-0.005089201311658569,0.4832982618507415,0.017139389628131,0.4995623485211275,1,0.4375,0.1375,0.425,-1,-0.024722684873881035,0.042305441206251904,0.03351406304006647,100.0,100.0,157,21,2026-03-09,1.0,IS7H26,21.0,2026-03-09,1.0,-0.007377676324212885,10,NO CALL,past independent N<20; past MAE skill<=0; class confidence<0.50; 80% interval/class does not clear holding hurdle Rs450
internal,15,489,2026-03-17,2026-04-01,38000.0,0.06371581438610778,2500.0,1,0.0011644542926091891,0.0,-0.005089201311658569,0.5410944776970019,0.01661525551038187,0.44229026679261624,-1,0.43478260869565216,0.13664596273291926,0.42857142857142855,-1,-0.03257501765807406,0.03490392624329244,0.03373947195068325,100.0,100.0,158,22,2026-03-16,1.0,IS7H26,38.0,2026-03-16,1.0,-0.007452081684316707,11,NO CALL,past independent N<20; past MAE skill<=0; 80% interval/class does not clear holding hurdle Rs450
internal,15,495,2026-03-25,2026-04-09,38300.0,0.07055822531558854,2800.0,1,0.005895935043584275,0.0,-0.005089201311658569,0.510948090991345,0.016665805038710988,0.47238610396994407,-1,0.43478260869565216,0.13664596273291926,0.42857142857142855,-1,-0.027843536907098974,0.03963540699426752,0.03373947195068325,100.0,100.0,158,22,2026-03-24,1.0,IS7H26,38.0,2026-03-24,1.0,-0.007021254885470413,11,NO CALL,past independent N<20; past MAE skill<=0; 80% interval/class does not clear holding hurdle Rs450
internal,15,512,2026-04-14,2026-04-29,41500.0,-0.02934195828401532,-1200.0,-1,0.013818551821133167,0.0,0.004077378464229508,0.45555988849008927,0.015881807490811282,0.5285583040190994,1,0.4090909090909091,0.125,0.4659090909090909,1,-0.02636078106770235,0.053997884709968684,0.04017933288883552,100.0,100.0,173,24,2026-04-13,1.0,IS7J26,31.0,2026-04-13,1.0,-0.006406150603134476,12,NO CALL,past independent N<20; past MAE skill<=0; 80% interval/class does not clear holding hurdle Rs450
internal,15,518,2026-04-21,2026-05-06,40700.0,-0.012361096823573975,-500.0,-1,0.004267808582984621,0.0,0.004077378464229508,0.5597234552444226,0.01541810554400931,0.424858439211568,-1,0.4090909090909091,0.125,0.4659090909090909,1,-0.03591152430585089,0.04444714147182014,0.04017933288883552,100.0,100.0,173,24,2026-04-20,1.0,IS7J26,28.0,2026-04-20,1.0,-0.006743077931225323,13,NO CALL,past independent N<20; past MAE skill<=0; 80% interval/class does not clear holding hurdle Rs450
internal,15,536,2026-05-12,2026-05-27,39400.0,-0.012771565679487505,-500.0,-1,0.012584592694398359,0.0,0.004077378464229508,0.46638348767608534,0.015326533852249666,0.5182899784716649,1,0.44385026737967914,0.11764705882352941,0.4385026737967914,-1,-0.024518285867276383,0.0496874712560731,0.03710287856167474,100.0,100.0,184,25,2026-05-11,1.0,IS7K26,19.0,2026-05-09,3.0,-0.006635457524780074,13,NO CALL,past independent N<20; past MAE skill<=0; 80% interval/class does not clear holding hurdle Rs450
internal,15,542,2026-05-19,2026-06-03,38800.0,-0.0025806465934916254,-100.0,-1,-0.0032362392741154536,0.0,0.004077378464229508,0.6445278077280968,0.01522485142464107,0.34024734084726205,-1,0.44680851063829785,0.11702127659574468,0.43617021276595747,-1,-0.040325554573084205,0.033853076024853296,0.03708931529896875,100.0,100.0,185,25,2026-05-18,1.0,IS7K26,19.0,2026-05-18,1.0,-0.0068833381568475065,14,NO CALL,past independent N<20; past MAE skill<=0; 80% interval/class does not clear holding hurdle Rs450
internal,15,557,2026-06-15,2026-06-30,38300.0,-0.026456569536830468,-1000.0,-1,0.011366919975658965,0.0,0.0027460402008430444,0.47236894184495104,0.019054005128939035,0.5085770530261098,1,0.4489795918367347,0.11224489795918367,0.4387755102040816,-1,-0.026317533826870715,0.04905137377818865,0.03768445380252968,100.0,100.0,193,26,2026-06-12,3.0,IS7M26,19.0,2026-06-13,2.0,-0.006531002474058894,14,NO CALL,past independent N<20; past MAE skill<=0; 80% interval/class does not clear holding hurdle Rs450
internal,15,566,2026-06-25,2026-07-10,36700.0,0.008141157583699866,300.0,1,0.0118738851209097,0.0,0.0027460402008430444,0.4318796624785568,0.032357580751561685,0.5357627567698816,1,0.4489795918367347,0.11224489795918367,0.4387755102040816,-1,-0.02581056868161998,0.04955833892343938,0.03768445380252968,100.0,100.0,193,26,2026-06-24,1.0,IS7M26,19.0,2026-06-22,3.0,-0.006716999301043511,15,NO CALL,past independent N<20; past MAE skill<=0; 80% interval/class does not clear holding hurdle Rs450
internal,15,582,2026-07-14,2026-07-29,37600.0,0.036557595733797514,1400.0,1,-0.009507033901860166,0.0,-0.0027724303240589067,0.7220362696930491,0.014059295308165898,0.263904434998785,-1,0.458128078817734,0.10837438423645321,0.43349753694581283,-1,-0.04636439337708255,0.027350325573362214,0.03685735947522238,100.0,100.0,200,27,2026-07-13,1.0,IS7N26,16.0,2026-07-13,1.0,-0.0063049463622459785,15,NO CALL,past independent N<20; past MAE skill<=0; 80% interval/class does not clear holding hurdle Rs450
internal,15,588,2026-07-21,2026-08-05,38400.0,0.02061928720273561,800.0,1,-0.0018499498687581898,0.0,-0.0027724303240589067,0.653337311162362,0.013968309290991824,0.3326943795466462,-1,0.458128078817734,0.10837438423645321,0.43349753694581283,-1,-0.03870730934398057,0.035007409606464195,0.03685735947522238,100.0,100.0,200,27,2026-07-20,1.0,IS7N26,16.0,2026-07-20,1.0,-0.006419306631517914,16,NO CALL,past independent N<20; past MAE skill<=0; 80% interval/class does not clear holding hurdle Rs450
internal,15,593,2026-07-27,2026-08-11,38500.0,0.0,0.0,0,-0.011832358509086002,0.0,-0.0027724303240589067,0.6642369627849972,0.0841305772137822,0.2516324600012206,-1,0.458128078817734,0.10837438423645321,0.43349753694581283,-1,-0.048689717984308385,0.025025000966136378,0.03685735947522238,100.0,100.0,200,27,2026-07-24,3.0,IS7N26,53.0,2026-07-25,2.0,-0.006261742605215857,16,NO CALL,past independent N<20; past MAE skill<=0; 80% interval/class does not clear holding hurdle Rs450
local,15,318,2025-08-12,2025-08-27,38000.0,-0.005277057100843781,-200.0,-1,-0.003251934067700292,0.0,0.0,0.41517522113312955,0.2379216666478483,0.34690311221902215,-1,0.3614457831325301,0.25301204819277107,0.3855421686746988,1,-0.020254491362754083,0.0137506232273535,0.017002557295053792,10.0,10.0,80,11,2025-08-11,1.0,IS7Q25,43.0,2025-08-11,1.0,,0,NO CALL,past independent N<20; past MAE skill<=0; class confidence<0.50; 80% interval/class does not clear holding hurdle Rs450
local,15,322,2025-08-19,2025-09-03,38000.0,-0.01324522675002068,-500.0,-1,0.000501978574771497,0.0,0.0,0.4083193575642622,0.2600742719269477,0.3316063705087901,-1,0.35714285714285715,0.25,0.39285714285714285,1,-0.01634927539399919,0.017353232543542187,0.01685125396877069,10.0,10.0,81,11,2025-08-18,1.0,IS7Q25,49.0,2025-08-18,1.0,0.003251934067700292,1,NO CALL,past independent N<20; class confidence<0.50; 80% interval/class does not clear holding hurdle Rs450
local,15,340,2025-09-10,2025-09-25,38300.0,-0.05363215491579525,-2000.0,-1,-0.008390862570408913,0.0,0.0,0.48349594346753716,0.17776686570471176,0.3387371908277511,-1,0.40217391304347827,0.22826086956521738,0.3695652173913043,-1,-0.02937413401918242,0.012592408878364592,0.020983271448773506,100.0,100.0,89,12,2025-09-09,1.0,IS7U25,37.0,2025-09-09,1.0,0.0013749777464643984,1,NO CALL,past independent N<20; class confidence<0.50; 80% interval/class does not clear holding hurdle Rs450
local,15,346,2025-09-18,2025-10-03,37400.0,-0.04652001563489282,-1700.0,-1,-0.01646891229564573,0.0,0.0,0.6994353068661257,0.08524024187628972,0.21532445125758465,-1,0.40217391304347827,0.22826086956521738,0.3695652173913043,-1,-0.037452183744419235,0.004514359153127777,0.020983271448773506,100.0,100.0,89,12,2025-09-17,1.0,IS7U25,45.0,2025-09-16,2.0,0.0037136060211125747,2,NO CALL,past independent N<20; 80% interval/class does not clear holding hurdle Rs450
local,15,351,2025-09-25,2025-10-10,36300.0,-0.04507805431799159,-1600.0,-1,-0.012915655501833719,0.0,0.0,0.6709295871426696,0.07336136626132335,0.2557090465960071,-1,0.40217391304347827,0.22826086956521738,0.3695652173913043,-1,-0.03389892695060723,0.008067615946939787,0.020983271448773506,100.0,100.0,89,12,2025-09-24,1.0,IS7U25,45.0,2025-09-24,1.0,0.006902432589745863,2,NO CALL,past independent N<20; 80% interval/class does not clear holding hurdle Rs450
local,15,363,2025-10-10,2025-10-25,34700.0,-0.02037916233665214,-700.0,-1,-0.057328638322703844,0.0,0.0,0.8979053772774279,0.025768412036301768,0.07632621068627031,-1,0.46078431372549017,0.20588235294117646,0.3333333333333333,-1,-0.07544096993288747,-0.039216306712520216,0.018112331610183628,1.0,100.0,99,13,2025-10-09,1.0,IS7V25,21.0,2025-10-08,2.0,0.008105077172163432,3,NO CALL,past independent N<20
local,15,369,2025-10-17,2025-11-01,34200.0,0.014514042884254012,500.0,1,-0.06462273527696936,0.0,0.0,0.8975378548917752,0.02596742467848481,0.0764947204297399,-1,0.46601941747572817,0.20388349514563106,0.3300970873786408,-1,-0.08242263703030159,-0.04682283352363714,0.017799901753332226,1.0,100.0,100,14,2025-10-16,1.0,IS7V25,21.0,2025-10-15,2.0,0.0039925120352362654,4,NO CALL,past independent N<20
local,15,372,2025-10-25,2025-11-10,34000.0,0.008784829555732811,300.0,1,-0.058727382677097026,0.0,0.0,0.8675088302234197,0.051875133715988196,0.08061603606059213,-1,0.46601941747572817,0.20388349514563106,0.3300970873786408,-1,-0.07652728443042925,-0.0409274809237648,0.017799901753332226,1.0,100.0,100,14,2025-10-24,1.0,IS7V25,21.0,2025-10-24,1.0,-0.005809666152221678,4,NO CALL,past independent N<20; past MAE skill<=0
local,15,386,2025-11-11,2025-11-26,34300.0,0.011594332780919227,400.0,1,-0.01508233711474777,0.0,0.0,0.5894741546104486,0.18560162593712662,0.22492421945242472,-1,0.46846846846846846,0.1981981981981982,0.3333333333333333,-1,-0.043615005878006576,0.013450331648511038,0.028532668763258807,100.0,100.0,108,16,2025-11-10,1.0,IS7X25,15.0,2025-11-10,1.0,-0.012424380717831106,5,NO CALL,past independent N<20; past MAE skill<=0; 80% interval/class does not clear holding hurdle Rs450
local,15,392,2025-11-18,2025-12-03,35200.0,-0.011428695823622744,-400.0,-1,-0.006076951848587367,0.0,0.0,0.4510454055562169,0.18707928863797968,0.36187530580580346,-1,0.4642857142857143,0.19642857142857142,0.3392857142857143,-1,-0.034962628797380504,0.022808725100205773,0.02888567694879314,100.0,100.0,109,16,2025-11-17,1.0,IS7X25,19.0,2025-11-17,1.0,-0.012719709206377404,6,NO CALL,past independent N<20; past MAE skill<=0; class confidence<0.50; 80% interval/class does not clear holding hurdle Rs450
local,15,411,2025-12-10,2025-12-25,34300.0,0.028737609767356946,1000.0,1,-0.005008501551939218,0.0,0.0,0.5620201265119668,0.029443994339063518,0.4085358791489696,-1,0.4838709677419355,0.1774193548387097,0.3387096774193548,-1,-0.032639614130904576,0.02262261102702614,0.027631112578965358,100.0,100.0,121,17,2025-12-09,1.0,IS7Z25,27.0,2025-12-09,1.0,-0.010840043100880922,6,NO CALL,past independent N<20; past MAE skill<=0; 80% interval/class does not clear holding hurdle Rs450
local,15,416,2025-12-17,2026-01-01,34500.0,0.06453852113757116,2300.0,1,-0.006792166639433009,0.0,0.0,0.577896831249923,0.05141757851155074,0.3706855902385262,-1,0.4838709677419355,0.1774193548387097,0.3387096774193548,-1,-0.03442327921839837,0.02083894593953235,0.027631112578965358,100.0,100.0,121,17,2025-12-16,1.0,IS7Z25,42.0,2025-12-16,1.0,-0.010309902960068042,7,NO CALL,past independent N<20; past MAE skill<=0; 80% interval/class does not clear holding hurdle Rs450
local,15,422,2025-12-24,2026-01-08,35400.0,0.03333642026759171,1200.0,1,-0.008952917550832011,0.0,0.0,0.5909118577300547,0.05485071248210473,0.35423742978784045,-1,0.4838709677419355,0.1774193548387097,0.3387096774193548,-1,-0.03658403012979737,0.018678195028133344,0.027631112578965358,100.0,100.0,121,17,2025-12-23,1.0,IS7Z25,45.0,2025-12-23,1.0,-0.010016758266681785,7,NO CALL,past independent N<20; past MAE skill<=0; 80% interval/class does not clear holding hurdle Rs450
local,15,440,2026-01-15,2026-01-30,36700.0,0.005434795985956995,200.0,1,-0.00806385242049244,0.0,0.0,0.5746681451735287,0.018946695552991128,0.4063851592734803,-1,0.42857142857142855,0.15714285714285714,0.4142857142857143,-1,-0.03909939860972636,0.022971693768741485,0.031035546189233924,100.0,100.0,137,19,2026-01-14,1.0,IS7F26,45.0,2026-01-14,1.0,-0.009934924365462575,7,NO CALL,past independent N<20; past MAE skill<=0; 80% interval/class does not clear holding hurdle Rs450
local,15,446,2026-01-22,2026-02-06,36500.0,0.02702867238791942,1000.0,1,0.013203894555694715,0.0,0.0,0.38535780223637395,0.019100357640910972,0.5955418401227149,1,0.42857142857142855,0.15714285714285714,0.4142857142857143,-1,-0.01783165163353921,0.04423944074492864,0.031035546189233924,100.0,100.0,137,19,2026-01-21,1.0,IS7F26,45.0,2026-01-21,1.0,-0.009801276369393278,8,NO CALL,past independent N<20; past MAE skill<=0; 80% interval/class does not clear holding hurdle Rs450
local,15,459,2026-02-07,2026-02-23,37300.0,-0.01621657158924528,-600.0,-1,0.0025594791073712737,0.0,0.0013071902870354468,0.5169097954539982,0.018443835314079116,0.46464636923192276,-1,0.43537414965986393,0.14965986394557823,0.41496598639455784,-1,-0.029147858919423536,0.034266817134166086,0.03170733802679481,100.0,100.0,144,20,2026-02-06,1.0,IS7G26,33.0,2026-02-06,1.0,-0.00826759830772075,8,NO CALL,past independent N<20; past MAE skill<=0; 80% interval/class does not clear holding hurdle Rs450
local,15,465,2026-02-14,2026-03-02,36500.0,0.013605652055778678,500.0,1,0.009453646974295305,0.0,0.0013071902870354468,0.4050843905560867,0.01796950886037837,0.5769461005835349,1,0.43243243243243246,0.14864864864864866,0.4189189189189189,-1,-0.022307192669199588,0.0412144866177902,0.031760839643494895,100.0,100.0,145,20,2026-02-13,1.0,IS7G26,36.0,2026-02-10,4.0,-0.0079108408576989,9,NO CALL,past independent N<20; past MAE skill<=0; 80% interval/class does not clear holding hurdle Rs450
local,15,471,2026-02-23,2026-03-10,36700.0,0.055643491568703234,2100.0,1,0.008298605158731565,0.0,0.0013071902870354468,0.42303209825901694,0.01792621101563922,0.5590416907253438,1,0.43243243243243246,0.14864864864864866,0.4189189189189189,-1,-0.023462234484763332,0.04005944480222646,0.031760839643494895,100.0,100.0,145,20,2026-02-20,3.0,IS7G26,36.0,2026-02-21,2.0,-0.006889400396993359,9,NO CALL,past independent N<20; past MAE skill<=0; 80% interval/class does not clear holding hurdle Rs450
local,15,483,2026-03-10,2026-03-25,38800.0,-0.012970350442627404,-500.0,-1,0.006979134667572086,0.0,-0.005089201311658569,0.4618872213929019,0.015084629845280402,0.5230281487618176,1,0.4375,0.1375,0.425,-1,-0.025345321008332033,0.039303590343476205,0.03232445567590412,100.0,100.0,157,21,2026-03-09,1.0,IS7H26,21.0,2026-03-09,1.0,-0.0060456223105642,10,NO CALL,past independent N<20; past MAE skill<=0; 80% interval/class does not clear holding hurdle Rs450
local,15,489,2026-03-17,2026-04-01,38000.0,0.06371581438610778,2500.0,1,0.009477871106723056,0.0,-0.005089201311658569,0.4141370958236903,0.014890397664451377,0.5709725065118584,1,0.43478260869565216,0.13664596273291926,0.42857142857142855,-1,-0.023263306008745512,0.04221904822219162,0.03274117711546857,100.0,100.0,158,22,2026-03-16,1.0,IS7H26,38.0,2026-03-16,1.0,-0.006094754539880398,11,NO CALL,past independent N<20; past MAE skill<=0; 80% interval/class does not clear holding hurdle Rs450
local,15,495,2026-03-25,2026-04-09,38300.0,0.07055822531558854,2800.0,1,0.012199787857773979,0.0,-0.005089201311658569,0.4023975985140685,0.014642454965740048,0.5829599465201915,1,0.43478260869565216,0.13664596273291926,0.42857142857142855,-1,-0.020541389257694588,0.04494096497324255,0.03274117711546857,100.0,100.0,158,22,2026-03-24,1.0,IS7H26,38.0,2026-03-24,1.0,-0.005316123257550227,11,NO CALL,past independent N<20; past MAE skill<=0; 80% interval/class does not clear holding hurdle Rs450
local,15,512,2026-04-14,2026-04-29,41500.0,-0.02934195828401532,-1200.0,-1,0.016984003730491016,0.0,0.004077378464229508,0.42226042243929307,0.014120988531851725,0.5636185890288552,1,0.4090909090909091,0.125,0.4659090909090909,1,-0.020079411750447033,0.05404741921142907,0.03706341548093805,100.0,100.0,173,24,2026-04-13,1.0,IS7J26,31.0,2026-04-13,1.0,-0.004482032252058597,12,NO CALL,past independent N<20; past MAE skill<=0; 80% interval/class does not clear holding hurdle Rs450
local,15,518,2026-04-21,2026-05-06,40700.0,-0.012361096823573975,-500.0,-1,-0.016427209620432506,0.0,0.004077378464229508,0.7571947663250398,0.014708793726714424,0.22809643994824585,-1,0.4090909090909091,0.125,0.4659090909090909,1,-0.05349062510137055,0.020636205860505543,0.03706341548093805,100.0,100.0,173,24,2026-04-20,1.0,IS7J26,28.0,2026-04-20,1.0,-0.005050303682896436,13,NO CALL,past independent N<20; past MAE skill<=0; 80% interval/class does not clear holding hurdle Rs450
local,15,536,2026-05-12,2026-05-27,39400.0,-0.012771565679487505,-500.0,-1,-0.004401396024853537,0.0,0.004077378464229508,0.657087661224822,0.049417813945847246,0.29349452482933064,-1,0.44385026737967914,0.11764705882352941,0.4385026737967914,-1,-0.040819737474524984,0.03201694542481791,0.036418341449671446,100.0,100.0,184,25,2026-05-11,1.0,IS7K26,19.0,2026-05-09,3.0,-0.004470073782478521,13,NO CALL,past independent N<20; past MAE skill<=0; 80% interval/class does not clear holding hurdle Rs450
local,15,542,2026-05-19,2026-06-03,38800.0,-0.0025806465934916254,-100.0,-1,-0.02461048161390162,0.0,0.004077378464229508,0.8689758475995548,0.056439898347356014,0.07458425405308917,-1,0.44680851063829785,0.11702127659574468,0.43617021276595747,-1,-0.0606841264490899,0.011463163221286661,0.03607364483518828,100.0,100.0,185,25,2026-05-18,1.0,IS7K26,19.0,2026-05-18,1.0,-0.004100429207173028,14,NO CALL,past independent N<20; past MAE skill<=0; 80% interval/class does not clear holding hurdle Rs450
local,15,557,2026-06-15,2026-06-30,38300.0,-0.026456569536830468,-1000.0,-1,-0.0014599449093712783,0.0,0.0027460402008430444,0.6059140655498484,0.04228644794795486,0.3517994865021967,-1,0.4489795918367347,0.11224489795918367,0.4387755102040816,-1,-0.037283896569148225,0.03436400675040567,0.03582395165977695,100.0,100.0,193,26,2026-06-12,3.0,IS7M26,19.0,2026-06-13,2.0,-0.004714379575962841,14,NO CALL,past independent N<20; past MAE skill<=0; 80% interval/class does not clear holding hurdle Rs450
local,15,566,2026-06-25,2026-07-10,36700.0,0.008141157583699866,300.0,1,0.004260920778432568,0.0,0.0027460402008430444,0.5056533338974061,0.051439029512067726,0.4429076365905261,-1,0.4489795918367347,0.11224489795918367,0.4387755102040816,-1,-0.03156303088134438,0.04008487243820952,0.03582395165977695,100.0,100.0,193,26,2026-06-24,1.0,IS7M26,19.0,2026-06-22,3.0,-0.004476905557296143,15,NO CALL,past independent N<20; past MAE skill<=0; 80% interval/class does not clear holding hurdle Rs450
local,15,582,2026-07-14,2026-07-29,37600.0,0.036557595733797514,1400.0,1,-0.014701192312474028,0.0,-0.0027724303240589067,0.7704106433658703,0.013105442539332397,0.2164839140947973,-1,0.458128078817734,0.10837438423645321,0.43349753694581283,-1,-0.04935018650158579,0.019947801876637736,0.03464899418911176,100.0,100.0,200,27,2026-07-13,1.0,IS7N26,16.0,2026-07-13,1.0,-0.0041532823596765606,15,NO CALL,past independent N<20; past MAE skill<=0; 80% interval/class does not clear holding hurdle Rs450
local,15,588,2026-07-21,2026-08-05,38400.0,0.02061928720273561,800.0,1,0.0005663918094411043,0.0,-0.0027724303240589067,0.6298783360978887,0.013198442614844652,0.35692322128726667,-1,0.458128078817734,0.10837438423645321,0.43349753694581283,-1,-0.03408260237967066,0.03521538599855287,0.03464899418911176,100.0,100.0,200,27,2026-07-20,1.0,IS7N26,16.0,2026-07-20,1.0,-0.0045299934294193295,16,NO CALL,past independent N<20; past MAE skill<=0; 80% interval/class does not clear holding hurdle Rs450
local,15,593,2026-07-27,2026-08-11,38500.0,0.0,0.0,0,-0.001439835189776161,0.0,-0.0027724303240589067,0.585111818951547,0.030321909486554274,0.3845662715618988,-1,0.458128078817734,0.10837438423645321,0.43349753694581283,-1,-0.036088829378887924,0.0332091589993356,0.03464899418911176,100.0,100.0,200,27,2026-07-24,3.0,IS7N26,53.0,2026-07-25,2.0,-0.004354256007389656,16,NO CALL,past independent N<20; past MAE skill<=0; 80% interval/class does not clear holding hurdle Rs450
turkey,15,318,2025-08-12,2025-08-27,38000.0,-0.005277057100843781,-200.0,-1,-0.004878412708356487,0.0,0.0,0.3085163732717074,0.5096755636365927,0.1818080630916998,0,0.3614457831325301,0.25301204819277107,0.3855421686746988,1,-0.023713848609495932,0.013957023192782959,0.018835435901139445,10.0,10.0,80,11,2025-08-11,1.0,IS7Q25,43.0,2025-08-11,1.0,,0,NO CALL,past independent N<20; past MAE skill<=0; 80% interval/class does not clear holding hurdle Rs450
turkey,15,322,2025-08-19,2025-09-03,38000.0,-0.01324522675002068,-500.0,-1,0.0035978493597299205,0.0,0.0,0.3893707013611531,0.14457339890771306,0.46605589973113376,1,0.35714285714285715,0.25,0.39285714285714285,1,-0.015173535230695277,0.022369233950155117,0.018771384590425197,10.0,10.0,81,11,2025-08-18,1.0,IS7Q25,49.0,2025-08-18,1.0,0.004878412708356487,1,NO CALL,past independent N<20; class confidence<0.50; 80% interval/class does not clear holding hurdle Rs450
turkey,15,340,2025-09-10,2025-09-25,38300.0,-0.05363215491579525,-2000.0,-1,-0.009806096234807956,0.0,0.0,0.20656961476986713,0.3368473571459861,0.45658302808414664,1,0.40217391304347827,0.22826086956521738,0.3695652173913043,-1,-0.031455877242289154,0.01184368477267324,0.021649781007481196,100.0,1.0,89,12,2025-09-09,1.0,IS7U25,37.0,2025-09-09,1.0,0.0006402816743132853,1,NO CALL,past independent N<20; class confidence<0.50; 80% interval/class does not clear holding hurdle Rs450
turkey,15,346,2025-09-18,2025-10-03,37400.0,-0.04652001563489282,-1700.0,-1,-0.019368676276819426,0.0,0.0,0.7359898296741803,0.2229301539900766,0.04108001633574315,-1,0.40217391304347827,0.22826086956521738,0.3695652173913043,-1,-0.04101845728430062,0.0022811047306617697,0.021649781007481196,100.0,1.0,89,12,2025-09-17,1.0,IS7U25,45.0,2025-09-16,2.0,0.003695553194478181,2,NO CALL,past independent N<20; 80% interval/class does not clear holding hurdle Rs450
turkey,15,351,2025-09-25,2025-10-10,36300.0,-0.04507805431799159,-1600.0,-1,-0.016934054757738456,0.0,0.0,0.8788590713225314,0.07758017684336727,0.04356075183410138,-1,0.40217391304347827,0.22826086956521738,0.3695652173913043,-1,-0.03858383576521965,0.00471572624974274,0.021649781007481196,100.0,1.0,89,12,2025-09-24,1.0,IS7U25,45.0,2025-09-24,1.0,0.007613833965063491,2,NO CALL,past independent N<20; 80% interval/class does not clear holding hurdle Rs450
turkey,15,363,2025-10-10,2025-10-25,34700.0,-0.02037916233665214,-700.0,-1,-0.049061681178765706,0.0,0.0,0.7927307885770158,0.023048869669291493,0.1842203417536928,-1,0.46078431372549017,0.20588235294117646,0.3333333333333333,-1,-0.06754581412793753,-0.030577548229593878,0.01848413294917183,10.0,100.0,99,13,2025-10-09,1.0,IS7V25,21.0,2025-10-08,2.0,0.00947787812359848,3,NO CALL,past independent N<20
turkey,15,369,2025-10-17,2025-11-01,34200.0,0.014514042884254012,500.0,1,-0.041050326398606826,0.0,0.0,0.7218177469164557,0.023070450918833432,0.2551118021647108,-1,0.46601941747572817,0.20388349514563106,0.3300970873786408,-1,-0.0599975965775293,-0.022103056219684347,0.01894727017892248,10.0,100.0,100,14,2025-10-16,1.0,IS7V25,21.0,2025-10-15,2.0,0.0065143390187551616,4,NO CALL,past independent N<20
turkey,15,372,2025-10-25,2025-11-10,34000.0,0.008784829555732811,300.0,1,-0.03476601909388556,0.0,0.0,0.7098596327931446,0.023355409324525886,0.2667849578823294,-1,0.46601941747572817,0.20388349514563106,0.3300970873786408,-1,-0.05371328927280804,-0.01581874891496308,0.01894727017892248,10.0,100.0,100,14,2025-10-24,1.0,IS7V25,21.0,2025-10-24,1.0,-0.0002806131837251244,4,NO CALL,past independent N<20; past MAE skill<=0
turkey,15,386,2025-11-11,2025-11-26,34300.0,0.011594332780919227,400.0,1,-0.014034254676971836,0.0,0.0,0.56649202052541,0.0565683475890659,0.37693963188552404,-1,0.46846846846846846,0.1981981981981982,0.3333333333333333,-1,-0.03630753866813959,0.008239029314195921,0.022273283991167757,10.0,100.0,108,16,2025-11-10,1.0,IS7X25,15.0,2025-11-10,1.0,-0.00459128892249518,5,NO CALL,past independent N<20; past MAE skill<=0; 80% interval/class does not clear holding hurdle Rs450
turkey,15,392,2025-11-18,2025-12-03,35200.0,-0.011428695823622744,-400.0,-1,-0.006789198290354058,0.0,0.0,0.4717777153401733,0.05129542932101002,0.47692685533881657,1,0.4642857142857143,0.19642857142857142,0.3392857142857143,-1,-0.0287825974139334,0.015204200833225287,0.021993399123579345,10.0,100.0,109,16,2025-11-17,1.0,IS7X25,19.0,2025-11-17,1.0,-0.005640507339659255,6,NO CALL,past independent N<20; past MAE skill<=0; class confidence<0.50; 80% interval/class does not clear holding hurdle Rs450
turkey,15,411,2025-12-10,2025-12-25,34300.0,0.028737609767356946,1000.0,1,-0.008656944055982647,0.0,0.0,0.6080196357554248,0.022375418556384693,0.36960494568819047,-1,0.4838709677419355,0.1774193548387097,0.3387096774193548,-1,-0.03256139686782629,0.015247508755860993,0.02390445281184364,100.0,100.0,121,17,2025-12-09,1.0,IS7Z25,27.0,2025-12-09,1.0,-0.0043975367766579225,6,NO CALL,past independent N<20; past MAE skill<=0; 80% interval/class does not clear holding hurdle Rs450
turkey,15,416,2025-12-17,2026-01-01,34500.0,0.06453852113757116,2300.0,1,-0.00920439332357792,0.0,0.0,0.618415948970191,0.02234805071429768,0.35923600031551134,-1,0.4838709677419355,0.1774193548387097,0.3387096774193548,-1,-0.03310884613542156,0.014700059488265721,0.02390445281184364,100.0,100.0,121,17,2025-12-16,1.0,IS7Z25,42.0,2025-12-16,1.0,-0.004784755620232901,7,NO CALL,past independent N<20; past MAE skill<=0; 80% interval/class does not clear holding hurdle Rs450
turkey,15,422,2025-12-24,2026-01-08,35400.0,0.03333642026759171,1200.0,1,-0.015110113050193809,0.0,0.0,0.6848841651728136,0.022852979235619564,0.292262855591567,-1,0.4838709677419355,0.1774193548387097,0.3387096774193548,-1,-0.03901456586203745,0.008794339761649832,0.02390445281184364,100.0,100.0,121,17,2025-12-23,1.0,IS7Z25,45.0,2025-12-23,1.0,-0.005153058762178319,7,NO CALL,past independent N<20; past MAE skill<=0; 80% interval/class does not clear holding hurdle Rs450
turkey,15,440,2026-01-15,2026-01-30,36700.0,0.005434795985956995,200.0,1,-0.010733900559726025,0.0,0.0,0.6456692204576269,0.04917989692393241,0.3051508826184407,-1,0.42857142857142855,0.15714285714285714,0.4142857142857143,-1,-0.03955523110750238,0.018087429988050324,0.02882133054777635,100.0,100.0,137,19,2026-01-14,1.0,IS7F26,45.0,2026-01-14,1.0,-0.005918986015102587,7,NO CALL,past independent N<20; past MAE skill<=0; 80% interval/class does not clear holding hurdle Rs450
turkey,15,446,2026-01-22,2026-02-06,36500.0,0.02702867238791942,1000.0,1,0.005753840836306106,0.0,0.0,0.4977029238029967,0.039912758007189596,0.4623843181898137,-1,0.42857142857142855,0.15714285714285714,0.4142857142857143,-1,-0.023067489711470247,0.034575171384082455,0.02882133054777635,100.0,100.0,137,19,2026-01-21,1.0,IS7F26,45.0,2026-01-21,1.0,-0.006262908482575692,8,NO CALL,past independent N<20; past MAE skill<=0; class confidence<0.50; 80% interval/class does not clear holding hurdle Rs450
turkey,15,459,2026-02-07,2026-02-23,37300.0,-0.01621657158924528,-600.0,-1,0.003325165491118535,0.0,0.0013071902870354468,0.5046166000549389,0.018005239640482514,0.4773781603045785,-1,0.43537414965986393,0.14965986394557823,0.41496598639455784,-1,-0.025609918974971994,0.03226024995720907,0.02893508446609053,100.0,100.0,144,20,2026-02-06,1.0,IS7G26,33.0,2026-02-06,1.0,-0.005461791861316904,8,NO CALL,past independent N<20; past MAE skill<=0; 80% interval/class does not clear holding hurdle Rs450
turkey,15,465,2026-02-14,2026-03-02,36500.0,0.013605652055778678,500.0,1,-0.0010532486085108534,0.0,0.0013071902870354468,0.535013945072429,0.018163091928479393,0.4468229629990916,-1,0.43243243243243246,0.14864864864864866,0.4189189189189189,-1,-0.029935856545298244,0.02782935932827654,0.028882607936787392,100.0,100.0,145,20,2026-02-13,1.0,IS7G26,36.0,2026-02-10,4.0,-0.0053282527131795,9,NO CALL,past independent N<20; past MAE skill<=0; 80% interval/class does not clear holding hurdle Rs450
turkey,15,471,2026-02-23,2026-03-10,36700.0,0.055643491568703234,2100.0,1,0.009419046656689885,0.0,0.0013071902870354468,0.4242834348332001,0.018985565091484278,0.5567310000753156,1,0.43243243243243246,0.14864864864864866,0.4189189189189189,-1,-0.019463561280097505,0.03830165459347728,0.028882607936787392,100.0,100.0,145,20,2026-02-20,3.0,IS7G26,36.0,2026-02-21,2.0,-0.0050767818834931075,9,NO CALL,past independent N<20; past MAE skill<=0; 80% interval/class does not clear holding hurdle Rs450
turkey,15,483,2026-03-10,2026-03-25,38800.0,-0.012970350442627404,-500.0,-1,0.0006699850871883545,0.0,-0.005089201311658569,0.5654456632568994,0.017021205746304165,0.41753313099679645,-1,0.4375,0.1375,0.425,-1,-0.029343557012385165,0.030683527186761875,0.03001354209957352,100.0,100.0,157,21,2026-03-09,1.0,IS7H26,21.0,2026-03-09,1.0,-0.004271458075705167,10,NO CALL,past independent N<20; past MAE skill<=0; 80% interval/class does not clear holding hurdle Rs450
turkey,15,489,2026-03-17,2026-04-01,38000.0,0.06371581438610778,2500.0,1,-0.0023863683664351876,0.0,-0.005089201311658569,0.5743465838416935,0.016742099881738116,0.4089113162765684,-1,0.43478260869565216,0.13664596273291926,0.42857142857142855,-1,-0.03319442174199297,0.028421685009122597,0.030808053375557785,100.0,100.0,158,22,2026-03-16,1.0,IS7H26,38.0,2026-03-16,1.0,-0.0040819068657832296,11,NO CALL,past independent N<20; past MAE skill<=0; 80% interval/class does not clear holding hurdle Rs450
turkey,15,495,2026-03-25,2026-04-09,38300.0,0.07055822531558854,2800.0,1,0.005168872862874562,0.0,-0.005089201311658569,0.5187255949594727,0.01699720193555232,0.46427720310497506,-1,0.43478260869565216,0.13664596273291926,0.42857142857142855,-1,-0.025639180512683223,0.03597692623843235,0.030808053375557785,100.0,100.0,158,22,2026-03-24,1.0,IS7H26,38.0,2026-03-24,1.0,-0.0039971299408158335,11,NO CALL,past independent N<20; past MAE skill<=0; 80% interval/class does not clear holding hurdle Rs450
turkey,15,512,2026-04-14,2026-04-29,41500.0,-0.02934195828401532,-1200.0,-1,0.011087732771539712,0.0,0.004077378464229508,0.43216016290289594,0.14920073290706548,0.41863910419003864,-1,0.4090909090909091,0.125,0.4659090909090909,1,-0.028633242478701172,0.05080870802178059,0.03972097525024088,100.0,100.0,173,24,2026-04-13,1.0,IS7J26,31.0,2026-04-13,1.0,-0.003560653616830573,12,NO CALL,past independent N<20; past MAE skill<=0; class confidence<0.50; 80% interval/class does not clear holding hurdle Rs450
turkey,15,518,2026-04-21,2026-05-06,40700.0,-0.012361096823573975,-500.0,-1,-0.0009579867593954366,0.0,0.004077378464229508,0.6228262834460938,0.02023650983982226,0.3569372067140839,-1,0.4090909090909091,0.125,0.4659090909090909,1,-0.04067896200963632,0.038762988490845446,0.03972097525024088,100.0,100.0,173,24,2026-04-20,1.0,IS7J26,28.0,2026-04-20,1.0,-0.003902793578408264,13,NO CALL,past independent N<20; past MAE skill<=0; 80% interval/class does not clear holding hurdle Rs450
turkey,15,536,2026-05-12,2026-05-27,39400.0,-0.012771565679487505,-500.0,-1,0.012022062709279828,0.0,0.004077378464229508,0.4627907467519986,0.060379221595820765,0.47683003165218063,1,0.44385026737967914,0.11764705882352941,0.4385026737967914,-1,-0.026135370009933788,0.05017949542849345,0.03815743271921362,100.0,100.0,184,25,2026-05-11,1.0,IS7K26,19.0,2026-05-09,3.0,-0.003691455302851577,13,NO CALL,past independent N<20; past MAE skill<=0; class confidence<0.50; 80% interval/class does not clear holding hurdle Rs450
turkey,15,542,2026-05-19,2026-06-03,38800.0,-0.0025806465934916254,-100.0,-1,-0.0012715711006392096,0.0,0.004077378464229508,0.6117000146843063,0.014586140495578858,0.37371384482011466,-1,0.44680851063829785,0.11702127659574468,0.43617021276595747,-1,-0.0394794289650873,0.036936286763808876,0.03820785786444809,100.0,100.0,185,25,2026-05-18,1.0,IS7K26,19.0,2026-05-18,1.0,-0.004038563944786088,14,NO CALL,past independent N<20; past MAE skill<=0; 80% interval/class does not clear holding hurdle Rs450
turkey,15,557,2026-06-15,2026-06-30,38300.0,-0.026456569536830468,-1000.0,-1,0.017319255585875874,0.0,0.0027460402008430444,0.40747416620032745,0.014239987551868888,0.5782858462478037,1,0.4489795918367347,0.11224489795918367,0.4387755102040816,-1,-0.020184654137148872,0.05482316530890062,0.037503909723024746,100.0,100.0,193,26,2026-06-12,3.0,IS7M26,19.0,2026-06-13,2.0,-0.003826158542969072,14,NO CALL,past independent N<20; past MAE skill<=0; 80% interval/class does not clear holding hurdle Rs450
turkey,15,566,2026-06-25,2026-07-10,36700.0,0.008141157583699866,300.0,1,0.00764159887138869,0.0,0.0027460402008430444,0.4421617128771661,0.11629266348330136,0.44154562363953254,-1,0.4489795918367347,0.11224489795918367,0.4387755102040816,-1,-0.029862310851636056,0.045145508594413436,0.037503909723024746,100.0,100.0,193,26,2026-06-24,1.0,IS7M26,19.0,2026-06-22,3.0,-0.004345123813850105,15,NO CALL,past independent N<20; past MAE skill<=0; class confidence<0.50; 80% interval/class does not clear holding hurdle Rs450
turkey,15,582,2026-07-14,2026-07-29,37600.0,0.036557595733797514,1400.0,1,-0.01766750990305845,0.0,-0.0027724303240589067,0.8074941473475408,0.03568134249486207,0.15682451015759719,-1,0.458128078817734,0.10837438423645321,0.43349753694581283,-1,-0.05517595483660563,0.01984093503048873,0.03750844493354718,100.0,100.0,200,27,2026-07-13,1.0,IS7N26,16.0,2026-07-13,1.0,-0.003901171121804225,15,NO CALL,past independent N<20; past MAE skill<=0; 80% interval/class does not clear holding hurdle Rs450
turkey,15,588,2026-07-21,2026-08-05,38400.0,0.02061928720273561,800.0,1,-0.007906025271205604,0.0,-0.0027724303240589067,0.7092570182989635,0.03841548760797418,0.2523274940930623,-1,0.458128078817734,0.10837438423645321,0.43349753694581283,-1,-0.04541447020475278,0.029602419662341575,0.03750844493354718,100.0,100.0,200,27,2026-07-20,1.0,IS7N26,16.0,2026-07-20,1.0,-0.004392826078277595,16,NO CALL,past independent N<20; past MAE skill<=0; 80% interval/class does not clear holding hurdle Rs450
turkey,15,593,2026-07-27,2026-08-11,38500.0,0.0,0.0,0,-0.011054749483047483,0.0,-0.0027724303240589067,0.6729781582602667,0.03711182828223048,0.28991001345750267,-1,0.458128078817734,0.10837438423645321,0.43349753694581283,-1,-0.048563194416594666,0.026453695450499696,0.03750844493354718,100.0,100.0,200,27,2026-07-24,3.0,IS7N26,53.0,2026-07-25,2.0,-0.004513970878033732,16,NO CALL,past independent N<20; past MAE skill<=0; 80% interval/class does not clear holding hurdle Rs450
combined,15,318,2025-08-12,2025-08-27,38000.0,-0.005277057100843781,-200.0,-1,-0.0021454910497364275,0.0,0.0,0.2918588469340172,0.42471445259002566,0.283426700475957,0,0.3614457831325301,0.25301204819277107,0.3855421686746988,1,-0.018354022643675274,0.01406304054420242,0.016208531593938848,10.0,10.0,80,11,2025-08-11,1.0,IS7Q25,43.0,2025-08-11,1.0,,0,NO CALL,past independent N<20; past MAE skill<=0; class confidence<0.50; 80% interval/class does not clear holding hurdle Rs450
combined,15,322,2025-08-19,2025-09-03,38000.0,-0.01324522675002068,-500.0,-1,0.0003792518226961119,0.0,0.0,0.4077259917778333,0.20266073571015475,0.38961327251201183,-1,0.35714285714285715,0.25,0.39285714285714285,1,-0.015695666974746763,0.01645417062013899,0.016074918797442876,10.0,10.0,81,11,2025-08-18,1.0,IS7Q25,49.0,2025-08-18,1.0,0.0021454910497364275,1,NO CALL,past independent N<20; class confidence<0.50; 80% interval/class does not clear holding hurdle Rs450
combined,15,340,2025-09-10,2025-09-25,38300.0,-0.05363215491579525,-2000.0,-1,-0.008880625109114575,0.0,0.0,0.2669254816841417,0.21934456681629225,0.5137299514995661,1,0.40217391304347827,0.22826086956521738,0.3695652173913043,-1,-0.03128471177606973,0.013523461557840583,0.022404086666955158,100.0,1.0,89,12,2025-09-09,1.0,IS7U25,37.0,2025-09-09,1.0,0.0008831196135201582,1,NO CALL,past independent N<20; 80% interval/class does not clear holding hurdle Rs450
combined,15,346,2025-09-18,2025-10-03,37400.0,-0.04652001563489282,-1700.0,-1,-0.017913680819475877,0.0,0.0,0.9165026064594844,0.037564315610644286,0.04593307792987128,-1,0.40217391304347827,0.22826086956521738,0.3695652173913043,-1,-0.04031776748643104,0.004490405847479281,0.022404086666955158,100.0,1.0,89,12,2025-09-17,1.0,IS7U25,45.0,2025-09-16,2.0,0.0035489547787183016,2,NO CALL,past independent N<20; 80% interval/class does not clear holding hurdle Rs450
combined,15,351,2025-09-25,2025-10-10,36300.0,-0.04507805431799159,-1600.0,-1,-0.01337076943620797,0.0,0.0,0.731794049040147,0.025818357640641835,0.24238759331921117,-1,0.40217391304347827,0.22826086956521738,0.3695652173913043,-1,-0.035774856103163125,0.009033317230747188,0.022404086666955158,100.0,1.0,89,12,2025-09-24,1.0,IS7U25,45.0,2025-09-24,1.0,0.007140136288907695,2,NO CALL,past independent N<20; 80% interval/class does not clear holding hurdle Rs450
combined,15,363,2025-10-10,2025-10-25,34700.0,-0.02037916233665214,-700.0,-1,-0.02914321417353508,0.0,0.0,0.7735888531562736,0.023144499568745418,0.203266647274981,-1,0.46078431372549017,0.20588235294117646,0.3333333333333333,-1,-0.05249381174465402,-0.005792616602416135,0.023350597571118945,100.0,100.0,99,13,2025-10-09,1.0,IS7V25,21.0,2025-10-08,2.0,0.008386262918367748,3,NO CALL,past independent N<20
combined,15,369,2025-10-17,2025-11-01,34200.0,0.014514042884254012,500.0,1,-0.026578494771512712,0.0,0.0,0.7666496842724213,0.023465032060594686,0.20988528366698392,-1,0.46601941747572817,0.20388349514563106,0.3300970873786408,-1,-0.0497917472418493,-0.003365242301176123,0.02321325247033659,100.0,100.0,100,14,2025-10-16,1.0,IS7V25,21.0,2025-10-15,2.0,0.008924404181934659,4,NO CALL,past independent N<20
combined,15,372,2025-10-25,2025-11-10,34000.0,0.008784829555732811,300.0,1,-0.024712378079268394,0.0,0.0,0.7774955711141874,0.024593089159389177,0.19791133972642333,-1,0.46601941747572817,0.20388349514563106,0.3300970873786408,-1,-0.04792563054960498,-0.0014991256089318047,0.02321325247033659,100.0,100.0,100,14,2025-10-24,1.0,IS7V25,21.0,2025-10-24,1.0,0.0038525614742993194,4,NO CALL,past independent N<20; 80% interval/class does not clear holding hurdle Rs450
combined,15,386,2025-11-11,2025-11-26,34300.0,0.011594332780919227,400.0,1,-0.009395084744520762,0.0,0.0,0.5494924517762241,0.1046820364289131,0.34582551179486276,-1,0.46846846846846846,0.1981981981981982,0.3333333333333333,-1,-0.034697253663151684,0.015907084174110155,0.025302168918630918,100.0,100.0,108,16,2025-11-10,1.0,IS7X25,15.0,2025-11-10,1.0,0.0002819440301033496,5,NO CALL,past independent N<20; 80% interval/class does not clear holding hurdle Rs450
combined,15,392,2025-11-18,2025-12-03,35200.0,-0.011428695823622744,-400.0,-1,-0.00019075800837231528,0.0,0.0,0.4145063924501182,0.09384596266296819,0.49164764488691354,1,0.4642857142857143,0.19642857142857142,0.3392857142857143,-1,-0.02521662127008467,0.02483510525334004,0.025025863261712356,100.0,100.0,109,16,2025-11-17,1.0,IS7X25,19.0,2025-11-17,1.0,-0.0007932813892993287,6,NO CALL,past independent N<20; past MAE skill<=0; class confidence<0.50; 80% interval/class does not clear holding hurdle Rs450
combined,15,411,2025-12-10,2025-12-25,34300.0,0.028737609767356946,1000.0,1,-0.0005960506215834883,0.0,0.0,0.5025904850200812,0.02168946349490767,0.4757200514850113,-1,0.4838709677419355,0.1774193548387097,0.3387096774193548,-1,-0.024471528508402767,0.023279427265235794,0.02387547788681928,100.0,100.0,121,17,2025-12-09,1.0,IS7Z25,27.0,2025-12-09,1.0,-0.000694877449532165,6,NO CALL,past independent N<20; past MAE skill<=0; 80% interval/class does not clear holding hurdle Rs450
combined,15,416,2025-12-17,2026-01-01,34500.0,0.06453852113757116,2300.0,1,-0.0024306280218676568,0.0,0.0,0.533208734794396,0.022146710717048598,0.4446445544885554,-1,0.4838709677419355,0.1774193548387097,0.3387096774193548,-1,-0.026306105908686938,0.021444849864951623,0.02387547788681928,100.0,100.0,121,17,2025-12-16,1.0,IS7Z25,42.0,2025-12-16,1.0,-0.0006858931924459202,7,NO CALL,past independent N<20; past MAE skill<=0; 80% interval/class does not clear holding hurdle Rs450
combined,15,422,2025-12-24,2026-01-08,35400.0,0.03333642026759171,1200.0,1,-0.007577489176992729,0.0,0.0,0.5856813322832163,0.022489761703739727,0.3918289060130439,-1,0.4838709677419355,0.1774193548387097,0.3387096774193548,-1,-0.03145296706381201,0.01629798870982655,0.02387547788681928,100.0,100.0,121,17,2025-12-23,1.0,IS7Z25,45.0,2025-12-23,1.0,-0.0008312877615643949,7,NO CALL,past independent N<20; past MAE skill<=0; 80% interval/class does not clear holding hurdle Rs450
combined,15,440,2026-01-15,2026-01-30,36700.0,0.005434795985956995,200.0,1,0.0025208042200122694,0.0,0.0,0.5884151217553882,0.016664444664168977,0.39492043358044276,-1,0.42857142857142855,0.15714285714285714,0.4142857142857143,-1,-0.026594420413696834,0.031636028853721375,0.029115224633709105,100.0,10.0,137,19,2026-01-14,1.0,IS7F26,45.0,2026-01-14,1.0,-0.0013502263319819623,7,NO CALL,past independent N<20; past MAE skill<=0; 80% interval/class does not clear holding hurdle Rs450
combined,15,446,2026-01-22,2026-02-06,36500.0,0.02702867238791942,1000.0,1,0.01704096241167631,0.0,0.0,0.408357918554001,0.018119635090477714,0.5735224463555212,1,0.42857142857142855,0.15714285714285714,0.4142857142857143,-1,-0.012074262222032794,0.04615618704538542,0.029115224633709105,100.0,10.0,137,19,2026-01-21,1.0,IS7F26,45.0,2026-01-21,1.0,-0.0010737241496966594,8,NO CALL,past independent N<20; past MAE skill<=0; 80% interval/class does not clear holding hurdle Rs450
combined,15,459,2026-02-07,2026-02-23,37300.0,-0.01621657158924528,-600.0,-1,0.0022101631075988194,0.0,0.0013071902870354468,0.5135268825689819,0.017762616392468008,0.46871050103854994,-1,0.43537414965986393,0.14965986394557823,0.41496598639455784,-1,-0.027483980958348014,0.03190430717354565,0.029694144065946834,100.0,100.0,144,20,2026-02-06,1.0,IS7G26,33.0,2026-02-06,1.0,0.00013392162106154112,8,NO CALL,past independent N<20; 80% interval/class does not clear holding hurdle Rs450
combined,15,465,2026-02-14,2026-03-02,36500.0,0.013605652055778678,500.0,1,0.006271611891232631,0.0,0.0013071902870354468,0.4377779806145734,0.017383057404398904,0.5448389619810277,1,0.43243243243243246,0.14864864864864866,0.4189189189189189,-1,-0.02344080022219725,0.03598402400466252,0.029712412113429884,100.0,100.0,145,20,2026-02-13,1.0,IS7G26,36.0,2026-02-10,4.0,-1.258367447973252e-05,9,NO CALL,past independent N<20; past MAE skill<=0; 80% interval/class does not clear holding hurdle Rs450
combined,15,471,2026-02-23,2026-03-10,36700.0,0.055643491568703234,2100.0,1,0.008619460503169562,0.0,0.0013071902870354468,0.4117157308632478,0.017717823950653955,0.5705664451860982,1,0.43243243243243246,0.14864864864864866,0.4189189189189189,-1,-0.02109295161026032,0.03833187261659945,0.029712412113429884,100.0,100.0,145,20,2026-02-20,3.0,IS7G26,36.0,2026-02-21,2.0,0.0003570748882092342,9,NO CALL,past independent N<20; 80% interval/class does not clear holding hurdle Rs450
combined,15,483,2026-03-10,2026-03-25,38800.0,-0.012970350442627404,-500.0,-1,0.0007745074524754809,0.0,-0.005089201311658569,0.5198717195363184,0.015458649656138392,0.46466963080754325,-1,0.4375,0.1375,0.425,-1,-0.029737468757749224,0.03128648366270018,0.030511976210224705,100.0,100.0,157,21,2026-03-09,1.0,IS7H26,21.0,2026-03-09,1.0,0.0008160963112625839,10,NO CALL,past independent N<20; 80% interval/class does not clear holding hurdle Rs450
combined,15,489,2026-03-17,2026-04-01,38000.0,0.06371581438610778,2500.0,1,0.006390347008592639,0.0,-0.005089201311658569,0.4377247673767087,0.015123415228362674,0.5471518173949287,1,0.43478260869565216,0.13664596273291926,0.42857142857142855,-1,-0.0243396412726661,0.037120335289851376,0.03072998828125874,100.0,100.0,158,22,2026-03-16,1.0,IS7H26,38.0,2026-03-16,1.0,0.0007323803236974243,11,NO CALL,past independent N<20; 80% interval/class does not clear holding hurdle Rs450
combined,15,495,2026-03-25,2026-04-09,38300.0,0.07055822531558854,2800.0,1,0.011157225014247832,0.0,-0.005089201311658569,0.40824797333786683,0.01502485403938184,0.5767271726227513,1,0.43478260869565216,0.13664596273291926,0.42857142857142855,-1,-0.019572763267010906,0.04188721329550657,0.03072998828125874,100.0,100.0,158,22,2026-03-24,1.0,IS7H26,38.0,2026-03-24,1.0,0.0010152786579421848,11,NO CALL,past independent N<20; 80% interval/class does not clear holding hurdle Rs450
combined,15,512,2026-04-14,2026-04-29,41500.0,-0.02934195828401532,-1200.0,-1,0.01283303529014187,0.0,0.004077378464229508,0.46303425448846713,0.0300023095418314,0.5069634359697014,1,0.4090909090909091,0.125,0.4659090909090909,1,-0.022269045011316907,0.047935115591600644,0.035102080301458775,100.0,100.0,173,24,2026-04-13,1.0,IS7J26,31.0,2026-04-13,1.0,0.0014982284844329286,12,NO CALL,past independent N<20; 80% interval/class does not clear holding hurdle Rs450
combined,15,518,2026-04-21,2026-05-06,40700.0,-0.012361096823573975,-500.0,-1,-0.021272478215635503,0.0,0.004077378464229508,0.840110624998974,0.016074776104531188,0.14381459889649484,-1,0.4090909090909091,0.125,0.4659090909090909,1,-0.056374558517094275,0.013829602085823272,0.035102080301458775,100.0,100.0,173,24,2026-04-20,1.0,IS7J26,28.0,2026-04-20,1.0,0.0008468074037704353,13,NO CALL,past independent N<20; 80% interval/class does not clear holding hurdle Rs450
combined,15,536,2026-05-12,2026-05-27,39400.0,-0.012771565679487505,-500.0,-1,-0.006037241270028923,0.0,0.004077378464229508,0.6708861946653916,0.08634319966253118,0.24277060567207728,-1,0.44385026737967914,0.11764705882352941,0.4385026737967914,-1,-0.0405830871256815,0.028508604585623654,0.034545845855652575,100.0,100.0,184,25,2026-05-11,1.0,IS7K26,19.0,2026-05-09,3.0,0.0009599773180200936,13,NO CALL,past independent N<20; 80% interval/class does not clear holding hurdle Rs450
combined,15,542,2026-05-19,2026-06-03,38800.0,-0.0025806465934916254,-100.0,-1,-0.02166114986662569,0.0,0.004077378464229508,0.8504235373092038,0.01769269340245453,0.1318837692883416,-1,0.44680851063829785,0.11702127659574468,0.43617021276595747,-1,-0.05607951354238691,0.01275721380913553,0.03441836367576122,100.0,100.0,185,25,2026-05-18,1.0,IS7K26,19.0,2026-05-18,1.0,0.0011715299826871202,14,NO CALL,past independent N<20; 80% interval/class does not clear holding hurdle Rs450
combined,15,557,2026-06-15,2026-06-30,38300.0,-0.026456569536830468,-1000.0,-1,0.004098010881807211,0.0,0.0027460402008430444,0.5549863044662586,0.014518637635150442,0.43049505789859094,-1,0.4489795918367347,0.11224489795918367,0.4387755102040816,-1,-0.0316764054913095,0.03987242725492392,0.03577441637311671,100.0,100.0,193,26,2026-06-12,3.0,IS7M26,19.0,2026-06-13,2.0,0.0004646745161939435,14,NO CALL,past independent N<20; 80% interval/class does not clear holding hurdle Rs450
combined,15,566,2026-06-25,2026-07-10,36700.0,0.008141157583699866,300.0,1,6.802550612715992e-05,0.0,0.0027460402008430444,0.5166268834647492,0.13356867526110056,0.34980444127415045,-1,0.4489795918367347,0.11224489795918367,0.4387755102040816,-1,-0.03570639086698955,0.03584244187924387,0.03577441637311671,100.0,100.0,193,26,2026-06-24,1.0,IS7M26,19.0,2026-06-22,3.0,0.00028918661627082287,15,NO CALL,past independent N<20; 80% interval/class does not clear holding hurdle Rs450
combined,15,582,2026-07-14,2026-07-29,37600.0,0.036557595733797514,1400.0,1,-0.020927109321670325,0.0,-0.0027724303240589067,0.8545784260552024,0.013724573257598264,0.13169700068719922,-1,0.458128078817734,0.10837438423645321,0.43349753694581283,-1,-0.05597004563336638,0.014115826990025736,0.03504293631169606,100.0,100.0,200,27,2026-07-13,1.0,IS7N26,16.0,2026-07-13,1.0,0.00028099546404328213,15,NO CALL,past independent N<20; 80% interval/class does not clear holding hurdle Rs450
combined,15,588,2026-07-21,2026-08-05,38400.0,0.02061928720273561,800.0,1,-0.003962102908263988,0.0,-0.0027724303240589067,0.6837491080624756,0.013812651889048063,0.3024382400484764,-1,0.458128078817734,0.10837438423645321,0.43349753694581283,-1,-0.03900503921996005,0.031080833403432075,0.03504293631169606,100.0,100.0,200,27,2026-07-20,1.0,IS7N26,16.0,2026-07-20,1.0,-0.00047643684973220843,16,NO CALL,past independent N<20; past MAE skill<=0; 80% interval/class does not clear holding hurdle Rs450
combined,15,593,2026-07-27,2026-08-11,38500.0,0.0,0.0,0,0.00033221342820247005,0.0,-0.0027724303240589067,0.5655133505713975,0.013800885101125265,0.4206857643274773,-1,0.458128078817734,0.10837438423645321,0.43349753694581283,-1,-0.03471072288349359,0.03537514973989853,0.03504293631169606,100.0,100.0,200,27,2026-07-24,3.0,IS7N26,53.0,2026-07-25,2.0,-0.0005966322310608924,16,NO CALL,past independent N<20; past MAE skill<=0; 80% interval/class does not clear holding hurdle Rs450
nonlinear,15,318,2025-08-12,2025-08-27,38000.0,-0.005277057100843781,-200.0,-1,-0.0024397976064114263,0.0,0.0,0.28926143386215136,0.4314922529087207,0.279246313229128,0,0.3614457831325301,0.25301204819277107,0.3855421686746988,1,-0.017035004233549166,0.012155409020726312,0.014595206627137739,10.0,10.0,80,11,2025-08-11,1.0,IS7Q25,43.0,2025-08-11,1.0,,0,NO CALL,past independent N<20; past MAE skill<=0; class confidence<0.50; 80% interval/class does not clear holding hurdle Rs450
nonlinear,15,322,2025-08-19,2025-09-03,38000.0,-0.01324522675002068,-500.0,-1,-0.0015584477277647319,0.0,0.0,0.45414286749207666,0.18596579383326312,0.3598913386746601,-1,0.35714285714285715,0.25,0.39285714285714285,1,-0.016080492259550133,0.01296359680402067,0.014522044531785402,10.0,10.0,81,11,2025-08-18,1.0,IS7Q25,49.0,2025-08-18,1.0,0.0024397976064114263,1,NO CALL,past independent N<20; class confidence<0.50; 80% interval/class does not clear holding hurdle Rs450
nonlinear,15,340,2025-09-10,2025-09-25,38300.0,-0.05363215491579525,-2000.0,-1,-0.007610712675065244,0.0,0.0,0.2607640304671468,0.22509258181298988,0.5141433877198633,1,0.40217391304347827,0.22826086956521738,0.3695652173913043,-1,-0.02923802555187114,0.01401660020174065,0.021627312876805894,100.0,10.0,89,12,2025-09-09,1.0,IS7U25,37.0,2025-09-09,1.0,0.00199912266708808,1,NO CALL,past independent N<20; 80% interval/class does not clear holding hurdle Rs450
nonlinear,15,346,2025-09-18,2025-10-03,37400.0,-0.04652001563489282,-1700.0,-1,-0.013722366977096718,0.0,0.0,0.5518578178311455,0.1324123248159189,0.31572985735293546,-1,0.40217391304347827,0.22826086956521738,0.3695652173913043,-1,-0.03534967985390261,0.007904945899709177,0.021627312876805894,100.0,10.0,89,12,2025-09-17,1.0,IS7U25,45.0,2025-09-16,2.0,0.003869652669747141,2,NO CALL,past independent N<20; 80% interval/class does not clear holding hurdle Rs450
nonlinear,15,351,2025-09-25,2025-10-10,36300.0,-0.04507805431799159,-1600.0,-1,-0.012690483062892341,0.0,0.0,0.6522415618997469,0.027282443896269087,0.320475994203984,-1,0.40217391304347827,0.22826086956521738,0.3695652173913043,-1,-0.034317795939698234,0.008936829813913553,0.021627312876805894,100.0,10.0,89,12,2025-09-24,1.0,IS7U25,45.0,2025-09-24,1.0,0.006332831246584531,2,NO CALL,past independent N<20; 80% interval/class does not clear holding hurdle Rs450
nonlinear,15,363,2025-10-10,2025-10-25,34700.0,-0.02037916233665214,-700.0,-1,-0.029299522546198678,0.0,0.0,0.7709530489155775,0.023177680249146335,0.20586927083527637,-1,0.46078431372549017,0.20588235294117646,0.3333333333333333,-1,-0.05361447641912058,-0.00498456867327678,0.024314953872921898,100.0,100.0,99,13,2025-10-09,1.0,IS7V25,21.0,2025-10-08,2.0,0.007604361609846091,3,NO CALL,past independent N<20
nonlinear,15,369,2025-10-17,2025-11-01,34200.0,0.014514042884254012,500.0,1,-0.024909251850273532,0.0,0.0,0.7690464095925044,0.023221224209846566,0.20773236619764898,-1,0.46601941747572817,0.20388349514563106,0.3300970873786408,-1,-0.04905121618991927,-0.0007672875106277954,0.024141964339645737,100.0,100.0,100,14,2025-10-16,1.0,IS7V25,21.0,2025-10-15,2.0,0.008246768362722676,4,NO CALL,past independent N<20; 80% interval/class does not clear holding hurdle Rs450
nonlinear,15,372,2025-10-25,2025-11-10,34000.0,0.008784829555732811,300.0,1,-0.023838613026178877,0.0,0.0,0.7772946301418517,0.024448353562227118,0.19825701629592116,-1,0.46601941747572817,0.20388349514563106,0.3300970873786408,-1,-0.04798057736582462,0.0003033513134668604,0.024141964339645737,100.0,100.0,100,14,2025-10-24,1.0,IS7V25,21.0,2025-10-24,1.0,0.0035101940465803623,4,NO CALL,past independent N<20; 80% interval/class does not clear holding hurdle Rs450
nonlinear,15,386,2025-11-11,2025-11-26,34300.0,0.011594332780919227,400.0,1,-0.010641876502267023,0.0,0.0,0.5507472958868663,0.10634413914280072,0.342908564970333,-1,0.46846846846846846,0.1981981981981982,0.3333333333333333,-1,-0.03698194238879145,0.015698189384257398,0.026340065886524423,100.0,100.0,108,16,2025-11-10,1.0,IS7X25,15.0,2025-11-10,1.0,9.15931624854531e-05,5,NO CALL,past independent N<20; 80% interval/class does not clear holding hurdle Rs450
nonlinear,15,392,2025-11-18,2025-12-03,35200.0,-0.011428695823622744,-400.0,-1,-0.002513063921692618,0.0,0.0,0.4165170057839604,0.09741318156480328,0.4860698126512363,1,0.4642857142857143,0.19642857142857142,0.3392857142857143,-1,-0.028999575471660446,0.02397344762827521,0.02648651154996783,100.0,100.0,109,16,2025-11-17,1.0,IS7X25,19.0,2025-11-17,1.0,-0.0011010145780426008,6,NO CALL,past independent N<20; past MAE skill<=0; class confidence<0.50; 80% interval/class does not clear holding hurdle Rs450
nonlinear,15,411,2025-12-10,2025-12-25,34300.0,0.028737609767356946,1000.0,1,-0.0032986189892291046,0.0,0.0,0.5157963400985697,0.02198883854327075,0.4622148213581595,-1,0.4838709677419355,0.1774193548387097,0.3387096774193548,-1,-0.02836967852907343,0.02177244055061522,0.025071059539844325,100.0,100.0,121,17,2025-12-09,1.0,IS7Z25,27.0,2025-12-09,1.0,-0.0007396067280690775,6,NO CALL,past independent N<20; past MAE skill<=0; 80% interval/class does not clear holding hurdle Rs450
nonlinear,15,416,2025-12-17,2026-01-01,34500.0,0.06453852113757116,2300.0,1,-0.005700849132002637,0.0,0.0,0.5495098283259725,0.02240582987232911,0.4280843418016984,-1,0.4838709677419355,0.1774193548387097,0.3387096774193548,-1,-0.03077190867184696,0.01937021040784169,0.025071059539844325,100.0,100.0,121,17,2025-12-16,1.0,IS7Z25,42.0,2025-12-16,1.0,-0.0009722442063563527,7,NO CALL,past independent N<20; past MAE skill<=0; 80% interval/class does not clear holding hurdle Rs450
nonlinear,15,422,2025-12-24,2026-01-08,35400.0,0.03333642026759171,1200.0,1,-0.008887935439289786,0.0,0.0,0.5919335034301835,0.022542981698760883,0.3855235148710557,-1,0.4838709677419355,0.1774193548387097,0.3387096774193548,-1,-0.03395899497913411,0.016183124100554537,0.025071059539844325,100.0,100.0,121,17,2025-12-23,1.0,IS7Z25,45.0,2025-12-23,1.0,-0.0013662946168268748,7,NO CALL,past independent N<20; past MAE skill<=0; 80% interval/class does not clear holding hurdle Rs450
nonlinear,15,440,2026-01-15,2026-01-30,36700.0,0.005434795985956995,200.0,1,0.0025678367550622185,0.0,0.0,0.4558160350492283,0.019412701108433315,0.5247712638423383,1,0.42857142857142855,0.15714285714285714,0.4142857142857143,-1,-0.0267645981165803,0.03190027162670474,0.02933243487164252,100.0,100.0,137,19,2026-01-14,1.0,IS7F26,45.0,2026-01-14,1.0,-0.0019448823724009454,7,NO CALL,past independent N<20; past MAE skill<=0; 80% interval/class does not clear holding hurdle Rs450
nonlinear,15,446,2026-01-22,2026-02-06,36500.0,0.02702867238791942,1000.0,1,0.01726951133154335,0.0,0.0,0.34792474944934354,0.01972789868016721,0.6323473518704893,1,0.42857142857142855,0.15714285714285714,0.4142857142857143,-1,-0.01206292354009917,0.04660194620318587,0.02933243487164252,100.0,100.0,137,19,2026-01-21,1.0,IS7F26,45.0,2026-01-21,1.0,-0.0016225452918678628,8,NO CALL,past independent N<20; past MAE skill<=0; 80% interval/class does not clear holding hurdle Rs450
nonlinear,15,459,2026-02-07,2026-02-23,37300.0,-0.01621657158924528,-600.0,-1,0.0036816238900225463,0.0,0.0013071902870354468,0.4999932641821319,0.017638374341924497,0.4823683614759435,-1,0.43537414965986393,0.14965986394557823,0.41496598639455784,-1,-0.02644406518205942,0.03380731296210451,0.030125689072081966,100.0,100.0,144,20,2026-02-06,1.0,IS7G26,33.0,2026-02-06,1.0,-0.0003630748503071178,8,NO CALL,past independent N<20; past MAE skill<=0; class confidence<0.50; 80% interval/class does not clear holding hurdle Rs450
nonlinear,15,465,2026-02-14,2026-03-02,36500.0,0.013605652055778678,500.0,1,0.007321815132420198,0.0,0.0013071902870354468,0.42615713921076365,0.017336301540667884,0.5565065592485684,1,0.43243243243243246,0.14864864864864866,0.4189189189189189,-1,-0.02281593869138011,0.037459568956220504,0.03013775382380031,100.0,100.0,145,20,2026-02-13,1.0,IS7G26,36.0,2026-02-10,4.0,-0.0005704841652893304,9,NO CALL,past independent N<20; past MAE skill<=0; 80% interval/class does not clear holding hurdle Rs450
nonlinear,15,471,2026-02-23,2026-03-10,36700.0,0.055643491568703234,2100.0,1,0.009518161841911597,0.0,0.0013071902870354468,0.40258218430729414,0.01767690568627457,0.5797409100064314,1,0.43243243243243246,0.14864864864864866,0.4189189189189189,-1,-0.020619591981888712,0.0396559156657119,0.03013775382380031,100.0,100.0,145,20,2026-02-20,3.0,IS7G26,36.0,2026-02-21,2.0,-0.00010623126542406297,9,NO CALL,past independent N<20; past MAE skill<=0; 80% interval/class does not clear holding hurdle Rs450
nonlinear,15,483,2026-03-10,2026-03-25,38800.0,-0.012970350442627404,-500.0,-1,0.0030991042380674044,0.0,-0.005089201311658569,0.4975432482829423,0.01539247891751743,0.4870642727995403,-1,0.4375,0.1375,0.425,-1,-0.027548821725011066,0.033747030201145875,0.03064792596307847,100.0,100.0,157,21,2026-03-09,1.0,IS7H26,21.0,2026-03-09,1.0,0.0004284572405390298,10,NO CALL,past independent N<20; class confidence<0.50; 80% interval/class does not clear holding hurdle Rs450
nonlinear,15,489,2026-03-17,2026-04-01,38000.0,0.06371581438610778,2500.0,1,0.007979926622839672,0.0,-0.005089201311658569,0.4248454018017253,0.015081963530399641,0.560072634667875,1,0.43478260869565216,0.13664596273291926,0.42857142857142855,-1,-0.02347733437972488,0.03943718762540423,0.03145726100256455,100.0,100.0,158,22,2026-03-16,1.0,IS7H26,38.0,2026-03-16,1.0,0.0002427961100860583,11,NO CALL,past independent N<20; 80% interval/class does not clear holding hurdle Rs450
nonlinear,15,495,2026-03-25,2026-04-09,38300.0,0.07055822531558854,2800.0,1,0.011730478671083473,0.0,-0.005089201311658569,0.4046259358883434,0.015013083638764661,0.580360980472892,1,0.43478260869565216,0.13664596273291926,0.42857142857142855,-1,-0.01972678233148108,0.04318773967364803,0.03145726100256455,100.0,100.0,158,22,2026-03-24,1.0,IS7H26,38.0,2026-03-24,1.0,0.0006296526357237354,11,NO CALL,past independent N<20; 80% interval/class does not clear holding hurdle Rs450
nonlinear,15,512,2026-04-14,2026-04-29,41500.0,-0.02934195828401532,-1200.0,-1,0.01608416740795423,0.0,0.004077378464229508,0.43196670499691237,0.03040792204025413,0.5376253729628335,1,0.4090909090909091,0.125,0.4659090909090909,1,-0.021009578415233293,0.05317791323114175,0.03709374582318752,100.0,100.0,173,24,2026-04-13,1.0,IS7J26,31.0,2026-04-13,1.0,0.0011582633993122947,12,NO CALL,past independent N<20; 80% interval/class does not clear holding hurdle Rs450
nonlinear,15,518,2026-04-21,2026-05-06,40700.0,-0.012361096823573975,-500.0,-1,-0.021498337533046436,0.0,0.004077378464229508,0.8396304926822967,0.016095528923085224,0.14427397839461806,-1,0.4090909090909091,0.125,0.4659090909090909,1,-0.05859208335623396,0.015595408290141086,0.03709374582318752,100.0,100.0,173,24,2026-04-20,1.0,IS7J26,28.0,2026-04-20,1.0,0.0003745165444365428,13,NO CALL,past independent N<20; 80% interval/class does not clear holding hurdle Rs450
nonlinear,15,536,2026-05-12,2026-05-27,39400.0,-0.012771565679487505,-500.0,-1,-0.0046733346727163075,0.0,0.004077378464229508,0.6620607737853185,0.0897292246065999,0.24821000160808152,-1,0.44385026737967914,0.11764705882352941,0.4385026737967914,-1,-0.04021985904628906,0.030873189700856445,0.03554652437357275,100.0,100.0,184,25,2026-05-11,1.0,IS7K26,19.0,2026-05-09,3.0,0.0004984008735524174,13,NO CALL,past independent N<20; 80% interval/class does not clear holding hurdle Rs450
nonlinear,15,542,2026-05-19,2026-06-03,38800.0,-0.0025806465934916254,-100.0,-1,-0.022288887787110447,0.0,0.004077378464229508,0.8586542062142769,0.015236695536371905,0.12610909824935113,-1,0.44680851063829785,0.11702127659574468,0.43617021276595747,-1,-0.05761621032153824,0.013038434747317348,0.035327322534427795,100.0,100.0,185,25,2026-05-18,1.0,IS7K26,19.0,2026-05-18,1.0,0.0006723564485175762,14,NO CALL,past independent N<20; 80% interval/class does not clear holding hurdle Rs450
nonlinear,15,557,2026-06-15,2026-06-30,38300.0,-0.026456569536830468,-1000.0,-1,0.006032114550330807,0.0,0.0027460402008430444,0.5430281390411804,0.014558607080494898,0.44241325387832464,-1,0.4489795918367347,0.11224489795918367,0.4387755102040816,-1,-0.031029041241817754,0.04309327034247937,0.03706115579214856,100.0,100.0,193,26,2026-06-12,3.0,IS7M26,19.0,2026-06-13,2.0,-3.964159342820933e-05,14,NO CALL,past independent N<20; past MAE skill<=0; 80% interval/class does not clear holding hurdle Rs450
nonlinear,15,566,2026-06-25,2026-07-10,36700.0,0.008141157583699866,300.0,1,-0.001893813125662296,0.0,0.0027460402008430444,0.5325396556917431,0.12885652407779805,0.3386038202304588,-1,0.4489795918367347,0.11224489795918367,0.4387755102040816,-1,-0.038954968917810855,0.035167342666486266,0.03706115579214856,100.0,100.0,193,26,2026-06-24,1.0,IS7M26,19.0,2026-06-22,3.0,-0.00027012132253985063,15,NO CALL,past independent N<20; past MAE skill<=0; 80% interval/class does not clear holding hurdle Rs450
nonlinear,15,582,2026-07-14,2026-07-29,37600.0,0.036557595733797514,1400.0,1,-0.02001136392662741,0.0,-0.0027724303240589067,0.847376805283798,0.013933199724785966,0.1386899949914161,-1,0.458128078817734,0.10837438423645321,0.43349753694581283,-1,-0.05619807487048068,0.01617534701722586,0.03618671094385327,100.0,100.0,200,27,2026-07-13,1.0,IS7N26,16.0,2026-07-13,1.0,-0.00033025805598883157,15,NO CALL,past independent N<20; past MAE skill<=0; 80% interval/class does not clear holding hurdle Rs450
nonlinear,15,588,2026-07-21,2026-08-05,38400.0,0.02061928720273561,800.0,1,-0.0015337809781308708,0.0,-0.0027724303240589067,0.6702449754872853,0.01394997391714043,0.3158050505955742,-1,0.458128078817734,0.10837438423645321,0.43349753694581283,-1,-0.037720491921984144,0.0346529299657224,0.03618671094385327,100.0,100.0,200,27,2026-07-20,1.0,IS7N26,16.0,2026-07-20,1.0,-0.0010331546942259281,16,NO CALL,past independent N<20; past MAE skill<=0; 80% interval/class does not clear holding hurdle Rs450
nonlinear,15,593,2026-07-27,2026-08-11,38500.0,0.0,0.0,0,0.002805195540249975,0.0,-0.0027724303240589067,0.5518162676493906,0.01409759924892688,0.43408613310168265,-1,0.458128078817734,0.10837438423645321,0.43349753694581283,-1,-0.0333815154036033,0.03899190648410324,0.03618671094385327,100.0,100.0,200,27,2026-07-24,3.0,IS7N26,53.0,2026-07-25,2.0,-0.001050417669532993,16,NO CALL,past independent N<20; past MAE skill<=0; 80% interval/class does not clear holding hurdle Rs450
baseline,30,340,2025-09-10,2025-10-10,38300.0,-0.09871020923378683,-3600.0,-1,0.0,0.0,0.0,0.44047619047619047,0.16666666666666666,0.39285714285714285,-1,0.44047619047619047,0.16666666666666666,0.39285714285714285,-1,-0.029374608679904317,0.029374608679904317,0.029374608679904317,,,81,8,2025-09-09,1.0,IS7U25,37.0,2025-09-09,1.0,,0,NO CALL,baseline model
baseline,30,346,2025-09-18,2025-10-18,37400.0,-0.08944506035192679,-3200.0,-1,0.0,0.0,0.0,0.4482758620689655,0.16091954022988506,0.39080459770114945,-1,0.4482758620689655,0.16091954022988506,0.39080459770114945,-1,-0.029374608679904317,0.029374608679904317,0.029374608679904317,,,84,8,2025-09-17,1.0,IS7U25,45.0,2025-09-16,2.0,0.0,1,NO CALL,baseline model
baseline,30,351,2025-09-25,2025-10-25,36300.0,-0.06545721665464367,-2300.0,-1,0.0,0.0,0.0,0.4782608695652174,0.15217391304347827,0.3695652173913043,-1,0.4782608695652174,0.15217391304347827,0.3695652173913043,-1,-0.030060928212284583,0.030060928212284583,0.030060928212284583,,,89,9,2025-09-24,1.0,IS7U25,45.0,2025-09-24,1.0,0.0,1,NO CALL,baseline model
baseline,30,363,2025-10-10,2025-11-10,34700.0,-0.011594332780919257,-400.0,-1,0.0,0.0,0.0,0.4782608695652174,0.15217391304347827,0.3695652173913043,-1,0.4782608695652174,0.15217391304347827,0.3695652173913043,-1,-0.030060928212284583,0.030060928212284583,0.030060928212284583,,,89,9,2025-10-09,1.0,IS7V25,21.0,2025-10-08,2.0,0.0,1,NO CALL,baseline model
baseline,30,369,2025-10-17,2025-11-17,34200.0,0.025975486403260736,900.0,1,0.0,0.0,-0.0026350476380051138,0.5051546391752577,0.14432989690721648,0.35051546391752575,-1,0.5051546391752577,0.14432989690721648,0.35051546391752575,-1,-0.0334014328382434,0.0334014328382434,0.0334014328382434,,,94,9,2025-10-16,1.0,IS7V25,21.0,2025-10-15,2.0,0.0,2,NO CALL,baseline model
baseline,30,372,2025-10-25,2025-11-24,34000.0,0.028987536873252187,1000.0,1,0.0,0.0,-0.002699056969165058,0.5247524752475248,0.13861386138613863,0.33663366336633666,-1,0.5247524752475248,0.13861386138613863,0.33663366336633666,-1,-0.040392335713316026,0.040392335713316026,0.040392335713316026,,,98,10,2025-10-24,1.0,IS7V25,21.0,2025-10-24,1.0,0.0,2,NO CALL,baseline model
baseline,30,386,2025-11-11,2025-12-11,34300.0,0.0,0.0,0,0.0,0.0,-0.005076153031860661,0.5384615384615384,0.1346153846153846,0.3269230769230769,-1,0.5384615384615384,0.1346153846153846,0.3269230769230769,-1,-0.040614719154190126,0.040614719154190126,0.040614719154190126,,,101,10,2025-11-10,1.0,IS7X25,15.0,2025-11-10,1.0,0.0,2,NO CALL,baseline model
baseline,30,392,2025-11-18,2025-12-18,35200.0,-0.020086758566737344,-700.0,-1,0.0,0.0,-0.002699056969165058,0.5229357798165137,0.12844036697247707,0.3486238532110092,-1,0.5229357798165137,0.12844036697247707,0.3486238532110092,-1,-0.040058760552004864,0.040058760552004864,0.040058760552004864,,,106,11,2025-11-17,1.0,IS7X25,19.0,2025-11-17,1.0,0.0,3,NO CALL,baseline model
baseline,30,411,2025-12-10,2026-01-09,34300.0,0.051147511166941,1800.0,1,0.0,0.0,-0.002667052303585086,0.5135135135135135,0.12612612612612611,0.36036036036036034,-1,0.5135135135135135,0.12612612612612611,0.36036036036036034,-1,-0.040058760552004864,0.040058760552004864,0.040058760552004864,,,108,11,2025-12-09,1.0,IS7Z25,27.0,2025-12-09,1.0,0.0,3,NO CALL,baseline model
baseline,30,416,2025-12-17,2026-01-16,34500.0,0.07534943724178679,2700.0,1,0.0,0.0,-0.002699056969165058,0.5258620689655172,0.12931034482758622,0.3448275862068966,-1,0.5258620689655172,0.12931034482758622,0.3448275862068966,-1,-0.03828612738846337,0.03828612738846337,0.03828612738846337,,,113,11,2025-12-16,1.0,IS7Z25,42.0,2025-12-16,1.0,0.0,3,NO CALL,baseline model
baseline,30,422,2025-12-24,2026-01-23,35400.0,0.03878602503515645,1400.0,1,0.0,0.0,-0.005076153031860661,0.5491803278688525,0.12295081967213115,0.32786885245901637,-1,0.5491803278688525,0.12295081967213115,0.32786885245901637,-1,-0.0334014328382434,0.0334014328382434,0.0334014328382434,,,119,12,2025-12-23,1.0,IS7Z25,45.0,2025-12-23,1.0,0.0,4,NO CALL,baseline model
baseline,30,440,2026-01-15,2026-02-14,36700.0,-0.0054644944720787375,-200.0,-1,0.0,0.0,-0.002699056969165058,0.5275590551181102,0.11811023622047244,0.3543307086614173,-1,0.5275590551181102,0.11811023622047244,0.3543307086614173,-1,-0.04028114399287897,0.04028114399287897,0.04028114399287897,,,124,12,2026-01-14,1.0,IS7F26,45.0,2026-01-14,1.0,0.0,4,NO CALL,baseline model
baseline,30,446,2026-01-22,2026-02-23,36500.0,0.005464494472078745,200.0,1,0.0,0.0,-0.002667052303585086,0.5037593984962406,0.11278195488721804,0.38345864661654133,-1,0.5037593984962406,0.11278195488721804,0.38345864661654133,-1,-0.04551733846951375,0.04551733846951375,0.04551733846951375,,,130,13,2026-01-21,1.0,IS7F26,45.0,2026-01-21,1.0,0.0,4,NO CALL,baseline model
baseline,30,459,2026-02-07,2026-03-09,37300.0,0.0316649146439687,1200.0,1,0.0,0.0,-0.0026350476380051138,0.48201438848920863,0.1079136690647482,0.41007194244604317,-1,0.48201438848920863,0.1079136690647482,0.41007194244604317,-1,-0.047034948704973434,0.047034948704973434,0.047034948704973434,,,136,13,2026-02-06,1.0,IS7G26,33.0,2026-02-06,1.0,0.0,5,NO CALL,baseline model
baseline,30,465,2026-02-14,2026-03-16,36500.0,0.02702867238791942,1000.0,1,0.0,0.0,-0.0026350476380051138,0.48201438848920863,0.1079136690647482,0.41007194244604317,-1,0.48201438848920863,0.1079136690647482,0.41007194244604317,-1,-0.047034948704973434,0.047034948704973434,0.047034948704973434,,,136,13,2026-02-13,1.0,IS7G26,36.0,2026-02-10,4.0,0.0,5,NO CALL,baseline model
baseline,30,471,2026-02-23,2026-03-25,36700.0,0.042673141126075696,1600.0,1,0.0,0.0,-0.0026350476380051138,0.503448275862069,0.10344827586206896,0.3931034482758621,-1,0.503448275862069,0.10344827586206896,0.3931034482758621,-1,-0.046588614367146425,0.046588614367146425,0.046588614367146425,,,142,14,2026-02-20,3.0,IS7G26,36.0,2026-02-21,2.0,0.0,5,NO CALL,baseline model
baseline,30,483,2026-03-10,2026-04-09,38800.0,0.05758787487296118,2300.0,1,0.0,0.0,-0.0026350476380051138,0.5,0.10135135135135136,0.39864864864864863,-1,0.5,0.10135135135135136,0.39864864864864863,-1,-0.0452496113536653,0.0452496113536653,0.0452496113536653,,,145,14,2026-03-09,1.0,IS7H26,21.0,2026-03-09,1.0,0.0,6,NO CALL,baseline model
baseline,30,489,2026-03-17,2026-04-16,38000.0,0.07109592168373026,2800.0,1,0.0,0.0,-0.0026350476380051138,0.4805194805194805,0.09740259740259741,0.42207792207792205,-1,0.4805194805194805,0.09740259740259741,0.42207792207792205,-1,-0.04309919248185206,0.04309919248185206,0.04309919248185206,,,151,14,2026-03-16,1.0,IS7H26,38.0,2026-03-16,1.0,0.0,6,NO CALL,baseline model
baseline,30,495,2026-03-25,2026-04-24,38300.0,0.06812217051770751,2700.0,1,0.0,0.0,-0.0026350476380051138,0.46540880503144655,0.09433962264150944,0.44025157232704404,-1,0.46540880503144655,0.09433962264150944,0.44025157232704404,-1,-0.04480327701583826,0.04480327701583826,0.04480327701583826,,,156,15,2026-03-24,1.0,IS7H26,38.0,2026-03-24,1.0,0.0,6,NO CALL,baseline model
baseline,30,512,2026-04-14,2026-05-14,41500.0,-0.07244115076586749,-2900.0,-1,0.0,0.0,-0.0013175238190025569,0.4484848484848485,0.09090909090909091,0.46060606060606063,1,0.4484848484848485,0.09090909090909091,0.46060606060606063,1,-0.047034948704973434,0.047034948704973434,0.047034948704973434,,,162,15,2026-04-13,1.0,IS7J26,31.0,2026-04-13,1.0,0.0,7,NO CALL,baseline model
baseline,30,518,2026-04-21,2026-05-22,40700.0,-0.055569851154810765,-2200.0,-1,0.0,0.0,0.008572060782907166,0.4327485380116959,0.08771929824561403,0.47953216374269003,1,0.4327485380116959,0.08771929824561403,0.47953216374269003,1,-0.05109561643685435,0.05109561643685435,0.05109561643685435,,,168,16,2026-04-20,1.0,IS7J26,28.0,2026-04-20,1.0,0.0,7,NO CALL,baseline model
baseline,30,536,2026-05-12,2026-06-15,39400.0,-0.028315920117287854,-1100.0,-1,0.0,0.0,0.01513086502285475,0.4228571428571429,0.08571428571428572,0.49142857142857144,1,0.4228571428571429,0.08571428571428572,0.49142857142857144,1,-0.054892132579749724,0.054892132579749724,0.054892132579749724,,,172,16,2026-05-11,1.0,IS7K26,19.0,2026-05-09,3.0,0.0,7,NO CALL,baseline model
baseline,30,542,2026-05-19,2026-06-18,38800.0,-0.028760152175262687,-1100.0,-1,0.0,0.0,0.01513086502285475,0.4388888888888889,0.08333333333333333,0.4777777777777778,1,0.4388888888888889,0.08333333333333333,0.4777777777777778,1,-0.05513341149666957,0.05513341149666957,0.05513341149666957,,,177,17,2026-05-18,1.0,IS7K26,19.0,2026-05-18,1.0,0.0,8,NO CALL,baseline model
baseline,30,547,2026-05-26,2026-06-25,38500.0,-0.04788148623321397,-1800.0,-1,0.0,0.0,0.01513086502285475,0.45698924731182794,0.08064516129032258,0.46236559139784944,1,0.45698924731182794,0.08064516129032258,0.46236559139784944,1,-0.05959209720224566,0.05959209720224566,0.05959209720224566,,,183,17,2026-05-22,4.0,IS7K26,16.0,2026-05-25,1.0,0.0,8,NO CALL,baseline model
baseline,30,557,2026-06-15,2026-07-15,38300.0,-0.010498784098219695,-400.0,-1,0.0,0.0,0.01513086502285475,0.45989304812834225,0.08021390374331551,0.45989304812834225,-1,0.45989304812834225,0.08021390374331551,0.45989304812834225,-1,-0.05959209720224566,0.05959209720224566,0.05959209720224566,,,184,17,2026-06-12,3.0,IS7M26,19.0,2026-06-13,2.0,0.0,8,NO CALL,baseline model
baseline,30,566,2026-06-25,2026-07-25,36700.0,0.047881486233214005,1800.0,1,0.0,0.0,-0.0013175238190025569,0.4898989898989899,0.07575757575757576,0.43434343434343436,-1,0.4898989898989899,0.07575757575757576,0.43434343434343436,-1,-0.05597345589844088,0.05597345589844088,0.05597345589844088,,,195,18,2026-06-24,1.0,IS7M26,19.0,2026-06-22,3.0,0.0,9,NO CALL,baseline model
baseline,30,567,2026-06-26,2026-07-27,36600.0,0.05061000088641792,1900.0,1,0.0,0.0,-0.0026350476380051138,0.49246231155778897,0.07537688442211055,0.4321608040201005,-1,0.49246231155778897,0.07537688442211055,0.4321608040201005,-1,-0.055569851154810765,0.055569851154810765,0.055569851154810765,,,196,18,2026-06-25,1.0,IS7M26,19.0,2026-06-25,1.0,0.0,9,NO CALL,baseline model
internal,30,340,2025-09-10,2025-10-10,38300.0,-0.09871020923378683,-3600.0,-1,-0.03194771035895521,0.0,0.0,0.7070917192509962,0.24180656598897443,0.05110171476002924,-1,0.44047619047619047,0.16666666666666666,0.39285714285714285,-1,-0.05965181338857482,-0.0042436073293356,0.02770410302961961,10.0,10.0,81,8,2025-09-09,1.0,IS7U25,37.0,2025-09-09,1.0,,0,NO CALL,past independent N<20; past MAE skill<=0
internal,30,346,2025-09-18,2025-10-18,37400.0,-0.08944506035192679,-3200.0,-1,-0.023776970068130853,0.0,0.0,0.8760005335823089,0.019833068596051856,0.10416639782163926,-1,0.4482758620689655,0.16091954022988506,0.39080459770114945,-1,-0.05035922284614653,0.0028052827098848238,0.026582252778015677,10.0,10.0,84,8,2025-09-17,1.0,IS7U25,45.0,2025-09-16,2.0,0.0319477103589552,1,NO CALL,past independent N<20; 80% interval/class does not clear holding hurdle Rs900
internal,30,351,2025-09-25,2025-10-25,36300.0,-0.06545721665464367,-2300.0,-1,-0.007824944526279085,0.0,0.0,0.812506833882961,0.01971124228472788,0.1677819238323112,-1,0.4782608695652174,0.15217391304347827,0.3695652173913043,-1,-0.03598548966877988,0.020335600616221708,0.028160545142500795,10.0,10.0,89,9,2025-09-24,1.0,IS7U25,45.0,2025-09-24,1.0,0.02786234021354303,1,NO CALL,past independent N<20; 80% interval/class does not clear holding hurdle Rs900
internal,30,363,2025-10-10,2025-11-10,34700.0,-0.011594332780919257,-400.0,-1,-0.006890437743130145,0.0,0.0,0.7296792272527941,0.05278889806477834,0.21753187468242746,-1,0.4782608695652174,0.15217391304347827,0.3695652173913043,-1,-0.03890943117858532,0.025128555692325028,0.032018993435455174,100.0,100.0,89,9,2025-10-09,1.0,IS7V25,21.0,2025-10-08,2.0,0.021183208317788374,1,NO CALL,past independent N<20; 80% interval/class does not clear holding hurdle Rs900
internal,30,369,2025-10-17,2025-11-17,34200.0,0.025975486403260736,900.0,1,-0.010505727418685818,0.0,-0.0026350476380051138,0.7171259899973875,0.06364636090048663,0.2192276491021259,-1,0.5051546391752577,0.14432989690721648,0.35051546391752575,-1,-0.0429288032882295,0.021917348450857865,0.03242307586954368,100.0,100.0,94,9,2025-10-16,1.0,IS7V25,21.0,2025-10-15,2.0,0.01761001567412382,2,NO CALL,past independent N<20; 80% interval/class does not clear holding hurdle Rs900
internal,30,372,2025-10-25,2025-11-24,34000.0,0.028987536873252187,1000.0,1,-0.030863430112667838,0.0,-0.002699056969165058,0.8179853009812075,0.060205443607675824,0.12180925541111673,-1,0.5247524752475248,0.13861386138613863,0.33663366336633666,-1,-0.06439083128279469,0.002663971057459018,0.033527401170126855,100.0,100.0,98,10,2025-10-24,1.0,IS7V25,21.0,2025-10-24,1.0,0.011986867055561894,2,NO CALL,past independent N<20; 80% interval/class does not clear holding hurdle Rs900
internal,30,386,2025-11-11,2025-12-11,34300.0,0.0,0.0,0,-0.0256261314719331,0.0,-0.005076153031860661,0.7371439206831356,0.09117609982038867,0.1716799794964758,-1,0.5384615384615384,0.1346153846153846,0.3269230769230769,-1,-0.059568097235474925,0.008315834291608724,0.033941965763541825,100.0,100.0,101,10,2025-11-10,1.0,IS7X25,15.0,2025-11-10,1.0,0.004845150860856934,2,NO CALL,past independent N<20; 80% interval/class does not clear holding hurdle Rs900
internal,30,392,2025-11-18,2025-12-18,35200.0,-0.020086758566737344,-700.0,-1,-0.01606952176696811,0.0,-0.002699056969165058,0.5806873493665312,0.10388794945713813,0.31542470117633076,-1,0.5229357798165137,0.12844036697247707,0.3486238532110092,-1,-0.05228508743028865,0.020146043896352432,0.03621556566332054,100.0,100.0,106,11,2025-11-17,1.0,IS7X25,19.0,2025-11-17,1.0,0.0004921105276012167,3,NO CALL,past independent N<20; 80% interval/class does not clear holding hurdle Rs900
internal,30,411,2025-12-10,2026-01-09,34300.0,0.051147511166941,1800.0,1,-0.011557154509110818,0.0,-0.002667052303585086,0.6182607997658565,0.04688319879498524,0.33485600143915817,-1,0.5135135135135135,0.12612612612612611,0.36036036036036034,-1,-0.046307373518043475,0.023193064499821843,0.03475021900893266,10.0,100.0,108,11,2025-12-09,1.0,IS7Z25,27.0,2025-12-09,1.0,0.002439286932522086,3,NO CALL,past independent N<20; 80% interval/class does not clear holding hurdle Rs900
internal,30,416,2025-12-17,2026-01-16,34500.0,0.07534943724178679,2700.0,1,-0.019874515887795235,0.0,-0.002699056969165058,0.6389263813427684,0.06472722615379096,0.29634639250344064,-1,0.5258620689655172,0.12931034482758622,0.3448275862068966,-1,-0.053755931035252315,0.014006899259661844,0.03388141514745708,10.0,100.0,113,11,2025-12-16,1.0,IS7Z25,42.0,2025-12-16,1.0,0.0008841267723406487,3,NO CALL,past independent N<20; 80% interval/class does not clear holding hurdle Rs900
internal,30,422,2025-12-24,2026-01-23,35400.0,0.03878602503515645,1400.0,1,-0.046680895815967814,0.0,-0.005076153031860661,0.7848736070244415,0.05024366161520197,0.16488273136035658,-1,0.5491803278688525,0.12295081967213115,0.32786885245901637,-1,-0.08064487546696417,-0.012716916164971462,0.03396397965099635,10.0,100.0,119,12,2025-12-23,1.0,IS7Z25,45.0,2025-12-23,1.0,-0.001191737493672941,4,NO CALL,past independent N<20; past MAE skill<=0
internal,30,440,2026-01-15,2026-02-14,36700.0,-0.0054644944720787375,-200.0,-1,-0.03446152647013271,0.0,-0.002699056969165058,0.8288443477483285,0.01403752315029296,0.1571181291013786,-1,0.5275590551181102,0.11811023622047244,0.3543307086614173,-1,-0.07064501865886744,0.001721965718602017,0.03618349218873473,100.0,100.0,124,12,2026-01-14,1.0,IS7F26,45.0,2026-01-14,1.0,-0.005327115522972471,4,NO CALL,past independent N<20; past MAE skill<=0; 80% interval/class does not clear holding hurdle Rs900
internal,30,446,2026-01-22,2026-02-23,36500.0,0.005464494472078745,200.0,1,-0.010991821797556055,0.0,-0.002667052303585086,0.6887349462574003,0.014326246253430154,0.2969388074891696,-1,0.5037593984962406,0.11278195488721804,0.38345864661654133,-1,-0.05055799500013141,0.0285743514050193,0.039566173202575355,100.0,100.0,130,13,2026-01-21,1.0,IS7F26,45.0,2026-01-21,1.0,-0.006844234023222692,4,NO CALL,past independent N<20; past MAE skill<=0; 80% interval/class does not clear holding hurdle Rs900
internal,30,459,2026-02-07,2026-03-09,37300.0,0.0316649146439687,1200.0,1,0.003715108840315544,0.0,-0.0026350476380051138,0.528559011539931,0.013814152547579863,0.45762683591248915,-1,0.48201438848920863,0.1079136690647482,0.41007194244604317,-1,-0.03579601383845477,0.043226231519085855,0.039511122678770313,100.0,100.0,136,13,2026-02-06,1.0,IS7G26,33.0,2026-02-06,1.0,-0.007163279236632958,5,NO CALL,past independent N<20; past MAE skill<=0; 80% interval/class does not clear holding hurdle Rs900
internal,30,465,2026-02-14,2026-03-16,36500.0,0.02702867238791942,1000.0,1,0.006353891215747637,0.0,-0.0026350476380051138,0.5210826940611947,0.01584966467453846,0.4630676412642669,-1,0.48201438848920863,0.1079136690647482,0.41007194244604317,-1,-0.03315723146302268,0.04586501389451795,0.039511122678770313,100.0,100.0,136,13,2026-02-13,1.0,IS7G26,36.0,2026-02-10,4.0,-0.006386251516850919,5,NO CALL,past independent N<20; past MAE skill<=0; 80% interval/class does not clear holding hurdle Rs900
internal,30,471,2026-02-23,2026-03-25,36700.0,0.042673141126075696,1600.0,1,0.009688674854309848,0.0,-0.0026350476380051138,0.49290989080829384,0.05932937074083728,0.44776073845086883,-1,0.503448275862069,0.10344827586206896,0.3931034482758621,-1,-0.029376989049832825,0.04875433875845252,0.03906566390414267,100.0,100.0,142,14,2026-02-20,3.0,IS7G26,36.0,2026-02-21,2.0,-0.005536908668011022,5,NO CALL,past independent N<20; past MAE skill<=0; class confidence<0.50; 80% interval/class does not clear holding hurdle Rs900
internal,30,483,2026-03-10,2026-04-09,38800.0,0.05758787487296118,2300.0,1,0.006989915341166427,0.0,-0.0026350476380051138,0.5388355386323787,0.013105876527452773,0.4480585848401685,-1,0.5,0.10135135135135136,0.39864864864864863,-1,-0.031845662829713975,0.04582549351204683,0.0388355781708804,100.0,100.0,145,14,2026-03-09,1.0,IS7H26,21.0,2026-03-09,1.0,-0.004585309697865962,6,NO CALL,past independent N<20; past MAE skill<=0; 80% interval/class does not clear holding hurdle Rs900
internal,30,489,2026-03-17,2026-04-16,38000.0,0.07109592168373026,2800.0,1,0.0017532002433947682,0.0,-0.0026350476380051138,0.5626390361706879,0.012215913529535183,0.425145050299777,-1,0.4805194805194805,0.09740259740259741,0.42207792207792205,-1,-0.03611170263616183,0.03961810312295136,0.03786490287955659,100.0,100.0,151,14,2026-03-16,1.0,IS7H26,38.0,2026-03-16,1.0,-0.00390441410733465,6,NO CALL,past independent N<20; past MAE skill<=0; 80% interval/class does not clear holding hurdle Rs900
internal,30,495,2026-03-25,2026-04-24,38300.0,0.06812217051770751,2700.0,1,0.009023180630024046,0.0,-0.0026350476380051138,0.47570428115373475,0.011954371110186383,0.5123413477360789,1,0.46540880503144655,0.09433962264150944,0.44025157232704404,-1,-0.028543767584617998,0.04659012884466609,0.03756694821464204,100.0,100.0,156,15,2026-03-24,1.0,IS7H26,38.0,2026-03-24,1.0,-0.003590102198960797,6,NO CALL,past independent N<20; past MAE skill<=0; 80% interval/class does not clear holding hurdle Rs900
internal,30,512,2026-04-14,2026-05-14,41500.0,-0.07244115076586749,-2900.0,-1,0.010874684742252876,0.0,-0.0013175238190025569,0.46579908581028373,0.011416992411655554,0.5227839217780607,1,0.4484848484848485,0.09090909090909091,0.46060606060606063,1,-0.028418495054070795,0.05016786453857655,0.03929317979632367,100.0,100.0,162,15,2026-04-13,1.0,IS7J26,31.0,2026-04-13,1.0,-0.0029262452079615933,7,NO CALL,past independent N<20; past MAE skill<=0; 80% interval/class does not clear holding hurdle Rs900
internal,30,518,2026-04-21,2026-05-22,40700.0,-0.055569851154810765,-2200.0,-1,0.004341930513438468,0.0,0.008572060782907166,0.5584874653460271,0.010514780347992601,0.43099775430598025,-1,0.4327485380116959,0.08771929824561403,0.47953216374269003,1,-0.039071849118608185,0.04775571014548512,0.04341377963204665,100.0,100.0,168,16,2026-04-20,1.0,IS7J26,28.0,2026-04-20,1.0,-0.0033236671846761656,7,NO CALL,past independent N<20; past MAE skill<=0; 80% interval/class does not clear holding hurdle Rs900
internal,30,536,2026-05-12,2026-06-15,39400.0,-0.028315920117287854,-1100.0,-1,0.021414189560076558,0.0,0.01513086502285475,0.38673567888998744,0.018094009419522154,0.5951703116904904,1,0.4228571428571429,0.08571428571428572,0.49142857142857144,1,-0.022775503386537197,0.06560388250669032,0.044189692946613755,100.0,100.0,172,16,2026-05-11,1.0,IS7K26,19.0,2026-05-09,3.0,-0.003372155914617224,7,NO CALL,past independent N<20; past MAE skill<=0; 80% interval/class does not clear holding hurdle Rs900
internal,30,542,2026-05-19,2026-06-18,38800.0,-0.028760152175262687,-1100.0,-1,-0.003555216657154094,0.0,0.01513086502285475,0.6112540619007831,0.01042878398784228,0.3783171541113747,-1,0.4388888888888889,0.08333333333333333,0.4777777777777778,1,-0.04701690921365879,0.0399064758993506,0.04346169255650469,100.0,100.0,177,17,2026-05-18,1.0,IS7K26,19.0,2026-05-18,1.0,-0.004192248353047198,8,NO CALL,past independent N<20; past MAE skill<=0; 80% interval/class does not clear holding hurdle Rs900
internal,30,547,2026-05-26,2026-06-25,38500.0,-0.04788148623321397,-1800.0,-1,-0.014334573930496544,0.0,0.01513086502285475,0.6757890472335903,0.010132719862980626,0.3140782329034292,-1,0.45698924731182794,0.08064516129032258,0.46236559139784944,1,-0.0608288156217065,0.03215966776071341,0.046494241691209956,100.0,100.0,183,17,2026-05-22,4.0,IS7K26,16.0,2026-05-25,1.0,-0.0038554020482558238,8,NO CALL,past independent N<20; past MAE skill<=0; 80% interval/class does not clear holding hurdle Rs900
internal,30,557,2026-06-15,2026-07-15,38300.0,-0.010498784098219695,-400.0,-1,0.013195219234668834,0.0,0.01513086502285475,0.4335555815330485,0.02933917796026675,0.5371052405066846,1,0.45989304812834225,0.08021390374331551,0.45989304812834225,-1,-0.034136783602394326,0.060527222071731994,0.04733200283706316,100.0,100.0,184,17,2026-06-12,3.0,IS7M26,19.0,2026-06-13,2.0,-0.003097486382474479,8,NO CALL,past independent N<20; past MAE skill<=0; 80% interval/class does not clear holding hurdle Rs900
internal,30,566,2026-06-25,2026-07-25,36700.0,0.047881486233214005,1800.0,1,0.010706925308599576,0.0,-0.0013175238190025569,0.4818447953750209,0.04329567895141016,0.474859525673569,-1,0.4898989898989899,0.07575757575757576,0.43434343434343436,-1,-0.034192062341797905,0.055605912958997056,0.04489898765039748,100.0,100.0,195,18,2026-06-24,1.0,IS7M26,19.0,2026-06-22,3.0,-0.003501395696562243,9,NO CALL,past independent N<20; past MAE skill<=0; class confidence<0.50; 80% interval/class does not clear holding hurdle Rs900
internal,30,567,2026-06-26,2026-07-27,36600.0,0.05061000088641792,1900.0,1,0.010542843799735625,0.0,-0.0026350476380051138,0.49684089538755655,0.03246747640371111,0.4706916282087324,-1,0.49246231155778897,0.07537688442211055,0.4321608040201005,-1,-0.03397843157306191,0.05506411917253316,0.044521275372797535,100.0,100.0,196,18,2026-06-25,1.0,IS7M26,19.0,2026-06-25,1.0,-0.0029549218117483345,9,NO CALL,past independent N<20; past MAE skill<=0; class confidence<0.50; 80% interval/class does not clear holding hurdle Rs900
local,30,340,2025-09-10,2025-10-10,38300.0,-0.09871020923378683,-3600.0,-1,-0.02305730281376376,0.0,0.0,0.5921197563737415,0.11064079805599714,0.2972394455702614,-1,0.44047619047619047,0.16666666666666666,0.39285714285714285,-1,-0.04364288648720022,-0.0024717191403272956,0.020585583673436464,10.0,10.0,81,8,2025-09-09,1.0,IS7U25,37.0,2025-09-09,1.0,,0,NO CALL,past independent N<20; past MAE skill<=0; 80% interval/class does not clear holding hurdle Rs900
local,30,346,2025-09-18,2025-10-18,37400.0,-0.08944506035192679,-3200.0,-1,-0.020134465263074375,0.0,0.0,0.7605328099105786,0.0183035795199806,0.22116361056944078,-1,0.4482758620689655,0.16091954022988506,0.39080459770114945,-1,-0.040537234625062535,0.0002683040989137804,0.020402769361988156,10.0,10.0,84,8,2025-09-17,1.0,IS7U25,45.0,2025-09-16,2.0,0.023057302813763766,1,NO CALL,past independent N<20; 80% interval/class does not clear holding hurdle Rs900
local,30,351,2025-09-25,2025-10-25,36300.0,-0.06545721665464367,-2300.0,-1,-0.0005005919966011782,0.0,0.0,0.6589634210848332,0.01908094626453055,0.3219556326506362,-1,0.4782608695652174,0.15217391304347827,0.3695652173913043,-1,-0.021793043298549686,0.02079185930534733,0.02129245130194851,10.0,10.0,89,9,2025-09-24,1.0,IS7U25,45.0,2025-09-24,1.0,0.021595884038419055,1,NO CALL,past independent N<20; 80% interval/class does not clear holding hurdle Rs900
local,30,363,2025-10-10,2025-11-10,34700.0,-0.011594332780919257,-400.0,-1,-0.007048261109405714,0.0,0.0,0.7213848123679862,0.07565123108559266,0.20296395654642102,-1,0.4782608695652174,0.15217391304347827,0.3695652173913043,-1,-0.034458366560279854,0.020361844341468423,0.027410105450874137,100.0,100.0,89,9,2025-10-09,1.0,IS7V25,21.0,2025-10-08,2.0,0.014564120024479751,1,NO CALL,past independent N<20; 80% interval/class does not clear holding hurdle Rs900
local,30,369,2025-10-17,2025-11-17,34200.0,0.025975486403260736,900.0,1,-0.0123776331448726,0.0,-0.0026350476380051138,0.747723471140052,0.07249366235601817,0.17978286650392986,-1,0.5051546391752577,0.14432989690721648,0.35051546391752575,-1,-0.0435243474902112,0.018769081200465998,0.0311467143453386,100.0,100.0,94,9,2025-10-16,1.0,IS7V25,21.0,2025-10-15,2.0,0.012685155295711244,2,NO CALL,past independent N<20; 80% interval/class does not clear holding hurdle Rs900
local,30,372,2025-10-25,2025-11-24,34000.0,0.028987536873252187,1000.0,1,-0.03305009110061965,0.0,-0.002699056969165058,0.8630880078405478,0.09313707396576291,0.04377491819368916,-1,0.5247524752475248,0.13861386138613863,0.33663366336633666,-1,-0.0654360972378368,-0.000664084963402492,0.032386006137217156,100.0,100.0,98,10,2025-10-24,1.0,IS7V25,21.0,2025-10-24,1.0,0.007672597607594478,2,NO CALL,past independent N<20; 80% interval/class does not clear holding hurdle Rs900
local,30,386,2025-11-11,2025-12-11,34300.0,0.0,0.0,0,-0.025705633601116773,0.0,-0.005076153031860661,0.7595352554514111,0.13352973495279322,0.10693500959579581,-1,0.5384615384615384,0.1346153846153846,0.3269230769230769,-1,-0.058390310566142786,0.00697904336390924,0.03268467696502601,100.0,100.0,101,10,2025-11-10,1.0,IS7X25,15.0,2025-11-10,1.0,0.0008854828228921155,2,NO CALL,past independent N<20; 80% interval/class does not clear holding hurdle Rs900
local,30,392,2025-11-18,2025-12-18,35200.0,-0.020086758566737344,-700.0,-1,-0.013126012712673099,0.0,-0.002699056969165058,0.5657684924168432,0.1600585922767034,0.2741729153064535,-1,0.5229357798165137,0.12844036697247707,0.3486238532110092,-1,-0.0479696456747118,0.021717620249365598,0.0348436329620387,100.0,100.0,106,11,2025-11-17,1.0,IS7X25,19.0,2025-11-17,1.0,-0.002913248094823441,3,NO CALL,past independent N<20; past MAE skill<=0; 80% interval/class does not clear holding hurdle Rs900
local,30,411,2025-12-10,2026-01-09,34300.0,0.051147511166941,1800.0,1,-0.0014170259563840433,0.0,-0.002667052303585086,0.4846986339042004,0.07805847140423824,0.43724289469156136,-1,0.5135135135135135,0.12612612612612611,0.36036036036036034,-1,-0.0365282217387097,0.03369416982594161,0.03511119578232565,100.0,100.0,108,11,2025-12-09,1.0,IS7Z25,27.0,2025-12-09,1.0,-0.0009083404938863629,3,NO CALL,past independent N<20; past MAE skill<=0; class confidence<0.50; 80% interval/class does not clear holding hurdle Rs900
local,30,416,2025-12-17,2026-01-16,34500.0,0.07534943724178679,2700.0,1,-0.00541254081948847,0.0,-0.002699056969165058,0.5361109455672929,0.10884227360395352,0.35504678082875357,-1,0.5258620689655172,0.12931034482758622,0.3448275862068966,-1,-0.04008322211228476,0.02925814047330782,0.03467068129279629,100.0,100.0,113,11,2025-12-16,1.0,IS7Z25,42.0,2025-12-16,1.0,-0.0009648611008305497,3,NO CALL,past independent N<20; past MAE skill<=0; 80% interval/class does not clear holding hurdle Rs900
local,30,422,2025-12-24,2026-01-23,35400.0,0.03878602503515645,1400.0,1,-0.016154076499663557,0.0,-0.005076153031860661,0.6859520036846737,0.07719139009166874,0.2368566062236575,-1,0.5491803278688525,0.12295081967213115,0.32786885245901637,-1,-0.050234922940666935,0.01792676994133982,0.03408084644100338,100.0,100.0,119,12,2025-12-23,1.0,IS7Z25,45.0,2025-12-23,1.0,-0.0014096290726963445,4,NO CALL,past independent N<20; past MAE skill<=0; 80% interval/class does not clear holding hurdle Rs900
local,30,440,2026-01-15,2026-02-14,36700.0,-0.0054644944720787375,-200.0,-1,-0.019977077255128282,0.0,-0.002699056969165058,0.6744913731492563,0.013897382682007802,0.311611244168736,-1,0.5275590551181102,0.11811023622047244,0.3543307086614173,-1,-0.055489301391798744,0.01553514688154218,0.03551222413667046,100.0,100.0,124,12,2026-01-14,1.0,IS7F26,45.0,2026-01-14,1.0,-0.0027500333842388133,4,NO CALL,past independent N<20; past MAE skill<=0; 80% interval/class does not clear holding hurdle Rs900
local,30,446,2026-01-22,2026-02-23,36500.0,0.005464494472078745,200.0,1,0.0076753460778067484,0.0,-0.002667052303585086,0.5019965053368007,0.014195023171432161,0.483808471491767,-1,0.5037593984962406,0.11278195488721804,0.38345864661654133,-1,-0.028220696583418088,0.04357138873903158,0.035896042661224835,100.0,100.0,130,13,2026-01-21,1.0,IS7F26,45.0,2026-01-21,1.0,-0.003274871294799815,4,NO CALL,past independent N<20; past MAE skill<=0; 80% interval/class does not clear holding hurdle Rs900
local,30,459,2026-02-07,2026-03-09,37300.0,0.0316649146439687,1200.0,1,0.0072983037787346175,0.0,-0.0026350476380051138,0.44756052329600104,0.013246321298233017,0.5391931554057658,1,0.48201438848920863,0.1079136690647482,0.41007194244604317,-1,-0.028465383768364633,0.04306199132583387,0.03576368754709925,100.0,100.0,136,13,2026-02-06,1.0,IS7G26,33.0,2026-02-06,1.0,-0.002772677897788234,5,NO CALL,past independent N<20; past MAE skill<=0; 80% interval/class does not clear holding hurdle Rs900
local,30,465,2026-02-14,2026-03-16,36500.0,0.02702867238791942,1000.0,1,0.019616215094852858,0.0,-0.0026350476380051138,0.34318280175007826,0.013440375512618511,0.6433768227373032,1,0.48201438848920863,0.1079136690647482,0.41007194244604317,-1,-0.016147472452246393,0.05537990264195211,0.03576368754709925,100.0,100.0,136,13,2026-02-13,1.0,IS7G26,36.0,2026-02-10,4.0,-0.002053322063750883,5,NO CALL,past independent N<20; past MAE skill<=0; 80% interval/class does not clear holding hurdle Rs900
local,30,471,2026-02-23,2026-03-25,36700.0,0.042673141126075696,1600.0,1,0.007911069620659834,0.0,-0.0026350476380051138,0.45936254305581814,0.01321820068557658,0.5274192562586053,1,0.503448275862069,0.10344827586206896,0.3931034482758621,-1,-0.027420081126990112,0.04324222036830978,0.03533115074764995,100.0,100.0,142,14,2026-02-20,3.0,IS7G26,36.0,2026-02-21,2.0,-0.0006086862531773096,5,NO CALL,past independent N<20; past MAE skill<=0; 80% interval/class does not clear holding hurdle Rs900
local,30,483,2026-03-10,2026-04-09,38800.0,0.05758787487296118,2300.0,1,0.003056237616679125,0.0,-0.0026350476380051138,0.4709461239247787,0.011962182534991176,0.5170916935402301,1,0.5,0.10135135135135136,0.39864864864864863,-1,-0.03247529584100176,0.03858777107436002,0.03553153345768089,100.0,100.0,145,14,2026-03-09,1.0,IS7H26,21.0,2026-03-09,1.0,-7.620151106248196e-05,6,NO CALL,past independent N<20; past MAE skill<=0; 80% interval/class does not clear holding hurdle Rs900
local,30,489,2026-03-17,2026-04-16,38000.0,0.07109592168373026,2800.0,1,0.009450002274343137,0.0,-0.0026350476380051138,0.40449512896719236,0.01137895861015289,0.5841259124226547,1,0.4805194805194805,0.09740259740259741,0.42207792207792205,-1,-0.02592365853843779,0.044823663087124065,0.03537366081278093,100.0,100.0,151,14,2026-03-16,1.0,IS7H26,38.0,2026-03-16,1.0,0.0001080596140987794,6,NO CALL,past independent N<20; 80% interval/class does not clear holding hurdle Rs900
local,30,495,2026-03-25,2026-04-24,38300.0,0.06812217051770751,2700.0,1,0.014707002748601497,0.0,-0.0026350476380051138,0.3328783477590381,0.011065321828931654,0.6560563304120303,1,0.46540880503144655,0.09433962264150944,0.44025157232704404,-1,-0.02037444151254722,0.049788447009750214,0.03508144426114872,100.0,100.0,156,15,2026-03-24,1.0,IS7H26,38.0,2026-03-24,1.0,0.000627056428556802,6,NO CALL,past independent N<20; 80% interval/class does not clear holding hurdle Rs900
local,30,512,2026-04-14,2026-05-14,41500.0,-0.07244115076586749,-2900.0,-1,0.012106537361099312,0.0,-0.0013175238190025569,0.3521843939069408,0.010390828233594484,0.6374247778594648,1,0.4484848484848485,0.09090909090909091,0.46060606060606063,1,-0.024164564526350747,0.04837763924854937,0.03627110188745006,100.0,100.0,162,15,2026-04-13,1.0,IS7J26,31.0,2026-04-13,1.0,0.0013681062348749468,7,NO CALL,past independent N<20; 80% interval/class does not clear holding hurdle Rs900
local,30,518,2026-04-21,2026-05-22,40700.0,-0.055569851154810765,-2200.0,-1,-0.018557252150034183,0.0,0.008572060782907166,0.6844086265174657,0.01001940637772295,0.3055719671048113,-1,0.4327485380116959,0.08771929824561403,0.47953216374269003,1,-0.055555850832513465,0.0184413465324451,0.03699859868247928,100.0,100.0,168,16,2026-04-20,1.0,IS7J26,28.0,2026-04-20,1.0,0.0006943740550762259,7,NO CALL,past independent N<20; 80% interval/class does not clear holding hurdle Rs900
local,30,536,2026-05-12,2026-06-15,39400.0,-0.028315920117287854,-1100.0,-1,-0.0017153271915532307,0.0,0.01513086502285475,0.8439889855620821,0.09199178991129876,0.06401922452661926,-1,0.4228571428571429,0.08571428571428572,0.49142857142857144,1,-0.03944044107057876,0.03600978668747229,0.037725113879025524,100.0,10.0,172,16,2026-05-11,1.0,IS7K26,19.0,2026-05-09,3.0,0.0015449872976932774,7,NO CALL,past independent N<20; 80% interval/class does not clear holding hurdle Rs900
local,30,542,2026-05-19,2026-06-18,38800.0,-0.028760152175262687,-1100.0,-1,-0.03118841965560279,0.0,0.01513086502285475,0.9423847393538084,0.008556721878147256,0.04905853876804427,-1,0.4388888888888889,0.08333333333333333,0.4777777777777778,1,-0.07108638225207974,0.008709542940874157,0.039897962596476946,100.0,10.0,177,17,2026-05-18,1.0,IS7K26,19.0,2026-05-18,1.0,0.0015527300201414532,8,NO CALL,past independent N<20; 80% interval/class does not clear holding hurdle Rs900
local,30,547,2026-05-26,2026-06-25,38500.0,-0.04788148623321397,-1800.0,-1,-0.0427121966271614,0.0,0.01513086502285475,0.9438638520804626,0.008337051671218409,0.04779909624831887,-1,0.45698924731182794,0.08064516129032258,0.46236559139784944,1,-0.08334534650348326,-0.0020790467508395444,0.040633149876321856,100.0,10.0,183,17,2026-05-22,4.0,IS7K26,16.0,2026-05-25,1.0,0.0026300845712189033,8,NO CALL,past independent N<20; 80% interval/class does not clear holding hurdle Rs900
local,30,557,2026-06-15,2026-07-15,38300.0,-0.010498784098219695,-400.0,-1,-0.008496345585656852,0.0,0.01513086502285475,0.629660239777942,0.04994707354281061,0.32039268667924736,-1,0.45989304812834225,0.08021390374331551,0.45989304812834225,-1,-0.04926570794931248,0.03227301677799878,0.04076936236365563,100.0,100.0,184,17,2026-06-12,3.0,IS7M26,19.0,2026-06-13,2.0,0.0043001725735498375,8,NO CALL,past independent N<20; 80% interval/class does not clear holding hurdle Rs900
local,30,566,2026-06-25,2026-07-25,36700.0,0.047881486233214005,1800.0,1,0.0011418371696538777,0.0,-0.0013175238190025569,0.571689140062022,0.054660838353425625,0.3736500215845524,-1,0.4898989898989899,0.07575757575757576,0.43434343434343436,-1,-0.03908302290386093,0.041366697243168694,0.04022486007351481,100.0,100.0,195,18,2026-06-24,1.0,IS7M26,19.0,2026-06-22,3.0,0.004468019494034123,9,NO CALL,past independent N<20; 80% interval/class does not clear holding hurdle Rs900
local,30,567,2026-06-26,2026-07-27,36600.0,0.05061000088641792,1900.0,1,-0.0008433078489394919,0.0,-0.0026350476380051138,0.6044746973220522,0.04470635625990667,0.3508189464180411,-1,0.49246231155778897,0.07537688442211055,0.4321608040201005,-1,-0.0412091729353566,0.03952255723747762,0.04036586508641711,100.0,100.0,196,18,2026-06-25,1.0,IS7M26,19.0,2026-06-25,1.0,0.0043400894046348795,9,NO CALL,past independent N<20; 80% interval/class does not clear holding hurdle Rs900
turkey,30,340,2025-09-10,2025-10-10,38300.0,-0.09871020923378683,-3600.0,-1,-0.022827982105106746,0.0,0.0,0.7621320528551528,0.0638989891807444,0.17396895796410278,-1,0.44047619047619047,0.16666666666666666,0.39285714285714285,-1,-0.04566174696971724,5.782759503750873e-06,0.022833764864610497,10.0,10.0,81,8,2025-09-09,1.0,IS7U25,37.0,2025-09-09,1.0,,0,NO CALL,past independent N<20; past MAE skill<=0; 80% interval/class does not clear holding hurdle Rs900
turkey,30,346,2025-09-18,2025-10-18,37400.0,-0.08944506035192679,-3200.0,-1,-0.028327211064679725,0.0,0.0,0.9340606442988786,0.019232312079493764,0.04670704362162771,-1,0.4482758620689655,0.16091954022988506,0.39080459770114945,-1,-0.0514992014032923,-0.005155220726067153,0.023171990338612572,10.0,10.0,84,8,2025-09-17,1.0,IS7U25,45.0,2025-09-16,2.0,0.02282798210510674,1,NO CALL,past independent N<20
turkey,30,351,2025-09-25,2025-10-25,36300.0,-0.06545721665464367,-2300.0,-1,-0.013627256804059656,0.0,0.0,0.8768920948389078,0.07511186523211777,0.04799603992897446,-1,0.4782608695652174,0.15217391304347827,0.3695652173913043,-1,-0.03528534760597039,0.008030833997851074,0.02165809080191073,10.0,10.0,89,9,2025-09-24,1.0,IS7U25,45.0,2025-09-24,1.0,0.025577596584893225,1,NO CALL,past independent N<20; 80% interval/class does not clear holding hurdle Rs900
turkey,30,363,2025-10-10,2025-11-10,34700.0,-0.011594332780919257,-400.0,-1,-0.003131119587953415,0.0,0.0,0.6314551766186447,0.03089990328116115,0.3376449201001941,-1,0.4782608695652174,0.15217391304347827,0.3695652173913043,-1,-0.03274777102717863,0.026485531851271796,0.029616651439225213,100.0,100.0,89,9,2025-10-09,1.0,IS7V25,21.0,2025-10-08,2.0,0.02159414999128202,1,NO CALL,past independent N<20; 80% interval/class does not clear holding hurdle Rs900
turkey,30,369,2025-10-17,2025-11-17,34200.0,0.025975486403260736,900.0,1,0.0002526145918766501,0.0,-0.0026350476380051138,0.5826825455495068,0.05419666716783847,0.3631207872826547,-1,0.5051546391752577,0.14432989690721648,0.35051546391752575,-1,-0.031540977642497234,0.032046206826250534,0.031793592234373884,100.0,100.0,94,9,2025-10-16,1.0,IS7V25,21.0,2025-10-15,2.0,0.016978392390449876,2,NO CALL,past independent N<20; 80% interval/class does not clear holding hurdle Rs900
turkey,30,372,2025-10-25,2025-11-24,34000.0,0.028987536873252187,1000.0,1,-0.02021995978870566,0.0,-0.002699056969165058,0.6910897753177819,0.03778174633591888,0.27112847834629916,-1,0.5247524752475248,0.13861386138613863,0.33663366336633666,-1,-0.0539260822279431,0.013486162650531784,0.03370612243923744,100.0,100.0,98,10,2025-10-24,1.0,IS7V25,21.0,2025-10-24,1.0,0.01363323683073523,2,NO CALL,past independent N<20; 80% interval/class does not clear holding hurdle Rs900
turkey,30,386,2025-11-11,2025-12-11,34300.0,0.0,0.0,0,-0.014883134845266271,0.0,-0.005076153031860661,0.6257303650400071,0.05736045898481365,0.3169091759751792,-1,0.5384615384615384,0.1346153846153846,0.3269230769230769,-1,-0.0481327253849745,0.018366455694441952,0.033249590539708225,100.0,100.0,101,10,2025-11-10,1.0,IS7X25,15.0,2025-11-10,1.0,0.007991037394161744,2,NO CALL,past independent N<20; 80% interval/class does not clear holding hurdle Rs900
turkey,30,392,2025-11-18,2025-12-18,35200.0,-0.020086758566737344,-700.0,-1,-0.006411241812399823,0.0,-0.002699056969165058,0.47119731651115243,0.0804563836641566,0.44834629982469115,-1,0.5229357798165137,0.12844036697247707,0.3486238532110092,-1,-0.03948200111936455,0.026659517494564907,0.03307075930696473,100.0,100.0,106,11,2025-11-17,1.0,IS7X25,19.0,2025-11-17,1.0,0.004723298502814888,3,NO CALL,past independent N<20; class confidence<0.50; 80% interval/class does not clear holding hurdle Rs900
turkey,30,411,2025-12-10,2026-01-09,34300.0,0.051147511166941,1800.0,1,-0.0006937714625146439,0.0,-0.002667052303585086,0.516579034891723,0.022816354642417366,0.46060461046585977,-1,0.5135135135135135,0.12612612612612611,0.36036036036036034,-1,-0.03028548331260803,0.028897940387578744,0.029591711850093388,10.0,100.0,108,11,2025-12-09,1.0,IS7Z25,27.0,2025-12-09,1.0,0.004934291416513012,3,NO CALL,past independent N<20; 80% interval/class does not clear holding hurdle Rs900
turkey,30,416,2025-12-17,2026-01-16,34500.0,0.07534943724178679,2700.0,1,-0.010726075328312297,0.0,-0.002699056969165058,0.5456844974352093,0.05757780373562611,0.39673769882916454,-1,0.5258620689655172,0.12931034482758622,0.3448275862068966,-1,-0.039996865403645054,0.018544714747020463,0.02927079007533276,10.0,100.0,113,11,2025-12-16,1.0,IS7Z25,42.0,2025-12-16,1.0,0.00430895109662105,3,NO CALL,past independent N<20; 80% interval/class does not clear holding hurdle Rs900
turkey,30,422,2025-12-24,2026-01-23,35400.0,0.03878602503515645,1400.0,1,-0.04562227220614644,0.0,-0.005076153031860661,0.7621367801443898,0.03342539068385991,0.20443782917175032,-1,0.5491803278688525,0.12295081967213115,0.32786885245901637,-1,-0.07403362482808289,-0.017210919584209994,0.028411352621936444,10.0,100.0,119,12,2025-12-23,1.0,IS7Z25,45.0,2025-12-23,1.0,0.0028054484541277097,4,NO CALL,past independent N<20
turkey,30,440,2026-01-15,2026-02-14,36700.0,-0.0054644944720787375,-200.0,-1,-0.043092418683095164,0.0,-0.002699056969165058,0.7155590534236465,0.015245207729698992,0.2691957388466546,-1,0.5275590551181102,0.11811023622047244,0.3543307086614173,-1,-0.0715568443443127,-0.014627993021877624,0.02846442566121754,10.0,100.0,124,12,2026-01-14,1.0,IS7F26,45.0,2026-01-14,1.0,-0.0015970716058972129,4,NO CALL,past independent N<20; past MAE skill<=0
turkey,30,446,2026-01-22,2026-02-23,36500.0,0.005464494472078745,200.0,1,-0.015463778511574341,0.0,-0.002667052303585086,0.6165652696832904,0.06500819057250742,0.31842653974420215,-1,0.5037593984962406,0.11278195488721804,0.38345864661654133,-1,-0.0505308284053707,0.019603271382222016,0.03506704989379636,10.0,100.0,130,13,2026-01-21,1.0,IS7F26,45.0,2026-01-21,1.0,-0.004144268116983915,4,NO CALL,past independent N<20; past MAE skill<=0; 80% interval/class does not clear holding hurdle Rs900
turkey,30,459,2026-02-07,2026-03-09,37300.0,0.0316649146439687,1200.0,1,0.005319719866311426,0.0,-0.0026350476380051138,0.5035708446836273,0.013360761615183613,0.4830683937011889,-1,0.48201438848920863,0.1079136690647482,0.41007194244604317,-1,-0.03348740214139959,0.044126841874022445,0.03880712200771102,100.0,100.0,136,13,2026-02-06,1.0,IS7G26,33.0,2026-02-06,1.0,-0.005014999685798563,5,NO CALL,past independent N<20; past MAE skill<=0; 80% interval/class does not clear holding hurdle Rs900
turkey,30,465,2026-02-14,2026-03-16,36500.0,0.02702867238791942,1000.0,1,0.002459923756583067,0.0,-0.0026350476380051138,0.5475295497639734,0.013729037911373042,0.4387414123246537,-1,0.48201438848920863,0.1079136690647482,0.41007194244604317,-1,-0.03634719825112795,0.04126704576429409,0.03880712200771102,100.0,100.0,136,13,2026-02-13,1.0,IS7G26,36.0,2026-02-10,4.0,-0.004276805432076425,5,NO CALL,past independent N<20; past MAE skill<=0; 80% interval/class does not clear holding hurdle Rs900
turkey,30,471,2026-02-23,2026-03-25,36700.0,0.042673141126075696,1600.0,1,0.010625787003919215,0.0,-0.0026350476380051138,0.49430393077635465,0.022325050271020955,0.4833710189526244,-1,0.503448275862069,0.10344827586206896,0.3931034482758621,-1,-0.0290386516081761,0.05029022561601453,0.039664438612095315,100.0,100.0,142,14,2026-02-20,3.0,IS7G26,36.0,2026-02-21,2.0,-0.0038276901528324636,5,NO CALL,past independent N<20; past MAE skill<=0; class confidence<0.50; 80% interval/class does not clear holding hurdle Rs900
turkey,30,483,2026-03-10,2026-04-09,38800.0,0.05758787487296118,2300.0,1,-0.004251300123261911,0.0,-0.0026350476380051138,0.6190007629931289,0.012512534364595092,0.36848670264227595,-1,0.5,0.10135135135135136,0.39864864864864863,-1,-0.04251426398781108,0.03401166374128725,0.038262963864549165,100.0,100.0,145,14,2026-03-09,1.0,IS7H26,21.0,2026-03-09,1.0,-0.0029243478305354745,6,NO CALL,past independent N<20; past MAE skill<=0; 80% interval/class does not clear holding hurdle Rs900
turkey,30,489,2026-03-17,2026-04-16,38000.0,0.07109592168373026,2800.0,1,-0.0026146426649026164,0.0,-0.0026350476380051138,0.5926112035750912,0.01197711343932502,0.39541168298558377,-1,0.4805194805194805,0.09740259740259741,0.42207792207792205,-1,-0.03959886869150459,0.03436958336169935,0.03698422602660197,100.0,100.0,151,14,2026-03-16,1.0,IS7H26,38.0,2026-03-16,1.0,-0.0030024038477546797,6,NO CALL,past independent N<20; past MAE skill<=0; 80% interval/class does not clear holding hurdle Rs900
turkey,30,495,2026-03-25,2026-04-24,38300.0,0.06812217051770751,2700.0,1,0.00785930689251659,0.0,-0.0026350476380051138,0.4930466377313722,0.012068159197862433,0.4948852030707653,1,0.46540880503144655,0.09433962264150944,0.44025157232704404,-1,-0.02986540852866118,0.045584022313694364,0.03772471542117777,100.0,100.0,156,15,2026-03-24,1.0,IS7H26,38.0,2026-03-24,1.0,-0.002980861559818457,6,NO CALL,past independent N<20; past MAE skill<=0; class confidence<0.50; 80% interval/class does not clear holding hurdle Rs900
turkey,30,512,2026-04-14,2026-05-14,41500.0,-0.07244115076586749,-2900.0,-1,0.001633284052534335,0.0,-0.0013175238190025569,0.5566744914612813,0.10703880266324134,0.3362867058754773,-1,0.4484848484848485,0.09090909090909091,0.46060606060606063,1,-0.03965037607259916,0.04291694417766783,0.041283660125133494,100.0,100.0,162,15,2026-04-13,1.0,IS7J26,31.0,2026-04-13,1.0,-0.002410326378116605,7,NO CALL,past independent N<20; past MAE skill<=0; 80% interval/class does not clear holding hurdle Rs900
turkey,30,518,2026-04-21,2026-05-22,40700.0,-0.055569851154810765,-2200.0,-1,-0.0029735971745871925,0.0,0.008572060782907166,0.6370861868550257,0.010859882099683495,0.3520539310452907,-1,0.4327485380116959,0.08771929824561403,0.47953216374269003,1,-0.04821883812388972,0.04227164377471533,0.045245240949302525,100.0,100.0,168,16,2026-04-20,1.0,IS7J26,28.0,2026-04-20,1.0,-0.0023714742618375015,7,NO CALL,past independent N<20; past MAE skill<=0; 80% interval/class does not clear holding hurdle Rs900
turkey,30,536,2026-05-12,2026-06-15,39400.0,-0.028315920117287854,-1100.0,-1,0.015945909083815237,0.0,0.01513086502285475,0.4746623007767806,0.14780208526611507,0.3775356139571044,-1,0.4228571428571429,0.08571428571428572,0.49142857142857144,1,-0.03016971820682166,0.062061536374452136,0.046115627290636896,100.0,10.0,172,16,2026-05-11,1.0,IS7K26,19.0,2026-05-09,3.0,-0.0021169470505791807,7,NO CALL,past independent N<20; past MAE skill<=0; class confidence<0.50; 80% interval/class does not clear holding hurdle Rs900
turkey,30,542,2026-05-19,2026-06-18,38800.0,-0.028760152175262687,-1100.0,-1,0.0008408143964797965,0.0,0.01513086502285475,0.6510773513734616,0.00938650859416528,0.3395361400323732,-1,0.4388888888888889,0.08333333333333333,0.4777777777777778,1,-0.045695475650146276,0.04737710444310587,0.04653629004662607,100.0,10.0,177,17,2026-05-18,1.0,IS7K26,19.0,2026-05-18,1.0,-0.002745536233908094,8,NO CALL,past independent N<20; past MAE skill<=0; 80% interval/class does not clear holding hurdle Rs900
turkey,30,547,2026-05-26,2026-06-25,38500.0,-0.04788148623321397,-1800.0,-1,-0.00985074190942262,0.0,0.01513086502285475,0.7166930829848407,0.009251426430751717,0.2740554905844077,-1,0.45698924731182794,0.08064516129032258,0.46236559139784944,1,-0.056241450474021765,0.03653996665517653,0.04639070856459915,100.0,10.0,183,17,2026-05-22,4.0,IS7K26,16.0,2026-05-25,1.0,-0.0026627222409764256,8,NO CALL,past independent N<20; past MAE skill<=0; 80% interval/class does not clear holding hurdle Rs900
turkey,30,557,2026-06-15,2026-07-15,38300.0,-0.010498784098219695,-400.0,-1,0.020336109141990896,0.0,0.01513086502285475,0.3695280580253747,0.029761607356609345,0.600710334618016,1,0.45989304812834225,0.08021390374331551,0.45989304812834225,-1,-0.025850632055617787,0.06652285033959958,0.04618674119760868,100.0,100.0,184,17,2026-06-12,3.0,IS7M26,19.0,2026-06-13,2.0,-0.002141327901376465,8,NO CALL,past independent N<20; past MAE skill<=0; 80% interval/class does not clear holding hurdle Rs900
turkey,30,566,2026-06-25,2026-07-25,36700.0,0.047881486233214005,1800.0,1,0.0036780955253864246,0.0,-0.0013175238190025569,0.547822180030376,0.07879631745292179,0.3733815025167023,-1,0.4898989898989899,0.07575757575757576,0.43434343434343436,-1,-0.04196574187176169,0.049321932922534534,0.04564383739714811,100.0,100.0,195,18,2026-06-24,1.0,IS7M26,19.0,2026-06-22,3.0,-0.0028691191510010275,9,NO CALL,past independent N<20; past MAE skill<=0; 80% interval/class does not clear holding hurdle Rs900
turkey,30,567,2026-06-26,2026-07-27,36600.0,0.05061000088641792,1900.0,1,0.0014280239894739642,0.0,-0.0026350476380051138,0.5806008568449716,0.06362372787327816,0.3557754152817503,-1,0.49246231155778897,0.07537688442211055,0.4321608040201005,-1,-0.04391709372638746,0.046773141705335385,0.04534511771586142,100.0,100.0,196,18,2026-06-25,1.0,IS7M26,19.0,2026-06-25,1.0,-0.002617303201909213,9,NO CALL,past independent N<20; past MAE skill<=0; 80% interval/class does not clear holding hurdle Rs900
combined,30,340,2025-09-10,2025-10-10,38300.0,-0.09871020923378683,-3600.0,-1,-0.020379056578599297,0.0,0.0,0.7239936498083442,0.021458608366024753,0.25454774182563106,-1,0.44047619047619047,0.16666666666666666,0.39285714285714285,-1,-0.04024507375067744,-0.0005130394065211465,0.01986601717207815,10.0,10.0,81,8,2025-09-09,1.0,IS7U25,37.0,2025-09-09,1.0,,0,NO CALL,past independent N<20; past MAE skill<=0; 80% interval/class does not clear holding hurdle Rs900
combined,30,346,2025-09-18,2025-10-18,37400.0,-0.08944506035192679,-3200.0,-1,-0.023989942608202072,0.0,0.0,0.874730531088762,0.018771054620179042,0.10649841429105907,-1,0.4482758620689655,0.16091954022988506,0.39080459770114945,-1,-0.0440267358388014,-0.00395314937760274,0.020036793230599332,10.0,10.0,84,8,2025-09-17,1.0,IS7U25,45.0,2025-09-16,2.0,0.0203790565785993,1,NO CALL,past independent N<20
combined,30,351,2025-09-25,2025-10-25,36300.0,-0.06545721665464367,-2300.0,-1,-0.0023683722170469426,0.0,0.0,0.6722538553422556,0.019207422371363556,0.3085387222863808,-1,0.4782608695652174,0.15217391304347827,0.3695652173913043,-1,-0.022200295080940357,0.01746355064684647,0.019831922863893413,10.0,10.0,89,9,2025-09-24,1.0,IS7U25,45.0,2025-09-24,1.0,0.022184499593400686,1,NO CALL,past independent N<20; 80% interval/class does not clear holding hurdle Rs900
combined,30,363,2025-10-10,2025-11-10,34700.0,-0.011594332780919257,-400.0,-1,-0.00621489735036889,0.0,0.0,0.6132497086822241,0.06009193988863199,0.326658351429144,-1,0.4782608695652174,0.15217391304347827,0.3695652173913043,-1,-0.02525243526597411,0.01282264056523633,0.01903753791560522,1.0,100.0,89,9,2025-10-09,1.0,IS7V25,21.0,2025-10-08,2.0,0.015579123801282763,1,NO CALL,past independent N<20; 80% interval/class does not clear holding hurdle Rs900
combined,30,369,2025-10-17,2025-11-17,34200.0,0.025975486403260736,900.0,1,-0.016745315314427276,0.0,-0.0026350476380051138,0.612201336246642,0.062067038362482285,0.3257316253908756,-1,0.5051546391752577,0.14432989690721648,0.35051546391752575,-1,-0.03966922616652001,0.006178595537665459,0.022923910852092735,1.0,100.0,94,9,2025-10-16,1.0,IS7V25,21.0,2025-10-15,2.0,0.013238067188554303,2,NO CALL,past independent N<20; 80% interval/class does not clear holding hurdle Rs900
combined,30,372,2025-10-25,2025-11-24,34000.0,0.028987536873252187,1000.0,1,-0.060055111996266876,0.0,-0.002699056969165058,0.738575103953169,0.06924149925518261,0.19218339679164828,-1,0.5247524752475248,0.13861386138613863,0.33663366336633666,-1,-0.08378682014007816,-0.036323403852455596,0.02373170814381128,1.0,100.0,98,10,2025-10-24,1.0,IS7V25,21.0,2025-10-24,1.0,0.0072413906879579895,2,NO CALL,past independent N<20
combined,30,386,2025-11-11,2025-12-11,34300.0,0.0,0.0,0,-0.014218507440727095,0.0,-0.005076153031860661,0.6443430334389764,0.09206901239741098,0.2635879541636126,-1,0.5384615384615384,0.1346153846153846,0.3269230769230769,-1,-0.04802501810700509,0.0195880032255509,0.033806510666277996,100.0,100.0,101,10,2025-11-10,1.0,IS7X25,15.0,2025-11-10,1.0,-0.003974693092746159,2,NO CALL,past independent N<20; past MAE skill<=0; 80% interval/class does not clear holding hurdle Rs900
combined,30,392,2025-11-18,2025-12-18,35200.0,-0.020086758566737344,-700.0,-1,-0.002185515773046913,0.0,-0.002699056969165058,0.45054372706520174,0.1201033488730889,0.42935292406170944,-1,0.5229357798165137,0.12844036697247707,0.3486238532110092,-1,-0.03800823765728136,0.03363720611118754,0.03582272188423445,100.0,100.0,106,11,2025-11-17,1.0,IS7X25,19.0,2025-11-17,1.0,-0.005438095142457723,3,NO CALL,past independent N<20; past MAE skill<=0; class confidence<0.50; 80% interval/class does not clear holding hurdle Rs900
combined,30,411,2025-12-10,2026-01-09,34300.0,0.051147511166941,1800.0,1,0.009090542410176615,0.0,-0.002667052303585086,0.379877724939922,0.030307936116517407,0.5898143389435607,1,0.5135135135135135,0.12612612612612611,0.36036036036036034,-1,-0.025184987126584256,0.043366071946937486,0.03427552953676087,100.0,100.0,108,11,2025-12-09,1.0,IS7Z25,27.0,2025-12-09,1.0,-0.004485143778019639,3,NO CALL,past independent N<20; past MAE skill<=0; 80% interval/class does not clear holding hurdle Rs900
combined,30,416,2025-12-17,2026-01-16,34500.0,0.07534943724178679,2700.0,1,0.0038004601986390964,0.0,-0.002699056969165058,0.44296036427142826,0.07684338049182071,0.4801962552367511,1,0.5258620689655172,0.12931034482758622,0.3448275862068966,-1,-0.030266345420684078,0.03786726581796227,0.034066805619323175,100.0,100.0,113,11,2025-12-16,1.0,IS7Z25,42.0,2025-12-16,1.0,-0.0029767342015533937,3,NO CALL,past independent N<20; past MAE skill<=0; class confidence<0.50; 80% interval/class does not clear holding hurdle Rs900
combined,30,422,2025-12-24,2026-01-23,35400.0,0.03878602503515645,1400.0,1,-0.013141516078951072,0.0,-0.005076153031860661,0.6697034581677681,0.0409616006762996,0.28933494115593233,-1,0.5491803278688525,0.12295081967213115,0.32786885245901637,-1,-0.04766254284453135,0.021379510686629202,0.034521026765580276,100.0,100.0,119,12,2025-12-23,1.0,IS7Z25,45.0,2025-12-23,1.0,-0.0022990147615341433,4,NO CALL,past independent N<20; past MAE skill<=0; 80% interval/class does not clear holding hurdle Rs900
combined,30,440,2026-01-15,2026-02-14,36700.0,-0.0054644944720787375,-200.0,-1,-0.005681943283154421,0.0,-0.002699056969165058,0.5390105881949638,0.01456172196451851,0.44642768984051767,-1,0.5275590551181102,0.11811023622047244,0.3543307086614173,-1,-0.03972295591764948,0.02835906935134064,0.03404101263449506,100.0,100.0,124,12,2026-01-14,1.0,IS7F26,45.0,2026-01-14,1.0,-0.0032846966994811364,4,NO CALL,past independent N<20; past MAE skill<=0; 80% interval/class does not clear holding hurdle Rs900
combined,30,446,2026-01-22,2026-02-23,36500.0,0.005464494472078745,200.0,1,0.011384758929985389,0.0,-0.002667052303585086,0.45267933710300523,0.03264024815668203,0.5146804147403128,1,0.5037593984962406,0.11278195488721804,0.38345864661654133,-1,-0.021887779052067534,0.04465729691203831,0.03327253798205292,100.0,100.0,130,13,2026-01-21,1.0,IS7F26,45.0,2026-01-21,1.0,-0.0025737181694407835,4,NO CALL,past independent N<20; past MAE skill<=0; 80% interval/class does not clear holding hurdle Rs900
combined,30,459,2026-02-07,2026-03-09,37300.0,0.0316649146439687,1200.0,1,0.008628594691329,0.0,-0.0026350476380051138,0.4352671934101439,0.013000649394302987,0.551732157195553,1,0.48201438848920863,0.1079136690647482,0.41007194244604317,-1,-0.02544985481161981,0.042707044194277816,0.03407844950294881,100.0,100.0,136,13,2026-02-06,1.0,IS7G26,33.0,2026-02-06,1.0,-0.002410799078393637,5,NO CALL,past independent N<20; past MAE skill<=0; 80% interval/class does not clear holding hurdle Rs900
combined,30,465,2026-02-14,2026-03-16,36500.0,0.02702867238791942,1000.0,1,0.016160916242501655,0.0,-0.0026350476380051138,0.37706841688366893,0.01320797526786207,0.6097236078484691,1,0.48201438848920863,0.1079136690647482,0.41007194244604317,-1,-0.017917533260447156,0.050239365745450466,0.03407844950294881,100.0,100.0,136,13,2026-02-13,1.0,IS7G26,36.0,2026-02-10,4.0,-0.001622270951984875,5,NO CALL,past independent N<20; past MAE skill<=0; 80% interval/class does not clear holding hurdle Rs900
combined,30,471,2026-02-23,2026-03-25,36700.0,0.042673141126075696,1600.0,1,0.009136157248587125,0.0,-0.0026350476380051138,0.44819648970614734,0.012963541847532456,0.5388399684463202,1,0.503448275862069,0.10344827586206896,0.3931034482758621,-1,-0.025359584220824866,0.04363189871799912,0.03449574146941199,100.0,100.0,142,14,2026-02-20,3.0,IS7G26,36.0,2026-02-21,2.0,-0.0004367251390191146,5,NO CALL,past independent N<20; past MAE skill<=0; 80% interval/class does not clear holding hurdle Rs900
combined,30,483,2026-03-10,2026-04-09,38800.0,0.05758787487296118,2300.0,1,-0.00574667023244181,0.0,-0.0026350476380051138,0.5443877436753124,0.011744088571917163,0.44386816775277044,-1,0.5,0.10135135135135136,0.39864864864864863,-1,-0.04076299351219563,0.029269653047312008,0.03501632327975382,100.0,100.0,145,14,2026-03-09,1.0,IS7H26,21.0,2026-03-09,1.0,0.0001615800102062817,6,NO CALL,past independent N<20; 80% interval/class does not clear holding hurdle Rs900
combined,30,489,2026-03-17,2026-04-16,38000.0,0.07109592168373026,2800.0,1,0.005695953447073662,0.0,-0.0026350476380051138,0.43520500618910785,0.011229077547760095,0.553565916263132,1,0.4805194805194805,0.09740259740259741,0.42207792207792205,-1,-0.029530902074318983,0.040922808968466305,0.035226855521392646,100.0,100.0,151,14,2026-03-16,1.0,IS7H26,38.0,2026-03-16,1.0,-0.00018596412171420496,6,NO CALL,past independent N<20; past MAE skill<=0; 80% interval/class does not clear holding hurdle Rs900
combined,30,495,2026-03-25,2026-04-24,38300.0,0.06812217051770751,2700.0,1,0.012874655138523356,0.0,-0.0026350476380051138,0.35294365159247904,0.011228092336463115,0.6358282560710579,1,0.46540880503144655,0.09433962264150944,0.44025157232704404,-1,-0.022682934517078597,0.04843224479412531,0.035557589655601955,100.0,100.0,156,15,2026-03-24,1.0,IS7H26,38.0,2026-03-24,1.0,0.00014080907655178443,6,NO CALL,past independent N<20; 80% interval/class does not clear holding hurdle Rs900
combined,30,512,2026-04-14,2026-05-14,41500.0,-0.07244115076586749,-2900.0,-1,-0.0014006972252262953,0.0,-0.0013175238190025569,0.4904730345974052,0.016960165619523737,0.492566799783071,1,0.4484848484848485,0.09090909090909091,0.46060606060606063,1,-0.03899974161247959,0.036198347162027,0.0375990443872533,100.0,100.0,162,15,2026-04-13,1.0,IS7J26,31.0,2026-04-13,1.0,0.0008110115008660851,7,NO CALL,past independent N<20; class confidence<0.50; 80% interval/class does not clear holding hurdle Rs900
combined,30,518,2026-04-21,2026-05-22,40700.0,-0.055569851154810765,-2200.0,-1,-0.02775888549468903,0.0,0.008572060782907166,0.7917833159312436,0.010632053797194453,0.1975846302715619,-1,0.4327485380116959,0.08771929824561403,0.47953216374269003,1,-0.06697130620313635,0.011453535213758283,0.03921242070844731,100.0,100.0,168,16,2026-04-20,1.0,IS7J26,28.0,2026-04-20,1.0,0.000840495787084089,7,NO CALL,past independent N<20; 80% interval/class does not clear holding hurdle Rs900
combined,30,536,2026-05-12,2026-06-15,39400.0,-0.028315920117287854,-1100.0,-1,-0.008627195850527684,0.0,0.01513086502285475,0.7452864526815205,0.1998899688020383,0.05482357851644129,-1,0.4228571428571429,0.08571428571428572,0.49142857142857144,1,-0.047368749777176894,0.030114358076121523,0.03874155392664921,100.0,10.0,172,16,2026-05-11,1.0,IS7K26,19.0,2026-05-09,3.0,0.0021223238683986123,7,NO CALL,past independent N<20; 80% interval/class does not clear holding hurdle Rs900
combined,30,542,2026-05-19,2026-06-18,38800.0,-0.028760152175262687,-1100.0,-1,-0.0268346098059168,0.0,0.01513086502285475,0.9400954660497355,0.008896712962910565,0.05100782098735391,-1,0.4388888888888889,0.08333333333333333,0.4777777777777778,1,-0.06662922731242552,0.01296000770059192,0.03979461750650872,100.0,10.0,177,17,2026-05-18,1.0,IS7K26,19.0,2026-05-18,1.0,0.0024179998675862985,8,NO CALL,past independent N<20; 80% interval/class does not clear holding hurdle Rs900
combined,30,547,2026-05-26,2026-06-25,38500.0,-0.04788148623321397,-1800.0,-1,-0.038010209406856024,0.0,0.01513086502285475,0.94153328782855,0.008683175074967818,0.04978353709648216,-1,0.45698924731182794,0.08064516129032258,0.46236559139784944,1,-0.07692860921346108,0.0009081903997490287,0.03891839980660505,100.0,10.0,183,17,2026-05-22,4.0,IS7K26,16.0,2026-05-25,1.0,0.0034795916040354577,8,NO CALL,past independent N<20; 80% interval/class does not clear holding hurdle Rs900
combined,30,557,2026-06-15,2026-07-15,38300.0,-0.010498784098219695,-400.0,-1,-0.0028335092212445727,0.0,0.01513086502285475,0.5702815337765852,0.052629330161924476,0.37708913606149036,-1,0.45989304812834225,0.08021390374331551,0.45989304812834225,-1,-0.04150137282003319,0.03583435437754405,0.03866786359878862,100.0,100.0,184,17,2026-06-12,3.0,IS7M26,19.0,2026-06-13,2.0,0.004918367345819637,8,NO CALL,past independent N<20; 80% interval/class does not clear holding hurdle Rs900
combined,30,566,2026-06-25,2026-07-25,36700.0,0.047881486233214005,1800.0,1,-0.006290597827726817,0.0,-0.0013175238190025569,0.6356598623020542,0.09064745868649646,0.27369267901144934,-1,0.4898989898989899,0.07575757575757576,0.43434343434343436,-1,-0.045149952403535414,0.032568756748081774,0.038859354575808594,100.0,100.0,195,18,2026-06-24,1.0,IS7M26,19.0,2026-06-22,3.0,0.004834973020836644,9,NO CALL,past independent N<20; 80% interval/class does not clear holding hurdle Rs900
combined,30,567,2026-06-26,2026-07-27,36600.0,0.05061000088641792,1900.0,1,-0.009782276318227924,0.0,-0.0026350476380051138,0.683640744290862,0.0784325109031647,0.23792674480597337,-1,0.49246231155778897,0.07537688442211055,0.4321608040201005,-1,-0.04853307226339298,0.028968519626937132,0.038750795945165055,100.0,100.0,196,18,2026-06-25,1.0,IS7M26,19.0,2026-06-25,1.0,0.00440706644973804,9,NO CALL,past independent N<20; 80% interval/class does not clear holding hurdle Rs900
nonlinear,30,340,2025-09-10,2025-10-10,38300.0,-0.09871020923378683,-3600.0,-1,-0.012595743660755346,0.0,0.0,0.6250019332406951,0.07087041564280454,0.3041276511165005,-1,0.44047619047619047,0.16666666666666666,0.39285714285714285,-1,-0.029438509576044068,0.004247022254533377,0.016842765915288722,10.0,10.0,81,8,2025-09-09,1.0,IS7U25,37.0,2025-09-09,1.0,,0,NO CALL,past independent N<20; past MAE skill<=0; 80% interval/class does not clear holding hurdle Rs900
nonlinear,30,346,2025-09-18,2025-10-18,37400.0,-0.08944506035192679,-3200.0,-1,-0.005886442782419112,0.0,0.0,0.7376848606632314,0.020940279021534988,0.24137486031523367,-1,0.4482758620689655,0.16091954022988506,0.39080459770114945,-1,-0.02251563033316538,0.010742744768327157,0.016629187550746268,10.0,10.0,84,8,2025-09-17,1.0,IS7U25,45.0,2025-09-16,2.0,0.012595743660755346,1,NO CALL,past independent N<20; 80% interval/class does not clear holding hurdle Rs900
nonlinear,30,351,2025-09-25,2025-10-25,36300.0,-0.06545721665464367,-2300.0,-1,0.002054244923650898,0.0,0.0,0.6171125821096894,0.019364535330567412,0.36352288255974297,-1,0.4782608695652174,0.15217391304347827,0.3695652173913043,-1,-0.015493503714582798,0.019601993561884596,0.017547748638233697,10.0,10.0,89,9,2025-09-24,1.0,IS7U25,45.0,2025-09-24,1.0,0.009241093221587227,1,NO CALL,past independent N<20; 80% interval/class does not clear holding hurdle Rs900
nonlinear,30,363,2025-10-10,2025-11-10,34700.0,-0.011594332780919257,-400.0,-1,-0.011005643885739809,0.0,0.0,0.6173254406769688,0.05648357867917978,0.32619098064385144,-1,0.4782608695652174,0.15217391304347827,0.3695652173913043,-1,-0.027140800579668126,0.005129512808188507,0.016135156693928315,1.0,100.0,89,9,2025-10-09,1.0,IS7V25,21.0,2025-10-08,2.0,0.005475980506507841,1,NO CALL,past independent N<20; 80% interval/class does not clear holding hurdle Rs900
nonlinear,30,369,2025-10-17,2025-11-17,34200.0,0.025975486403260736,900.0,1,-0.01845427978523193,0.0,-0.0026350476380051138,0.6306817268470949,0.03611896520233632,0.3331993079505687,-1,0.5051546391752577,0.14432989690721648,0.35051546391752575,-1,-0.039149145299529474,0.0022405857290656167,0.020694865514297545,1.0,100.0,94,9,2025-10-16,1.0,IS7V25,21.0,2025-10-15,2.0,0.00685839635131584,2,NO CALL,past independent N<20; 80% interval/class does not clear holding hurdle Rs900
nonlinear,30,372,2025-10-25,2025-11-24,34000.0,0.028987536873252187,1000.0,1,-0.055753975041338374,0.0,-0.002699056969165058,0.7494606720430822,0.05299833181213348,0.1975409961447843,-1,0.5247524752475248,0.13861386138613863,0.33663366336633666,-1,-0.07799628606878578,-0.033511664013890975,0.0222423110274474,1.0,100.0,98,10,2025-10-24,1.0,IS7V25,21.0,2025-10-24,1.0,0.001795861124006294,2,NO CALL,past independent N<20
nonlinear,30,386,2025-11-11,2025-12-11,34300.0,0.0,0.0,0,-0.016060965812605264,0.0,-0.005076153031860661,0.6364163125807364,0.10342642914833608,0.2601572582709275,-1,0.5384615384615384,0.1346153846153846,0.3269230769230769,-1,-0.0474263245068073,0.015304392881596775,0.03136535869420204,100.0,100.0,101,10,2025-11-10,1.0,IS7X25,15.0,2025-11-10,1.0,-0.0077957782368844875,2,NO CALL,past independent N<20; past MAE skill<=0; 80% interval/class does not clear holding hurdle Rs900
nonlinear,30,392,2025-11-18,2025-12-18,35200.0,-0.020086758566737344,-700.0,-1,-0.00792827980322823,0.0,-0.002699056969165058,0.44061623134455935,0.1525945283730234,0.4067892402824173,-1,0.5229357798165137,0.12844036697247707,0.3486238532110092,-1,-0.03970265498477944,0.023846095378322982,0.03177437518155121,100.0,100.0,106,11,2025-11-17,1.0,IS7X25,19.0,2025-11-17,1.0,-0.008976519319130308,3,NO CALL,past independent N<20; past MAE skill<=0; class confidence<0.50; 80% interval/class does not clear holding hurdle Rs900
nonlinear,30,411,2025-12-10,2026-01-09,34300.0,0.051147511166941,1800.0,1,0.0019452612874727758,0.0,-0.002667052303585086,0.36072686890728783,0.08466177836043853,0.5546113527322737,1,0.5135135135135135,0.12612612612612611,0.36036036036036034,-1,-0.029274832755413687,0.03316535533035924,0.031220094042886462,100.0,100.0,108,11,2025-12-09,1.0,IS7Z25,27.0,2025-12-09,1.0,-0.0068634194288354905,3,NO CALL,past independent N<20; past MAE skill<=0; 80% interval/class does not clear holding hurdle Rs900
nonlinear,30,416,2025-12-17,2026-01-16,34500.0,0.07534943724178679,2700.0,1,-0.004884949833726969,0.0,-0.002699056969165058,0.4341002757468109,0.1362330391440417,0.4296666851091474,-1,0.5258620689655172,0.12931034482758622,0.3448275862068966,-1,-0.03610074497841319,0.02633084531095925,0.03121579514468622,100.0,100.0,113,11,2025-12-16,1.0,IS7Z25,42.0,2025-12-16,1.0,-0.005884677127023459,3,NO CALL,past independent N<20; past MAE skill<=0; class confidence<0.50; 80% interval/class does not clear holding hurdle Rs900
nonlinear,30,422,2025-12-24,2026-01-23,35400.0,0.03878602503515645,1400.0,1,-0.0165374579790219,0.0,-0.005076153031860661,0.6716099680384647,0.06121840654095507,0.2671716254205802,-1,0.5491803278688525,0.12295081967213115,0.32786885245901637,-1,-0.04748121568840636,0.01440629973036256,0.03094375770938446,100.0,100.0,119,12,2025-12-23,1.0,IS7Z25,45.0,2025-12-23,1.0,-0.005784704397693817,4,NO CALL,past independent N<20; past MAE skill<=0; 80% interval/class does not clear holding hurdle Rs900
nonlinear,30,440,2026-01-15,2026-02-14,36700.0,-0.0054644944720787375,-200.0,-1,-0.01669618253469118,0.0,-0.002699056969165058,0.5722093951161131,0.015352710198291267,0.41243789468559555,-1,0.5275590551181102,0.11811023622047244,0.3543307086614173,-1,-0.04747566576162243,0.014083300692240074,0.030779483226931255,100.0,100.0,124,12,2026-01-14,1.0,IS7F26,45.0,2026-01-14,1.0,-0.006762227450541822,4,NO CALL,past independent N<20; past MAE skill<=0; 80% interval/class does not clear holding hurdle Rs900
nonlinear,30,446,2026-01-22,2026-02-23,36500.0,0.005464494472078745,200.0,1,0.0065417596003494154,0.0,-0.002667052303585086,0.43989777650182865,0.06779829370533975,0.4923039297928316,1,0.5037593984962406,0.11278195488721804,0.38345864661654133,-1,-0.02581021034728531,0.038893729547984146,0.03235196994763473,100.0,100.0,130,13,2026-01-21,1.0,IS7F26,45.0,2026-01-21,1.0,-0.006679307962207809,4,NO CALL,past independent N<20; past MAE skill<=0; class confidence<0.50; 80% interval/class does not clear holding hurdle Rs900
nonlinear,30,459,2026-02-07,2026-03-09,37300.0,0.0316649146439687,1200.0,1,0.009648209611431632,0.0,-0.0026350476380051138,0.43871940010759014,0.012897436447799514,0.5483831634446104,1,0.48201438848920863,0.1079136690647482,0.41007194244604317,-1,-0.023692898131002962,0.04298931735386623,0.033341107742434595,100.0,100.0,136,13,2026-02-06,1.0,IS7G26,33.0,2026-02-06,1.0,-0.005828035861745046,5,NO CALL,past independent N<20; past MAE skill<=0; 80% interval/class does not clear holding hurdle Rs900
nonlinear,30,465,2026-02-14,2026-03-16,36500.0,0.02702867238791942,1000.0,1,0.01606686011146389,0.0,-0.0026350476380051138,0.3805659845356856,0.013149409175995698,0.6062846062883186,1,0.48201438848920863,0.1079136690647482,0.41007194244604317,-1,-0.017274247630970706,0.049407967853898484,0.033341107742434595,100.0,100.0,136,13,2026-02-13,1.0,IS7G26,36.0,2026-02-10,4.0,-0.004722589756518139,5,NO CALL,past independent N<20; past MAE skill<=0; 80% interval/class does not clear holding hurdle Rs900
nonlinear,30,471,2026-02-23,2026-03-25,36700.0,0.042673141126075696,1600.0,1,0.012253735108369516,0.0,-0.0026350476380051138,0.43012398692118364,0.012786613434884145,0.5570893996439323,1,0.503448275862069,0.10344827586206896,0.3931034482758621,-1,-0.019225558743080656,0.04373302895981969,0.03147929385145017,100.0,100.0,142,14,2026-02-20,3.0,IS7G26,36.0,2026-02-21,2.0,-0.0033366264319860117,5,NO CALL,past independent N<20; past MAE skill<=0; 80% interval/class does not clear holding hurdle Rs900
nonlinear,30,483,2026-03-10,2026-04-09,38800.0,0.05758787487296118,2300.0,1,0.00330267021432298,0.0,-0.0026350476380051138,0.4840179596547645,0.011485619529904092,0.5044964208153313,1,0.5,0.10135135135135136,0.39864864864864863,-1,-0.02877756200014189,0.035382902428787846,0.03208023221446487,100.0,100.0,145,14,2026-03-09,1.0,IS7H26,21.0,2026-03-09,1.0,-0.0023622288357137908,6,NO CALL,past independent N<20; past MAE skill<=0; 80% interval/class does not clear holding hurdle Rs900
nonlinear,30,489,2026-03-17,2026-04-16,38000.0,0.07109592168373026,2800.0,1,0.012152127620370061,0.0,-0.0026350476380051138,0.3894519395633214,0.011058693055902392,0.5994893673807762,1,0.4805194805194805,0.09740259740259741,0.42207792207792205,-1,-0.019695972507012403,0.04400022774775252,0.03184810012738246,100.0,100.0,151,14,2026-03-16,1.0,IS7H26,38.0,2026-03-16,1.0,-0.002028999479829277,6,NO CALL,past independent N<20; past MAE skill<=0; 80% interval/class does not clear holding hurdle Rs900
nonlinear,30,495,2026-03-25,2026-04-24,38300.0,0.06812217051770751,2700.0,1,0.01551337672074252,0.0,-0.0026350476380051138,0.3353688115082699,0.011154046497466178,0.653477141994264,1,0.46540880503144655,0.09433962264150944,0.44025157232704404,-1,-0.017065563872267996,0.04809231731375303,0.032578940593010516,100.0,100.0,156,15,2026-03-24,1.0,IS7H26,38.0,2026-03-24,1.0,-0.0012411590853737553,6,NO CALL,past independent N<20; past MAE skill<=0; 80% interval/class does not clear holding hurdle Rs900
nonlinear,30,512,2026-04-14,2026-05-14,41500.0,-0.07244115076586749,-2900.0,-1,0.006801834114150849,0.0,-0.0013175238190025569,0.4179793080722648,0.011849794252583121,0.5701708976751522,1,0.4484848484848485,0.09090909090909091,0.46060606060606063,1,-0.029946660746422306,0.043550328974724,0.036748494860573154,100.0,100.0,162,15,2026-04-13,1.0,IS7J26,31.0,2026-04-13,1.0,-0.00035934141136763353,7,NO CALL,past independent N<20; past MAE skill<=0; 80% interval/class does not clear holding hurdle Rs900
nonlinear,30,518,2026-04-21,2026-05-22,40700.0,-0.055569851154810765,-2200.0,-1,-0.028538682736848082,0.0,0.008572060782907166,0.7946096608365465,0.010667850108893064,0.19472248905456033,-1,0.4327485380116959,0.08771929824561403,0.47953216374269003,1,-0.06445629811631316,0.0073789326426170025,0.035917615379465084,100.0,100.0,168,16,2026-04-20,1.0,IS7J26,28.0,2026-04-20,1.0,-0.000681466046506804,7,NO CALL,past independent N<20; past MAE skill<=0; 80% interval/class does not clear holding hurdle Rs900
nonlinear,30,536,2026-05-12,2026-06-15,39400.0,-0.028315920117287854,-1100.0,-1,-0.003269223121699364,0.0,0.01513086502285475,0.6199825805565281,0.10354832919139965,0.2764690902520722,-1,0.4228571428571429,0.08571428571428572,0.49142857142857144,1,-0.04008545631484457,0.03354701007144585,0.03681623319314521,100.0,100.0,172,16,2026-05-11,1.0,IS7K26,19.0,2026-05-09,3.0,0.0007099696098434305,7,NO CALL,past independent N<20; 80% interval/class does not clear holding hurdle Rs900
nonlinear,30,542,2026-05-19,2026-06-18,38800.0,-0.028760152175262687,-1100.0,-1,-0.02950242598728507,0.0,0.01513086502285475,0.8470324889044537,0.010353753520321595,0.1426137575752247,-1,0.4388888888888889,0.08333333333333333,0.4777777777777778,1,-0.06886973940925202,0.00986488743468188,0.03936731342196695,100.0,100.0,177,17,2026-05-18,1.0,IS7K26,19.0,2026-05-18,1.0,0.0008262993149277878,8,NO CALL,past independent N<20; 80% interval/class does not clear holding hurdle Rs900
nonlinear,30,547,2026-05-26,2026-06-25,38500.0,-0.04788148623321397,-1800.0,-1,-0.0371229047385395,0.0,0.01513086502285475,0.8725393659929578,0.01014280713358832,0.11731782687345374,-1,0.45698924731182794,0.08064516129032258,0.46236559139784944,1,-0.07514354925068259,0.0008977397736035855,0.038020644512143084,100.0,100.0,183,17,2026-05-22,4.0,IS7K26,16.0,2026-05-25,1.0,0.0020085418822457304,8,NO CALL,past independent N<20; 80% interval/class does not clear holding hurdle Rs900
nonlinear,30,557,2026-06-15,2026-07-15,38300.0,-0.010498784098219695,-400.0,-1,0.0038496262131023223,0.0,0.01513086502285475,0.5299632303281142,0.044892541427360516,0.4251442282445253,-1,0.45989304812834225,0.08021390374331551,0.45989304812834225,-1,-0.0341621103665888,0.04186136279279345,0.038011736579691126,100.0,100.0,184,17,2026-06-12,3.0,IS7M26,19.0,2026-06-13,2.0,0.003471640334591304,8,NO CALL,past independent N<20; 80% interval/class does not clear holding hurdle Rs900
nonlinear,30,566,2026-06-25,2026-07-25,36700.0,0.047881486233214005,1800.0,1,-0.012025520044849507,0.0,-0.0013175238190025569,0.6748121531712332,0.09450512234895012,0.2306827244798166,-1,0.4898989898989899,0.07575757575757576,0.43434343434343436,-1,-0.050718714886880636,0.026667674797181625,0.03869319484203113,100.0,100.0,195,18,2026-06-24,1.0,IS7M26,19.0,2026-06-22,3.0,0.00317878967268357,9,NO CALL,past independent N<20; 80% interval/class does not clear holding hurdle Rs900
nonlinear,30,567,2026-06-26,2026-07-27,36600.0,0.05061000088641792,1900.0,1,-0.018075627059862372,0.0,-0.0026350476380051138,0.7396665588148909,0.0852355824695777,0.17509785871553157,-1,0.49246231155778897,0.07537688442211055,0.4321608040201005,-1,-0.05652359828368683,0.020372344163962084,0.038447971223824456,100.0,100.0,196,18,2026-06-25,1.0,IS7M26,19.0,2026-06-25,1.0,0.0025940085297015206,9,NO CALL,past independent N<20; 80% interval/class does not clear holding hurdle Rs900
baseline,45,340,2025-09-10,2025-10-25,38300.0,-0.11908937157043892,-4300.0,-1,0.0,0.0,0.009181552232979055,0.3132530120481928,0.1566265060240964,0.5301204819277109,1,0.3132530120481928,0.1566265060240964,0.5301204819277109,1,-0.04931118524326572,0.04931118524326572,0.04931118524326572,,,80,5,2025-09-09,1.0,IS7U25,37.0,2025-09-09,1.0,,0,NO CALL,baseline model
baseline,45,346,2025-09-18,2025-11-03,37400.0,-0.0749310174676727,-2700.0,-1,0.0,0.0,0.008053734807096823,0.30952380952380953,0.15476190476190477,0.5357142857142857,1,0.30952380952380953,0.15476190476190477,0.5357142857142857,1,-0.04829400935895613,0.04829400935895613,0.04829400935895613,,,81,5,2025-09-17,1.0,IS7U25,45.0,2025-09-16,2.0,0.0,1,NO CALL,baseline model
baseline,45,351,2025-09-25,2025-11-10,36300.0,-0.05667238709891086,-2000.0,-1,0.0,0.0,0.008053734807096823,0.30952380952380953,0.15476190476190477,0.5357142857142857,1,0.30952380952380953,0.15476190476190477,0.5357142857142857,1,-0.04829400935895613,0.04829400935895613,0.04829400935895613,,,81,5,2025-09-24,1.0,IS7U25,45.0,2025-09-24,1.0,0.0,1,NO CALL,baseline model
baseline,45,363,2025-10-10,2025-11-24,34700.0,0.008608374536600101,300.0,1,0.0,0.0,0.0,0.3695652173913043,0.14130434782608695,0.4891304347826087,1,0.3695652173913043,0.14130434782608695,0.4891304347826087,1,-0.05382320738193029,0.05382320738193029,0.05382320738193029,,,89,5,2025-10-09,1.0,IS7V25,21.0,2025-10-08,2.0,0.0,1,NO CALL,baseline model
baseline,45,369,2025-10-17,2025-12-01,34200.0,0.01739174271186924,600.0,1,0.0,0.0,0.0,0.3695652173913043,0.14130434782608695,0.4891304347826087,1,0.3695652173913043,0.14130434782608695,0.4891304347826087,1,-0.05382320738193029,0.05382320738193029,0.05382320738193029,,,89,5,2025-10-16,1.0,IS7V25,21.0,2025-10-15,2.0,0.0,1,NO CALL,baseline model
baseline,45,372,2025-10-25,2025-12-09,34000.0,0.008784829555732811,300.0,1,0.0,0.0,0.0,0.3695652173913043,0.14130434782608695,0.4891304347826087,1,0.3695652173913043,0.14130434782608695,0.4891304347826087,1,-0.05382320738193029,0.05382320738193029,0.05382320738193029,,,89,5,2025-10-24,1.0,IS7V25,21.0,2025-10-24,1.0,0.0,1,NO CALL,baseline model
baseline,45,386,2025-11-11,2025-12-26,34300.0,0.028737609767356946,1000.0,1,0.0,0.0,0.0,0.4368932038834951,0.1262135922330097,0.4368932038834951,-1,0.4368932038834951,0.1262135922330097,0.4368932038834951,-1,-0.061229636804337254,0.061229636804337254,0.061229636804337254,,,100,6,2025-11-10,1.0,IS7X25,15.0,2025-11-10,1.0,0.0,2,NO CALL,baseline model
baseline,45,392,2025-11-18,2026-01-02,35200.0,0.06595796779179737,2400.0,1,0.0,0.0,0.0,0.4368932038834951,0.1262135922330097,0.4368932038834951,-1,0.4368932038834951,0.1262135922330097,0.4368932038834951,-1,-0.061229636804337254,0.061229636804337254,0.061229636804337254,,,100,6,2025-11-17,1.0,IS7X25,19.0,2025-11-17,1.0,0.0,2,NO CALL,baseline model
baseline,45,411,2025-12-10,2026-01-24,34300.0,0.0757725584723302,2700.0,1,0.0,0.0,0.0,0.4144144144144144,0.11711711711711711,0.46846846846846846,1,0.4144144144144144,0.11711711711711711,0.46846846846846846,1,-0.05838454242798048,0.05838454242798048,0.05838454242798048,,,108,7,2025-12-09,1.0,IS7Z25,27.0,2025-12-09,1.0,0.0,2,NO CALL,baseline model
baseline,45,416,2025-12-17,2026-01-31,34500.0,0.06725222700916747,2400.0,1,0.0,0.0,0.0,0.4107142857142857,0.11607142857142858,0.4732142857142857,1,0.4107142857142857,0.11607142857142858,0.4732142857142857,1,-0.057813823984957276,0.057813823984957276,0.057813823984957276,,,109,7,2025-12-16,1.0,IS7Z25,42.0,2025-12-16,1.0,0.0,3,NO CALL,baseline model
baseline,45,422,2025-12-24,2026-02-07,35400.0,0.0522815065100411,1900.0,1,0.0,0.0,0.0,0.4107142857142857,0.11607142857142858,0.4732142857142857,1,0.4107142857142857,0.11607142857142858,0.4732142857142857,1,-0.057813823984957276,0.057813823984957276,0.057813823984957276,,,109,7,2025-12-23,1.0,IS7Z25,45.0,2025-12-23,1.0,0.0,3,NO CALL,baseline model
baseline,45,440,2026-01-15,2026-03-02,36700.0,0.008141157583699866,300.0,1,0.0,0.0,0.007979457157105036,0.3709677419354839,0.10483870967741936,0.5241935483870968,1,0.3709677419354839,0.10483870967741936,0.5241935483870968,1,-0.06110798604078195,0.06110798604078195,0.06110798604078195,,,121,7,2026-01-14,1.0,IS7F26,45.0,2026-01-14,1.0,0.0,3,NO CALL,baseline model
baseline,45,446,2026-01-22,2026-03-09,36500.0,0.053345980705292714,2000.0,1,0.0,0.0,0.007979457157105036,0.3709677419354839,0.10483870967741936,0.5241935483870968,1,0.3709677419354839,0.10483870967741936,0.5241935483870968,1,-0.06110798604078195,0.06110798604078195,0.06110798604078195,,,121,7,2026-01-21,1.0,IS7F26,45.0,2026-01-21,1.0,0.0,3,NO CALL,baseline model
baseline,45,459,2026-02-07,2026-03-25,37300.0,0.026456569536830465,1000.0,1,0.0,0.0,0.01442374532888625,0.34074074074074073,0.0962962962962963,0.562962962962963,1,0.34074074074074073,0.0962962962962963,0.562962962962963,1,-0.065808803962847,0.065808803962847,0.065808803962847,,,132,8,2026-02-06,1.0,IS7G26,33.0,2026-02-06,1.0,0.0,3,NO CALL,baseline model
baseline,45,465,2026-02-14,2026-03-31,36500.0,0.10398971352404764,4000.0,1,0.0,0.0,0.018117693677124836,0.32857142857142857,0.09285714285714286,0.5785714285714286,1,0.32857142857142857,0.09285714285714286,0.5785714285714286,1,-0.06507742314515058,0.06507742314515058,0.06507742314515058,,,137,8,2026-02-13,1.0,IS7G26,36.0,2026-02-10,4.0,0.0,4,NO CALL,baseline model
baseline,45,471,2026-02-23,2026-04-09,36700.0,0.11323136644166433,4400.0,1,0.0,0.0,0.018117693677124836,0.32857142857142857,0.09285714285714286,0.5785714285714286,1,0.32857142857142857,0.09285714285714286,0.5785714285714286,1,-0.06507742314515058,0.06507742314515058,0.06507742314515058,,,137,8,2026-02-20,3.0,IS7G26,36.0,2026-02-21,2.0,0.0,4,NO CALL,baseline model
baseline,45,483,2026-03-10,2026-04-24,38800.0,0.055151820075080064,2200.0,1,0.0,0.0,0.017918794251310335,0.32432432432432434,0.08783783783783784,0.5878378378378378,1,0.32432432432432434,0.08783783783783784,0.5878378378378378,1,-0.06285608098014811,0.06285608098014811,0.06285608098014811,,,145,8,2026-03-09,1.0,IS7H26,21.0,2026-03-09,1.0,0.0,4,NO CALL,baseline model
baseline,45,489,2026-03-17,2026-05-01,38000.0,0.0587653092262516,2300.0,1,0.0,0.0,0.017918794251310335,0.32432432432432434,0.08783783783783784,0.5878378378378378,1,0.32432432432432434,0.08783783783783784,0.5878378378378378,1,-0.06285608098014811,0.06285608098014811,0.06285608098014811,,,145,8,2026-03-16,1.0,IS7H26,38.0,2026-03-16,1.0,0.0,4,NO CALL,baseline model
baseline,45,495,2026-03-25,2026-05-09,38300.0,0.035901291506544385,1400.0,1,0.0,0.0,0.017918794251310335,0.32432432432432434,0.08783783783783784,0.5878378378378378,1,0.32432432432432434,0.08783783783783784,0.5878378378378378,1,-0.06285608098014811,0.06285608098014811,0.06285608098014811,,,145,8,2026-03-24,1.0,IS7H26,38.0,2026-03-24,1.0,0.0,4,NO CALL,baseline model
baseline,45,512,2026-04-14,2026-05-29,41500.0,-0.05957096024533254,-2400.0,-1,0.0,0.0,0.02302302866139562,0.2981366459627329,0.08074534161490683,0.6211180124223602,1,0.2981366459627329,0.08074534161490683,0.6211180124223602,1,-0.06971958252844965,0.06971958252844965,0.06971958252844965,,,158,9,2026-04-13,1.0,IS7J26,31.0,2026-04-13,1.0,0.0,5,NO CALL,baseline model
baseline,45,518,2026-04-21,2026-06-05,40700.0,-0.055569851154810765,-2200.0,-1,0.0,0.0,0.02302302866139562,0.2981366459627329,0.08074534161490683,0.6211180124223602,1,0.2981366459627329,0.08074534161490683,0.6211180124223602,1,-0.06971958252844965,0.06971958252844965,0.06971958252844965,,,158,9,2026-04-20,1.0,IS7J26,28.0,2026-04-20,1.0,0.0,5,NO CALL,baseline model
baseline,45,536,2026-05-12,2026-06-26,39400.0,-0.07371757589656756,-2800.0,-1,0.0,0.0,0.02770292842475911,0.2727272727272727,0.07386363636363637,0.6534090909090909,1,0.2727272727272727,0.07386363636363637,0.6534090909090909,1,-0.07320642479942657,0.07320642479942657,0.07320642479942657,,,173,10,2026-05-11,1.0,IS7K26,19.0,2026-05-09,3.0,0.0,5,NO CALL,baseline model
baseline,45,542,2026-05-19,2026-07-03,38800.0,-0.05020869558274631,-1900.0,-1,0.0,0.0,0.02770292842475911,0.2727272727272727,0.07386363636363637,0.6534090909090909,1,0.2727272727272727,0.07386363636363637,0.6534090909090909,1,-0.07320642479942657,0.07320642479942657,0.07320642479942657,,,173,10,2026-05-18,1.0,IS7K26,19.0,2026-05-18,1.0,0.0,6,NO CALL,baseline model
baseline,45,547,2026-05-26,2026-07-10,38500.0,-0.03974032864951411,-1500.0,-1,0.0,0.0,0.02770292842475911,0.2727272727272727,0.07386363636363637,0.6534090909090909,1,0.2727272727272727,0.07386363636363637,0.6534090909090909,1,-0.07320642479942657,0.07320642479942657,0.07320642479942657,,,173,10,2026-05-22,4.0,IS7K26,16.0,2026-05-25,1.0,0.0,6,NO CALL,baseline model
baseline,45,557,2026-06-15,2026-07-30,38300.0,0.018111749943046103,700.0,1,0.0,0.0,0.02770292842475911,0.3005464480874317,0.07103825136612021,0.6284153005464481,1,0.3005464480874317,0.07103825136612021,0.6284153005464481,1,-0.07168432448041946,0.07168432448041946,0.07168432448041946,,,180,10,2026-06-12,3.0,IS7M26,19.0,2026-06-13,2.0,0.0,6,NO CALL,baseline model
baseline,45,566,2026-06-25,2026-08-10,36700.0,0.047881486233214005,1800.0,1,0.0,0.0,0.02770292842475911,0.30434782608695654,0.07065217391304347,0.625,1,0.30434782608695654,0.07065217391304347,0.625,1,-0.07164187965852839,0.07164187965852839,0.07164187965852839,,,181,10,2026-06-24,1.0,IS7M26,19.0,2026-06-22,3.0,0.0,6,NO CALL,baseline model
baseline,45,567,2026-06-26,2026-08-10,36600.0,0.05061000088641792,1900.0,1,0.0,0.0,0.02770292842475911,0.30434782608695654,0.07065217391304347,0.625,1,0.30434782608695654,0.07065217391304347,0.625,1,-0.07164187965852839,0.07164187965852839,0.07164187965852839,,,181,10,2026-06-25,1.0,IS7M26,19.0,2026-06-25,1.0,0.0,6,NO CALL,baseline model
internal,45,340,2025-09-10,2025-10-25,38300.0,-0.11908937157043892,-4300.0,-1,-0.026017466303943557,0.0,0.009181552232979055,0.42086998429458905,0.4062179694481282,0.17291204625728274,-1,0.3132530120481928,0.1566265060240964,0.5301204819277109,1,-0.0681500684205365,0.01611513581264939,0.04213260211659295,10.0,10.0,80,5,2025-09-09,1.0,IS7U25,37.0,2025-09-09,1.0,,0,NO CALL,past independent N<20; past MAE skill<=0; class confidence<0.50; 80% interval/class does not clear holding hurdle Rs1350
internal,45,346,2025-09-18,2025-11-03,37400.0,-0.0749310174676727,-2700.0,-1,-0.013636761543826108,0.0,0.008053734807096823,0.5226367097252709,0.01968160238729804,0.45768168788743097,-1,0.30952380952380953,0.15476190476190477,0.5357142857142857,1,-0.05457592712488153,0.02730240403722932,0.040939165581055426,10.0,10.0,81,5,2025-09-17,1.0,IS7U25,45.0,2025-09-16,2.0,0.026017466303943554,1,NO CALL,past independent N<20; 80% interval/class does not clear holding hurdle Rs1350
internal,45,351,2025-09-25,2025-11-10,36300.0,-0.05667238709891086,-2000.0,-1,-0.0015263650184305678,0.0,0.008053734807096823,0.35167329930434993,0.07064615032286671,0.5776805503727834,1,0.30952380952380953,0.15476190476190477,0.5357142857142857,1,-0.04246553059948599,0.03941280056262486,0.040939165581055426,10.0,10.0,81,5,2025-09-24,1.0,IS7U25,45.0,2025-09-24,1.0,0.019827113923884823,1,NO CALL,past independent N<20; 80% interval/class does not clear holding hurdle Rs1350
internal,45,363,2025-10-10,2025-11-24,34700.0,0.008608374536600101,300.0,1,-0.00010402797639269892,0.0,0.0,0.34529818805876095,0.01813872486080268,0.6365630870804364,1,0.3695652173913043,0.14130434782608695,0.4891304347826087,1,-0.046040443930729646,0.045832387977944256,0.04593641595433695,10.0,10.0,89,5,2025-10-09,1.0,IS7V25,21.0,2025-10-08,2.0,0.01372686428873339,1,NO CALL,past independent N<20; 80% interval/class does not clear holding hurdle Rs1350
internal,45,369,2025-10-17,2025-12-01,34200.0,0.01739174271186924,600.0,1,-0.0042340866164919284,0.0,0.0,0.3228496120128342,0.07135936627136966,0.6057910217157961,1,0.3695652173913043,0.14130434782608695,0.4891304347826087,1,-0.050170502570828876,0.041702329337845026,0.04593641595433695,10.0,10.0,89,5,2025-10-16,1.0,IS7V25,21.0,2025-10-15,2.0,0.010269141222451879,1,NO CALL,past independent N<20; 80% interval/class does not clear holding hurdle Rs1350
internal,45,372,2025-10-25,2025-12-09,34000.0,0.008784829555732811,300.0,1,-0.006442480310549226,0.0,0.0,0.3078709728875886,0.10827687066880448,0.583852156443607,1,0.3695652173913043,0.14130434782608695,0.4891304347826087,1,-0.05237889626488618,0.039493935643787725,0.04593641595433695,10.0,10.0,89,5,2025-10-24,1.0,IS7V25,21.0,2025-10-24,1.0,0.007368495654663118,1,NO CALL,past independent N<20; 80% interval/class does not clear holding hurdle Rs1350
internal,45,386,2025-11-11,2025-12-26,34300.0,0.028737609767356946,1000.0,1,-0.04401168796534525,0.0,0.0,0.5159140736090169,0.1264364209447984,0.35764950544618473,-1,0.4368932038834951,0.1262135922330097,0.4368932038834951,-1,-0.09322193822891642,0.00519856229822592,0.04921025026357117,1.0,100.0,100,6,2025-11-10,1.0,IS7X25,15.0,2025-11-10,1.0,0.005066666327127718,2,NO CALL,past independent N<20; 80% interval/class does not clear holding hurdle Rs1350
internal,45,392,2025-11-18,2026-01-02,35200.0,0.06595796779179737,2400.0,1,-0.07160726592791399,0.0,0.0,0.5091053477035355,0.14374303032335572,0.3471516219731087,-1,0.4368932038834951,0.1262135922330097,0.4368932038834951,-1,-0.12081751619148515,-0.022397015664342816,0.04921025026357117,1.0,100.0,100,6,2025-11-17,1.0,IS7X25,19.0,2025-11-17,1.0,-0.0019445271432255648,2,NO CALL,past independent N<20; past MAE skill<=0
internal,45,411,2025-12-10,2026-01-24,34300.0,0.0757725584723302,2700.0,1,-0.018045217361317936,0.0,0.0,0.41358314564190723,0.027936054337554167,0.5584808000205387,1,0.4144144144144144,0.11711711711711711,0.46846846846846846,1,-0.067025033946705,0.03093459922406914,0.048979816585387075,10.0,10.0,108,7,2025-12-09,1.0,IS7Z25,27.0,2025-12-09,1.0,-0.010652369491311604,2,NO CALL,past independent N<20; past MAE skill<=0; 80% interval/class does not clear holding hurdle Rs1350
internal,45,416,2025-12-17,2026-01-31,34500.0,0.06725222700916747,2400.0,1,-0.027701200955999476,0.0,0.0,0.3899512204259897,0.08549905175988728,0.524549727814123,1,0.4107142857142857,0.11607142857142858,0.4732142857142857,1,-0.07695706485151471,0.021554662939515766,0.04925586389551524,10.0,10.0,109,7,2025-12-16,1.0,IS7Z25,42.0,2025-12-16,1.0,-0.011473797032423419,3,NO CALL,past independent N<20; past MAE skill<=0; 80% interval/class does not clear holding hurdle Rs1350
internal,45,422,2025-12-24,2026-02-07,35400.0,0.0522815065100411,1900.0,1,-0.06075373368232766,0.0,0.0,0.48734357278275237,0.1967040985195272,0.31595232869772044,-1,0.4107142857142857,0.11607142857142858,0.4732142857142857,1,-0.1100095975778429,-0.011497869786812415,0.04925586389551524,10.0,10.0,109,7,2025-12-23,1.0,IS7Z25,45.0,2025-12-23,1.0,-0.013096537424781014,3,NO CALL,past independent N<20; past MAE skill<=0; class confidence<0.50
internal,45,440,2026-01-15,2026-03-02,36700.0,0.008141157583699866,300.0,1,-0.07429455160871004,0.0,0.007979457157105036,0.6407164414710164,0.012587328899888311,0.3466962296290953,-1,0.3709677419354839,0.10483870967741936,0.5241935483870968,1,-0.12193040675105855,-0.02665869646636153,0.04763585514234851,1.0,100.0,121,7,2026-01-14,1.0,IS7F26,45.0,2026-01-14,1.0,-0.01742900981183071,3,NO CALL,past independent N<20; past MAE skill<=0
internal,45,446,2026-01-22,2026-03-09,36500.0,0.053345980705292714,2000.0,1,-0.01034807416878576,0.0,0.007979457157105036,0.4178231309426688,0.01346741899600804,0.568709450061323,1,0.3709677419354839,0.10483870967741936,0.5241935483870968,1,-0.057983929311134275,0.03728778097356275,0.04763585514234851,1.0,100.0,121,7,2026-01-21,1.0,IS7F26,45.0,2026-01-21,1.0,-0.022167804961570663,3,NO CALL,past independent N<20; past MAE skill<=0; 80% interval/class does not clear holding hurdle Rs1350
internal,45,459,2026-02-07,2026-03-25,37300.0,0.026456569536830465,1000.0,1,0.013839143877604817,0.0,0.01442374532888625,0.27248421961232516,0.0124933065556247,0.7150224738320502,1,0.34074074074074073,0.0962962962962963,0.562962962962963,1,-0.04555991599696278,0.07323820375217241,0.059399059874567596,100.0,100.0,132,8,2026-02-06,1.0,IS7G26,33.0,2026-02-06,1.0,-0.021258594900587208,3,NO CALL,past independent N<20; past MAE skill<=0; 80% interval/class does not clear holding hurdle Rs1350
internal,45,465,2026-02-14,2026-03-31,36500.0,0.10398971352404764,4000.0,1,0.02200399611178381,0.0,0.018117693677124836,0.2176643300236217,0.013235370533361136,0.7691002994430172,1,0.32857142857142857,0.09285714285714286,0.5785714285714286,1,-0.03768515953974419,0.08169315176331181,0.059689155651528,100.0,100.0,137,8,2026-02-13,1.0,IS7G26,36.0,2026-02-10,4.0,-0.018751613559287762,4,NO CALL,past independent N<20; past MAE skill<=0; 80% interval/class does not clear holding hurdle Rs1350
internal,45,471,2026-02-23,2026-04-09,36700.0,0.11323136644166433,4400.0,1,0.030976250455782037,0.0,0.018117693677124836,0.1398239930954039,0.038775548536582584,0.8214004583680136,1,0.32857142857142857,0.09285714285714286,0.5785714285714286,1,-0.02871290519574596,0.09066540610731004,0.059689155651528,100.0,100.0,137,8,2026-02-20,3.0,IS7G26,36.0,2026-02-21,2.0,-0.01603457291454967,4,NO CALL,past independent N<20; past MAE skill<=0; 80% interval/class does not clear holding hurdle Rs1350
internal,45,483,2026-03-10,2026-04-24,38800.0,0.055151820075080064,2200.0,1,0.033661762822616535,0.0,0.017918794251310335,0.15795784958020453,0.011358519328293005,0.8306836310915025,1,0.32432432432432434,0.08783783783783784,0.5878378378378378,1,-0.024657856919332755,0.09198138256456583,0.05831961974194929,100.0,100.0,145,8,2026-03-09,1.0,IS7H26,21.0,2026-03-09,1.0,-0.013096396453903938,4,NO CALL,past independent N<20; past MAE skill<=0; 80% interval/class does not clear holding hurdle Rs1350
internal,45,489,2026-03-17,2026-05-01,38000.0,0.0587653092262516,2300.0,1,0.016715984260706557,0.0,0.017918794251310335,0.269653568625825,0.011013199950814874,0.7193332314233601,1,0.32432432432432434,0.08783783783783784,0.5878378378378378,1,-0.04160363548124273,0.07503560400265585,0.05831961974194929,100.0,100.0,145,8,2026-03-16,1.0,IS7H26,38.0,2026-03-16,1.0,-0.010345916496461563,4,NO CALL,past independent N<20; past MAE skill<=0; 80% interval/class does not clear holding hurdle Rs1350
internal,45,495,2026-03-25,2026-05-09,38300.0,0.035901291506544385,1400.0,1,0.024454182197516407,0.0,0.017918794251310335,0.2171598204522381,0.011126985241116553,0.7717131943066453,1,0.32432432432432434,0.08783783783783784,0.5878378378378378,1,-0.033865437544432886,0.0827738019394657,0.05831961974194929,100.0,100.0,145,8,2026-03-24,1.0,IS7H26,38.0,2026-03-24,1.0,-0.008842477565507774,4,NO CALL,past independent N<20; past MAE skill<=0; 80% interval/class does not clear holding hurdle Rs1350
internal,45,512,2026-04-14,2026-05-29,41500.0,-0.05957096024533254,-2400.0,-1,0.03330837039248512,0.0,0.02302302866139562,0.21296022928771643,0.010157973915623349,0.7768817967966603,1,0.2981366459627329,0.08074534161490683,0.6211180124223602,1,-0.026919564135438077,0.09353630492040832,0.060227934527923195,100.0,100.0,158,9,2026-04-13,1.0,IS7J26,31.0,2026-04-13,1.0,-0.007090021788506512,5,NO CALL,past independent N<20; past MAE skill<=0; 80% interval/class does not clear holding hurdle Rs1350
internal,45,518,2026-04-21,2026-06-05,40700.0,-0.055569851154810765,-2200.0,-1,0.010259412012753691,0.0,0.02302302866139562,0.37508018392428577,0.00968054368571539,0.6152392723899988,1,0.2981366459627329,0.08074534161490683,0.6211180124223602,1,-0.049968522515169506,0.07048734654067688,0.060227934527923195,100.0,100.0,158,9,2026-04-20,1.0,IS7J26,28.0,2026-04-20,1.0,-0.008400939218705446,5,NO CALL,past independent N<20; past MAE skill<=0; 80% interval/class does not clear holding hurdle Rs1350
internal,45,536,2026-05-12,2026-06-26,39400.0,-0.07371757589656756,-2800.0,-1,0.036994006025787736,0.0,0.02770292842475911,0.19070297874022946,0.011391426105811859,0.7979055951539586,1,0.2727272727272727,0.07386363636363637,0.6534090909090909,1,-0.02100157611772585,0.09498958816930132,0.05799558214351359,100.0,100.0,173,10,2026-05-11,1.0,IS7K26,19.0,2026-05-09,3.0,-0.008489437923183935,5,NO CALL,past independent N<20; past MAE skill<=0; 80% interval/class does not clear holding hurdle Rs1350
internal,45,542,2026-05-19,2026-07-03,38800.0,-0.05020869558274631,-1900.0,-1,0.007821692348929904,0.0,0.02770292842475911,0.38789426826686463,0.009151176350311967,0.6029545553828233,1,0.2727272727272727,0.07386363636363637,0.6534090909090909,1,-0.05017388979458368,0.06581727449244348,0.05799558214351359,100.0,100.0,173,10,2026-05-18,1.0,IS7K26,19.0,2026-05-18,1.0,-0.009785100109665934,6,NO CALL,past independent N<20; past MAE skill<=0; 80% interval/class does not clear holding hurdle Rs1350
internal,45,547,2026-05-26,2026-07-10,38500.0,-0.03974032864951411,-1500.0,-1,0.0021698007167893995,0.0,0.02770292842475911,0.4162660750184453,0.009103973241871236,0.5746299517396835,1,0.2727272727272727,0.07386363636363637,0.6534090909090909,1,-0.05582578142672419,0.060165382860302985,0.05799558214351359,100.0,100.0,173,10,2026-05-22,4.0,IS7K26,16.0,2026-05-25,1.0,-0.009699734554851326,6,NO CALL,past independent N<20; past MAE skill<=0; 80% interval/class does not clear holding hurdle Rs1350
internal,45,557,2026-06-15,2026-07-30,38300.0,0.018111749943046103,700.0,1,0.026491522070644022,0.0,0.02770292842475911,0.2425743599749975,0.0181346810244075,0.739290959000595,1,0.3005464480874317,0.07103825136612021,0.6284153005464481,1,-0.032427410681916215,0.08541045482320425,0.05891893275256024,100.0,100.0,180,10,2026-06-12,3.0,IS7M26,19.0,2026-06-13,2.0,-0.009385987311598717,6,NO CALL,past independent N<20; past MAE skill<=0; 80% interval/class does not clear holding hurdle Rs1350
internal,45,566,2026-06-25,2026-08-10,36700.0,0.047881486233214005,1800.0,1,0.02682244882063322,0.0,0.02770292842475911,0.2711172021910724,0.028154179054772913,0.7007286187541547,1,0.30434782608695654,0.07065217391304347,0.625,1,-0.032861653295679624,0.08650655093694606,0.059684102116312844,100.0,100.0,181,10,2026-06-24,1.0,IS7M26,19.0,2026-06-22,3.0,-0.00862126870651684,6,NO CALL,past independent N<20; past MAE skill<=0; 80% interval/class does not clear holding hurdle Rs1350
internal,45,567,2026-06-26,2026-08-10,36600.0,0.05061000088641792,1900.0,1,0.026553579299755305,0.0,0.02770292842475911,0.27771134799782604,0.016125496331714947,0.7061631556704591,1,0.30434782608695654,0.07065217391304347,0.625,1,-0.03313052281655754,0.08623768141606815,0.059684102116312844,100.0,100.0,181,10,2026-06-25,1.0,IS7M26,19.0,2026-06-25,1.0,-0.007258048801626449,6,NO CALL,past independent N<20; past MAE skill<=0; 80% interval/class does not clear holding hurdle Rs1350
local,45,340,2025-09-10,2025-10-25,38300.0,-0.11908937157043892,-4300.0,-1,-0.01656690467730508,0.0,0.009181552232979055,0.3649066103717941,0.2544284798775995,0.38066490975060646,1,0.3132530120481928,0.1566265060240964,0.5301204819277109,1,-0.04852050636200615,0.015386697007395991,0.03195360168470107,10.0,10.0,80,5,2025-09-09,1.0,IS7U25,37.0,2025-09-09,1.0,,0,NO CALL,past independent N<20; past MAE skill<=0; class confidence<0.50; 80% interval/class does not clear holding hurdle Rs1350
local,45,346,2025-09-18,2025-11-03,37400.0,-0.0749310174676727,-2700.0,-1,-0.013981302495530002,0.0,0.008053734807096823,0.5075530905903146,0.017462054857269538,0.4749848545524159,-1,0.30952380952380953,0.15476190476190477,0.5357142857142857,1,-0.047033913273674136,0.019071308282614136,0.033052610778144136,10.0,10.0,81,5,2025-09-17,1.0,IS7U25,45.0,2025-09-16,2.0,0.01656690467730508,1,NO CALL,past independent N<20; 80% interval/class does not clear holding hurdle Rs1350
local,45,351,2025-09-25,2025-11-10,36300.0,-0.05667238709891086,-2000.0,-1,-0.009503573371343221,0.0,0.008053734807096823,0.43236175464899596,0.03866304336487108,0.5289752019861329,1,0.30952380952380953,0.15476190476190477,0.5357142857142857,1,-0.04255618414948736,0.023549037406800914,0.033052610778144136,10.0,10.0,81,5,2025-09-24,1.0,IS7U25,45.0,2025-09-24,1.0,0.015274103586417537,1,NO CALL,past independent N<20; 80% interval/class does not clear holding hurdle Rs1350
local,45,363,2025-10-10,2025-11-24,34700.0,0.008608374536600101,300.0,1,-0.00974972535237087,0.0,0.0,0.4537532073197917,0.0175782836135769,0.5286685090666314,1,0.3695652173913043,0.14130434782608695,0.4891304347826087,1,-0.04436614275293575,0.024866692048194014,0.03461641740056488,10.0,10.0,89,5,2025-10-09,1.0,IS7V25,21.0,2025-10-08,2.0,0.013350593514726089,1,NO CALL,past independent N<20; 80% interval/class does not clear holding hurdle Rs1350
local,45,369,2025-10-17,2025-12-01,34200.0,0.01739174271186924,600.0,1,-0.0059399128449617224,0.0,0.0,0.38911150577690423,0.016860218802264234,0.5940282754208315,1,0.3695652173913043,0.14130434782608695,0.4891304347826087,1,-0.04055633024552661,0.02867650455560316,0.03461641740056488,10.0,10.0,89,5,2025-10-16,1.0,IS7V25,21.0,2025-10-15,2.0,0.007575513797951856,1,NO CALL,past independent N<20; 80% interval/class does not clear holding hurdle Rs1350
local,45,372,2025-10-25,2025-12-09,34000.0,0.008784829555732811,300.0,1,-0.01549511470132487,0.0,0.0,0.46263332512698674,0.036740760118393855,0.5006259147546194,1,0.3695652173913043,0.14130434782608695,0.4891304347826087,1,-0.050111532101889754,0.019121302699240013,0.03461641740056488,10.0,10.0,89,5,2025-10-24,1.0,IS7V25,21.0,2025-10-24,1.0,0.004872428469369139,1,NO CALL,past independent N<20; 80% interval/class does not clear holding hurdle Rs1350
local,45,386,2025-11-11,2025-12-26,34300.0,0.028737609767356946,1000.0,1,-0.041095798017074595,0.0,0.0,0.5189248476111812,0.1829867414841379,0.29808841090468086,-1,0.4368932038834951,0.1262135922330097,0.4368932038834951,-1,-0.08711596467763666,0.004924368643487477,0.04602016666056207,10.0,100.0,100,6,2025-11-10,1.0,IS7X25,15.0,2025-11-10,1.0,0.0014778379409201292,2,NO CALL,past independent N<20; 80% interval/class does not clear holding hurdle Rs1350
local,45,392,2025-11-18,2026-01-02,35200.0,0.06595796779179737,2400.0,1,-0.07606767540260692,0.0,0.0,0.5398587703708897,0.2102159490809637,0.24992528054814658,-1,0.4368932038834951,0.1262135922330097,0.4368932038834951,-1,-0.122087842063169,-0.03004750874204485,0.04602016666056207,10.0,100.0,100,6,2025-11-17,1.0,IS7X25,19.0,2025-11-17,1.0,-0.004604110053079112,2,NO CALL,past independent N<20; past MAE skill<=0
local,45,411,2025-12-10,2026-01-24,34300.0,0.0757725584723302,2700.0,1,-0.01775363596561975,0.0,0.0,0.5052160295585517,0.06672334710831675,0.4280606233331316,-1,0.4144144144144144,0.11711711711711711,0.46846846846846846,1,-0.06830139625398793,0.03279412432274842,0.050547760288368174,100.0,100.0,108,7,2025-12-09,1.0,IS7Z25,27.0,2025-12-09,1.0,-0.013537055721770087,2,NO CALL,past independent N<20; past MAE skill<=0; 80% interval/class does not clear holding hurdle Rs1350
local,45,416,2025-12-17,2026-01-31,34500.0,0.06725222700916747,2400.0,1,-0.021775830680218308,0.0,0.0,0.4915123536784126,0.10592753952476076,0.4025601067968265,-1,0.4107142857142857,0.11607142857142858,0.4732142857142857,1,-0.0723653764066665,0.028813715046229885,0.05058954572644819,100.0,100.0,109,7,2025-12-16,1.0,IS7Z25,42.0,2025-12-16,1.0,-0.014005564637753383,3,NO CALL,past independent N<20; past MAE skill<=0; class confidence<0.50; 80% interval/class does not clear holding hurdle Rs1350
local,45,422,2025-12-24,2026-02-07,35400.0,0.0522815065100411,1900.0,1,-0.03720239606939365,0.0,0.0,0.5714710369320274,0.1214199620828856,0.30710900098508687,-1,0.4107142857142857,0.11607142857142858,0.4732142857142857,1,-0.08779194179584185,0.013387149657054544,0.05058954572644819,100.0,100.0,109,7,2025-12-23,1.0,IS7Z25,45.0,2025-12-23,1.0,-0.01478259124199987,3,NO CALL,past independent N<20; past MAE skill<=0; 80% interval/class does not clear holding hurdle Rs1350
local,45,440,2026-01-15,2026-03-02,36700.0,0.008141157583699866,300.0,1,-0.03884072181913666,0.0,0.007979457157105036,0.7090665001095171,0.012439966445158115,0.2784935334453247,-1,0.3709677419354839,0.10483870967741936,0.5241935483870968,1,-0.09377431548653628,0.016092871848262948,0.05493359366739961,100.0,100.0,121,7,2026-01-14,1.0,IS7F26,45.0,2026-01-14,1.0,-0.01682075531721748,3,NO CALL,past independent N<20; past MAE skill<=0; 80% interval/class does not clear holding hurdle Rs1350
local,45,446,2026-01-22,2026-03-09,36500.0,0.053345980705292714,2000.0,1,-0.009121352383702156,0.0,0.007979457157105036,0.48522541885007947,0.013313450637753327,0.5014611305121671,1,0.3709677419354839,0.10483870967741936,0.5241935483870968,1,-0.06405494605110176,0.04581224128369746,0.05493359366739961,100.0,100.0,121,7,2026-01-21,1.0,IS7F26,45.0,2026-01-21,1.0,-0.018655752525710743,3,NO CALL,past independent N<20; past MAE skill<=0; 80% interval/class does not clear holding hurdle Rs1350
local,45,459,2026-02-07,2026-03-25,37300.0,0.026456569536830465,1000.0,1,0.0169631778064046,0.0,0.01442374532888625,0.2602522866111431,0.011718644155019373,0.7280290692338375,1,0.34074074074074073,0.0962962962962963,0.562962962962963,1,-0.042902561423219916,0.07682891703602912,0.059865739229624515,100.0,100.0,132,8,2026-02-06,1.0,IS7G26,33.0,2026-02-06,1.0,-0.017922337130171634,3,NO CALL,past independent N<20; past MAE skill<=0; 80% interval/class does not clear holding hurdle Rs1350
local,45,465,2026-02-14,2026-03-31,36500.0,0.10398971352404764,4000.0,1,0.028711569090979883,0.0,0.018117693677124836,0.21607823537869622,0.011379778309398198,0.7725419863119056,1,0.32857142857142857,0.09285714285714286,0.5785714285714286,1,-0.030569840413851156,0.08799297859581093,0.05928140950483104,100.0,100.0,137,8,2026-02-13,1.0,IS7G26,36.0,2026-02-10,4.0,-0.015430514634701888,4,NO CALL,past independent N<20; past MAE skill<=0; 80% interval/class does not clear holding hurdle Rs1350
local,45,471,2026-02-23,2026-04-09,36700.0,0.11323136644166433,4400.0,1,0.028898991875822976,0.0,0.018117693677124836,0.15017286029708582,0.01144298208167169,0.8383841576212424,1,0.32857142857142857,0.09285714285714286,0.5785714285714286,1,-0.030382417629008063,0.08818040138065401,0.05928140950483104,100.0,100.0,137,8,2026-02-20,3.0,IS7G26,36.0,2026-02-21,2.0,-0.012487709052989779,4,NO CALL,past independent N<20; past MAE skill<=0; 80% interval/class does not clear holding hurdle Rs1350
local,45,483,2026-03-10,2026-04-24,38800.0,0.055151820075080064,2200.0,1,0.024941378476354244,0.0,0.017918794251310335,0.16489814265790279,0.01022806549499925,0.8248737918470981,1,0.32432432432432434,0.08783783783783784,0.5878378378378378,1,-0.03358327918428648,0.08346603613699496,0.05852465766064072,100.0,100.0,145,8,2026-03-09,1.0,IS7H26,21.0,2026-03-09,1.0,-0.009901040244938972,4,NO CALL,past independent N<20; past MAE skill<=0; 80% interval/class does not clear holding hurdle Rs1350
local,45,489,2026-03-17,2026-05-01,38000.0,0.0587653092262516,2300.0,1,0.017407739835728728,0.0,0.017918794251310335,0.2628897578453655,0.010027022975585586,0.727083219179049,1,0.32432432432432434,0.08783783783783784,0.5878378378378378,1,-0.041116917824911996,0.07593239749636946,0.05852465766064072,100.0,100.0,145,8,2026-03-16,1.0,IS7H26,38.0,2026-03-16,1.0,-0.007851486202509972,4,NO CALL,past independent N<20; past MAE skill<=0; 80% interval/class does not clear holding hurdle Rs1350
local,45,495,2026-03-25,2026-05-09,38300.0,0.035901291506544385,1400.0,1,0.021804763267507816,0.0,0.017918794251310335,0.2186183703501702,0.01004855936564618,0.7713330702841835,1,0.32432432432432434,0.08783783783783784,0.5878378378378378,1,-0.036719894393132904,0.08032942092814854,0.05852465766064072,100.0,100.0,145,8,2026-03-24,1.0,IS7H26,38.0,2026-03-24,1.0,-0.00644819586705226,4,NO CALL,past independent N<20; past MAE skill<=0; 80% interval/class does not clear holding hurdle Rs1350
local,45,512,2026-04-14,2026-05-29,41500.0,-0.05957096024533254,-2400.0,-1,0.03039990444627383,0.0,0.02302302866139562,0.1986376920718466,0.008980890398680106,0.7923814175294732,1,0.2981366459627329,0.08074534161490683,0.6211180124223602,1,-0.029579919103151907,0.09037972799569957,0.059979823549425736,100.0,100.0,158,9,2026-04-13,1.0,IS7J26,31.0,2026-04-13,1.0,-0.004961198017864897,5,NO CALL,past independent N<20; past MAE skill<=0; 80% interval/class does not clear holding hurdle Rs1350
local,45,518,2026-04-21,2026-06-05,40700.0,-0.055569851154810765,-2200.0,-1,-0.0069290959077089554,0.0,0.02302302866139562,0.36807352559694256,0.009168401803442581,0.6227580725996148,1,0.2981366459627329,0.08074534161490683,0.6211180124223602,1,-0.06690891945713469,0.05305072764171678,0.059979823549425736,100.0,100.0,158,9,2026-04-20,1.0,IS7J26,28.0,2026-04-20,1.0,-0.006233133339285345,5,NO CALL,past independent N<20; past MAE skill<=0; 80% interval/class does not clear holding hurdle Rs1350
local,45,536,2026-05-12,2026-06-26,39400.0,-0.07371757589656756,-2800.0,-1,0.01564353571238769,0.0,0.02770292842475911,0.2285562722811064,0.042058642990493424,0.7293850847284001,1,0.2727272727272727,0.07386363636363637,0.6534090909090909,1,-0.04282606662898313,0.07411313805375852,0.05846960234137082,100.0,100.0,173,10,2026-05-11,1.0,IS7K26,19.0,2026-05-09,3.0,-0.005606360517999898,5,NO CALL,past independent N<20; past MAE skill<=0; 80% interval/class does not clear holding hurdle Rs1350
local,45,542,2026-05-19,2026-07-03,38800.0,-0.05020869558274631,-1900.0,-1,-0.014870285361385297,0.0,0.02770292842475911,0.427659443563051,0.009245170046756575,0.5630953863901924,1,0.2727272727272727,0.07386363636363637,0.6534090909090909,1,-0.07333988770275612,0.04359931697998552,0.05846960234137082,100.0,100.0,173,10,2026-05-18,1.0,IS7K26,19.0,2026-05-18,1.0,-0.006062595754108432,6,NO CALL,past independent N<20; past MAE skill<=0; 80% interval/class does not clear holding hurdle Rs1350
local,45,547,2026-05-26,2026-07-10,38500.0,-0.03974032864951411,-1500.0,-1,-0.019947316144023293,0.0,0.02770292842475911,0.45448807750731773,0.009186396688975404,0.5363255258037068,1,0.2727272727272727,0.07386363636363637,0.6534090909090909,1,-0.07841691848539412,0.03852228619734753,0.05846960234137082,100.0,100.0,173,10,2026-05-22,4.0,IS7K26,16.0,2026-05-25,1.0,-0.005152470488217403,6,NO CALL,past independent N<20; past MAE skill<=0; 80% interval/class does not clear holding hurdle Rs1350
local,45,557,2026-06-15,2026-07-30,38300.0,0.018111749943046103,700.0,1,0.00806539641748014,0.0,0.02770292842475911,0.2885036195234938,0.04675088433238379,0.6647454961441223,1,0.3005464480874317,0.07103825136612021,0.6284153005464481,1,-0.05039395862859927,0.06652475146355954,0.05845935504607941,100.0,100.0,180,10,2026-06-12,3.0,IS7M26,19.0,2026-06-13,2.0,-0.004106646045207364,6,NO CALL,past independent N<20; past MAE skill<=0; 80% interval/class does not clear holding hurdle Rs1350
local,45,566,2026-06-25,2026-08-10,36700.0,0.047881486233214005,1800.0,1,0.015116967024419654,0.0,0.02770292842475911,0.3028432372705331,0.04841272375611727,0.6487440389733498,1,0.30434782608695654,0.07065217391304347,0.625,1,-0.042818596037030414,0.07305253008586972,0.05793556306145007,100.0,100.0,181,10,2026-06-24,1.0,IS7M26,19.0,2026-06-22,3.0,-0.0036197643466998677,6,NO CALL,past independent N<20; past MAE skill<=0; 80% interval/class does not clear holding hurdle Rs1350
local,45,567,2026-06-26,2026-08-10,36600.0,0.05061000088641792,1900.0,1,0.012441197865907342,0.0,0.02770292842475911,0.31602430102763224,0.04004766352943433,0.6439280354429334,1,0.30434782608695654,0.07065217391304347,0.625,1,-0.04549436519554273,0.07037676092735741,0.05793556306145007,100.0,100.0,181,10,2026-06-25,1.0,IS7M26,19.0,2026-06-25,1.0,-0.002899120832426036,6,NO CALL,past independent N<20; past MAE skill<=0; 80% interval/class does not clear holding hurdle Rs1350
turkey,45,340,2025-09-10,2025-10-25,38300.0,-0.11908937157043892,-4300.0,-1,-0.0073816069295392,0.0,0.009181552232979055,0.45848861747279757,0.1221861911163082,0.41932519141089425,-1,0.3132530120481928,0.1566265060240964,0.5301204819277109,1,-0.03383555821017094,0.019072344351092535,0.026453951280631736,10.0,10.0,80,5,2025-09-09,1.0,IS7U25,37.0,2025-09-09,1.0,,0,NO CALL,past independent N<20; past MAE skill<=0; class confidence<0.50; 80% interval/class does not clear holding hurdle Rs1350
turkey,45,346,2025-09-18,2025-11-03,37400.0,-0.0749310174676727,-2700.0,-1,-0.025590660638501617,0.0,0.008053734807096823,0.6440204693376771,0.13696028400129315,0.2190192466610298,-1,0.30952380952380953,0.15476190476190477,0.5357142857142857,1,-0.05200757089719832,0.0008262496201950804,0.026416910258696698,10.0,10.0,81,5,2025-09-17,1.0,IS7U25,45.0,2025-09-16,2.0,0.0073816069295391945,1,NO CALL,past independent N<20; 80% interval/class does not clear holding hurdle Rs1350
turkey,45,351,2025-09-25,2025-11-10,36300.0,-0.05667238709891086,-2000.0,-1,-0.009933547710823774,0.0,0.008053734807096823,0.37603515562938955,0.21206808334487615,0.4118967610257342,1,0.30952380952380953,0.15476190476190477,0.5357142857142857,1,-0.036350457969520474,0.016483362547872922,0.026416910258696698,10.0,10.0,81,5,2025-09-24,1.0,IS7U25,45.0,2025-09-24,1.0,0.016486133784020404,1,NO CALL,past independent N<20; class confidence<0.50; 80% interval/class does not clear holding hurdle Rs1350
turkey,45,363,2025-10-10,2025-11-24,34700.0,0.008608374536600101,300.0,1,0.004148375161801622,0.0,0.0,0.16323857977533718,0.018381710630696022,0.8183797095939668,1,0.3695652173913043,0.14130434782608695,0.4891304347826087,1,-0.028269866575624907,0.03656661689922815,0.03241824173742653,10.0,10.0,89,5,2025-10-09,1.0,IS7V25,21.0,2025-10-08,2.0,0.014301938426288185,1,NO CALL,past independent N<20; 80% interval/class does not clear holding hurdle Rs1350
turkey,45,369,2025-10-17,2025-12-01,34200.0,0.01739174271186924,600.0,1,0.0006458439735859377,0.0,0.0,0.12227685477451507,0.05645039317875749,0.8212727520467275,1,0.3695652173913043,0.14130434782608695,0.4891304347826087,1,-0.031772397763840596,0.033064085711012464,0.03241824173742653,10.0,10.0,89,5,2025-10-16,1.0,IS7V25,21.0,2025-10-15,2.0,0.011763547610166548,1,NO CALL,past independent N<20; 80% interval/class does not clear holding hurdle Rs1350
turkey,45,372,2025-10-25,2025-12-09,34000.0,0.008784829555732811,300.0,1,0.001329999666449217,0.0,0.0,0.15510161274189568,0.03414361613011836,0.810754771127986,1,0.3695652173913043,0.14130434782608695,0.4891304347826087,1,-0.031088242070977313,0.03374824140387575,0.03241824173742653,10.0,10.0,89,5,2025-10-24,1.0,IS7V25,21.0,2025-10-24,1.0,0.009540006882850421,1,NO CALL,past independent N<20; 80% interval/class does not clear holding hurdle Rs1350
turkey,45,386,2025-11-11,2025-12-26,34300.0,0.028737609767356946,1000.0,1,-0.009812500297100714,0.0,0.0,0.3404726320898318,0.0675758923072711,0.5919514756028972,1,0.4368932038834951,0.1262135922330097,0.4368932038834951,-1,-0.048599729253794924,0.028974728659593496,0.03878722895669421,10.0,100.0,100,6,2025-11-10,1.0,IS7X25,15.0,2025-11-10,1.0,0.008171672346783551,2,NO CALL,past independent N<20; 80% interval/class does not clear holding hurdle Rs1350
turkey,45,392,2025-11-18,2026-01-02,35200.0,0.06595796779179737,2400.0,1,-0.03353833585168857,0.0,0.0,0.348315067909597,0.08098355356188122,0.5707013785285218,1,0.4368932038834951,0.1262135922330097,0.4368932038834951,-1,-0.07232556480838279,0.005248893105005641,0.03878722895669421,10.0,100.0,100,6,2025-11-17,1.0,IS7X25,19.0,2025-11-17,1.0,0.005602504826228656,2,NO CALL,past independent N<20; 80% interval/class does not clear holding hurdle Rs1350
turkey,45,411,2025-12-10,2026-01-24,34300.0,0.0757725584723302,2700.0,1,-0.002226109167333807,0.0,0.0,0.24771087322153673,0.01489040958609843,0.7373987171923648,1,0.4144144144144144,0.11711711711711711,0.46846846846846846,1,-0.03936391468584588,0.03491169635117827,0.037137805518512076,10.0,10.0,108,7,2025-12-09,1.0,IS7Z25,27.0,2025-12-09,1.0,0.000709899741489016,2,NO CALL,past independent N<20; 80% interval/class does not clear holding hurdle Rs1350
turkey,45,416,2025-12-17,2026-01-31,34500.0,0.06725222700916747,2400.0,1,-0.01208037161581413,0.0,0.0,0.24830254151356035,0.01513859440569444,0.7365588640807451,1,0.4107142857142857,0.11607142857142858,0.4732142857142857,1,-0.04928376329065921,0.025123020059030957,0.037203391674845085,10.0,10.0,109,7,2025-12-16,1.0,IS7Z25,42.0,2025-12-16,1.0,0.00038367652939758773,3,NO CALL,past independent N<20; 80% interval/class does not clear holding hurdle Rs1350
turkey,45,422,2025-12-24,2026-02-07,35400.0,0.0522815065100411,1900.0,1,-0.04455980155551568,0.0,0.0,0.35579916140700507,0.08099426129644074,0.5632065772965542,1,0.4107142857142857,0.11607142857142858,0.4732142857142857,1,-0.08176319323036077,-0.007356409880670593,0.037203391674845085,10.0,10.0,109,7,2025-12-23,1.0,IS7Z25,45.0,2025-12-23,1.0,-0.0008627282851235776,3,NO CALL,past independent N<20; past MAE skill<=0; 80% interval/class does not clear holding hurdle Rs1350
turkey,45,440,2026-01-15,2026-03-02,36700.0,0.008141157583699866,300.0,1,-0.0630973481836023,0.0,0.007979457157105036,0.7691578728656613,0.013361827882976742,0.2174802992513619,-1,0.3709677419354839,0.10483870967741936,0.5241935483870968,1,-0.10664276339442519,-0.019551932972779407,0.04354541521082289,1.0,10.0,121,7,2026-01-14,1.0,IS7F26,45.0,2026-01-14,1.0,-0.004835189491522861,3,NO CALL,past independent N<20; past MAE skill<=0
turkey,45,446,2026-01-22,2026-03-09,36500.0,0.053345980705292714,2000.0,1,-0.019980067404005406,0.0,0.007979457157105036,0.4842415209802451,0.05931383210190329,0.45644464691785164,-1,0.3709677419354839,0.10483870967741936,0.5241935483870968,1,-0.0635254826148283,0.023565347806817485,0.04354541521082289,1.0,10.0,121,7,2026-01-21,1.0,IS7F26,45.0,2026-01-21,1.0,-0.009690369382529485,3,NO CALL,past independent N<20; past MAE skill<=0; class confidence<0.50; 80% interval/class does not clear holding hurdle Rs1350
turkey,45,459,2026-02-07,2026-03-25,37300.0,0.026456569536830465,1000.0,1,0.017671983575584915,0.0,0.01442374532888625,0.15684643358260233,0.01195676134840369,0.8311968050689941,1,0.34074074074074073,0.0962962962962963,0.562962962962963,1,-0.03426212405656878,0.06960609120773861,0.0519341076321537,100.0,1.0,132,8,2026-02-06,1.0,IS7G26,33.0,2026-02-06,1.0,-0.010481884614950705,3,NO CALL,past independent N<20; past MAE skill<=0; 80% interval/class does not clear holding hurdle Rs1350
turkey,45,465,2026-02-14,2026-03-31,36500.0,0.10398971352404764,4000.0,1,0.017658476007393543,0.0,0.018117693677124836,0.2126455593886289,0.011139853746784717,0.7762145868645863,1,0.32857142857142857,0.09285714285714286,0.5785714285714286,1,-0.032163888024932884,0.06748084003971996,0.04982236403232643,100.0,1.0,137,8,2026-02-13,1.0,IS7G26,36.0,2026-02-10,4.0,-0.008470894029912447,4,NO CALL,past independent N<20; past MAE skill<=0; 80% interval/class does not clear holding hurdle Rs1350
turkey,45,471,2026-02-23,2026-04-09,36700.0,0.11323136644166433,4400.0,1,0.03523303332851247,0.0,0.018117693677124836,0.039447394021554734,0.09646927169663688,0.8640833342818083,1,0.32857142857142857,0.09285714285714286,0.5785714285714286,1,-0.014589330703813956,0.08505539736083889,0.04982236403232643,100.0,1.0,137,8,2026-02-20,3.0,IS7G26,36.0,2026-02-21,2.0,-0.006728936027425372,4,NO CALL,past independent N<20; past MAE skill<=0; 80% interval/class does not clear holding hurdle Rs1350
turkey,45,483,2026-03-10,2026-04-24,38800.0,0.055151820075080064,2200.0,1,0.017961386696125632,0.0,0.017918794251310335,0.1931360426617894,0.011013116718225748,0.7958508406199849,1,0.32432432432432434,0.08783783783783784,0.5878378378378378,1,-0.030063979093577713,0.06598675248582897,0.048025365789703345,100.0,10.0,145,8,2026-03-09,1.0,IS7H26,21.0,2026-03-09,1.0,-0.004106312942679269,4,NO CALL,past independent N<20; past MAE skill<=0; 80% interval/class does not clear holding hurdle Rs1350
turkey,45,489,2026-03-17,2026-05-01,38000.0,0.0587653092262516,2300.0,1,0.009809444519888234,0.0,0.017918794251310335,0.32227839844499034,0.010730934573907173,0.6669906669811025,1,0.32432432432432434,0.08783783783783784,0.5878378378378378,1,-0.038215921269815115,0.057834810309591575,0.048025365789703345,100.0,10.0,145,8,2026-03-16,1.0,IS7H26,38.0,2026-03-16,1.0,-0.0028082129639260406,4,NO CALL,past independent N<20; past MAE skill<=0; 80% interval/class does not clear holding hurdle Rs1350
turkey,45,495,2026-03-25,2026-05-09,38300.0,0.035901291506544385,1400.0,1,0.021856398266418456,0.0,0.017918794251310335,0.2254572187345036,0.011275091069358877,0.7632676901961375,1,0.32432432432432434,0.08783783783783784,0.5878378378378378,1,-0.02616896752328489,0.0698817640561218,0.048025365789703345,100.0,10.0,145,8,2026-03-24,1.0,IS7H26,38.0,2026-03-24,1.0,-0.0021072319926030286,4,NO CALL,past independent N<20; past MAE skill<=0; 80% interval/class does not clear holding hurdle Rs1350
turkey,45,512,2026-04-14,2026-05-29,41500.0,-0.05957096024533254,-2400.0,-1,0.014119844516423256,0.0,0.02302302866139562,0.40848806909203567,0.1931215876490969,0.3983903432588674,-1,0.2981366459627329,0.08074534161490683,0.6211180124223602,1,-0.03708981968422023,0.06532950871706675,0.05120966420064349,100.0,10.0,158,9,2026-04-13,1.0,IS7J26,31.0,2026-04-13,1.0,-0.0008459882947598057,5,NO CALL,past independent N<20; past MAE skill<=0; class confidence<0.50; 80% interval/class does not clear holding hurdle Rs1350
turkey,45,518,2026-04-21,2026-06-05,40700.0,-0.055569851154810765,-2200.0,-1,-0.004478280515857812,0.0,0.02302302866139562,0.6356109034511506,0.009977415755257924,0.35441168079359153,-1,0.2981366459627329,0.08074534161490683,0.6211180124223602,1,-0.0556879447165013,0.04673138368478568,0.05120966420064349,100.0,10.0,158,9,2026-04-20,1.0,IS7J26,28.0,2026-04-20,1.0,-0.001509681105842979,5,NO CALL,past independent N<20; past MAE skill<=0; 80% interval/class does not clear holding hurdle Rs1350
turkey,45,536,2026-05-12,2026-06-26,39400.0,-0.07371757589656756,-2800.0,-1,0.02946108760256254,0.0,0.02770292842475911,0.3488004447038896,0.00953359729489984,0.6416659580012105,1,0.2727272727272727,0.07386363636363637,0.6534090909090909,1,-0.018598954306479454,0.07752112951160453,0.04806004190904199,100.0,10.0,173,10,2026-05-11,1.0,IS7K26,19.0,2026-05-09,3.0,-0.0012245400762381786,5,NO CALL,past independent N<20; past MAE skill<=0; 80% interval/class does not clear holding hurdle Rs1350
turkey,45,542,2026-05-19,2026-07-03,38800.0,-0.05020869558274631,-1900.0,-1,0.011949449297771801,0.0,0.02770292842475911,0.4392294327065787,0.00837858418538634,0.552391983108035,1,0.2727272727272727,0.07386363636363637,0.6534090909090909,1,-0.03611059261127019,0.06000949120681379,0.04806004190904199,100.0,10.0,173,10,2026-05-18,1.0,IS7K26,19.0,2026-05-18,1.0,-0.002508019509252911,6,NO CALL,past independent N<20; past MAE skill<=0; 80% interval/class does not clear holding hurdle Rs1350
turkey,45,547,2026-05-26,2026-07-10,38500.0,-0.03974032864951411,-1500.0,-1,0.0067302033031311735,0.0,0.02770292842475911,0.47421753757692775,0.008136621148500577,0.5176458412745718,1,0.2727272727272727,0.07386363636363637,0.6534090909090909,1,-0.041329838605910815,0.05479024521217317,0.04806004190904199,100.0,10.0,173,10,2026-05-22,4.0,IS7K26,16.0,2026-05-25,1.0,-0.0029185164565798324,6,NO CALL,past independent N<20; past MAE skill<=0; 80% interval/class does not clear holding hurdle Rs1350
turkey,45,557,2026-06-15,2026-07-30,38300.0,0.018111749943046103,700.0,1,0.037408605955422135,0.0,0.02770292842475911,0.16805986005657542,0.008778422106524963,0.8231617178368996,1,0.3005464480874317,0.07103825136612021,0.6284153005464481,1,-0.010736080926842126,0.0855532928376864,0.04814468688226426,100.0,10.0,180,10,2026-06-12,3.0,IS7M26,19.0,2026-06-13,2.0,-0.0030773367418527875,6,NO CALL,past independent N<20; past MAE skill<=0; 80% interval/class does not clear holding hurdle Rs1350
turkey,45,566,2026-06-25,2026-08-10,36700.0,0.047881486233214005,1800.0,1,0.014635712715506304,0.0,0.02770292842475911,0.39827803628873987,0.1492985025395731,0.452423461171687,1,0.30434782608695654,0.07065217391304347,0.625,1,-0.03445168925068874,0.06372311468170135,0.04908740196619504,100.0,10.0,181,10,2026-06-24,1.0,IS7M26,19.0,2026-06-22,3.0,-0.003001647514951876,6,NO CALL,past independent N<20; past MAE skill<=0; class confidence<0.50; 80% interval/class does not clear holding hurdle Rs1350
turkey,45,567,2026-06-26,2026-08-10,36600.0,0.05061000088641792,1900.0,1,0.011375569781250521,0.0,0.02770292842475911,0.45540273193756925,0.12683451667105244,0.41776275139137836,-1,0.30434782608695654,0.07065217391304347,0.625,1,-0.03771183218494452,0.06046297174744557,0.04908740196619504,100.0,10.0,181,10,2026-06-25,1.0,IS7M26,19.0,2026-06-25,1.0,-0.0023232875060880953,6,NO CALL,past independent N<20; past MAE skill<=0; class confidence<0.50; 80% interval/class does not clear holding hurdle Rs1350
combined,45,340,2025-09-10,2025-10-25,38300.0,-0.11908937157043892,-4300.0,-1,-0.008009189257235157,0.0,0.009181552232979055,0.4788769149913758,0.07571116772985327,0.4454119172787708,-1,0.3132530120481928,0.1566265060240964,0.5301204819277109,1,-0.03618605528619853,0.020167676771728222,0.02817686602896338,10.0,10.0,80,5,2025-09-09,1.0,IS7U25,37.0,2025-09-09,1.0,,0,NO CALL,past independent N<20; past MAE skill<=0; class confidence<0.50; 80% interval/class does not clear holding hurdle Rs1350
combined,45,346,2025-09-18,2025-11-03,37400.0,-0.0749310174676727,-2700.0,-1,-0.02282256681826812,0.0,0.008053734807096823,0.6630089524224814,0.020109052838430858,0.31688199473908774,-1,0.30952380952380953,0.15476190476190477,0.5357142857142857,1,-0.051694229584632254,0.006049095948096016,0.028871662766364135,10.0,10.0,81,5,2025-09-17,1.0,IS7U25,45.0,2025-09-16,2.0,0.00800918925723515,1,NO CALL,past independent N<20; 80% interval/class does not clear holding hurdle Rs1350
combined,45,351,2025-09-25,2025-11-10,36300.0,-0.05667238709891086,-2000.0,-1,-0.011296972128932273,0.0,0.008053734807096823,0.38487846960045874,0.13968327193068694,0.4754382584688543,1,0.30952380952380953,0.15476190476190477,0.5357142857142857,1,-0.04016863489529641,0.01757469063743186,0.028871662766364135,10.0,10.0,81,5,2025-09-24,1.0,IS7U25,45.0,2025-09-24,1.0,0.015415878037751643,1,NO CALL,past independent N<20; class confidence<0.50; 80% interval/class does not clear holding hurdle Rs1350
combined,45,363,2025-10-10,2025-11-24,34700.0,0.008608374536600101,300.0,1,-0.007033687386668468,0.0,0.0,0.28207387221593777,0.017773910503657998,0.7001522172804041,1,0.3695652173913043,0.14130434782608695,0.4891304347826087,1,-0.03892426860332704,0.024856893829990106,0.031890581216658574,10.0,10.0,89,5,2025-10-09,1.0,IS7V25,21.0,2025-10-08,2.0,0.01404290940147851,1,NO CALL,past independent N<20; 80% interval/class does not clear holding hurdle Rs1350
combined,45,369,2025-10-17,2025-12-01,34200.0,0.01739174271186924,600.0,1,-0.009438999421011268,0.0,0.0,0.2815939609172745,0.0176001741809545,0.700805864901771,1,0.3695652173913043,0.14130434782608695,0.4891304347826087,1,-0.04132958063766984,0.022451581795647307,0.031890581216658574,10.0,10.0,89,5,2025-10-16,1.0,IS7V25,21.0,2025-10-15,2.0,0.008773760204441775,1,NO CALL,past independent N<20; 80% interval/class does not clear holding hurdle Rs1350
combined,45,372,2025-10-25,2025-12-09,34000.0,0.008784829555732811,300.0,1,-0.012928844251678083,0.0,0.0,0.34936659809291315,0.017990361647856824,0.63264304025923,1,0.3695652173913043,0.14130434782608695,0.4891304347826087,1,-0.04481942546833666,0.01896173696498049,0.031890581216658574,10.0,10.0,89,5,2025-10-24,1.0,IS7V25,21.0,2025-10-24,1.0,0.005131208279351165,1,NO CALL,past independent N<20; 80% interval/class does not clear holding hurdle Rs1350
combined,45,386,2025-11-11,2025-12-26,34300.0,0.028737609767356946,1000.0,1,-0.00017254643304368336,0.0,0.0,0.3426376080279661,0.1094599283827644,0.5479024635892695,1,0.4368932038834951,0.1262135922330097,0.4368932038834951,-1,-0.03247976340369191,0.032134670537604534,0.03230721697064822,1.0,100.0,100,6,2025-11-10,1.0,IS7X25,15.0,2025-11-10,1.0,0.0021211995241796136,2,NO CALL,past independent N<20; 80% interval/class does not clear holding hurdle Rs1350
combined,45,392,2025-11-18,2026-01-02,35200.0,0.06595796779179737,2400.0,1,-0.04863502125077654,0.0,0.0,0.3741871161633515,0.11981899675788295,0.5059938870787655,1,0.4368932038834951,0.1262135922330097,0.4368932038834951,-1,-0.08094223822142477,-0.016327804280128318,0.03230721697064822,1.0,100.0,100,6,2025-11-17,1.0,IS7X25,19.0,2025-11-17,1.0,0.0017935215302905816,2,NO CALL,past independent N<20; 80% interval/class does not clear holding hurdle Rs1350
combined,45,411,2025-12-10,2026-01-24,34300.0,0.0757725584723302,2700.0,1,-0.0026979040269001185,0.0,0.0,0.36619034452824767,0.014971686884923324,0.6188379685868289,1,0.4144144144144144,0.11711711711711711,0.46846846846846846,1,-0.05032771264290399,0.04493190458910375,0.04762980861600387,100.0,100.0,108,7,2025-12-09,1.0,IS7Z25,27.0,2025-12-09,1.0,-0.0045100463173428085,2,NO CALL,past independent N<20; past MAE skill<=0; 80% interval/class does not clear holding hurdle Rs1350
combined,45,416,2025-12-17,2026-01-31,34500.0,0.06725222700916747,2400.0,1,-0.006282194185086124,0.0,0.0,0.3595869978624684,0.024436742454989845,0.6159762596825418,1,0.4107142857142857,0.11607142857142858,0.4732142857142857,1,-0.05387121433853166,0.04130682596835941,0.04758902015344554,100.0,100.0,109,7,2025-12-16,1.0,IS7Z25,42.0,2025-12-16,1.0,-0.004308697173960291,3,NO CALL,past independent N<20; past MAE skill<=0; 80% interval/class does not clear holding hurdle Rs1350
combined,45,422,2025-12-24,2026-02-07,35400.0,0.0522815065100411,1900.0,1,-0.02493836766488286,0.0,0.0,0.4814240834810851,0.0235857431091775,0.49499017340973733,1,0.4107142857142857,0.11607142857142858,0.4732142857142857,1,-0.0725273878183284,0.022650652488562677,0.04758902015344554,100.0,100.0,109,7,2025-12-23,1.0,IS7Z25,45.0,2025-12-23,1.0,-0.004506046875072868,3,NO CALL,past independent N<20; past MAE skill<=0; class confidence<0.50; 80% interval/class does not clear holding hurdle Rs1350
combined,45,440,2026-01-15,2026-03-02,36700.0,0.008141157583699866,300.0,1,-0.01689312377490292,0.0,0.007979457157105036,0.7372514773484531,0.011577702398224818,0.25117082025332227,-1,0.3709677419354839,0.10483870967741936,0.5241935483870968,1,-0.06833063373070239,0.034544386180896544,0.05143750995579947,100.0,10.0,121,7,2026-01-14,1.0,IS7F26,45.0,2026-01-14,1.0,-0.006363530583237402,3,NO CALL,past independent N<20; past MAE skill<=0; 80% interval/class does not clear holding hurdle Rs1350
combined,45,446,2026-01-22,2026-03-09,36500.0,0.053345980705292714,2000.0,1,-0.001570744592015166,0.0,0.007979457157105036,0.6067755603670832,0.011889928991648644,0.381334510641268,-1,0.3709677419354839,0.10483870967741936,0.5241935483870968,1,-0.05300825454781463,0.0498667653637843,0.05143750995579947,100.0,10.0,121,7,2026-01-21,1.0,IS7F26,45.0,2026-01-21,1.0,-0.007240996682542862,3,NO CALL,past independent N<20; past MAE skill<=0; 80% interval/class does not clear holding hurdle Rs1350
combined,45,459,2026-02-07,2026-03-25,37300.0,0.026456569536830465,1000.0,1,0.019840250492499135,0.0,0.01442374532888625,0.24315024084226555,0.01134187603342699,0.7455078831243075,1,0.34074074074074073,0.0962962962962963,0.562962962962963,1,-0.02731325367093422,0.06699375465593249,0.047153504163433356,100.0,100.0,132,8,2026-02-06,1.0,IS7G26,33.0,2026-02-06,1.0,-0.006804823444809961,3,NO CALL,past independent N<20; past MAE skill<=0; 80% interval/class does not clear holding hurdle Rs1350
combined,45,465,2026-02-14,2026-03-31,36500.0,0.10398971352404764,4000.0,1,0.024623014429567276,0.0,0.018117693677124836,0.25999798658390244,0.011015886065336595,0.728986127350761,1,0.32857142857142857,0.09285714285714286,0.5785714285714286,1,-0.021755346247449334,0.07100137510658389,0.04637836067701661,100.0,100.0,137,8,2026-02-13,1.0,IS7G26,36.0,2026-02-10,4.0,-0.0049016038778593105,4,NO CALL,past independent N<20; past MAE skill<=0; 80% interval/class does not clear holding hurdle Rs1350
combined,45,471,2026-02-23,2026-04-09,36700.0,0.11323136644166433,4400.0,1,0.03212463609016995,0.0,0.018117693677124836,0.11264466464171924,0.011651353068038174,0.8757039822902426,1,0.32857142857142857,0.09285714285714286,0.5785714285714286,1,-0.014253724586846657,0.07850299676718656,0.04637836067701661,100.0,100.0,137,8,2026-02-20,3.0,IS7G26,36.0,2026-02-21,2.0,-0.0029332959906975334,4,NO CALL,past independent N<20; past MAE skill<=0; 80% interval/class does not clear holding hurdle Rs1350
combined,45,483,2026-03-10,2026-04-24,38800.0,0.055151820075080064,2200.0,1,0.011019970327639884,0.0,0.017918794251310335,0.28453464768097486,0.010136321873766792,0.7053290304452583,1,0.32432432432432434,0.08783783783783784,0.5878378378378378,1,-0.03404201933418927,0.05608195998946904,0.04506198966182916,100.0,100.0,145,8,2026-03-09,1.0,IS7H26,21.0,2026-03-09,1.0,-0.0007421752356433359,4,NO CALL,past independent N<20; past MAE skill<=0; 80% interval/class does not clear holding hurdle Rs1350
combined,45,489,2026-03-17,2026-05-01,38000.0,0.0587653092262516,2300.0,1,0.010725225899595655,0.0,0.017918794251310335,0.3178877738287121,0.00999458117461551,0.6721176449966724,1,0.32432432432432434,0.08783783783783784,0.5878378378378378,1,-0.034336763762233505,0.05578721556142481,0.04506198966182916,100.0,100.0,145,8,2026-03-16,1.0,IS7H26,38.0,2026-03-16,1.0,-5.028432015609374e-05,4,NO CALL,past independent N<20; past MAE skill<=0; 80% interval/class does not clear holding hurdle Rs1350
combined,45,495,2026-03-25,2026-05-09,38300.0,0.035901291506544385,1400.0,1,0.0182164260495548,0.0,0.017918794251310335,0.2418788599170682,0.010249936983515355,0.7478712030994163,1,0.32432432432432434,0.08783783783783784,0.5878378378378378,1,-0.02684556361227436,0.06327841571138396,0.04506198966182916,100.0,100.0,145,8,2026-03-24,1.0,IS7H26,38.0,2026-03-24,1.0,0.0005483551364967795,4,NO CALL,past independent N<20; 80% interval/class does not clear holding hurdle Rs1350
combined,45,512,2026-04-14,2026-05-29,41500.0,-0.05957096024533254,-2400.0,-1,0.004929701532737599,0.0,0.02302302866139562,0.34563528105238783,0.022711242909597373,0.6316534760380148,1,0.2981366459627329,0.08074534161490683,0.6211180124223602,1,-0.04379901177543218,0.05365841484090738,0.04872871330816978,100.0,100.0,158,9,2026-04-13,1.0,IS7J26,31.0,2026-04-13,1.0,0.0014782536056050857,5,NO CALL,past independent N<20; 80% interval/class does not clear holding hurdle Rs1350
combined,45,518,2026-04-21,2026-06-05,40700.0,-0.055569851154810765,-2200.0,-1,-0.02392730660390282,0.0,0.02302302866139562,0.4998760038434766,0.009950063468438512,0.49017393268808485,-1,0.2981366459627329,0.08074534161490683,0.6211180124223602,1,-0.0726560199120726,0.024801406704266962,0.04872871330816978,100.0,100.0,158,9,2026-04-20,1.0,IS7J26,28.0,2026-04-20,1.0,0.0011578558486879456,5,NO CALL,past independent N<20; class confidence<0.50; 80% interval/class does not clear holding hurdle Rs1350
combined,45,536,2026-05-12,2026-06-26,39400.0,-0.07371757589656756,-2800.0,-1,0.006345171347666162,0.0,0.02770292842475911,0.27371439385519003,0.08680601743527261,0.6394795887095374,1,0.2727272727272727,0.07386363636363637,0.6534090909090909,1,-0.0416065087539972,0.054296851449329525,0.04795168010166336,100.0,100.0,173,10,2026-05-11,1.0,IS7K26,19.0,2026-05-09,3.0,0.002242115408460088,5,NO CALL,past independent N<20; 80% interval/class does not clear holding hurdle Rs1350
combined,45,542,2026-05-19,2026-07-03,38800.0,-0.05020869558274631,-1900.0,-1,-0.01147526367583696,0.0,0.02770292842475911,0.3954221048283098,0.009180784160918127,0.5953971110107721,1,0.2727272727272727,0.07386363636363637,0.6534090909090909,1,-0.059426943777500324,0.0364764164258264,0.04795168010166336,100.0,100.0,173,10,2026-05-18,1.0,IS7K26,19.0,2026-05-18,1.0,0.0018517841922725403,6,NO CALL,past independent N<20; 80% interval/class does not clear holding hurdle Rs1350
combined,45,547,2026-05-26,2026-07-10,38500.0,-0.03974032864951411,-1500.0,-1,-0.01656808432881542,0.0,0.02770292842475911,0.4237686491692515,0.00905687513013643,0.5671744757006121,1,0.2727272727272727,0.07386363636363637,0.6534090909090909,1,-0.06451976443047878,0.03138359577284794,0.04795168010166336,100.0,100.0,173,10,2026-05-22,4.0,IS7K26,16.0,2026-05-25,1.0,0.0022701963437318645,6,NO CALL,past independent N<20; 80% interval/class does not clear holding hurdle Rs1350
combined,45,557,2026-06-15,2026-07-30,38300.0,0.018111749943046103,700.0,1,0.017670417360368198,0.0,0.02770292842475911,0.18848084800346623,0.028388249290218954,0.7831309027063148,1,0.3005464480874317,0.07103825136612021,0.6284153005464481,1,-0.02779689237333378,0.06313772709407017,0.04546730973370198,100.0,100.0,180,10,2026-06-12,3.0,IS7M26,19.0,2026-06-13,2.0,0.0028659416764436965,6,NO CALL,past independent N<20; 80% interval/class does not clear holding hurdle Rs1350
combined,45,566,2026-06-25,2026-08-10,36700.0,0.047881486233214005,1800.0,1,0.0024164560658560966,0.0,0.02770292842475911,0.37467391080500834,0.13000417539867726,0.49532191379631446,1,0.30434782608695654,0.07065217391304347,0.625,1,-0.04340794112406551,0.048240853255777705,0.04582439718992161,100.0,100.0,181,10,2026-06-24,1.0,IS7M26,19.0,2026-06-22,3.0,0.0034581207038006725,6,NO CALL,past independent N<20; class confidence<0.50; 80% interval/class does not clear holding hurdle Rs1350
combined,45,567,2026-06-26,2026-08-10,36600.0,0.05061000088641792,1900.0,1,-0.0024647350707637395,0.0,0.02770292842475911,0.4153643899748865,0.12079268719611953,0.46384292282899403,1,0.30434782608695654,0.07065217391304347,0.625,1,-0.04828913226068535,0.04335966211915787,0.04582439718992161,100.0,100.0,181,10,2026-06-25,1.0,IS7M26,19.0,2026-06-25,1.0,0.003418056679264349,6,NO CALL,past independent N<20; class confidence<0.50; 80% interval/class does not clear holding hurdle Rs1350
nonlinear,45,340,2025-09-10,2025-10-25,38300.0,-0.11908937157043892,-4300.0,-1,0.006656832666431179,0.0,0.009181552232979055,0.32359164623037795,0.12358331757309404,0.552825036196528,1,0.3132530120481928,0.1566265060240964,0.5301204819277109,1,-0.01949325329029774,0.0328069186231601,0.02615008595672892,10.0,10.0,80,5,2025-09-09,1.0,IS7U25,37.0,2025-09-09,1.0,,0,NO CALL,past independent N<20; past MAE skill<=0; 80% interval/class does not clear holding hurdle Rs1350
nonlinear,45,346,2025-09-18,2025-11-03,37400.0,-0.0749310174676727,-2700.0,-1,0.008761305463500025,0.0,0.008053734807096823,0.35840817024842103,0.08014317870121296,0.561448651050366,1,0.30952380952380953,0.15476190476190477,0.5357142857142857,1,-0.01777430676702104,0.035296917694021095,0.026535612230521068,10.0,10.0,81,5,2025-09-17,1.0,IS7U25,45.0,2025-09-16,2.0,-0.006656832666431189,1,NO CALL,past independent N<20; past MAE skill<=0; 80% interval/class does not clear holding hurdle Rs1350
nonlinear,45,351,2025-09-25,2025-11-10,36300.0,-0.05667238709891086,-2000.0,-1,-0.006628144954500592,0.0,0.008053734807096823,0.35470746816585236,0.1371204971958164,0.5081720346383312,1,0.30952380952380953,0.15476190476190477,0.5357142857142857,1,-0.03316375718502166,0.019907467276020475,0.026535612230521068,10.0,10.0,81,5,2025-09-24,1.0,IS7U25,45.0,2025-09-24,1.0,-0.007709069064965615,1,NO CALL,past independent N<20; past MAE skill<=0; 80% interval/class does not clear holding hurdle Rs1350
nonlinear,45,363,2025-10-10,2025-11-24,34700.0,0.008608374536600101,300.0,1,-0.009863803415921111,0.0,0.0,0.31746782093521564,0.017286335964210312,0.6652458431005741,1,0.3695652173913043,0.14130434782608695,0.4891304347826087,1,-0.03657001473412115,0.016842407902278932,0.026706211318200043,10.0,10.0,89,5,2025-10-09,1.0,IS7V25,21.0,2025-10-08,2.0,-0.00292999772514356,1,NO CALL,past independent N<20; past MAE skill<=0; 80% interval/class does not clear holding hurdle Rs1350
nonlinear,45,369,2025-10-17,2025-12-01,34200.0,0.01739174271186924,600.0,1,-0.03321290263468317,0.0,0.0,0.48622619033539793,0.016731912817681854,0.4970418968469202,1,0.3695652173913043,0.14130434782608695,0.4891304347826087,1,-0.05991911395288321,-0.006506691316483126,0.026706211318200043,10.0,10.0,89,5,2025-10-16,1.0,IS7V25,21.0,2025-10-15,2.0,-0.004663449147837936,1,NO CALL,past independent N<20; past MAE skill<=0; class confidence<0.50; 80% interval/class does not clear holding hurdle Rs1350
nonlinear,45,372,2025-10-25,2025-12-09,34000.0,0.008784829555732811,300.0,1,-0.025616643028728726,0.0,0.0,0.4621703007327412,0.017335346080234997,0.5204943531870239,1,0.3695652173913043,0.14130434782608695,0.4891304347826087,1,-0.052322854346928765,0.0010895682894713175,0.026706211318200043,10.0,10.0,89,5,2025-10-24,1.0,IS7V25,21.0,2025-10-24,1.0,-0.010373339845206983,1,NO CALL,past independent N<20; past MAE skill<=0; 80% interval/class does not clear holding hurdle Rs1350
nonlinear,45,386,2025-11-11,2025-12-26,34300.0,0.028737609767356946,1000.0,1,-0.010983410987020048,0.0,0.0,0.3491021121182321,0.11427598281829494,0.536621905063473,1,0.4368932038834951,0.1262135922330097,0.4368932038834951,-1,-0.05858479862235149,0.036617976648311394,0.04760138763533144,100.0,100.0,100,6,2025-11-10,1.0,IS7X25,15.0,2025-11-10,1.0,-0.012913890375793949,2,NO CALL,past independent N<20; past MAE skill<=0; 80% interval/class does not clear holding hurdle Rs1350
nonlinear,45,392,2025-11-18,2026-01-02,35200.0,0.06595796779179737,2400.0,1,-0.023808855149443656,0.0,0.0,0.3868506715444073,0.1319905722299428,0.4811587562256499,1,0.4368932038834951,0.1262135922330097,0.4368932038834951,-1,-0.07141024278477509,0.023792532485887787,0.04760138763533144,100.0,100.0,100,6,2025-11-17,1.0,IS7X25,19.0,2025-11-17,1.0,-0.012638107605969097,2,NO CALL,past independent N<20; past MAE skill<=0; class confidence<0.50; 80% interval/class does not clear holding hurdle Rs1350
nonlinear,45,411,2025-12-10,2026-01-24,34300.0,0.0757725584723302,2700.0,1,-0.01022392899321805,0.0,0.0,0.394129755371638,0.0236755678164524,0.5821946768119095,1,0.4144144144144144,0.11711711711711711,0.46846846846846846,1,-0.05605560698195129,0.03560774899551519,0.04583167798873324,100.0,100.0,108,7,2025-12-09,1.0,IS7Z25,27.0,2025-12-09,1.0,-0.01403445104890342,2,NO CALL,past independent N<20; past MAE skill<=0; 80% interval/class does not clear holding hurdle Rs1350
nonlinear,45,416,2025-12-17,2026-01-31,34500.0,0.06725222700916747,2400.0,1,-0.01551990039786488,0.0,0.0,0.3858174920474883,0.0540851843313323,0.5600973236211796,1,0.4107142857142857,0.11607142857142858,0.4732142857142857,1,-0.06087529245128076,0.029835491655550998,0.04535539205341588,100.0,100.0,109,7,2025-12-16,1.0,IS7Z25,42.0,2025-12-16,1.0,-0.013611059709382818,3,NO CALL,past independent N<20; past MAE skill<=0; 80% interval/class does not clear holding hurdle Rs1350
nonlinear,45,422,2025-12-24,2026-02-07,35400.0,0.0522815065100411,1900.0,1,-0.030273804777951017,0.0,0.0,0.49562346244346445,0.038682595514884816,0.4656939420416507,-1,0.4107142857142857,0.11607142857142858,0.4732142857142857,1,-0.0756291968313669,0.01508158727546486,0.04535539205341588,100.0,100.0,109,7,2025-12-23,1.0,IS7Z25,45.0,2025-12-23,1.0,-0.013801943778231011,3,NO CALL,past independent N<20; past MAE skill<=0; class confidence<0.50; 80% interval/class does not clear holding hurdle Rs1350
nonlinear,45,440,2026-01-15,2026-03-02,36700.0,0.008141157583699866,300.0,1,-0.026156689079316345,0.0,0.007979457157105036,0.5570014960365189,0.013159099393639115,0.42983940456984193,-1,0.3709677419354839,0.10483870967741936,0.5241935483870968,1,-0.07526633931641383,0.022952961157781133,0.04910965023709748,100.0,100.0,121,7,2026-01-14,1.0,IS7F26,45.0,2026-01-14,1.0,-0.015299385687296468,3,NO CALL,past independent N<20; past MAE skill<=0; 80% interval/class does not clear holding hurdle Rs1350
nonlinear,45,446,2026-01-22,2026-03-09,36500.0,0.053345980705292714,2000.0,1,-0.007110146463144323,0.0,0.007979457157105036,0.4367180299476921,0.0136529580613554,0.5496290119909525,1,0.3709677419354839,0.10483870967741936,0.5241935483870968,1,-0.0562197967002418,0.04199950377395316,0.04910965023709748,100.0,100.0,121,7,2026-01-21,1.0,IS7F26,45.0,2026-01-21,1.0,-0.01620416096996479,3,NO CALL,past independent N<20; past MAE skill<=0; 80% interval/class does not clear holding hurdle Rs1350
nonlinear,45,459,2026-02-07,2026-03-25,37300.0,0.026456569536830465,1000.0,1,0.020110259974200434,0.0,0.01442374532888625,0.24220561223785755,0.01129574987365159,0.7464986378884908,1,0.34074074074074073,0.0962962962962963,0.562962962962963,1,-0.02754504323483721,0.06776556318323808,0.047655303209037644,100.0,100.0,132,8,2026-02-06,1.0,IS7G26,33.0,2026-02-06,1.0,-0.015504621392517057,3,NO CALL,past independent N<20; past MAE skill<=0; 80% interval/class does not clear holding hurdle Rs1350
nonlinear,45,465,2026-02-14,2026-03-31,36500.0,0.10398971352404764,4000.0,1,0.02392030960003482,0.0,0.018117693677124836,0.26643083153648195,0.010975559122438984,0.7225936093410792,1,0.32857142857142857,0.09285714285714286,0.5785714285714286,1,-0.022432034395813413,0.07027265359588306,0.046352343995848234,100.0,100.0,137,8,2026-02-13,1.0,IS7G26,36.0,2026-02-10,4.0,-0.012960701294894385,4,NO CALL,past independent N<20; past MAE skill<=0; 80% interval/class does not clear holding hurdle Rs1350
nonlinear,45,471,2026-02-23,2026-04-09,36700.0,0.11323136644166433,4400.0,1,0.0316336306102042,0.0,0.018117693677124836,0.11926411485179099,0.01159893678518995,0.8691369483630189,1,0.32857142857142857,0.09285714285714286,0.5785714285714286,1,-0.014718713385644032,0.07798597460605244,0.046352343995848234,100.0,100.0,137,8,2026-02-20,3.0,IS7G26,36.0,2026-02-21,2.0,-0.010501967235232439,4,NO CALL,past independent N<20; past MAE skill<=0; 80% interval/class does not clear holding hurdle Rs1350
nonlinear,45,483,2026-03-10,2026-04-24,38800.0,0.055151820075080064,2200.0,1,0.01474284914119749,0.0,0.017918794251310335,0.26542762272593223,0.010051247548717866,0.7245211297253499,1,0.32432432432432434,0.08783783783783784,0.5878378378378378,1,-0.03037344256216933,0.05985914084456431,0.04511629170336682,100.0,100.0,145,8,2026-03-09,1.0,IS7H26,21.0,2026-03-09,1.0,-0.007868492369892663,4,NO CALL,past independent N<20; past MAE skill<=0; 80% interval/class does not clear holding hurdle Rs1350
nonlinear,45,489,2026-03-17,2026-05-01,38000.0,0.0587653092262516,2300.0,1,0.013307072826742795,0.0,0.017918794251310335,0.30670265022645227,0.009905443610253015,0.6833919061632948,1,0.32432432432432434,0.08783783783783784,0.5878378378378378,1,-0.031809218876624024,0.058423364530109614,0.04511629170336682,100.0,100.0,145,8,2026-03-16,1.0,IS7H26,38.0,2026-03-16,1.0,-0.006538413457475599,4,NO CALL,past independent N<20; past MAE skill<=0; 80% interval/class does not clear holding hurdle Rs1350
nonlinear,45,495,2026-03-25,2026-05-09,38300.0,0.035901291506544385,1400.0,1,0.01947770407674844,0.0,0.017918794251310335,0.23796548304027768,0.010191362981795477,0.7518431539779269,1,0.32432432432432434,0.08783783783783784,0.5878378378378378,1,-0.02563858762661838,0.06459399578011527,0.04511629170336682,100.0,100.0,145,8,2026-03-24,1.0,IS7H26,38.0,2026-03-24,1.0,-0.005435886441685696,4,NO CALL,past independent N<20; past MAE skill<=0; 80% interval/class does not clear holding hurdle Rs1350
nonlinear,45,512,2026-04-14,2026-05-29,41500.0,-0.05957096024533254,-2400.0,-1,0.009640917530060033,0.0,0.02302302866139562,0.3149376430532875,0.023685753465698026,0.6613766034810145,1,0.2981366459627329,0.08074534161490683,0.6211180124223602,1,-0.03836665705370959,0.05764849211382965,0.04800757458376962,100.0,100.0,158,9,2026-04-13,1.0,IS7J26,31.0,2026-04-13,1.0,-0.004124644835452329,5,NO CALL,past independent N<20; past MAE skill<=0; 80% interval/class does not clear holding hurdle Rs1350
nonlinear,45,518,2026-04-21,2026-06-05,40700.0,-0.055569851154810765,-2200.0,-1,-0.023535378636759016,0.0,0.02302302866139562,0.49771803049202845,0.00996771592491513,0.49231425358305636,-1,0.2981366459627329,0.08074534161490683,0.6211180124223602,1,-0.07154295322052864,0.024472195947010604,0.04800757458376962,100.0,100.0,158,9,2026-04-20,1.0,IS7J26,28.0,2026-04-20,1.0,-0.004400458470182715,5,NO CALL,past independent N<20; past MAE skill<=0; class confidence<0.50; 80% interval/class does not clear holding hurdle Rs1350
nonlinear,45,536,2026-05-12,2026-06-26,39400.0,-0.07371757589656756,-2800.0,-1,0.009078822799208386,0.0,0.02770292842475911,0.26026118576014007,0.08624092886088397,0.653497885378976,1,0.2727272727272727,0.07386363636363637,0.6534090909090909,1,-0.03777132385920047,0.055928969457617245,0.04685014665840886,100.0,100.0,173,10,2026-05-11,1.0,IS7K26,19.0,2026-05-09,3.0,-0.0030701805127092904,5,NO CALL,past independent N<20; past MAE skill<=0; 80% interval/class does not clear holding hurdle Rs1350
nonlinear,45,542,2026-05-19,2026-07-03,38800.0,-0.05020869558274631,-1900.0,-1,-0.011883725140243979,0.0,0.02770292842475911,0.39141077011876024,0.009195972803225165,0.5993932570780145,1,0.2727272727272727,0.07386363636363637,0.6534090909090909,1,-0.05873387179865284,0.03496642151816488,0.04685014665840886,100.0,100.0,173,10,2026-05-18,1.0,IS7K26,19.0,2026-05-18,1.0,-0.003343300616641072,6,NO CALL,past independent N<20; past MAE skill<=0; 80% interval/class does not clear holding hurdle Rs1350
nonlinear,45,547,2026-05-26,2026-07-10,38500.0,-0.03974032864951411,-1500.0,-1,-0.016617117862755777,0.0,0.02770292842475911,0.4253237750743627,0.00904507983828447,0.5656311450873528,1,0.2727272727272727,0.07386363636363637,0.6534090909090909,1,-0.06346726452116463,0.03023302879565308,0.04685014665840886,100.0,100.0,173,10,2026-05-22,4.0,IS7K26,16.0,2026-05-25,1.0,-0.0026812560185156403,6,NO CALL,past independent N<20; past MAE skill<=0; 80% interval/class does not clear holding hurdle Rs1350
nonlinear,45,557,2026-06-15,2026-07-30,38300.0,0.018111749943046103,700.0,1,0.02083968380894657,0.0,0.02770292842475911,0.1713598270994729,0.028824632513311216,0.7998155403872158,1,0.3005464480874317,0.07103825136612021,0.6284153005464481,1,-0.024894523890778276,0.06657389150867142,0.045734207699724846,100.0,100.0,180,10,2026-06-12,3.0,IS7M26,19.0,2026-06-13,2.0,-0.0018771571067959791,6,NO CALL,past independent N<20; past MAE skill<=0; 80% interval/class does not clear holding hurdle Rs1350
nonlinear,45,566,2026-06-25,2026-08-10,36700.0,0.047881486233214005,1800.0,1,-0.0007250933140970865,0.0,0.02770292842475911,0.3929988390714976,0.1266091316132439,0.48039202931525843,1,0.30434782608695654,0.07065217391304347,0.625,1,-0.046363523747107886,0.04491333711891372,0.0456384304330108,100.0,100.0,181,10,2026-06-24,1.0,IS7M26,19.0,2026-06-22,3.0,-0.0011867181794383216,6,NO CALL,past independent N<20; past MAE skill<=0; class confidence<0.50; 80% interval/class does not clear holding hurdle Rs1350
nonlinear,45,567,2026-06-26,2026-08-10,36600.0,0.05061000088641792,1900.0,1,-0.006962043509344155,0.0,0.02770292842475911,0.4408993966027529,0.11686334786404447,0.4422372555332026,1,0.30434782608695654,0.07065217391304347,0.625,1,-0.05260047394235495,0.03867638692366665,0.0456384304330108,100.0,100.0,181,10,2026-06-25,1.0,IS7M26,19.0,2026-06-25,1.0,-0.0011689633769251945,6,NO CALL,past independent N<20; past MAE skill<=0; class confidence<0.50; 80% interval/class does not clear holding hurdle Rs1350
baseline,60,351,2025-09-25,2025-11-24,36300.0,-0.03646967978139144,-1300.0,-1,0.0,0.0,-0.008141157583699885,0.5301204819277109,0.012048192771084338,0.4578313253012048,-1,0.5301204819277109,0.012048192771084338,0.4578313253012048,-1,-0.04333447116898392,0.04333447116898392,0.04333447116898392,,,80,4,2025-09-24,1.0,IS7U25,45.0,2025-09-24,1.0,,0,NO CALL,baseline model
baseline,60,363,2025-10-10,2025-12-09,34700.0,-0.011594332780919257,-400.0,-1,0.0,0.0,-0.008141157583699885,0.5357142857142857,0.011904761904761904,0.4523809523809524,-1,0.5357142857142857,0.011904761904761904,0.4523809523809524,-1,-0.04278727520520898,0.04278727520520898,0.04278727520520898,,,81,4,2025-10-09,1.0,IS7V25,21.0,2025-10-08,2.0,0.0,1,NO CALL,baseline model
baseline,60,369,2025-10-17,2025-12-16,34200.0,-0.002928259779088334,-100.0,-1,0.0,0.0,-0.011458615346592933,0.5517241379310345,0.011494252873563218,0.4367816091954023,-1,0.5517241379310345,0.011494252873563218,0.4367816091954023,-1,-0.05052531126421297,0.05052531126421297,0.05052531126421297,,,84,5,2025-10-16,1.0,IS7V25,21.0,2025-10-15,2.0,0.0,1,NO CALL,baseline model
baseline,60,372,2025-10-25,2025-12-24,34000.0,0.04035129552356745,1400.0,1,0.0,0.0,-0.012739025777429714,0.5714285714285714,0.01098901098901099,0.4175824175824176,-1,0.5714285714285714,0.01098901098901099,0.4175824175824176,-1,-0.06331336748820143,0.06331336748820143,0.06331336748820143,,,88,5,2025-10-24,1.0,IS7V25,21.0,2025-10-24,1.0,0.0,1,NO CALL,baseline model
baseline,60,386,2025-11-11,2026-01-10,34300.0,0.04837358428421567,1700.0,1,0.0,0.0,-0.012739025777429714,0.5806451612903226,0.010752688172043012,0.40860215053763443,-1,0.5806451612903226,0.010752688172043012,0.40860215053763443,-1,-0.06555426525740665,0.06555426525740665,0.06555426525740665,,,90,5,2025-11-10,1.0,IS7X25,15.0,2025-11-10,1.0,0.0,1,NO CALL,baseline model
baseline,60,392,2025-11-18,2026-01-17,35200.0,0.057947244045718375,2100.0,1,0.0,0.0,-0.014477798683337498,0.5979381443298969,0.010309278350515464,0.3917525773195876,-1,0.5979381443298969,0.010309278350515464,0.3917525773195876,-1,-0.06649704140092816,0.06649704140092816,0.06649704140092816,,,94,5,2025-11-17,1.0,IS7X25,19.0,2025-11-17,1.0,0.0,1,NO CALL,baseline model
baseline,60,411,2025-12-10,2026-02-09,34300.0,0.08919557880447093,3200.0,1,0.0,0.0,-0.01792633384113939,0.6213592233009708,0.009708737864077669,0.36893203883495146,-1,0.6213592233009708,0.009708737864077669,0.36893203883495146,-1,-0.06555426525740665,0.06555426525740665,0.06555426525740665,,,100,5,2025-12-09,1.0,IS7Z25,27.0,2025-12-09,1.0,0.0,1,NO CALL,baseline model
baseline,60,416,2025-12-17,2026-02-16,34500.0,0.061817431023210447,2200.0,1,0.0,0.0,-0.01788042527784841,0.6388888888888888,0.009259259259259259,0.35185185185185186,-1,0.6388888888888888,0.009259259259259259,0.35185185185185186,-1,-0.06555426525740665,0.06555426525740665,0.06555426525740665,,,105,6,2025-12-16,1.0,IS7Z25,42.0,2025-12-16,1.0,0.0,2,NO CALL,baseline model
baseline,60,422,2025-12-24,2026-02-23,35400.0,0.03606493492079587,1300.0,1,0.0,0.0,-0.017048498433546846,0.6330275229357798,0.009174311926605505,0.3577981651376147,-1,0.6330275229357798,0.009174311926605505,0.3577981651376147,-1,-0.06555426525740665,0.06555426525740665,0.06555426525740665,,,106,6,2025-12-23,1.0,IS7Z25,45.0,2025-12-23,1.0,0.0,2,NO CALL,baseline model
baseline,60,440,2026-01-15,2026-03-16,36700.0,0.02156417791584064,800.0,1,0.0,0.0,-0.012739025777429714,0.6,0.008695652173913044,0.391304347826087,-1,0.6,0.008695652173913044,0.391304347826087,-1,-0.0648636337073696,0.0648636337073696,0.0648636337073696,,,112,6,2026-01-14,1.0,IS7F26,45.0,2026-01-14,1.0,0.0,2,NO CALL,baseline model
baseline,60,446,2026-01-22,2026-03-23,36500.0,0.0481376355981545,1800.0,1,0.0,0.0,-0.011661939747842975,0.5655737704918032,0.00819672131147541,0.4262295081967213,-1,0.5655737704918032,0.00819672131147541,0.4262295081967213,-1,-0.06534899529118993,0.06534899529118993,0.06534899529118993,,,119,6,2026-01-21,1.0,IS7F26,45.0,2026-01-21,1.0,0.0,2,NO CALL,baseline model
baseline,60,459,2026-02-07,2026-04-08,37300.0,0.11629250027832226,4600.0,1,0.0,0.0,-0.011628136264381115,0.5609756097560976,0.008130081300813009,0.43089430894308944,-1,0.5609756097560976,0.008130081300813009,0.43089430894308944,-1,-0.06528057196911767,0.06528057196911767,0.06528057196911767,,,120,6,2026-02-06,1.0,IS7G26,33.0,2026-02-06,1.0,0.0,2,NO CALL,baseline model
baseline,60,465,2026-02-14,2026-04-15,36500.0,0.11625980611586202,4500.0,1,0.0,0.0,-0.008141157583699885,0.5433070866141733,0.007874015748031496,0.44881889763779526,-1,0.5433070866141733,0.007874015748031496,0.44881889763779526,-1,-0.06564341136032963,0.06564341136032963,0.06564341136032963,,,124,7,2026-02-13,1.0,IS7G26,36.0,2026-02-10,4.0,0.0,2,NO CALL,baseline model
baseline,60,471,2026-02-23,2026-04-24,36700.0,0.11079531164378327,4300.0,1,0.0,0.0,0.011096416671379672,0.518796992481203,0.007518796992481203,0.47368421052631576,-1,0.518796992481203,0.007518796992481203,0.47368421052631576,-1,-0.06559883830886813,0.06559883830886813,0.06559883830886813,,,130,7,2026-02-20,3.0,IS7G26,36.0,2026-02-21,2.0,0.0,3,NO CALL,baseline model
baseline,60,483,2026-03-10,2026-05-09,38800.0,0.022930941063916892,900.0,1,0.0,0.0,0.02051353983310303,0.49640287769784175,0.007194244604316547,0.49640287769784175,-1,0.49640287769784175,0.007194244604316547,0.49640287769784175,-1,-0.06555426525740665,0.06555426525740665,0.06555426525740665,,,136,7,2026-03-09,1.0,IS7H26,21.0,2026-03-09,1.0,0.0,3,NO CALL,baseline model
baseline,60,489,2026-03-17,2026-05-16,38000.0,0.028536307264934297,1100.0,1,0.0,0.0,0.02051353983310303,0.4928571428571429,0.007142857142857143,0.5,1,0.4928571428571429,0.007142857142857143,0.5,1,-0.06555426525740665,0.06555426525740665,0.06555426525740665,,,137,7,2026-03-16,1.0,IS7H26,38.0,2026-03-16,1.0,0.0,3,NO CALL,baseline model
baseline,60,495,2026-03-25,2026-05-25,38300.0,-0.0026143805740708207,-100.0,-1,0.0,0.0,0.02051353983310303,0.4726027397260274,0.0136986301369863,0.5136986301369864,1,0.4726027397260274,0.0136986301369863,0.5136986301369864,1,-0.06541741861326217,0.06541741861326217,0.06541741861326217,,,143,7,2026-03-24,1.0,IS7H26,38.0,2026-03-24,1.0,0.0,3,NO CALL,baseline model
baseline,60,512,2026-04-14,2026-06-15,41500.0,-0.08024353105005236,-3200.0,-1,0.0,0.0,0.02051353983310303,0.45394736842105265,0.013157894736842105,0.5328947368421053,1,0.45394736842105265,0.013157894736842105,0.5328947368421053,1,-0.06663076055531261,0.06663076055531261,0.06663076055531261,,,149,8,2026-04-13,1.0,IS7J26,31.0,2026-04-13,1.0,0.0,3,NO CALL,baseline model
baseline,60,518,2026-04-21,2026-06-20,40700.0,-0.08723476579877948,-3400.0,-1,0.0,0.0,0.02276668401441852,0.43670886075949367,0.012658227848101266,0.5506329113924051,1,0.43670886075949367,0.012658227848101266,0.5506329113924051,1,-0.07214408586648621,0.07214408586648621,0.07214408586648621,,,155,8,2026-04-20,1.0,IS7J26,28.0,2026-04-20,1.0,0.0,3,NO CALL,baseline model
baseline,60,536,2026-05-12,2026-07-11,39400.0,-0.06284790365966364,-2400.0,-1,0.0,0.0,0.023969190112996402,0.4233128834355828,0.012269938650306749,0.5644171779141104,1,0.4233128834355828,0.012269938650306749,0.5644171779141104,1,-0.0757618605402643,0.0757618605402643,0.0757618605402643,,,160,8,2026-05-11,1.0,IS7K26,19.0,2026-05-09,3.0,0.0,4,NO CALL,baseline model
baseline,60,542,2026-05-19,2026-07-18,38800.0,-0.015584731016698203,-600.0,-1,0.0,0.0,0.02666843678058247,0.40828402366863903,0.011834319526627219,0.5798816568047337,1,0.40828402366863903,0.011834319526627219,0.5798816568047337,1,-0.07136448620797103,0.07136448620797103,0.07136448620797103,,,166,8,2026-05-18,1.0,IS7K26,19.0,2026-05-18,1.0,0.0,4,NO CALL,baseline model
baseline,60,547,2026-05-26,2026-07-25,38500.0,0.0,0.0,0,0.0,0.0,0.026739561041899087,0.40229885057471265,0.017241379310344827,0.5804597701149425,1,0.40229885057471265,0.017241379310344827,0.5804597701149425,1,-0.07024994267700259,0.07024994267700259,0.07024994267700259,,,171,8,2026-05-22,4.0,IS7K26,16.0,2026-05-25,1.0,0.0,4,NO CALL,baseline model
internal,60,351,2025-09-25,2025-11-24,36300.0,-0.03646967978139144,-1300.0,-1,-0.006296334782132415,0.0,-0.008141157583699885,0.2487433918672998,0.0015715034049240439,0.7496851047277762,1,0.5301204819277109,0.012048192771084338,0.4578313253012048,-1,-0.05095694566383533,0.0383642760995705,0.044660610881702915,10.0,10.0,80,4,2025-09-24,1.0,IS7U25,45.0,2025-09-24,1.0,,0,NO CALL,past independent N<20; past MAE skill<=0; 80% interval/class does not clear holding hurdle Rs1800
internal,60,363,2025-10-10,2025-12-09,34700.0,-0.011594332780919257,-400.0,-1,-0.00801115713754318,0.0,-0.008141157583699885,0.2039106379950984,0.0015527950310559012,0.7945365669738458,1,0.5357142857142857,0.011904761904761904,0.4523809523809524,-1,-0.0523679983530808,0.03634568407799445,0.044356841215537623,10.0,10.0,81,4,2025-10-09,1.0,IS7V25,21.0,2025-10-08,2.0,0.006296334782132415,1,NO CALL,past independent N<20; 80% interval/class does not clear holding hurdle Rs1800
internal,60,369,2025-10-17,2025-12-16,34200.0,-0.002928259779088334,-100.0,-1,-0.014240399598625523,0.0,-0.011458615346592933,0.34027121852068887,0.001499250374812594,0.6582295311044984,1,0.5517241379310345,0.011494252873563218,0.4367816091954023,-1,-0.06379555532914243,0.03531475613189138,0.04955515573051691,10.0,10.0,84,5,2025-10-16,1.0,IS7V25,21.0,2025-10-15,2.0,0.007153745959837799,1,NO CALL,past independent N<20; 80% interval/class does not clear holding hurdle Rs1800
internal,60,372,2025-10-25,2025-12-24,34000.0,0.04035129552356745,1400.0,1,-0.012986086130845648,0.0,-0.012739025777429714,0.39777080313988933,0.001433349259436216,0.6007958476006745,1,0.5714285714285714,0.01098901098901099,0.4175824175824176,-1,-0.06015135124709875,0.034179178985407455,0.0471652651162531,10.0,10.0,88,5,2025-10-24,1.0,IS7V25,21.0,2025-10-24,1.0,0.0019745372930755813,1,NO CALL,past independent N<20; 80% interval/class does not clear holding hurdle Rs1800
internal,60,386,2025-11-11,2026-01-10,34300.0,0.04837358428421567,1700.0,1,-0.014782509448299357,0.0,-0.012739025777429714,0.49074228485508664,0.0014025245441795227,0.5078551906007337,1,0.5806451612903226,0.010752688172043012,0.40860215053763443,-1,-0.0649591480283569,0.03539412913175818,0.05017663858005753,10.0,10.0,90,5,2025-11-10,1.0,IS7X25,15.0,2025-11-10,1.0,-0.0017656185629047264,1,NO CALL,past independent N<20; past MAE skill<=0; 80% interval/class does not clear holding hurdle Rs1800
internal,60,392,2025-11-18,2026-01-17,35200.0,0.057947244045718375,2100.0,1,-0.05458117534727205,0.0,-0.014477798683337498,0.9031126553914798,0.001344688480502017,0.09554265612801824,-1,0.5979381443298969,0.010309278350515464,0.3917525773195876,-1,-0.10371376057934917,-0.005448590115194926,0.04913258523207712,10.0,10.0,94,5,2025-11-17,1.0,IS7X25,19.0,2025-11-17,1.0,-0.004368996739983651,1,NO CALL,past independent N<20; past MAE skill<=0
internal,60,411,2025-12-10,2026-02-09,34300.0,0.08919557880447093,3200.0,1,-0.03481978333391268,0.0,-0.01792633384113939,0.6557007907793142,0.001266357112705783,0.34303285210798007,-1,0.6213592233009708,0.009708737864077669,0.36893203883495146,-1,-0.08115660331192956,0.011517036644104202,0.046336819978016884,1.0,100.0,100,5,2025-12-09,1.0,IS7Z25,27.0,2025-12-09,1.0,-0.012737693174531717,1,NO CALL,past independent N<20; past MAE skill<=0; 80% interval/class does not clear holding hurdle Rs1800
internal,60,416,2025-12-17,2026-02-16,34500.0,0.061817431023210447,2200.0,1,-0.045558358107790825,0.0,-0.01788042527784841,0.7604942159558328,0.0012077294685990338,0.2382980545755682,-1,0.6388888888888888,0.009259259259259259,0.35185185185185186,-1,-0.09227955119707529,0.0011628349814936378,0.04672119308928446,1.0,100.0,105,6,2025-12-16,1.0,IS7Z25,42.0,2025-12-16,1.0,-0.015892277483014708,2,NO CALL,past independent N<20; past MAE skill<=0; 80% interval/class does not clear holding hurdle Rs1800
internal,60,422,2025-12-24,2026-02-23,35400.0,0.03606493492079587,1300.0,1,-0.08478370865422688,0.0,-0.017048498433546846,0.8706459201813409,0.0011966493817311533,0.12815743043692804,-1,0.6330275229357798,0.009174311926605505,0.3577981651376147,-1,-0.13180097382408712,-0.03776644348436664,0.04701726516986024,1.0,100.0,106,6,2025-12-23,1.0,IS7Z25,45.0,2025-12-23,1.0,-0.019600537561111714,2,NO CALL,past independent N<20; past MAE skill<=0
internal,60,440,2026-01-15,2026-03-16,36700.0,0.02156417791584064,800.0,1,-0.0355137675181266,0.0,-0.012739025777429714,0.726521708412492,0.0011342155009451797,0.2723440760865629,-1,0.6,0.008695652173913044,0.391304347826087,-1,-0.08932306014247073,0.018295525106217528,0.05380929262434413,100.0,100.0,112,6,2026-01-14,1.0,IS7F26,45.0,2026-01-14,1.0,-0.026843112127013402,2,NO CALL,past independent N<20; past MAE skill<=0; 80% interval/class does not clear holding hurdle Rs1800
internal,60,446,2026-01-22,2026-03-23,36500.0,0.0481376355981545,1800.0,1,-0.01657268546504345,0.0,-0.011661939747842975,0.599980334455218,0.001069137562366358,0.39895052798241576,-1,0.5655737704918032,0.00819672131147541,0.4262295081967213,-1,-0.07066027575651708,0.03751490482643019,0.054087590291473635,100.0,100.0,119,6,2026-01-21,1.0,IS7F26,45.0,2026-01-21,1.0,-0.027710177666124727,2,NO CALL,past independent N<20; past MAE skill<=0; 80% interval/class does not clear holding hurdle Rs1800
internal,60,459,2026-02-07,2026-04-08,37300.0,0.11629250027832226,4600.0,1,-0.007128738899355933,0.0,-0.011628136264381115,0.5395779710450861,0.0010604453870625666,0.45936158356785134,-1,0.5609756097560976,0.008130081300813009,0.43089430894308944,-1,-0.06129143486064852,0.04703395706193665,0.054162695961292584,100.0,100.0,120,6,2026-02-06,1.0,IS7G26,33.0,2026-02-06,1.0,-0.026697678375117335,2,NO CALL,past independent N<20; past MAE skill<=0; 80% interval/class does not clear holding hurdle Rs1800
internal,60,465,2026-02-14,2026-04-15,36500.0,0.11625980611586202,4500.0,1,0.009929507663455767,0.0,-0.008141157583699885,0.4550317517952579,0.0010270455323519343,0.5439412026723903,1,0.5433070866141733,0.007874015748031496,0.44881889763779526,-1,-0.04715175313503125,0.06701076846194279,0.057081260798487014,100.0,100.0,124,7,2026-02-13,1.0,IS7G26,36.0,2026-02-10,4.0,-0.025066933418803894,2,NO CALL,past independent N<20; past MAE skill<=0; 80% interval/class does not clear holding hurdle Rs1800
internal,60,471,2026-02-23,2026-04-24,36700.0,0.11079531164378327,4300.0,1,0.020957276030459014,0.0,0.011096416671379672,0.3620089815045513,0.0009807126511932002,0.6370103058442554,1,0.518796992481203,0.007518796992481203,0.47368421052631576,-1,-0.03560067640194447,0.07751522846286249,0.05655795243240348,100.0,100.0,130,7,2026-02-20,3.0,IS7G26,36.0,2026-02-21,2.0,-0.02237489948939931,3,NO CALL,past independent N<20; past MAE skill<=0; 80% interval/class does not clear holding hurdle Rs1800
internal,60,483,2026-03-10,2026-05-09,38800.0,0.022930941063916892,900.0,1,0.016303653727779373,0.0,0.02051353983310303,0.28952022790582,0.0009383797309978105,0.7095413923631821,1,0.49640287769784175,0.007194244604316547,0.49640287769784175,-1,-0.03866215564538831,0.07126946310094706,0.05496580937316768,100.0,100.0,136,7,2026-03-09,1.0,IS7H26,21.0,2026-03-09,1.0,-0.01927974409512371,3,NO CALL,past independent N<20; past MAE skill<=0; 80% interval/class does not clear holding hurdle Rs1800
internal,60,489,2026-03-17,2026-05-16,38000.0,0.028536307264934297,1100.0,1,0.011764764817290942,0.0,0.02051353983310303,0.38495621484132975,0.0009316770186335405,0.6141121081400367,1,0.4928571428571429,0.007142857142857143,0.5,1,-0.04393374515373645,0.06746327478831833,0.05569850997102739,100.0,100.0,137,7,2026-03-16,1.0,IS7H26,38.0,2026-03-16,1.0,-0.016907517573596834,3,NO CALL,past independent N<20; past MAE skill<=0; 80% interval/class does not clear holding hurdle Rs1800
internal,60,495,2026-03-25,2026-05-25,38300.0,-0.0026143805740708207,-100.0,-1,0.019678119043260913,0.0,0.02051353983310303,0.23509159741995056,0.04171360301809943,0.7231947995619501,1,0.4726027397260274,0.0136986301369863,0.5136986301369864,1,-0.033705197533250894,0.07306143561977273,0.05338331657651181,100.0,100.0,143,7,2026-03-24,1.0,IS7H26,38.0,2026-03-24,1.0,-0.015115499924166345,3,NO CALL,past independent N<20; past MAE skill<=0; 80% interval/class does not clear holding hurdle Rs1800
internal,60,512,2026-04-14,2026-06-15,41500.0,-0.08024353105005236,-3200.0,-1,0.03016930942019254,0.0,0.02051353983310303,0.19175351325288464,0.04723989258073547,0.7610065941663798,1,0.45394736842105265,0.013157894736842105,0.5328947368421053,1,-0.026697509056393898,0.08703612789677898,0.056866818476586437,100.0,100.0,149,8,2026-04-13,1.0,IS7J26,31.0,2026-04-13,1.0,-0.015383889284113085,3,NO CALL,past independent N<20; past MAE skill<=0; 80% interval/class does not clear holding hurdle Rs1800
internal,60,518,2026-04-21,2026-06-20,40700.0,-0.08723476579877948,-3400.0,-1,0.01657853432014396,0.0,0.02276668401441852,0.3089004319214392,0.03762475719135021,0.6534748108872106,1,0.43670886075949367,0.012658227848101266,0.5506329113924051,1,-0.043506696229857436,0.07666376487014535,0.060085230550001395,100.0,100.0,155,8,2026-04-20,1.0,IS7J26,28.0,2026-04-20,1.0,-0.016205301513895272,3,NO CALL,past independent N<20; past MAE skill<=0; 80% interval/class does not clear holding hurdle Rs1800
internal,60,536,2026-05-12,2026-07-11,39400.0,-0.06284790365966364,-2400.0,-1,0.0365900649735521,0.0,0.023969190112996402,0.28544539362687,0.0033136866975218694,0.7112409196756081,1,0.4233128834355828,0.012269938650306749,0.5644171779141104,1,-0.026309270329643232,0.09948940027674744,0.06289933530319533,100.0,100.0,160,8,2026-05-11,1.0,IS7K26,19.0,2026-05-09,3.0,-0.0162249453458031,4,NO CALL,past independent N<20; past MAE skill<=0; 80% interval/class does not clear holding hurdle Rs1800
internal,60,542,2026-05-19,2026-07-18,38800.0,-0.015584731016698203,-600.0,-1,0.007234703966719049,0.0,0.02666843678058247,0.38986486463184905,0.012752730412589118,0.5973824049555619,1,0.40828402366863903,0.011834319526627219,0.5798816568047337,1,-0.054677579344523185,0.06914698727796129,0.06191228331124223,100.0,100.0,166,8,2026-05-18,1.0,IS7K26,19.0,2026-05-18,1.0,-0.017243201327190552,4,NO CALL,past independent N<20; past MAE skill<=0; 80% interval/class does not clear holding hurdle Rs1800
internal,60,547,2026-05-26,2026-07-25,38500.0,0.0,0.0,0,-0.0010629324875757922,0.0,0.026739561041899087,0.4118664381605311,0.023333191477094162,0.5648003703623747,1,0.40229885057471265,0.017241379310344827,0.5804597701149425,1,-0.06131294113715691,0.05918707616200532,0.06025000864958111,100.0,100.0,171,8,2026-05-22,4.0,IS7K26,16.0,2026-05-25,1.0,-0.01676660621478715,4,NO CALL,past independent N<20; past MAE skill<=0; 80% interval/class does not clear holding hurdle Rs1800
local,60,351,2025-09-25,2025-11-24,36300.0,-0.03646967978139144,-1300.0,-1,-0.022735850197952927,0.0,-0.008141157583699885,0.36385973011662603,0.001571503404924044,0.6345687664784498,1,0.5301204819277109,0.012048192771084338,0.4578313253012048,-1,-0.05049552970145812,0.0050238293055522645,0.02775967950350519,10.0,10.0,80,4,2025-09-24,1.0,IS7U25,45.0,2025-09-24,1.0,,0,NO CALL,past independent N<20; past MAE skill<=0; 80% interval/class does not clear holding hurdle Rs1800
local,60,363,2025-10-10,2025-12-09,34700.0,-0.011594332780919257,-400.0,-1,-0.020224424172567677,0.0,-0.008141157583699885,0.2779807430092346,0.0015527950310559014,0.7204664619597095,1,0.5357142857142857,0.011904761904761904,0.4523809523809524,-1,-0.04796738716451216,0.007518538819376808,0.027742962991944484,10.0,10.0,81,4,2025-10-09,1.0,IS7V25,21.0,2025-10-08,2.0,0.022735850197952927,1,NO CALL,past independent N<20; 80% interval/class does not clear holding hurdle Rs1800
local,60,369,2025-10-17,2025-12-16,34200.0,-0.002928259779088334,-100.0,-1,-0.010049763188361663,0.0,-0.011458615346592933,0.20110786297720287,0.0014992503748125947,0.7973928866479846,1,0.5517241379310345,0.011494252873563218,0.4367816091954023,-1,-0.03858551332108278,0.018485986944359455,0.028535750132721117,10.0,10.0,84,5,2025-10-16,1.0,IS7V25,21.0,2025-10-15,2.0,0.012850045793611882,1,NO CALL,past independent N<20; 80% interval/class does not clear holding hurdle Rs1800
local,60,372,2025-10-25,2025-12-24,34000.0,0.04035129552356745,1400.0,1,-0.016219548989041096,0.0,-0.012739025777429714,0.382890261390802,0.0014333492594362164,0.6156763893497618,1,0.5714285714285714,0.01098901098901099,0.4175824175824176,-1,-0.045463624261315685,0.013024526283233494,0.02924407527227459,10.0,10.0,88,5,2025-10-24,1.0,IS7V25,21.0,2025-10-24,1.0,0.007168949319012923,1,NO CALL,past independent N<20; 80% interval/class does not clear holding hurdle Rs1800
local,60,386,2025-11-11,2026-01-10,34300.0,0.04837358428421567,1700.0,1,-0.02567200313236172,0.0,-0.012739025777429714,0.6375100189316787,0.0014025245441795227,0.3610874565241417,-1,0.5806451612903226,0.010752688172043012,0.40860215053763443,-1,-0.060462900891483554,0.009118894626760108,0.03479089775912183,10.0,10.0,90,5,2025-11-10,1.0,IS7X25,15.0,2025-11-10,1.0,0.001321824741999416,1,NO CALL,past independent N<20; 80% interval/class does not clear holding hurdle Rs1800
local,60,392,2025-11-18,2026-01-17,35200.0,0.057947244045718375,2100.0,1,-0.07788439885819942,0.0,-0.014477798683337498,0.9578322458718787,0.0010812244648236247,0.04108652966329774,-1,0.5979381443298969,0.010309278350515464,0.3917525773195876,-1,-0.11877606473419497,-0.036992732982203874,0.04089166587599555,10.0,10.0,94,5,2025-11-17,1.0,IS7X25,19.0,2025-11-17,1.0,-0.0040769408328728135,1,NO CALL,past independent N<20; past MAE skill<=0
local,60,411,2025-12-10,2026-02-09,34300.0,0.08919557880447093,3200.0,1,-0.06793903406527291,0.0,-0.01792633384113939,0.7888478540198947,0.001266357112705783,0.20988578886739964,-1,0.6213592233009708,0.009708737864077669,0.36893203883495146,-1,-0.10498179200222754,-0.030896276128318273,0.037042757936954634,10.0,100.0,100,5,2025-12-09,1.0,IS7Z25,27.0,2025-12-09,1.0,-0.01637818383709392,1,NO CALL,past independent N<20; past MAE skill<=0
local,60,416,2025-12-17,2026-02-16,34500.0,0.061817431023210447,2200.0,1,-0.07546385189940175,0.0,-0.01788042527784841,0.9126339601399147,0.001207729468599034,0.08615831039148614,-1,0.6388888888888888,0.009259259259259259,0.35185185185185186,-1,-0.11124779242253302,-0.03967991137627047,0.035783940523131275,10.0,100.0,105,6,2025-12-16,1.0,IS7Z25,42.0,2025-12-16,1.0,-0.02374401958397663,2,NO CALL,past independent N<20; past MAE skill<=0
local,60,422,2025-12-24,2026-02-23,35400.0,0.03606493492079587,1300.0,1,-0.1166907355070115,0.0,-0.017048498433546846,0.9560061004908844,0.0010998474877278916,0.04289405202138777,-1,0.6330275229357798,0.009174311926605505,0.3577981651376147,-1,-0.15283579235384973,-0.08054567866017329,0.03614505684683821,10.0,100.0,106,6,2025-12-23,1.0,IS7Z25,45.0,2025-12-23,1.0,-0.030208998623404773,2,NO CALL,past independent N<20; past MAE skill<=0
local,60,440,2026-01-15,2026-03-16,36700.0,0.02156417791584064,800.0,1,-0.050441999734428096,0.0,-0.012739025777429714,0.8848657115019486,0.0011342155009451795,0.11400007299710618,-1,0.6,0.008695652173913044,0.391304347826087,-1,-0.10158224829779369,0.0006982488289374936,0.05114024856336559,100.0,100.0,112,6,2026-01-14,1.0,IS7F26,45.0,2026-01-14,1.0,-0.03981808049936107,2,NO CALL,past independent N<20; past MAE skill<=0; 80% interval/class does not clear holding hurdle Rs1800
local,60,446,2026-01-22,2026-03-23,36500.0,0.0481376355981545,1800.0,1,-0.02432186427737788,0.0,-0.011661939747842975,0.7063236646289441,0.0010691375623663579,0.29260719780868943,-1,0.5655737704918032,0.00819672131147541,0.4262295081967213,-1,-0.07891624261554359,0.030272514060787823,0.0545943783381657,100.0,100.0,119,6,2026-01-21,1.0,IS7F26,45.0,2026-01-21,1.0,-0.040880472422867783,2,NO CALL,past independent N<20; past MAE skill<=0; 80% interval/class does not clear holding hurdle Rs1800
local,60,459,2026-02-07,2026-04-08,37300.0,0.11629250027832226,4600.0,1,-0.007724882293998107,0.0,-0.011628136264381115,0.5274025127525814,0.0010604453870625664,0.47153704186035594,-1,0.5609756097560976,0.008130081300813009,0.43089430894308944,-1,-0.061777739885338086,0.046327975297341874,0.05405285759133998,100.0,100.0,120,6,2026-02-06,1.0,IS7G26,33.0,2026-02-06,1.0,-0.039375144409641426,2,NO CALL,past independent N<20; past MAE skill<=0; 80% interval/class does not clear holding hurdle Rs1800
local,60,465,2026-02-14,2026-04-15,36500.0,0.11625980611586202,4500.0,1,0.011956214252185652,0.0,-0.008141157583699885,0.4528139430408029,0.0010270455323519343,0.5461590114268451,1,0.5433070866141733,0.007874015748031496,0.44881889763779526,-1,-0.04685000131621788,0.07076242982058918,0.058806215568403535,100.0,100.0,124,7,2026-02-13,1.0,IS7G26,36.0,2026-02-10,4.0,-0.03673762256667114,2,NO CALL,past independent N<20; past MAE skill<=0; 80% interval/class does not clear holding hurdle Rs1800
local,60,471,2026-02-23,2026-04-24,36700.0,0.11079531164378327,4300.0,1,0.020612796434069876,0.0,0.011096416671379672,0.3205290430215755,0.0009807126511932002,0.6784902443272313,1,0.518796992481203,0.007518796992481203,0.47368421052631576,-1,-0.038040960677716215,0.07926655354585596,0.05865375711178609,100.0,100.0,130,7,2026-02-20,3.0,IS7G26,36.0,2026-02-21,2.0,-0.03299194281137446,3,NO CALL,past independent N<20; past MAE skill<=0; 80% interval/class does not clear holding hurdle Rs1800
local,60,483,2026-03-10,2026-05-09,38800.0,0.022930941063916892,900.0,1,0.012409343121416387,0.0,0.02051353983310303,0.24243215765812326,0.0009383797309978105,0.7566294626108789,1,0.49640287769784175,0.007194244604316547,0.49640287769784175,-1,-0.04444549254265704,0.06926417878548982,0.05685483566407343,100.0,100.0,136,7,2026-03-09,1.0,IS7H26,21.0,2026-03-09,1.0,-0.029163032865271284,3,NO CALL,past independent N<20; past MAE skill<=0; 80% interval/class does not clear holding hurdle Rs1800
local,60,489,2026-03-17,2026-05-16,38000.0,0.028536307264934297,1100.0,1,0.010367411099047841,0.0,0.02051353983310303,0.3630275928779216,0.0009316770186335405,0.636040730103445,1,0.4928571428571429,0.007142857142857143,0.5,1,-0.04648345134540556,0.06721827354350124,0.0568508624444534,100.0,100.0,137,7,2026-03-16,1.0,IS7H26,38.0,2026-03-16,1.0,-0.026391541132825436,3,NO CALL,past independent N<20; past MAE skill<=0; 80% interval/class does not clear holding hurdle Rs1800
local,60,495,2026-03-25,2026-05-25,38300.0,-0.0026143805740708207,-100.0,-1,0.01619262556421223,0.0,0.02051353983310303,0.17095036794038676,0.046791041573262644,0.7822585904863506,1,0.4726027397260274,0.0136986301369863,0.5136986301369864,1,-0.037040844623552144,0.06942609575197661,0.05323347018776438,100.0,100.0,143,7,2026-03-24,1.0,IS7H26,38.0,2026-03-24,1.0,-0.024094106618333375,3,NO CALL,past independent N<20; past MAE skill<=0; 80% interval/class does not clear holding hurdle Rs1800
local,60,512,2026-04-14,2026-06-15,41500.0,-0.08024353105005236,-3200.0,-1,0.026845146469972714,0.0,0.02051353983310303,0.10294094937350234,0.0437487072079724,0.8533103434185252,1,0.45394736842105265,0.013157894736842105,0.5328947368421053,1,-0.03366704590179813,0.08735733884174356,0.06051219237177084,100.0,100.0,149,8,2026-04-13,1.0,IS7J26,31.0,2026-04-13,1.0,-0.02362931361514977,3,NO CALL,past independent N<20; past MAE skill<=0; 80% interval/class does not clear holding hurdle Rs1800
local,60,518,2026-04-21,2026-06-20,40700.0,-0.08723476579877948,-3400.0,-1,0.006833528962852677,0.0,0.02276668401441852,0.30949588803104766,0.024485787449273568,0.6660183245196787,1,0.43670886075949367,0.012658227848101266,0.5506329113924051,1,-0.05360367860153763,0.06727073652724298,0.060437207564390305,100.0,100.0,155,8,2026-04-20,1.0,IS7J26,28.0,2026-04-20,1.0,-0.023807970995973267,3,NO CALL,past independent N<20; past MAE skill<=0; 80% interval/class does not clear holding hurdle Rs1800
local,60,536,2026-05-12,2026-07-11,39400.0,-0.06284790365966364,-2400.0,-1,0.0182080643701407,0.0,0.023969190112996402,0.38020800706539437,0.001592046414885012,0.6181999465197207,1,0.4233128834355828,0.012269938650306749,0.5644171779141104,1,-0.04221882662149426,0.07863495536177566,0.06042689099163496,100.0,100.0,160,8,2026-05-11,1.0,IS7K26,19.0,2026-05-09,3.0,-0.02291457931001957,4,NO CALL,past independent N<20; past MAE skill<=0; 80% interval/class does not clear holding hurdle Rs1800
local,60,542,2026-05-19,2026-07-18,38800.0,-0.015584731016698203,-600.0,-1,-0.00650674666338136,0.0,0.02666843678058247,0.47295371600443503,0.0028600705192437623,0.5241862134763212,1,0.40828402366863903,0.011834319526627219,0.5798816568047337,1,-0.06730943373445541,0.05429594040769269,0.06080268707107405,100.0,100.0,166,8,2026-05-18,1.0,IS7K26,19.0,2026-05-18,1.0,-0.022679253563025623,4,NO CALL,past independent N<20; past MAE skill<=0; 80% interval/class does not clear holding hurdle Rs1800
local,60,547,2026-05-26,2026-07-25,38500.0,0.0,0.0,0,-0.011385063168815521,0.0,0.026739561041899087,0.4825834365823642,0.021194401641423142,0.49622216177621276,1,0.40229885057471265,0.017241379310344827,0.5804597701149425,1,-0.07191773129905078,0.04914760496141975,0.060532668130235265,100.0,100.0,171,8,2026-05-22,4.0,IS7K26,16.0,2026-05-25,1.0,-0.02128944402843483,4,NO CALL,past independent N<20; past MAE skill<=0; class confidence<0.50; 80% interval/class does not clear holding hurdle Rs1800
turkey,60,351,2025-09-25,2025-11-24,36300.0,-0.03646967978139144,-1300.0,-1,-0.016651174552485864,0.0,-0.008141157583699885,0.3853906313775487,0.001571503404924044,0.6130378652175272,1,0.5301204819277109,0.012048192771084338,0.4578313253012048,-1,-0.04830396473549939,0.015001615630527664,0.03165279018301353,10.0,10.0,80,4,2025-09-24,1.0,IS7U25,45.0,2025-09-24,1.0,,0,NO CALL,past independent N<20; past MAE skill<=0; 80% interval/class does not clear holding hurdle Rs1800
turkey,60,363,2025-10-10,2025-12-09,34700.0,-0.011594332780919257,-400.0,-1,0.008120253088458044,0.0,-0.008141157583699885,0.06319812338843225,0.001404402741965161,0.9353974738696026,1,0.5357142857142857,0.011904761904761904,0.4523809523809524,-1,-0.024018845285300777,0.04025935146221686,0.03213909837375882,10.0,10.0,81,4,2025-10-09,1.0,IS7V25,21.0,2025-10-08,2.0,0.016651174552485864,1,NO CALL,past independent N<20; 80% interval/class does not clear holding hurdle Rs1800
turkey,60,369,2025-10-17,2025-12-16,34200.0,-0.002928259779088334,-100.0,-1,0.005168082641801278,0.0,-0.011458615346592933,0.07113206817104292,0.0014819180868967275,0.9273860137420603,1,0.5517241379310345,0.011494252873563218,0.4367816091954023,-1,-0.028709391054992928,0.03904555633859548,0.033877473696794204,10.0,10.0,84,5,2025-10-16,1.0,IS7V25,21.0,2025-10-15,2.0,0.0042654607320139135,1,NO CALL,past independent N<20; 80% interval/class does not clear holding hurdle Rs1800
turkey,60,372,2025-10-25,2025-12-24,34000.0,0.04035129552356745,1400.0,1,0.00018012761167330096,0.0,-0.012739025777429714,0.181787672016428,0.001433349259436216,0.8167789787241359,1,0.5714285714285714,0.01098901098901099,0.4175824175824176,-1,-0.03261044676383286,0.032970701987179454,0.03279057437550616,10.0,10.0,88,5,2025-10-24,1.0,IS7V25,21.0,2025-10-24,1.0,0.0011209462740755169,1,NO CALL,past independent N<20; 80% interval/class does not clear holding hurdle Rs1800
turkey,60,386,2025-11-11,2026-01-10,34300.0,0.04837358428421567,1700.0,1,0.0069484610196943845,0.0,-0.012739025777429714,0.21211472213163124,0.0014025245441795229,0.7864827533241892,1,0.5806451612903226,0.010752688172043012,0.40860215053763443,-1,-0.029541683633831615,0.04343860567322039,0.036490144653526,10.0,10.0,90,5,2025-11-10,1.0,IS7X25,15.0,2025-11-10,1.0,0.0008857416084749603,1,NO CALL,past independent N<20; 80% interval/class does not clear holding hurdle Rs1800
turkey,60,392,2025-11-18,2026-01-17,35200.0,0.057947244045718375,2100.0,1,-0.025609210412172536,0.0,-0.014477798683337498,0.5804782394865657,0.001344688480502017,0.41817707203293236,-1,0.5979381443298969,0.010309278350515464,0.3917525773195876,-1,-0.06249866042773998,0.011280239603394904,0.03688945001556744,10.0,10.0,94,5,2025-11-17,1.0,IS7X25,19.0,2025-11-17,1.0,0.002098285490718846,1,NO CALL,past independent N<20; 80% interval/class does not clear holding hurdle Rs1800
turkey,60,411,2025-12-10,2026-02-09,34300.0,0.08919557880447093,3200.0,1,-0.010097879260881099,0.0,-0.01792633384113939,0.4953691454995623,0.0012663571127057831,0.5033644973877319,1,0.6213592233009708,0.009708737864077669,0.36893203883495146,-1,-0.047682469423286356,0.02748671090152416,0.03758459016240526,10.0,100.0,100,5,2025-12-09,1.0,IS7Z25,27.0,2025-12-09,1.0,-0.002519630493096378,1,NO CALL,past independent N<20; past MAE skill<=0; 80% interval/class does not clear holding hurdle Rs1800
turkey,60,416,2025-12-17,2026-02-16,34500.0,0.061817431023210447,2200.0,1,-0.024698649461260932,0.0,-0.01788042527784841,0.6486514032646147,0.0012077294685990338,0.3501408672667862,-1,0.6388888888888888,0.009259259259259259,0.35185185185185186,-1,-0.061647134916608406,0.01224983599408654,0.03694848545534747,10.0,100.0,105,6,2025-12-16,1.0,IS7Z25,42.0,2025-12-16,1.0,-0.003602237459922761,2,NO CALL,past independent N<20; past MAE skill<=0; 80% interval/class does not clear holding hurdle Rs1800
turkey,60,422,2025-12-24,2026-02-23,35400.0,0.03606493492079587,1300.0,1,-0.05647010492358172,0.0,-0.017048498433546846,0.7685597577677021,0.0011966493817311531,0.23024359285056684,-1,0.6330275229357798,0.009174311926605505,0.3577981651376147,-1,-0.09302216954487223,-0.019918040302291204,0.036552064621290514,10.0,100.0,106,6,2025-12-23,1.0,IS7Z25,45.0,2025-12-23,1.0,-0.006239288960090045,2,NO CALL,past independent N<20; past MAE skill<=0
turkey,60,440,2026-01-15,2026-03-16,36700.0,0.02156417791584064,800.0,1,-0.05246195513317615,0.0,-0.012739025777429714,0.6601083320378875,0.0011342155009451795,0.3387574524611672,-1,0.6,0.008695652173913044,0.391304347826087,-1,-0.09074570025869322,-0.014178210007659085,0.03828374512551706,1.0,100.0,112,6,2026-01-14,1.0,IS7F26,45.0,2026-01-14,1.0,-0.011820490733811341,2,NO CALL,past independent N<20; past MAE skill<=0
turkey,60,446,2026-01-22,2026-03-23,36500.0,0.0481376355981545,1800.0,1,-0.021273795835857572,0.0,-0.011661939747842975,0.5875244417234683,0.0010691375623663583,0.41140642071416533,-1,0.5655737704918032,0.00819672131147541,0.4262295081967213,-1,-0.06044300190942842,0.01789541023771327,0.03916920607357084,1.0,100.0,119,6,2026-01-21,1.0,IS7F26,45.0,2026-01-21,1.0,-0.01588463717374783,2,NO CALL,past independent N<20; past MAE skill<=0; 80% interval/class does not clear holding hurdle Rs1800
turkey,60,459,2026-02-07,2026-04-08,37300.0,0.11629250027832226,4600.0,1,0.010798646653939132,0.0,-0.011628136264381115,0.4564531214394299,0.0010604453870625666,0.5424864331735075,1,0.5609756097560976,0.008130081300813009,0.43089430894308944,-1,-0.02892775886942304,0.050525052177301306,0.03972640552336217,1.0,100.0,120,6,2026-02-06,1.0,IS7G26,33.0,2026-02-06,1.0,-0.016374560688485085,2,NO CALL,past independent N<20; past MAE skill<=0; 80% interval/class does not clear holding hurdle Rs1800
turkey,60,465,2026-02-14,2026-04-15,36500.0,0.11625980611586202,4500.0,1,0.020896862123330945,0.0,-0.008141157583699885,0.4348345110455329,0.0010270455323519343,0.5641384434221152,1,0.5433070866141733,0.007874015748031496,0.44881889763779526,-1,-0.02296698276207948,0.06476070700874137,0.043863844885410425,1.0,100.0,124,7,2026-02-13,1.0,IS7G26,36.0,2026-02-10,4.0,-0.014110126743283068,2,NO CALL,past independent N<20; past MAE skill<=0; 80% interval/class does not clear holding hurdle Rs1800
turkey,60,471,2026-02-23,2026-04-24,36700.0,0.11079531164378327,4300.0,1,0.03978932848151554,0.0,0.011096416671379672,0.3261974270988885,0.0009807126511932004,0.6728218602499184,1,0.518796992481203,0.007518796992481203,0.47368421052631576,-1,-0.002955195256291711,0.0825338522193228,0.04274452373780725,1.0,100.0,130,7,2026-02-20,3.0,IS7G26,36.0,2026-02-21,2.0,-0.011417281445851211,3,NO CALL,past independent N<20; past MAE skill<=0; 80% interval/class does not clear holding hurdle Rs1800
turkey,60,483,2026-03-10,2026-05-09,38800.0,0.022930941063916892,900.0,1,0.011534806591034162,0.0,0.02051353983310303,0.3578469440051218,0.0009383797309978105,0.6412146762638803,1,0.49640287769784175,0.007194244604316547,0.49640287769784175,-1,-0.03034082494663963,0.05341043812870795,0.04187563153767379,1.0,100.0,136,7,2026-03-09,1.0,IS7H26,21.0,2026-03-09,1.0,-0.007759666451039295,3,NO CALL,past independent N<20; past MAE skill<=0; 80% interval/class does not clear holding hurdle Rs1800
turkey,60,489,2026-03-17,2026-05-16,38000.0,0.028536307264934297,1100.0,1,0.010852854552903989,0.0,0.02051353983310303,0.40773654626204414,0.0009316770186335404,0.5913317767193222,1,0.4928571428571429,0.007142857142857143,0.5,1,-0.03260533957163167,0.05431104867743965,0.04345819412453566,1.0,100.0,137,7,2026-03-16,1.0,IS7H26,38.0,2026-03-16,1.0,-0.0064733682482343985,3,NO CALL,past independent N<20; past MAE skill<=0; 80% interval/class does not clear holding hurdle Rs1800
turkey,60,495,2026-03-25,2026-05-25,38300.0,-0.0026143805740708207,-100.0,-1,0.0197374725898818,0.0,0.02051353983310303,0.26069918747926313,0.041107488185119556,0.6981933243356173,1,0.4726027397260274,0.0136986301369863,0.5136986301369864,1,-0.02138934968764879,0.06086429486741239,0.04112682227753059,1.0,100.0,143,7,2026-03-24,1.0,IS7H26,38.0,2026-03-24,1.0,-0.00539047932316325,3,NO CALL,past independent N<20; past MAE skill<=0; 80% interval/class does not clear holding hurdle Rs1800
turkey,60,512,2026-04-14,2026-06-15,41500.0,-0.08024353105005236,-3200.0,-1,0.01062217834061767,0.0,0.02051353983310303,0.3903075858685274,0.05309706206414733,0.5565953520673254,1,0.45394736842105265,0.013157894736842105,0.5328947368421053,1,-0.03767386093079877,0.058918217612034106,0.04829603927141644,100.0,100.0,149,8,2026-04-13,1.0,IS7J26,31.0,2026-04-13,1.0,-0.006234420103558458,3,NO CALL,past independent N<20; past MAE skill<=0; 80% interval/class does not clear holding hurdle Rs1800
turkey,60,518,2026-04-21,2026-06-20,40700.0,-0.08723476579877948,-3400.0,-1,0.0016646009092832494,0.0,0.02276668401441852,0.44452030273848886,0.035688634207478274,0.5197910630540329,1,0.43670886075949367,0.012658227848101266,0.5506329113924051,1,-0.05035756289789536,0.05368676471646185,0.052022163807178605,100.0,100.0,155,8,2026-04-20,1.0,IS7J26,28.0,2026-04-20,1.0,-0.006478184450061743,3,NO CALL,past independent N<20; past MAE skill<=0; 80% interval/class does not clear holding hurdle Rs1800
turkey,60,536,2026-05-12,2026-07-11,39400.0,-0.06284790365966364,-2400.0,-1,0.028780303608239813,0.0,0.023969190112996402,0.35083401698552036,0.007348488623862538,0.6418174943906171,1,0.4233128834355828,0.012269938650306749,0.5644171779141104,1,-0.024133419698309663,0.08169402691478929,0.052913723306549476,100.0,100.0,160,8,2026-05-11,1.0,IS7K26,19.0,2026-05-09,3.0,-0.006224837947915507,4,NO CALL,past independent N<20; past MAE skill<=0; 80% interval/class does not clear holding hurdle Rs1800
turkey,60,542,2026-05-19,2026-07-18,38800.0,-0.015584731016698203,-600.0,-1,0.011649134402837366,0.0,0.02666843678058247,0.34851762514896606,0.011172217305476498,0.6403101575455574,1,0.40828402366863903,0.011834319526627219,0.5798816568047337,1,-0.04078539258772041,0.06408366139339514,0.05243452699055778,100.0,100.0,166,8,2026-05-18,1.0,IS7K26,19.0,2026-05-18,1.0,-0.007352611230931727,4,NO CALL,past independent N<20; past MAE skill<=0; 80% interval/class does not clear holding hurdle Rs1800
turkey,60,547,2026-05-26,2026-07-25,38500.0,0.0,0.0,0,0.004418798318569756,0.0,0.026739561041899087,0.35863795453401387,0.02134568797623971,0.6200163574897464,1,0.40229885057471265,0.017241379310344827,0.5804597701149425,1,-0.047275592052278485,0.056113188689417996,0.05169439037084824,100.0,100.0,171,8,2026-05-22,4.0,IS7K26,16.0,2026-05-25,1.0,-0.007557207572451055,4,NO CALL,past independent N<20; past MAE skill<=0; 80% interval/class does not clear holding hurdle Rs1800
combined,60,351,2025-09-25,2025-11-24,36300.0,-0.03646967978139144,-1300.0,-1,-0.024441029561705213,0.0,-0.008141157583699885,0.38380644887147203,0.0015715034049240439,0.614622047723604,1,0.5301204819277109,0.012048192771084338,0.4578313253012048,-1,-0.049703628887106915,0.0008215697636964926,0.025262599325401706,10.0,10.0,80,4,2025-09-24,1.0,IS7U25,45.0,2025-09-24,1.0,,0,NO CALL,past independent N<20; past MAE skill<=0; 80% interval/class does not clear holding hurdle Rs1800
combined,60,363,2025-10-10,2025-12-09,34700.0,-0.011594332780919257,-400.0,-1,-0.01234200498735351,0.0,-0.008141157583699885,0.11351451457967104,0.0015527950310559014,0.8849326903892731,1,0.5357142857142857,0.011904761904761904,0.4523809523809524,-1,-0.037659321175867976,0.012975311201160954,0.025317316188514464,10.0,10.0,81,4,2025-10-09,1.0,IS7V25,21.0,2025-10-08,2.0,0.024441029561705213,1,NO CALL,past independent N<20; 80% interval/class does not clear holding hurdle Rs1800
combined,60,369,2025-10-17,2025-12-16,34200.0,-0.002928259779088334,-100.0,-1,-0.004596331326100876,0.0,-0.011458615346592933,0.07572146816775538,0.0014992503748125952,0.922779281457432,1,0.5517241379310345,0.011494252873563218,0.4367816091954023,-1,-0.031234183738327093,0.022041521086125337,0.026637852412226215,10.0,10.0,84,5,2025-10-16,1.0,IS7V25,21.0,2025-10-15,2.0,0.01764384506809511,1,NO CALL,past independent N<20; 80% interval/class does not clear holding hurdle Rs1800
combined,60,372,2025-10-25,2025-12-24,34000.0,0.04035129552356745,1400.0,1,-0.012662135100062373,0.0,-0.012739025777429714,0.2812809396907566,0.001433349259436216,0.7172857110498073,1,0.5714285714285714,0.01098901098901099,0.4175824175824176,-1,-0.041026665032059116,0.01570239483193437,0.028364529931996743,10.0,10.0,88,5,2025-10-24,1.0,IS7V25,21.0,2025-10-24,1.0,0.012182626122755337,1,NO CALL,past independent N<20; 80% interval/class does not clear holding hurdle Rs1800
combined,60,386,2025-11-11,2026-01-10,34300.0,0.04837358428421567,1700.0,1,-0.011551541164650863,0.0,-0.012739025777429714,0.44279897811899543,0.0014025245441795225,0.5557984973368251,1,0.5806451612903226,0.010752688172043012,0.40860215053763443,-1,-0.04111202599952817,0.018008943670226443,0.029560484834877308,10.0,10.0,90,5,2025-11-10,1.0,IS7X25,15.0,2025-11-10,1.0,0.005971435817050907,1,NO CALL,past independent N<20; 80% interval/class does not clear holding hurdle Rs1800
combined,60,392,2025-11-18,2026-01-17,35200.0,0.057947244045718375,2100.0,1,-0.04159416689480227,0.0,-0.014477798683337498,0.807584148034487,0.0013446884805020176,0.19107116348501108,-1,0.5979381443298969,0.010309278350515464,0.3917525773195876,-1,-0.07579694192577946,-0.007391391863825071,0.0342027750309772,10.0,10.0,94,5,2025-11-17,1.0,IS7X25,19.0,2025-11-17,1.0,0.002466840420710551,1,NO CALL,past independent N<20
combined,60,411,2025-12-10,2026-02-09,34300.0,0.08919557880447093,3200.0,1,-0.06338875932752731,0.0,-0.01792633384113939,0.6033227879532354,0.001266357112705783,0.395410854934059,-1,0.6213592233009708,0.009708737864077669,0.36893203883495146,-1,-0.09379303635401103,-0.0329844823010436,0.03040427702648371,1.0,100.0,100,5,2025-12-09,1.0,IS7Z25,27.0,2025-12-09,1.0,-0.004876660798541585,1,NO CALL,past independent N<20; past MAE skill<=0
combined,60,416,2025-12-17,2026-02-16,34500.0,0.061817431023210447,2200.0,1,-0.06630843806305539,0.0,-0.01788042527784841,0.7704239749055775,0.001207729468599034,0.2283682956258236,-1,0.6388888888888888,0.009259259259259259,0.35185185185185186,-1,-0.09689826344590995,-0.03571861268020084,0.030589825382854558,1.0,100.0,105,6,2025-12-16,1.0,IS7Z25,42.0,2025-12-16,1.0,-0.013235532016968116,2,NO CALL,past independent N<20; past MAE skill<=0
combined,60,422,2025-12-24,2026-02-23,35400.0,0.03606493492079587,1300.0,1,-0.11149556069065332,0.0,-0.017048498433546846,0.9090273648423414,0.0011966493817311533,0.08977598577592763,-1,0.6330275229357798,0.009174311926605505,0.3577981651376147,-1,-0.14303839531046542,-0.07995272607084122,0.031542834619812096,1.0,100.0,106,6,2025-12-23,1.0,IS7Z25,45.0,2025-12-23,1.0,-0.019869645272729025,2,NO CALL,past independent N<20; past MAE skill<=0
combined,60,440,2026-01-15,2026-03-16,36700.0,0.02156417791584064,800.0,1,-0.030875339567296187,0.0,-0.012739025777429714,0.7524560810198782,0.0011342155009451795,0.2464097034791767,-1,0.6,0.008695652173913044,0.391304347826087,-1,-0.07543965481850212,0.01368897568390975,0.04456431525120594,100.0,100.0,112,6,2026-01-14,1.0,IS7F26,45.0,2026-01-14,1.0,-0.03005030254138727,2,NO CALL,past independent N<20; past MAE skill<=0; 80% interval/class does not clear holding hurdle Rs1800
combined,60,446,2026-01-22,2026-03-23,36500.0,0.0481376355981545,1800.0,1,-0.015726692573372447,0.0,-0.011661939747842975,0.6491656805270283,0.001069137562366358,0.34976518191060546,-1,0.5655737704918032,0.00819672131147541,0.4262295081967213,-1,-0.06171421591643007,0.030260830769685172,0.04598752334305762,100.0,100.0,119,6,2026-01-21,1.0,IS7F26,45.0,2026-01-21,1.0,-0.03013280624397817,2,NO CALL,past independent N<20; past MAE skill<=0; 80% interval/class does not clear holding hurdle Rs1800
combined,60,459,2026-02-07,2026-04-08,37300.0,0.11629250027832226,4600.0,1,-0.0016734910467256885,0.0,-0.011628136264381115,0.4583048548068336,0.0010604453870625664,0.5406346998061038,1,0.5609756097560976,0.008130081300813009,0.43089430894308944,-1,-0.0485225079205646,0.04517552582711323,0.04684901687383892,100.0,100.0,120,6,2026-02-06,1.0,IS7G26,33.0,2026-02-06,1.0,-0.028823159546650372,2,NO CALL,past independent N<20; past MAE skill<=0; 80% interval/class does not clear holding hurdle Rs1800
combined,60,465,2026-02-14,2026-04-15,36500.0,0.11625980611586202,4500.0,1,0.01068411931485224,0.0,-0.008141157583699885,0.4410155748711013,0.0010270455323519343,0.5579573795965468,1,0.5433070866141733,0.007874015748031496,0.44881889763779526,-1,-0.03694793905832655,0.05831617768803103,0.04763205837317879,100.0,100.0,124,7,2026-02-13,1.0,IS7G26,36.0,2026-02-10,4.0,-0.026560687171656647,2,NO CALL,past independent N<20; past MAE skill<=0; 80% interval/class does not clear holding hurdle Rs1800
combined,60,471,2026-02-23,2026-04-24,36700.0,0.11079531164378327,4300.0,1,0.02364128984373326,0.0,0.011096416671379672,0.3008682300998759,0.0009807126511932004,0.6981510572489309,1,0.518796992481203,0.007518796992481203,0.47368421052631576,-1,-0.024389420782468675,0.07167200046993519,0.048030710626201935,100.0,100.0,130,7,2026-02-20,3.0,IS7G26,36.0,2026-02-21,2.0,-0.023695702057309816,3,NO CALL,past independent N<20; past MAE skill<=0; 80% interval/class does not clear holding hurdle Rs1800
combined,60,483,2026-03-10,2026-05-09,38800.0,0.022930941063916892,900.0,1,0.0004102716389647945,0.0,0.02051353983310303,0.33209376770155086,0.0009383797309978105,0.6669678525674513,1,0.49640287769784175,0.007194244604316547,0.49640287769784175,-1,-0.04719154176468196,0.04801208504261155,0.047601813403646755,100.0,100.0,136,7,2026-03-09,1.0,IS7H26,21.0,2026-03-09,1.0,-0.020314488350092454,3,NO CALL,past independent N<20; past MAE skill<=0; 80% interval/class does not clear holding hurdle Rs1800
combined,60,489,2026-03-17,2026-05-16,38000.0,0.028536307264934297,1100.0,1,0.006732180971940837,0.0,0.02051353983310303,0.3889882808310409,0.0009316770186335404,0.6100800421503256,1,0.4928571428571429,0.007142857142857143,0.5,1,-0.04031759105830918,0.05378195300219085,0.047049772030250014,100.0,100.0,137,7,2026-03-16,1.0,IS7H26,38.0,2026-03-16,1.0,-0.018932837684155296,3,NO CALL,past independent N<20; past MAE skill<=0; 80% interval/class does not clear holding hurdle Rs1800
combined,60,495,2026-03-25,2026-05-25,38300.0,-0.0026143805740708207,-100.0,-1,0.01199531379149771,0.0,0.02051353983310303,0.2116297505541779,0.04696961529516967,0.7414006341506524,1,0.4726027397260274,0.0136986301369863,0.5136986301369864,1,-0.03538583217570606,0.059376459758701476,0.04738114596720377,100.0,100.0,143,7,2026-03-24,1.0,IS7H26,38.0,2026-03-24,1.0,-0.017328774018149307,3,NO CALL,past independent N<20; past MAE skill<=0; 80% interval/class does not clear holding hurdle Rs1800
combined,60,512,2026-04-14,2026-06-15,41500.0,-0.08024353105005236,-3200.0,-1,0.0030953165059207713,0.0,0.02051353983310303,0.3296768889266987,0.05042773618612974,0.6198953748871716,1,0.45394736842105265,0.013157894736842105,0.5328947368421053,1,-0.04540221748702177,0.051592850498863314,0.04849753399294254,100.0,100.0,149,8,2026-04-13,1.0,IS7J26,31.0,2026-04-13,1.0,-0.017015041063640386,3,NO CALL,past independent N<20; past MAE skill<=0; 80% interval/class does not clear holding hurdle Rs1800
combined,60,518,2026-04-21,2026-06-20,40700.0,-0.08723476579877948,-3400.0,-1,-0.010609271882153076,0.0,0.02276668401441852,0.46722607775790603,0.025914483516689724,0.5068594387254042,1,0.43670886075949367,0.012658227848101266,0.5506329113924051,1,-0.060759033491715166,0.03954048972740901,0.05014976160956209,100.0,100.0,155,8,2026-04-20,1.0,IS7J26,28.0,2026-04-20,1.0,-0.016241723032655968,3,NO CALL,past independent N<20; past MAE skill<=0; 80% interval/class does not clear holding hurdle Rs1800
combined,60,536,2026-05-12,2026-07-11,39400.0,-0.06284790365966364,-2400.0,-1,0.010361645124064131,0.0,0.023969190112996402,0.43525135576688134,0.0015988883358158644,0.5631497558973027,1,0.4233128834355828,0.012269938650306749,0.5644171779141104,1,-0.03933142497366869,0.06005471522179695,0.04969307009773282,100.0,100.0,160,8,2026-05-11,1.0,IS7K26,19.0,2026-05-09,3.0,-0.014828512773981811,4,NO CALL,past independent N<20; past MAE skill<=0; 80% interval/class does not clear holding hurdle Rs1800
combined,60,542,2026-05-19,2026-07-18,38800.0,-0.015584731016698203,-600.0,-1,-0.00282052217111433,0.0,0.02666843678058247,0.4410124720266143,0.003715976584922843,0.5552715513884628,1,0.40828402366863903,0.011834319526627219,0.5798816568047337,1,-0.052334887676618376,0.046693843334389716,0.049514365505504046,100.0,100.0,166,8,2026-05-18,1.0,IS7K26,19.0,2026-05-18,1.0,-0.014605169391485928,4,NO CALL,past independent N<20; past MAE skill<=0; 80% interval/class does not clear holding hurdle Rs1800
combined,60,547,2026-05-26,2026-07-25,38500.0,0.0,0.0,0,-0.007299396310658478,0.0,0.026739561041899087,0.44504358229273216,0.02210390053955224,0.5328525171677155,1,0.40229885057471265,0.017241379310344827,0.5804597701149425,1,-0.05697684463201703,0.04237805201070007,0.04967744832135855,100.0,100.0,171,8,2026-05-22,4.0,IS7K26,16.0,2026-05-25,1.0,-0.013775374555171638,4,NO CALL,past independent N<20; past MAE skill<=0; 80% interval/class does not clear holding hurdle Rs1800
nonlinear,60,351,2025-09-25,2025-11-24,36300.0,-0.03646967978139144,-1300.0,-1,-0.01979297684820701,0.0,-0.008141157583699885,0.3674310660043988,0.0015715034049240463,0.6309974305906771,1,0.5301204819277109,0.012048192771084338,0.4578313253012048,-1,-0.0432693338873581,0.0036833801909440834,0.023476357039151092,10.0,10.0,80,4,2025-09-24,1.0,IS7U25,45.0,2025-09-24,1.0,,0,NO CALL,past independent N<20; past MAE skill<=0; 80% interval/class does not clear holding hurdle Rs1800
nonlinear,60,363,2025-10-10,2025-12-09,34700.0,-0.011594332780919257,-400.0,-1,-0.015139306554892025,0.0,-0.008141157583699885,0.1429430361287935,0.001552795031055903,0.8555041688401507,1,0.5357142857142857,0.011904761904761904,0.4523809523809524,-1,-0.03841387506796825,0.008135261958184198,0.023274568513076223,10.0,10.0,81,4,2025-10-09,1.0,IS7V25,21.0,2025-10-08,2.0,0.01979297684820701,1,NO CALL,past independent N<20; 80% interval/class does not clear holding hurdle Rs1800
nonlinear,60,369,2025-10-17,2025-12-16,34200.0,-0.002928259779088334,-100.0,-1,-0.020285865032321007,0.0,-0.011458615346592933,0.1699497967453529,0.0014992503748125973,0.8285509528798346,1,0.5517241379310345,0.011494252873563218,0.4367816091954023,-1,-0.04497538562534739,0.004403655560705377,0.024689520593026384,10.0,10.0,84,5,2025-10-16,1.0,IS7V25,21.0,2025-10-15,2.0,0.01392116792757675,1,NO CALL,past independent N<20; 80% interval/class does not clear holding hurdle Rs1800
nonlinear,60,372,2025-10-25,2025-12-24,34000.0,0.04035129552356745,1400.0,1,-0.020674798388728086,0.0,-0.012739025777429714,0.33873005863258215,0.001433349259436218,0.6598365921079816,1,0.5714285714285714,0.01098901098901099,0.4175824175824176,-1,-0.0467250446141419,0.005375447836685723,0.02605024622541381,10.0,10.0,88,5,2025-10-24,1.0,IS7V25,21.0,2025-10-24,1.0,0.004470996793669722,1,NO CALL,past independent N<20; 80% interval/class does not clear holding hurdle Rs1800
nonlinear,60,386,2025-11-11,2026-01-10,34300.0,0.04837358428421567,1700.0,1,-0.009678460642606053,0.0,-0.012739025777429714,0.43207740425188246,0.0014025245441795227,0.566520071203938,1,0.5806451612903226,0.010752688172043012,0.40860215053763443,-1,-0.038169076404128394,0.01881215511891629,0.028490615761522342,10.0,10.0,90,5,2025-11-10,1.0,IS7X25,15.0,2025-11-10,1.0,-0.0018154520019297328,1,NO CALL,past independent N<20; past MAE skill<=0; 80% interval/class does not clear holding hurdle Rs1800
nonlinear,60,392,2025-11-18,2026-01-17,35200.0,0.057947244045718375,2100.0,1,-0.05325413411267895,0.0,-0.014477798683337498,0.9046119540852747,0.001344688480502017,0.09404335743422328,-1,0.5979381443298969,0.010309278350515464,0.3917525773195876,-1,-0.08454205145383034,-0.02196621677152756,0.03128791734115139,10.0,10.0,94,5,2025-11-17,1.0,IS7X25,19.0,2025-11-17,1.0,-0.0033880537300649965,1,NO CALL,past independent N<20; past MAE skill<=0
nonlinear,60,411,2025-12-10,2026-02-09,34300.0,0.08919557880447093,3200.0,1,-0.025836542018229096,0.0,-0.01792633384113939,0.6574720422610694,0.0012663571127057825,0.3412616006262249,-1,0.6213592233009708,0.009708737864077669,0.36893203883495146,-1,-0.06757055616682793,0.01589747213036974,0.041734014148598834,100.0,100.0,100,5,2025-12-09,1.0,IS7Z25,27.0,2025-12-09,1.0,-0.011699067127167319,1,NO CALL,past independent N<20; past MAE skill<=0; 80% interval/class does not clear holding hurdle Rs1800
nonlinear,60,416,2025-12-17,2026-02-16,34500.0,0.061817431023210447,2200.0,1,-0.03305796946439581,0.0,-0.01788042527784841,0.8197780041337046,0.0012077294685990329,0.17901426639769644,-1,0.6388888888888888,0.009259259259259259,0.35185185185185186,-1,-0.07417858205593472,0.008062643127143096,0.04112061259153891,100.0,100.0,105,6,2025-12-16,1.0,IS7Z25,42.0,2025-12-16,1.0,-0.013718706397319001,2,NO CALL,past independent N<20; past MAE skill<=0; 80% interval/class does not clear holding hurdle Rs1800
nonlinear,60,422,2025-12-24,2026-02-23,35400.0,0.03606493492079587,1300.0,1,-0.048991385150407296,0.0,-0.017048498433546846,0.937305903222639,0.0011966493817311533,0.06149744739563003,-1,0.6330275229357798,0.009174311926605505,0.3577981651376147,-1,-0.09003428369451383,-0.007948486606300771,0.041042898544106525,100.0,100.0,106,6,2025-12-23,1.0,IS7Z25,45.0,2025-12-23,1.0,-0.016136114280703606,2,NO CALL,past independent N<20; past MAE skill<=0
nonlinear,60,440,2026-01-15,2026-03-16,36700.0,0.02156417791584064,800.0,1,-0.04121451495063295,0.0,-0.012739025777429714,0.8217232569138916,0.001134215500945179,0.17714252758516322,-1,0.6,0.008695652173913044,0.391304347826087,-1,-0.08641945102731723,0.00399042112605133,0.04520493607668428,100.0,100.0,112,6,2026-01-14,1.0,IS7F26,45.0,2026-01-14,1.0,-0.019786699932892893,2,NO CALL,past independent N<20; past MAE skill<=0; 80% interval/class does not clear holding hurdle Rs1800
nonlinear,60,446,2026-01-22,2026-03-23,36500.0,0.0481376355981545,1800.0,1,-0.01867262200634276,0.0,-0.011661939747842975,0.6627849341071264,0.001069137562366354,0.3361459283305073,-1,0.5655737704918032,0.00819672131147541,0.4262295081967213,-1,-0.06489370016704943,0.02754845615436391,0.04622107816070667,100.0,100.0,119,6,2026-01-21,1.0,IS7F26,45.0,2026-01-21,1.0,-0.0219294814346669,2,NO CALL,past independent N<20; past MAE skill<=0; 80% interval/class does not clear holding hurdle Rs1800
nonlinear,60,459,2026-02-07,2026-04-08,37300.0,0.11629250027832226,4600.0,1,-0.0011340702705117355,0.0,-0.011628136264381115,0.4541691642913954,0.0010604453870625668,0.5447703903215422,1,0.5609756097560976,0.008130081300813009,0.43089430894308944,-1,-0.04806592997215352,0.045797789431130054,0.046931859701641786,100.0,100.0,120,6,2026-02-06,1.0,IS7G26,33.0,2026-02-06,1.0,-0.021633403304819256,2,NO CALL,past independent N<20; past MAE skill<=0; 80% interval/class does not clear holding hurdle Rs1800
nonlinear,60,465,2026-02-14,2026-04-15,36500.0,0.11625980611586202,4500.0,1,0.010163200598039802,0.0,-0.008141157583699885,0.445963867231014,0.001027045532351935,0.5530090872366341,1,0.5433070866141733,0.007874015748031496,0.44881889763779526,-1,-0.03793609245427029,0.0582624936503499,0.048099293052310095,100.0,100.0,124,7,2026-02-13,1.0,IS7G26,36.0,2026-02-10,4.0,-0.0199251255519603,2,NO CALL,past independent N<20; past MAE skill<=0; 80% interval/class does not clear holding hurdle Rs1800
nonlinear,60,471,2026-02-23,2026-04-24,36700.0,0.11079531164378327,4300.0,1,0.022808068954043692,0.0,0.011096416671379672,0.30775423581461225,0.0009807126511931995,0.6912650515341946,1,0.518796992481203,0.007518796992481203,0.47368421052631576,-1,-0.025034720792702497,0.07065085870078988,0.04784278974674619,100.0,100.0,130,7,2026-02-20,3.0,IS7G26,36.0,2026-02-21,2.0,-0.017610638925037204,3,NO CALL,past independent N<20; past MAE skill<=0; 80% interval/class does not clear holding hurdle Rs1800
nonlinear,60,483,2026-03-10,2026-05-09,38800.0,0.022930941063916892,900.0,1,-0.0013579829776777983,0.0,0.02051353983310303,0.3438469358106105,0.0009383797309978107,0.6552146844583917,1,0.49640287769784175,0.007194244604316547,0.49640287769784175,-1,-0.04786891038694685,0.04515294443159125,0.04651092740926905,100.0,100.0,136,7,2026-03-09,1.0,IS7H26,21.0,2026-03-09,1.0,-0.014723588362245708,3,NO CALL,past independent N<20; past MAE skill<=0; 80% interval/class does not clear holding hurdle Rs1800
nonlinear,60,489,2026-03-17,2026-05-16,38000.0,0.028536307264934297,1100.0,1,0.0052731681942694624,0.0,0.02051353983310303,0.40040706539133125,0.0009316770186335401,0.5986612575900353,1,0.4928571428571429,0.007142857142857143,0.5,1,-0.041861525787282056,0.05240786217582098,0.04713469398155152,100.0,100.0,137,7,2026-03-16,1.0,IS7H26,38.0,2026-03-16,1.0,-0.01383254800327452,3,NO CALL,past independent N<20; past MAE skill<=0; 80% interval/class does not clear holding hurdle Rs1800
nonlinear,60,495,2026-03-25,2026-05-25,38300.0,-0.0026143805740708207,-100.0,-1,0.010976027614526977,0.0,0.02051353983310303,0.23061733708179327,0.041235794241256674,0.7281468686769501,1,0.4726027397260274,0.0136986301369863,0.5136986301369864,1,-0.03514389496796029,0.057095950197014245,0.04611992258248727,100.0,100.0,143,7,2026-03-24,1.0,IS7H26,38.0,2026-03-24,1.0,-0.012638440740928028,3,NO CALL,past independent N<20; past MAE skill<=0; 80% interval/class does not clear holding hurdle Rs1800
nonlinear,60,512,2026-04-14,2026-06-15,41500.0,-0.08024353105005236,-3200.0,-1,0.004020437819191246,0.0,0.02051353983310303,0.3592511065377695,0.03734853480047387,0.6034003586617568,1,0.45394736842105265,0.013157894736842105,0.5328947368421053,1,-0.04424096225864953,0.052281837897032016,0.04826140007784077,100.0,100.0,149,8,2026-04-13,1.0,IS7J26,31.0,2026-04-13,1.0,-0.012540651733492676,3,NO CALL,past independent N<20; past MAE skill<=0; 80% interval/class does not clear holding hurdle Rs1800
nonlinear,60,518,2026-04-21,2026-06-20,40700.0,-0.08723476579877948,-3400.0,-1,-0.010395205457204317,0.0,0.02276668401441852,0.47224019785421295,0.024174921818893136,0.5035848803268941,1,0.43670886075949367,0.012658227848101266,0.5506329113924051,1,-0.06057769286252536,0.03978728194811673,0.050182487405321045,100.0,100.0,155,8,2026-04-20,1.0,IS7J26,28.0,2026-04-20,1.0,-0.012067306516031488,3,NO CALL,past independent N<20; past MAE skill<=0; 80% interval/class does not clear holding hurdle Rs1800
nonlinear,60,536,2026-05-12,2026-07-11,39400.0,-0.06284790365966364,-2400.0,-1,0.011251591653911106,0.0,0.023969190112996402,0.44427814542507615,0.0015887086125054139,0.5541331459624185,1,0.4233128834355828,0.012269938650306749,0.5644171779141104,1,-0.03871417171598235,0.06121735502380456,0.04996576336989345,100.0,100.0,160,8,2026-05-11,1.0,IS7K26,19.0,2026-05-09,3.0,-0.010885069043755927,4,NO CALL,past independent N<20; past MAE skill<=0; 80% interval/class does not clear holding hurdle Rs1800
nonlinear,60,542,2026-05-19,2026-07-18,38800.0,-0.015584731016698203,-600.0,-1,-0.0021784237641254466,0.0,0.02666843678058247,0.42492318686821123,0.00640724915977601,0.5686695639720127,1,0.40828402366863903,0.011834319526627219,0.5798816568047337,1,-0.05179024974617798,0.04743340221792708,0.04961182598205253,100.0,100.0,166,8,2026-05-18,1.0,IS7K26,19.0,2026-05-18,1.0,-0.010903395174263683,4,NO CALL,past independent N<20; past MAE skill<=0; 80% interval/class does not clear holding hurdle Rs1800
nonlinear,60,547,2026-05-26,2026-07-25,38500.0,0.0,0.0,0,-0.0071649910609087805,0.0,0.026739561041899087,0.4419029279500984,0.02316791246969207,0.5349291595802095,1,0.40229885057471265,0.017241379310344827,0.5804597701149425,1,-0.05676506684170312,0.04243508471988556,0.04960007578079434,100.0,100.0,171,8,2026-05-22,4.0,IS7K26,16.0,2026-05-25,1.0,-0.010280451415292782,4,NO CALL,past independent N<20; past MAE skill<=0; 80% interval/class does not clear holding hurdle Rs1800
baseline,90,370,2025-10-18,2026-01-16,34200.0,0.08408311721054144,3000.0,1,0.0,0.0,-0.02194124116956652,0.6024096385542169,0.03614457831325301,0.3614457831325301,-1,0.6024096385542169,0.03614457831325301,0.3614457831325301,-1,-0.061471864093667984,0.061471864093667984,0.061471864093667984,,,80,4,2025-10-17,1.0,IS7V25,21.0,2025-10-15,3.0,,0,NO CALL,baseline model
baseline,90,372,2025-10-25,2026-01-23,34000.0,0.07913732055872379,2800.0,1,0.0,0.0,-0.023048395436291017,0.625,0.03409090909090909,0.3409090909090909,-1,0.625,0.03409090909090909,0.3409090909090909,-1,-0.07024750277649378,0.07024750277649378,0.07024750277649378,,,85,4,2025-10-24,1.0,IS7V25,21.0,2025-10-24,1.0,0.0,1,NO CALL,baseline model
baseline,90,386,2025-11-11,2026-02-09,34300.0,0.08919557880447093,3200.0,1,0.0,0.0,-0.023048395436291017,0.6333333333333333,0.03333333333333333,0.3333333333333333,-1,0.6333333333333333,0.03333333333333333,0.3333333333333333,-1,-0.07464780243791912,0.07464780243791912,0.07464780243791912,,,87,4,2025-11-10,1.0,IS7X25,15.0,2025-11-10,1.0,0.0,1,NO CALL,baseline model
baseline,90,392,2025-11-18,2026-02-16,35200.0,0.04173067245647328,1500.0,1,0.0,0.0,-0.023048395436291017,0.6451612903225806,0.03225806451612903,0.3225806451612903,-1,0.6451612903225806,0.03225806451612903,0.3225806451612903,-1,-0.07869226857566498,0.07869226857566498,0.07869226857566498,,,90,4,2025-11-17,1.0,IS7X25,19.0,2025-11-17,1.0,0.0,1,NO CALL,baseline model
baseline,90,411,2025-12-10,2026-03-10,34300.0,0.12327489245733352,4500.0,1,0.0,0.0,-0.023048395436291017,0.6632653061224489,0.030612244897959183,0.30612244897959184,-1,0.6632653061224489,0.030612244897959183,0.30612244897959184,-1,-0.08089220905565948,0.08089220905565948,0.08089220905565948,,,95,5,2025-12-09,1.0,IS7Z25,27.0,2025-12-09,1.0,0.0,1,NO CALL,baseline model
baseline,90,416,2025-12-17,2026-03-17,34500.0,0.0966268356890717,3500.0,1,0.0,0.0,-0.025975486403260677,0.6764705882352942,0.029411764705882353,0.29411764705882354,-1,0.6764705882352942,0.029411764705882353,0.29411764705882354,-1,-0.08460594299210941,0.08460594299210941,0.08460594299210941,,,99,5,2025-12-16,1.0,IS7Z25,42.0,2025-12-16,1.0,0.0,1,NO CALL,baseline model
baseline,90,422,2025-12-24,2026-03-25,35400.0,0.07873807604687161,2900.0,1,0.0,0.0,-0.03363512182376674,0.6915887850467289,0.028037383177570093,0.2803738317757009,-1,0.6915887850467289,0.028037383177570093,0.2803738317757009,-1,-0.0823395731115037,0.0823395731115037,0.0823395731115037,,,104,5,2025-12-23,1.0,IS7Z25,45.0,2025-12-23,1.0,0.0,1,NO CALL,baseline model
baseline,90,440,2026-01-15,2026-04-15,36700.0,0.11079531164378327,4300.0,1,0.0,0.0,-0.025105921131076358,0.6696428571428571,0.026785714285714284,0.30357142857142855,-1,0.6696428571428571,0.026785714285714284,0.30357142857142855,-1,-0.08178943300847812,0.08178943300847812,0.08178943300847812,,,109,5,2026-01-14,1.0,IS7F26,45.0,2026-01-14,1.0,0.0,1,NO CALL,baseline model
baseline,90,446,2026-01-22,2026-04-22,36500.0,0.11625980611586202,4500.0,1,0.0,0.0,-0.02407715828368369,0.6521739130434783,0.02608695652173913,0.3217391304347826,-1,0.6521739130434783,0.02608695652173913,0.3217391304347826,-1,-0.08178943300847812,0.08178943300847812,0.08178943300847812,,,112,5,2026-01-21,1.0,IS7F26,45.0,2026-01-21,1.0,0.0,1,NO CALL,baseline model
baseline,90,459,2026-02-07,2026-05-08,37300.0,0.0648735856406222,2500.0,1,0.0,0.0,-0.023048395436291017,0.6410256410256411,0.02564102564102564,0.3333333333333333,-1,0.6410256410256411,0.02564102564102564,0.3333333333333333,-1,-0.0823395731115037,0.0823395731115037,0.0823395731115037,,,114,5,2026-02-06,1.0,IS7G26,33.0,2026-02-06,1.0,0.0,2,NO CALL,baseline model
baseline,90,465,2026-02-14,2026-05-15,36500.0,0.061107986040782006,2300.0,1,0.0,0.0,-0.023048395436291017,0.6147540983606558,0.02459016393442623,0.36065573770491804,-1,0.6147540983606558,0.02459016393442623,0.36065573770491804,-1,-0.08325151353524561,0.08325151353524561,0.08325151353524561,,,119,5,2026-02-13,1.0,IS7G26,36.0,2026-02-10,4.0,0.0,2,NO CALL,baseline model
baseline,90,471,2026-02-23,2026-05-25,36700.0,0.040058760552004954,1500.0,1,0.0,0.0,-0.023048395436291017,0.5859375,0.0234375,0.390625,-1,0.5859375,0.0234375,0.390625,-1,-0.0820645030599909,0.0820645030599909,0.0820645030599909,,,125,5,2026-02-20,3.0,IS7G26,36.0,2026-02-21,2.0,0.0,2,NO CALL,baseline model
baseline,90,486,2026-03-13,2026-06-15,37900.0,0.01049878409821957,400.0,1,0.0,0.0,-0.023048395436291017,0.5681818181818182,0.022727272727272728,0.4090909090909091,-1,0.5681818181818182,0.022727272727272728,0.4090909090909091,-1,-0.08366221224764718,0.08366221224764718,0.08366221224764718,,,129,6,2026-03-12,1.0,IS7H26,21.0,2026-03-12,1.0,0.0,2,NO CALL,baseline model
baseline,90,492,2026-03-20,2026-06-18,37700.0,0.0,0.0,0,0.0,0.0,-0.008185828360107682,0.5474452554744526,0.021897810218978103,0.4306569343065693,-1,0.5474452554744526,0.021897810218978103,0.4306569343065693,-1,-0.0877484396363318,0.0877484396363318,0.0877484396363318,,,134,6,2026-03-19,1.0,IS7H26,38.0,2026-03-17,3.0,0.0,2,NO CALL,baseline model
baseline,90,497,2026-03-27,2026-06-25,38300.0,-0.0426731411260757,-1600.0,-1,0.0,0.0,-0.006559222214150036,0.5244755244755245,0.02097902097902098,0.45454545454545453,-1,0.5244755244755245,0.02097902097902098,0.45454545454545453,-1,-0.0876179468797238,0.0876179468797238,0.0876179468797238,,,140,6,2026-03-26,1.0,IS7H26,38.0,2026-03-26,1.0,0.0,2,NO CALL,baseline model
baseline,90,512,2026-04-14,2026-07-13,41500.0,-0.10670010058688277,-4200.0,-1,0.0,0.0,-0.006559222214150036,0.5172413793103449,0.020689655172413793,0.46206896551724136,-1,0.5172413793103449,0.020689655172413793,0.46206896551724136,-1,-0.08800942514954782,0.08800942514954782,0.08800942514954782,,,142,6,2026-04-13,1.0,IS7J26,31.0,2026-04-13,1.0,0.0,2,NO CALL,baseline model
baseline,90,518,2026-04-21,2026-07-20,40700.0,-0.0581706328548681,-2300.0,-1,0.0,0.0,-0.004107804716000658,0.5,0.02,0.48,-1,0.5,0.02,0.48,-1,-0.08870077041665106,0.08870077041665106,0.08870077041665106,,,147,6,2026-04-20,1.0,IS7J26,28.0,2026-04-20,1.0,0.0,2,NO CALL,baseline model
baseline,90,536,2026-05-12,2026-08-10,39400.0,-0.023107575010149605,-900.0,-1,0.0,0.0,-0.004107804716000658,0.4807692307692308,0.019230769230769232,0.5,1,0.4807692307692308,0.019230769230769232,0.5,1,-0.08934526773294445,0.08934526773294445,0.08934526773294445,,,153,6,2026-05-11,1.0,IS7K26,19.0,2026-05-09,3.0,0.0,2,NO CALL,baseline model
baseline,90,537,2026-05-13,2026-08-11,39000.0,-0.012903404835907841,-500.0,-1,0.0,0.0,-0.004107804716000658,0.47770700636942676,0.01910828025477707,0.5031847133757962,1,0.47770700636942676,0.01910828025477707,0.5031847133757962,1,-0.08929537142345327,0.08929537142345327,0.08929537142345327,,,154,6,2026-05-12,1.0,IS7K26,19.0,2026-05-12,1.0,0.0,3,NO CALL,baseline model
internal,90,370,2025-10-18,2026-01-16,34200.0,0.08408311721054144,3000.0,1,-0.018276301679795014,0.0,-0.02194124116956652,0.6320713019385157,0.004628636961846591,0.3633000610996378,-1,0.6024096385542169,0.03614457831325301,0.3614457831325301,-1,-0.06493411937312474,0.028381516013534717,0.04665781769332973,10.0,10.0,80,4,2025-10-17,1.0,IS7V25,21.0,2025-10-15,3.0,,0,NO CALL,past independent N<20; past MAE skill<=0; 80% interval/class does not clear holding hurdle Rs2700
internal,90,372,2025-10-25,2026-01-23,34000.0,0.07913732055872379,2800.0,1,-0.015987602716084397,0.0,-0.023048395436291017,0.6289581586941722,0.004371555643108387,0.36667028566271936,-1,0.625,0.03409090909090909,0.3409090909090909,-1,-0.059112825215495636,0.027137619783326843,0.04312522249941124,10.0,10.0,85,4,2025-10-24,1.0,IS7V25,21.0,2025-10-24,1.0,-0.018276301679795007,1,NO CALL,past independent N<20; past MAE skill<=0; 80% interval/class does not clear holding hurdle Rs2700
internal,90,386,2025-11-11,2026-02-09,34300.0,0.08919557880447093,3200.0,1,-0.007828574066488363,0.0,-0.023048395436291017,0.5860748281166576,0.004318796381430827,0.40960637550191153,-1,0.6333333333333333,0.03333333333333333,0.3333333333333333,-1,-0.05444051816776798,0.03878337003479126,0.04661194410127962,10.0,10.0,87,4,2025-11-10,1.0,IS7X25,15.0,2025-11-10,1.0,-0.017131952197939698,1,NO CALL,past independent N<20; past MAE skill<=0; 80% interval/class does not clear holding hurdle Rs2700
internal,90,392,2025-11-18,2026-02-16,35200.0,0.04173067245647328,1500.0,1,-0.06401481289224871,0.0,-0.023048395436291017,0.9589877466008396,0.0037283866726509456,0.037283866726509456,-1,0.6451612903225806,0.03225806451612903,0.3225806451612903,-1,-0.10899706644149856,-0.01903255934299885,0.04498225354924986,10.0,10.0,90,4,2025-11-17,1.0,IS7X25,19.0,2025-11-17,1.0,-0.0140308261541226,1,NO CALL,past independent N<20; past MAE skill<=0
internal,90,411,2025-12-10,2026-03-10,34300.0,0.12327489245733352,4500.0,1,-0.01148150841632257,0.0,-0.023048395436291017,0.5966209740669293,0.00391584149607422,0.3994631844369964,-1,0.6632653061224489,0.030612244897959183,0.30612244897959184,-1,-0.05709569525426336,0.034132678421618226,0.045614186837940794,10.0,10.0,95,5,2025-12-09,1.0,IS7Z25,27.0,2025-12-09,1.0,-0.026526822838654138,1,NO CALL,past independent N<20; past MAE skill<=0; 80% interval/class does not clear holding hurdle Rs2700
internal,90,416,2025-12-17,2026-03-17,34500.0,0.0966268356890717,3500.0,1,-0.042998256391534595,0.0,-0.025975486403260677,0.8061283976400917,0.00376556721917652,0.1901060351407318,-1,0.6764705882352942,0.029411764705882353,0.29411764705882354,-1,-0.0927862400540749,0.006789727271005713,0.04978798366254031,10.0,10.0,99,5,2025-12-16,1.0,IS7Z25,42.0,2025-12-16,1.0,-0.023517759954187825,1,NO CALL,past independent N<20; past MAE skill<=0; 80% interval/class does not clear holding hurdle Rs2700
internal,90,422,2025-12-24,2026-03-25,35400.0,0.07873807604687161,2900.0,1,-0.10085964008339197,0.0,-0.03363512182376674,0.9680283779153126,0.002906511098607942,0.02906511098607942,-1,0.6915887850467289,0.028037383177570093,0.2803738317757009,-1,-0.15051530413020964,-0.051203976036574325,0.04965566404681765,10.0,10.0,104,5,2025-12-23,1.0,IS7Z25,45.0,2025-12-23,1.0,-0.026764509360412303,1,NO CALL,past independent N<20; past MAE skill<=0
internal,90,440,2026-01-15,2026-04-15,36700.0,0.11079531164378327,4300.0,1,-0.005180961859692511,0.0,-0.025105921131076358,0.467763468399921,0.0034045063988986223,0.5288320252011803,1,0.6696428571428571,0.026785714285714284,0.30357142857142855,-1,-0.0565341526869629,0.04617222896757788,0.05135319082727039,100.0,100.0,109,5,2026-01-14,1.0,IS7F26,45.0,2026-01-14,1.0,-0.037349528035123675,1,NO CALL,past independent N<20; past MAE skill<=0; 80% interval/class does not clear holding hurdle Rs2700
internal,90,446,2026-01-22,2026-04-22,36500.0,0.11625980611586202,4500.0,1,-0.03746330535686141,0.0,-0.02407715828368369,0.7195901891110107,0.003350312350337436,0.27705949853865186,-1,0.6521739130434783,0.02608695652173913,0.3217391304347826,-1,-0.09280250463813115,0.01787589392440833,0.05533919928126974,100.0,100.0,112,5,2026-01-21,1.0,IS7F26,45.0,2026-01-21,1.0,-0.03332845726319478,1,NO CALL,past independent N<20; past MAE skill<=0; 80% interval/class does not clear holding hurdle Rs2700
internal,90,459,2026-02-07,2026-05-08,37300.0,0.0648735856406222,2500.0,1,-0.029576892288241174,0.0,-0.023048395436291017,0.6928717855217266,0.0033009016500388706,0.30382731282823455,-1,0.6410256410256411,0.02564102564102564,0.3333333333333333,-1,-0.08842490269902135,0.029271118122539005,0.05884801041078018,100.0,100.0,114,5,2026-02-06,1.0,IS7G26,33.0,2026-02-06,1.0,-0.03378788482915772,2,NO CALL,past independent N<20; past MAE skill<=0; 80% interval/class does not clear holding hurdle Rs2700
internal,90,465,2026-02-14,2026-05-15,36500.0,0.061107986040782006,2300.0,1,0.015723387108065156,0.0,-0.023048395436291017,0.42565510251004074,0.0031805873746570826,0.5711643101153021,1,0.6147540983606558,0.02459016393442623,0.36065573770491804,-1,-0.0471751605336114,0.07862193474974172,0.06289854764167656,100.0,100.0,119,5,2026-02-13,1.0,IS7G26,36.0,2026-02-10,4.0,-0.03336678557506606,2,NO CALL,past independent N<20; past MAE skill<=0; 80% interval/class does not clear holding hurdle Rs2700
internal,90,471,2026-02-23,2026-05-25,36700.0,0.040058760552004954,1500.0,1,0.014778800780251565,0.0,-0.023048395436291017,0.3879707032985616,0.0030414616755659574,0.6089878350258725,1,0.5859375,0.0234375,0.390625,-1,-0.04946647454462445,0.07902407610512759,0.06424527532487602,100.0,100.0,125,5,2026-02-20,3.0,IS7G26,36.0,2026-02-21,2.0,-0.028904042603872304,2,NO CALL,past independent N<20; past MAE skill<=0; 80% interval/class does not clear holding hurdle Rs2700
internal,90,486,2026-03-13,2026-06-15,37900.0,0.01049878409821957,400.0,1,0.011079295425225242,0.0,-0.023048395436291017,0.39401346067547477,0.002929693538617403,0.6030568457859078,1,0.5681818181818182,0.022727272727272728,0.4090909090909091,-1,-0.054809924227922434,0.07696851507837292,0.06588921965314767,100.0,100.0,129,6,2026-03-12,1.0,IS7H26,21.0,2026-03-12,1.0,-0.02526380565519533,2,NO CALL,past independent N<20; past MAE skill<=0; 80% interval/class does not clear holding hurdle Rs2700
internal,90,492,2026-03-20,2026-06-18,37700.0,0.0,0.0,0,0.04733426330067987,0.0,-0.008185828360107682,0.24400967634263032,0.0028294678878299892,0.7531608557695396,1,0.5474452554744526,0.021897810218978103,0.4306569343065693,-1,-0.023020316890219536,0.11768884349157928,0.07035458019089941,100.0,100.0,134,6,2026-03-19,1.0,IS7H26,38.0,2026-03-17,3.0,-0.022557491930086923,2,NO CALL,past independent N<20; past MAE skill<=0; 80% interval/class does not clear holding hurdle Rs2700
internal,90,497,2026-03-27,2026-06-25,38300.0,-0.0426731411260757,-1600.0,-1,0.042064021048607424,0.0,-0.006559222214150036,0.25403947407739913,0.0027099529559879414,0.7432505729666129,1,0.5244755244755245,0.02097902097902098,0.45454545454545453,-1,-0.027102986818168466,0.1112310289153833,0.06916700786677589,100.0,100.0,140,6,2026-03-26,1.0,IS7H26,38.0,2026-03-26,1.0,-0.024327261313700693,2,NO CALL,past independent N<20; past MAE skill<=0; 80% interval/class does not clear holding hurdle Rs2700
internal,90,512,2026-04-14,2026-07-13,41500.0,-0.10670010058688277,-4200.0,-1,0.03164253856975377,0.0,-0.006559222214150036,0.2898793923107908,0.0026558891465448178,0.7074647185426644,1,0.5172413793103449,0.020689655172413793,0.46206896551724136,-1,-0.038051393622152915,0.10133647076166045,0.06969393219190669,100.0,100.0,142,6,2026-04-13,1.0,IS7J26,31.0,2026-04-13,1.0,-0.02550971196269447,2,NO CALL,past independent N<20; past MAE skill<=0; 80% interval/class does not clear holding hurdle Rs2700
internal,90,518,2026-04-21,2026-07-20,40700.0,-0.0581706328548681,-2300.0,-1,0.051939248806100555,0.0,-0.004107804716000658,0.19259362118804832,0.002552858726972511,0.8048535200849792,1,0.5,0.02,0.48,-1,-0.01825834127972263,0.12213683889192374,0.07019759008582319,100.0,100.0,147,6,2026-04-20,1.0,IS7J26,28.0,2026-04-20,1.0,-0.02589301362563569,2,NO CALL,past independent N<20; past MAE skill<=0; 80% interval/class does not clear holding hurdle Rs2700
internal,90,536,2026-05-12,2026-08-10,39400.0,-0.023107575010149605,-900.0,-1,0.052700372184570875,0.0,-0.004107804716000658,0.23462023893682205,0.002495485370493724,0.7628842756926844,1,0.4807692307692308,0.019230769230769232,0.5,1,-0.01529177471341734,0.1206925190825591,0.06799214689798821,100.0,100.0,153,6,2026-05-11,1.0,IS7K26,19.0,2026-05-09,3.0,-0.027425145106839507,2,NO CALL,past independent N<20; past MAE skill<=0; 80% interval/class does not clear holding hurdle Rs2700
internal,90,537,2026-05-13,2026-08-11,39000.0,-0.012903404835907841,-500.0,-1,0.036318618819752915,0.0,-0.004107804716000658,0.3042939912016737,0.0024622352703469394,0.6932437735279793,1,0.47770700636942676,0.01910828025477707,0.5031847133757962,1,-0.031563185980726396,0.10420042362023223,0.06788180480047931,100.0,100.0,154,6,2026-05-12,1.0,IS7K26,19.0,2026-05-12,1.0,-0.02882932438893568,3,NO CALL,past independent N<20; past MAE skill<=0; 80% interval/class does not clear holding hurdle Rs2700
local,90,370,2025-10-18,2026-01-16,34200.0,0.08408311721054144,3000.0,1,0.024601926971833887,0.0,-0.02194124116956652,0.306577045688577,0.004708879439073071,0.68871407487235,1,0.6024096385542169,0.03614457831325301,0.3614457831325301,-1,-0.00456002316131689,0.05376387710498466,0.029161950133150778,10.0,10.0,80,4,2025-10-17,1.0,IS7V25,21.0,2025-10-15,3.0,,0,NO CALL,past independent N<20; past MAE skill<=0; 80% interval/class does not clear holding hurdle Rs2700
local,90,372,2025-10-25,2026-01-23,34000.0,0.07913732055872379,2800.0,1,0.021024779491602558,0.0,-0.023048395436291017,0.38250689829247286,0.007576830828958297,0.6099162708785688,1,0.625,0.03409090909090909,0.3409090909090909,-1,-0.007017283649194898,0.049066842632400014,0.028042063140797456,10.0,10.0,85,4,2025-10-24,1.0,IS7V25,21.0,2025-10-24,1.0,0.024601926971833887,1,NO CALL,past independent N<20; 80% interval/class does not clear holding hurdle Rs2700
local,90,386,2025-11-11,2026-02-09,34300.0,0.08919557880447093,3200.0,1,-0.025509362532958477,0.0,-0.023048395436291017,0.7117487063293295,0.004309168368816973,0.28394212530185353,-1,0.6333333333333333,0.03333333333333333,0.3333333333333333,-1,-0.051718694161484544,0.0006999690955675868,0.026209331628526063,10.0,10.0,87,4,2025-11-10,1.0,IS7X25,15.0,2025-11-10,1.0,0.022813353231718222,1,NO CALL,past independent N<20; 80% interval/class does not clear holding hurdle Rs2700
local,90,392,2025-11-18,2026-02-16,35200.0,0.04173067245647328,1500.0,1,-0.06259763156685706,0.0,-0.023048395436291017,0.9576303850744262,0.005629976957852876,0.03673963796772097,-1,0.6451612903225806,0.03225806451612903,0.3225806451612903,-1,-0.08848087577639283,-0.0367143873573213,0.025883244209535767,10.0,10.0,90,4,2025-11-17,1.0,IS7X25,19.0,2025-11-17,1.0,0.006705781310159309,1,NO CALL,past independent N<20
local,90,411,2025-12-10,2026-03-10,34300.0,0.12327489245733352,4500.0,1,-0.0019553873830562216,0.0,-0.023048395436291017,0.6043039009208647,0.02589172218343343,0.3698043768957019,-1,0.6632653061224489,0.030612244897959183,0.30612244897959184,-1,-0.030761440684208045,0.026850665918095602,0.028806053301151824,10.0,10.0,95,5,2025-12-09,1.0,IS7Z25,27.0,2025-12-09,1.0,-0.010620071909094794,1,NO CALL,past independent N<20; past MAE skill<=0; 80% interval/class does not clear holding hurdle Rs2700
local,90,416,2025-12-17,2026-03-17,34500.0,0.0966268356890717,3500.0,1,-0.03047280067483714,0.0,-0.025975486403260677,0.8136437613120278,0.01626415755885702,0.17009208112911517,-1,0.6764705882352942,0.029411764705882353,0.29411764705882354,-1,-0.06629389941166719,0.005348298061992912,0.03582109873683005,10.0,10.0,99,5,2025-12-16,1.0,IS7Z25,42.0,2025-12-16,1.0,-0.008887135003887062,1,NO CALL,past independent N<20; past MAE skill<=0; 80% interval/class does not clear holding hurdle Rs2700
local,90,422,2025-12-24,2026-03-25,35400.0,0.07873807604687161,2900.0,1,-0.08808620866483437,0.0,-0.03363512182376674,0.9617605554704142,0.009965348182029897,0.028274096347555806,-1,0.6915887850467289,0.028037383177570093,0.2803738317757009,-1,-0.1266846804062967,-0.049487736923372036,0.03859847174146233,10.0,10.0,104,5,2025-12-23,1.0,IS7Z25,45.0,2025-12-23,1.0,-0.012484745949045417,1,NO CALL,past independent N<20; past MAE skill<=0
local,90,440,2026-01-15,2026-04-15,36700.0,0.11079531164378327,4300.0,1,-0.05620838640876909,0.0,-0.025105921131076358,0.6474325122696443,0.0034442317047285904,0.3491232560256271,-1,0.6696428571428571,0.026785714285714284,0.30357142857142855,-1,-0.09853383357229903,-0.013882939245239145,0.04232544716352994,1.0,100.0,109,5,2026-01-14,1.0,IS7F26,45.0,2026-01-14,1.0,-0.02328495490844383,1,NO CALL,past independent N<20; past MAE skill<=0
local,90,446,2026-01-22,2026-04-22,36500.0,0.11625980611586202,4500.0,1,-0.037861000733740574,0.0,-0.02407715828368369,0.8409257117177317,0.006336451566814116,0.15273783671545418,-1,0.6521739130434783,0.02608695652173913,0.3217391304347826,-1,-0.08157980153067662,0.005857800063195466,0.04371880079693604,1.0,100.0,112,5,2026-01-21,1.0,IS7F26,45.0,2026-01-21,1.0,-0.027400383845984477,1,NO CALL,past independent N<20; past MAE skill<=0; 80% interval/class does not clear holding hurdle Rs2700
local,90,459,2026-02-07,2026-05-08,37300.0,0.0648735856406222,2500.0,1,0.02947124744563264,0.0,-0.023048395436291017,0.6747350485614341,0.0033353062970689373,0.321929645141497,-1,0.6410256410256411,0.02564102564102564,0.3333333333333333,-1,-0.015443578118025318,0.0743860730092906,0.04491482556365796,1.0,100.0,114,5,2026-02-06,1.0,IS7G26,33.0,2026-02-06,1.0,-0.028562674611290695,2,NO CALL,past independent N<20; past MAE skill<=0; 80% interval/class does not clear holding hurdle Rs2700
local,90,465,2026-02-14,2026-05-15,36500.0,0.061107986040782006,2300.0,1,0.024919612034146298,0.0,-0.023048395436291017,0.5237016271583905,0.006576042569259671,0.46972233027234983,-1,0.6147540983606558,0.02459016393442623,0.36065573770491804,-1,-0.023751590087983387,0.07359081415627598,0.048671202122129685,1.0,100.0,119,5,2026-02-13,1.0,IS7G26,36.0,2026-02-10,4.0,-0.022759282405598352,2,NO CALL,past independent N<20; past MAE skill<=0; 80% interval/class does not clear holding hurdle Rs2700
local,90,471,2026-02-23,2026-05-25,36700.0,0.040058760552004954,1500.0,1,0.019911282253946106,0.0,-0.023048395436291017,0.4726284272512822,0.003046823786944763,0.5243247489617731,1,0.5859375,0.0234375,0.390625,-1,-0.02799560384114946,0.06781816834904167,0.047906886095095566,1.0,100.0,125,5,2026-02-20,3.0,IS7G26,36.0,2026-02-21,2.0,-0.01842483745653066,2,NO CALL,past independent N<20; past MAE skill<=0; 80% interval/class does not clear holding hurdle Rs2700
local,90,486,2026-03-13,2026-06-15,37900.0,0.01049878409821957,400.0,1,-0.0011712911230739227,0.0,-0.023048395436291017,0.5222100572145915,0.002945425776673548,0.4748445170087349,-1,0.5681818181818182,0.022727272727272728,0.4090909090909091,-1,-0.05242890143961368,0.05008631919346583,0.051257610316539755,1.0,100.0,129,6,2026-03-12,1.0,IS7H26,21.0,2026-03-12,1.0,-0.015230160813990937,2,NO CALL,past independent N<20; past MAE skill<=0; 80% interval/class does not clear holding hurdle Rs2700
local,90,492,2026-03-20,2026-06-18,37700.0,0.0,0.0,0,-0.04655820469277679,0.0,-0.008185828360107682,0.4305918614317437,0.002825544489792931,0.5665825940784633,1,0.5474452554744526,0.021897810218978103,0.4306569343065693,-1,-0.09844826186384462,0.00533185247829103,0.05189005717106782,1.0,100.0,134,6,2026-03-19,1.0,IS7H26,38.0,2026-03-17,3.0,-0.014148709299305007,2,NO CALL,past independent N<20; past MAE skill<=0; 80% interval/class does not clear holding hurdle Rs2700
local,90,497,2026-03-27,2026-06-25,38300.0,-0.0426731411260757,-1600.0,-1,-0.008658583791318356,0.0,-0.006559222214150036,0.3761528924636053,0.0026886688486123848,0.6211584386877823,1,0.5244755244755245,0.02097902097902098,0.45454545454545453,-1,-0.06121885761414307,0.04390169003150636,0.052560273822824716,1.0,100.0,140,6,2026-03-26,1.0,IS7H26,38.0,2026-03-26,1.0,-0.016463673255981554,2,NO CALL,past independent N<20; past MAE skill<=0; 80% interval/class does not clear holding hurdle Rs2700
local,90,512,2026-04-14,2026-07-13,41500.0,-0.10670010058688277,-4200.0,-1,-0.020710784933859278,0.0,-0.006559222214150036,0.5851793355735171,0.002548910534579736,0.4122717538919031,-1,0.5172413793103449,0.020689655172413793,0.46206896551724136,-1,-0.07207932938820152,0.030657759520482976,0.05136854445434225,1.0,1.0,142,6,2026-04-13,1.0,IS7J26,31.0,2026-04-13,1.0,-0.014788856119494903,2,NO CALL,past independent N<20; past MAE skill<=0; 80% interval/class does not clear holding hurdle Rs2700
local,90,518,2026-04-21,2026-07-20,40700.0,-0.0581706328548681,-2300.0,-1,0.06957881946502087,0.0,-0.004107804716000658,0.05521651820693291,0.0022086607282773164,0.9425748210647897,1,0.5,0.02,0.48,-1,0.01728776650758547,0.12186987242245627,0.0522910529574354,1.0,1.0,147,6,2026-04-20,1.0,IS7J26,28.0,2026-04-20,1.0,-0.012570128553660284,2,NO CALL,past independent N<20; past MAE skill<=0; 80% interval/class does not clear holding hurdle Rs2700
local,90,536,2026-05-12,2026-08-10,39400.0,-0.023107575010149605,-900.0,-1,-0.02857862248276822,0.0,-0.004107804716000658,0.684538918606112,0.0023835544848372268,0.3130775269090509,-1,0.4807692307692308,0.019230769230769232,0.5,1,-0.08147483242428227,0.024317587458745828,0.05289620994151405,1.0,1.0,153,6,2026-05-11,1.0,IS7K26,19.0,2026-05-09,3.0,-0.015923580960210904,2,NO CALL,past independent N<20; past MAE skill<=0; 80% interval/class does not clear holding hurdle Rs2700
local,90,537,2026-05-13,2026-08-11,39000.0,-0.012903404835907841,-500.0,-1,0.005229506698780341,0.0,-0.004107804716000658,0.4039589559729579,0.0023725408272832686,0.5936685031997588,1,0.47770700636942676,0.01910828025477707,0.5031847133757962,1,-0.04786116019992053,0.05832017359748121,0.05309066689870087,1.0,1.0,154,6,2026-05-12,1.0,IS7K26,19.0,2026-05-12,1.0,-0.014059130488114122,3,NO CALL,past independent N<20; past MAE skill<=0; 80% interval/class does not clear holding hurdle Rs2700
turkey,90,370,2025-10-18,2026-01-16,34200.0,0.08408311721054144,3000.0,1,-0.031233563747010022,0.0,-0.02194124116956652,0.7360452549766,0.004518133700091871,0.25943661132330814,-1,0.6024096385542169,0.03614457831325301,0.3614457831325301,-1,-0.07838598231919017,0.01591885482517013,0.04715241857218015,10.0,10.0,80,4,2025-10-17,1.0,IS7V25,21.0,2025-10-15,3.0,,0,NO CALL,past independent N<20; past MAE skill<=0; 80% interval/class does not clear holding hurdle Rs2700
turkey,90,372,2025-10-25,2026-01-23,34000.0,0.07913732055872379,2800.0,1,-0.028023353488607086,0.0,-0.023048395436291017,0.6931156703604898,0.004277678868172735,0.30260665077133736,-1,0.625,0.03409090909090909,0.3409090909090909,-1,-0.07691356538659427,0.020866858409380108,0.048890211897987194,10.0,10.0,85,4,2025-10-24,1.0,IS7V25,21.0,2025-10-24,1.0,-0.031233563747010015,1,NO CALL,past independent N<20; past MAE skill<=0; 80% interval/class does not clear holding hurdle Rs2700
turkey,90,386,2025-11-11,2026-02-09,34300.0,0.08919557880447093,3200.0,1,-0.010162344784612382,0.0,-0.023048395436291017,0.5704177217381617,0.00407923272694591,0.42550304553489243,-1,0.6333333333333333,0.03333333333333333,0.3333333333333333,-1,-0.05708387849279849,0.036759188923573716,0.0469215337081861,10.0,10.0,87,4,2025-11-10,1.0,IS7X25,15.0,2025-11-10,1.0,-0.02962845861780855,1,NO CALL,past independent N<20; past MAE skill<=0; 80% interval/class does not clear holding hurdle Rs2700
turkey,90,392,2025-11-18,2026-02-16,35200.0,0.04173067245647328,1500.0,1,-0.0700350978643601,0.0,-0.023048395436291017,0.957160412802805,0.0038945079270177306,0.03894507927017731,-1,0.6451612903225806,0.03225806451612903,0.3225806451612903,-1,-0.1165209128855244,-0.02354928284319581,0.04648581502116429,10.0,10.0,90,4,2025-11-17,1.0,IS7X25,19.0,2025-11-17,1.0,-0.023139754006743174,1,NO CALL,past independent N<20; past MAE skill<=0
turkey,90,411,2025-12-10,2026-03-10,34300.0,0.12327489245733352,4500.0,1,-0.015050585533920746,0.0,-0.023048395436291017,0.6551331679177999,0.003737097203737866,0.3411297348784623,-1,0.6632653061224489,0.030612244897959183,0.30612244897959184,-1,-0.06291873319596805,0.032817562128126566,0.04786814766204731,10.0,10.0,95,5,2025-12-09,1.0,IS7Z25,27.0,2025-12-09,1.0,-0.0348635899711474,1,NO CALL,past independent N<20; past MAE skill<=0; 80% interval/class does not clear holding hurdle Rs2700
turkey,90,416,2025-12-17,2026-03-17,34500.0,0.0966268356890717,3500.0,1,-0.04622718283488136,0.0,-0.025975486403260677,0.852130907200057,0.003681358834558456,0.14418773396538453,-1,0.6764705882352942,0.029411764705882353,0.29411764705882354,-1,-0.09682872682708601,0.0043743611573233004,0.05060154399220466,10.0,10.0,99,5,2025-12-16,1.0,IS7Z25,42.0,2025-12-16,1.0,-0.030900989083702063,1,NO CALL,past independent N<20; past MAE skill<=0; 80% interval/class does not clear holding hurdle Rs2700
turkey,90,422,2025-12-24,2026-03-25,35400.0,0.07873807604687161,2900.0,1,-0.10690797294433095,0.0,-0.03363512182376674,0.9692735819534144,0.002793310731507785,0.027933107315077848,-1,0.6915887850467289,0.028037383177570093,0.2803738317757009,-1,-0.16105635593450565,-0.05275958995415626,0.054148382990174694,10.0,10.0,104,5,2025-12-23,1.0,IS7Z25,45.0,2025-12-23,1.0,-0.03345535470889861,1,NO CALL,past independent N<20; past MAE skill<=0
turkey,90,440,2026-01-15,2026-04-15,36700.0,0.11079531164378327,4300.0,1,-0.0004037230952926294,0.0,-0.025105921131076358,0.5359446372584639,0.0033903504135853924,0.4606650123279507,-1,0.6696428571428571,0.026785714285714284,0.30357142857142855,-1,-0.05334706812497491,0.05253962193438965,0.05294334502968228,100.0,100.0,109,5,2026-01-14,1.0,IS7F26,45.0,2026-01-14,1.0,-0.04394858588538894,1,NO CALL,past independent N<20; past MAE skill<=0; 80% interval/class does not clear holding hurdle Rs2700
turkey,90,446,2026-01-22,2026-04-22,36500.0,0.11625980611586202,4500.0,1,-0.03813208414648512,0.0,-0.02407715828368369,0.7686696731412899,0.004560316524993784,0.22677001033371633,-1,0.6521739130434783,0.02608695652173913,0.3217391304347826,-1,-0.09201014337325852,0.015745975080288292,0.05387805922677341,100.0,100.0,112,5,2026-01-21,1.0,IS7F26,45.0,2026-01-21,1.0,-0.038505478036626906,1,NO CALL,past independent N<20; past MAE skill<=0; 80% interval/class does not clear holding hurdle Rs2700
turkey,90,459,2026-02-07,2026-05-08,37300.0,0.0648735856406222,2500.0,1,-0.029316207407663584,0.0,-0.023048395436291017,0.641853597148548,0.003269523025059472,0.3548768798263926,-1,0.6410256410256411,0.02564102564102564,0.3333333333333333,-1,-0.0861181469157677,0.02748573210044054,0.056801939508104124,100.0,100.0,114,5,2026-02-06,1.0,IS7G26,33.0,2026-02-06,1.0,-0.038463989826611145,2,NO CALL,past independent N<20; past MAE skill<=0; 80% interval/class does not clear holding hurdle Rs2700
turkey,90,465,2026-02-14,2026-05-15,36500.0,0.061107986040782006,2300.0,1,0.011546752397309158,0.0,-0.023048395436291017,0.3994842973770171,0.003189140130429954,0.5973265624925531,1,0.6147540983606558,0.02459016393442623,0.36065573770491804,-1,-0.048035447630188605,0.07112895242480692,0.05958220002749776,100.0,100.0,119,5,2026-02-13,1.0,IS7G26,36.0,2026-02-10,4.0,-0.037549211584716385,2,NO CALL,past independent N<20; past MAE skill<=0; 80% interval/class does not clear holding hurdle Rs2700
turkey,90,471,2026-02-23,2026-05-25,36700.0,0.040058760552004954,1500.0,1,0.020420551627390104,0.0,-0.023048395436291017,0.3526467716570152,0.0029984957436618755,0.6443547325993229,1,0.5859375,0.0234375,0.390625,-1,-0.04008553802072344,0.08092664127550366,0.06050608964811355,100.0,100.0,125,5,2026-02-20,3.0,IS7G26,36.0,2026-02-21,2.0,-0.03308594213180496,2,NO CALL,past independent N<20; past MAE skill<=0; 80% interval/class does not clear holding hurdle Rs2700
turkey,90,486,2026-03-13,2026-06-15,37900.0,0.01049878409821957,400.0,1,0.0026276090998578203,0.0,-0.023048395436291017,0.39188853021287495,0.002944241147962908,0.6051672286391622,1,0.5681818181818182,0.022727272727272728,0.4090909090909091,-1,-0.05916910923442374,0.06442432743413938,0.06179671833428156,100.0,100.0,129,6,2026-03-12,1.0,IS7H26,21.0,2026-03-12,1.0,-0.028627067651872035,2,NO CALL,past independent N<20; past MAE skill<=0; 80% interval/class does not clear holding hurdle Rs2700
turkey,90,492,2026-03-20,2026-06-18,37700.0,0.0,0.0,0,0.05154999513366415,0.0,-0.008185828360107682,0.22465927867894245,0.002804450623364233,0.7725362706976934,1,0.5474452554744526,0.021897810218978103,0.4306569343065693,-1,-0.012828164185044691,0.11592815445237299,0.06437815931870884,100.0,100.0,134,6,2026-03-19,1.0,IS7H26,38.0,2026-03-17,3.0,-0.026222861747892817,2,NO CALL,past independent N<20; past MAE skill<=0; 80% interval/class does not clear holding hurdle Rs2700
turkey,90,497,2026-03-27,2026-06-25,38300.0,-0.0426731411260757,-1600.0,-1,0.05785969767350596,0.0,-0.006559222214150036,0.230944291134915,0.0026777630278679797,0.7663779458372171,1,0.5244755244755245,0.02097902097902098,0.45454545454545453,-1,-0.006479479190102055,0.12219887453711398,0.06433917686360802,100.0,100.0,140,6,2026-03-26,1.0,IS7H26,38.0,2026-03-26,1.0,-0.028031942704019333,2,NO CALL,past independent N<20; past MAE skill<=0; 80% interval/class does not clear holding hurdle Rs2700
turkey,90,512,2026-04-14,2026-07-13,41500.0,-0.10670010058688277,-4200.0,-1,0.0268973910762006,0.0,-0.006559222214150036,0.42066491943221346,0.019056045477980135,0.5602790350898065,1,0.5172413793103449,0.020689655172413793,0.46206896551724136,-1,-0.03735559840871163,0.09115038056111283,0.06425298948491223,100.0,100.0,142,6,2026-04-13,1.0,IS7J26,31.0,2026-04-13,1.0,-0.03002045970198511,2,NO CALL,past independent N<20; past MAE skill<=0; 80% interval/class does not clear holding hurdle Rs2700
turkey,90,518,2026-04-21,2026-07-20,40700.0,-0.0581706328548681,-2300.0,-1,0.04020490733311552,0.0,-0.004107804716000658,0.24766576053851486,0.002582864966178622,0.7497513744953066,1,0.5,0.02,0.48,-1,-0.0236920849137659,0.10410189957999694,0.06389699224688142,100.0,100.0,147,6,2026-04-20,1.0,IS7J26,28.0,2026-04-20,1.0,-0.0298252679128736,2,NO CALL,past independent N<20; past MAE skill<=0; 80% interval/class does not clear holding hurdle Rs2700
turkey,90,536,2026-05-12,2026-08-10,39400.0,-0.023107575010149605,-900.0,-1,0.04362921468527006,0.0,-0.004107804716000658,0.29524566209375497,0.030920194247552164,0.6738341436586929,1,0.4807692307692308,0.019230769230769232,0.5,1,-0.01979371654084268,0.1070521459113828,0.06342293122611274,100.0,100.0,153,6,2026-05-11,1.0,IS7K26,19.0,2026-05-09,3.0,-0.030435834937593706,2,NO CALL,past independent N<20; past MAE skill<=0; 80% interval/class does not clear holding hurdle Rs2700
turkey,90,537,2026-05-13,2026-08-11,39000.0,-0.012903404835907841,-500.0,-1,0.028609978924804907,0.0,-0.004107804716000658,0.358549747754711,0.014464274723269884,0.6269859775220191,1,0.47770700636942676,0.01910828025477707,0.5031847133757962,1,-0.03469803899280015,0.09191799684240996,0.06330801791760506,100.0,100.0,154,6,2026-05-12,1.0,IS7K26,19.0,2026-05-12,1.0,-0.031168800479131273,3,NO CALL,past independent N<20; past MAE skill<=0; 80% interval/class does not clear holding hurdle Rs2700
combined,90,370,2025-10-18,2026-01-16,34200.0,0.08408311721054144,3000.0,1,0.0007338459451465881,0.0,-0.02194124116956652,0.49553349888105064,0.004701366903290394,0.4997651342156589,1,0.6024096385542169,0.03614457831325301,0.3614457831325301,-1,-0.030543312698252445,0.032011004588545625,0.031277158643399035,10.0,10.0,80,4,2025-10-17,1.0,IS7V25,21.0,2025-10-15,3.0,,0,NO CALL,past independent N<20; past MAE skill<=0; class confidence<0.50; 80% interval/class does not clear holding hurdle Rs2700
combined,90,372,2025-10-25,2026-01-23,34000.0,0.07913732055872379,2800.0,1,-0.004473708446940039,0.0,-0.023048395436291017,0.49320333503323144,0.0044034405610361245,0.5023932244057324,1,0.625,0.03409090909090909,0.3409090909090909,-1,-0.03491695958583459,0.025969542691954506,0.030443251138894546,10.0,10.0,85,4,2025-10-24,1.0,IS7V25,21.0,2025-10-24,1.0,0.0007338459451465829,1,NO CALL,past independent N<20; 80% interval/class does not clear holding hurdle Rs2700
combined,90,386,2025-11-11,2026-02-09,34300.0,0.08919557880447093,3200.0,1,-0.04397972582647361,0.0,-0.023048395436291017,0.7359114678620189,0.0040247170741927974,0.2600638150637884,-1,0.6333333333333333,0.03333333333333333,0.3333333333333333,-1,-0.07332494400064092,-0.014634507652306294,0.029345218174167315,10.0,10.0,87,4,2025-11-10,1.0,IS7X25,15.0,2025-11-10,1.0,-0.0018699312508967253,1,NO CALL,past independent N<20; past MAE skill<=0
combined,90,392,2025-11-18,2026-02-16,35200.0,0.04173067245647328,1500.0,1,-0.08884876583592828,0.0,-0.023048395436291017,0.9590272520597799,0.003724795267292739,0.037247952672927395,-1,0.6451612903225806,0.03225806451612903,0.3225806451612903,-1,-0.1192727924695364,-0.05842473920232016,0.030424026633608124,10.0,10.0,90,4,2025-11-17,1.0,IS7X25,19.0,2025-11-17,1.0,-0.015906529442755682,1,NO CALL,past independent N<20; past MAE skill<=0
combined,90,411,2025-12-10,2026-03-10,34300.0,0.12327489245733352,4500.0,1,-0.03618119594253462,0.0,-0.023048395436291017,0.7259949474492079,0.003841794291974254,0.2701632582588179,-1,0.6632653061224489,0.030612244897959183,0.30612244897959184,-1,-0.06653298950779277,-0.005829402377276478,0.03035179356525814,10.0,10.0,95,5,2025-12-09,1.0,IS7Z25,27.0,2025-12-09,1.0,-0.034142088541048846,1,NO CALL,past independent N<20; past MAE skill<=0
combined,90,416,2025-12-17,2026-03-17,34500.0,0.0966268356890717,3500.0,1,-0.04500122472131586,0.0,-0.025975486403260677,0.8192953596585761,0.00378293451390986,0.17692170582751396,-1,0.6764705882352942,0.029411764705882353,0.29411764705882354,-1,-0.08644509201874348,-0.003557357423888248,0.04144386729742761,10.0,10.0,99,5,2025-12-16,1.0,IS7Z25,42.0,2025-12-16,1.0,-0.034549910021346,1,NO CALL,past independent N<20; past MAE skill<=0
combined,90,422,2025-12-24,2026-03-25,35400.0,0.07873807604687161,2900.0,1,-0.10721075758448285,0.0,-0.03363512182376674,0.9675845860067567,0.0029468558175675787,0.029468558175675782,-1,0.6915887850467289,0.028037383177570093,0.2803738317757009,-1,-0.14841329777259227,-0.06600821739637346,0.0412025401881094,10.0,10.0,104,5,2025-12-23,1.0,IS7Z25,45.0,2025-12-23,1.0,-0.0362917958046743,1,NO CALL,past independent N<20; past MAE skill<=0
combined,90,440,2026-01-15,2026-04-15,36700.0,0.11079531164378327,4300.0,1,-0.019624675867216005,0.0,-0.025105921131076358,0.6985380428308194,0.0034125675425088608,0.2980493896266716,-1,0.6696428571428571,0.026785714285714284,0.30357142857142855,-1,-0.06434267478299782,0.025093323048565815,0.04471799891578182,100.0,100.0,109,5,2026-01-14,1.0,IS7F26,45.0,2026-01-14,1.0,-0.046423076058932644,1,NO CALL,past independent N<20; past MAE skill<=0; 80% interval/class does not clear holding hurdle Rs2700
combined,90,446,2026-01-22,2026-04-22,36500.0,0.11625980611586202,4500.0,1,-0.047072821566475694,0.0,-0.02407715828368369,0.8552768025005351,0.01945491438994696,0.125268283109518,-1,0.6521739130434783,0.02608695652173913,0.3217391304347826,-1,-0.09399667209851605,-0.0001489710344353412,0.04692385053204035,100.0,100.0,112,5,2026-01-21,1.0,IS7F26,45.0,2026-01-21,1.0,-0.04307327603496808,1,NO CALL,past independent N<20; past MAE skill<=0; 80% interval/class does not clear holding hurdle Rs2700
combined,90,459,2026-02-07,2026-05-08,37300.0,0.0648735856406222,2500.0,1,-0.023814418825012604,0.0,-0.023048395436291017,0.6209713257519093,0.0033081117251763407,0.3757205625229144,-1,0.6410256410256411,0.02564102564102564,0.3333333333333333,-1,-0.07419635298942705,0.02656751533940184,0.050381934164414444,100.0,100.0,114,5,2026-02-06,1.0,IS7G26,33.0,2026-02-06,1.0,-0.04351766998291334,2,NO CALL,past independent N<20; past MAE skill<=0; 80% interval/class does not clear holding hurdle Rs2700
combined,90,465,2026-02-14,2026-05-15,36500.0,0.061107986040782006,2300.0,1,0.0035949058019384837,0.0,-0.023048395436291017,0.4756366975418071,0.0094723175164219,0.5148909849417711,1,0.6147540983606558,0.02459016393442623,0.36065573770491804,-1,-0.05168172461823055,0.058871536222107515,0.05527663042016903,100.0,100.0,119,5,2026-02-13,1.0,IS7G26,36.0,2026-02-10,4.0,-0.041547344867123304,2,NO CALL,past independent N<20; past MAE skill<=0; 80% interval/class does not clear holding hurdle Rs2700
combined,90,471,2026-02-23,2026-05-25,36700.0,0.040058760552004954,1500.0,1,0.009238640224431214,0.0,-0.023048395436291017,0.43761999618675884,0.003003392735639588,0.5593766110776015,1,0.5859375,0.0234375,0.390625,-1,-0.04183845703340706,0.06031573748226949,0.05107709725783827,100.0,100.0,125,5,2026-02-20,3.0,IS7G26,36.0,2026-02-21,2.0,-0.037443503897208574,2,NO CALL,past independent N<20; past MAE skill<=0; 80% interval/class does not clear holding hurdle Rs2700
combined,90,486,2026-03-13,2026-06-15,37900.0,0.01049878409821957,400.0,1,-0.00708008317766402,0.0,-0.023048395436291017,0.4954325199433177,0.002962264542493464,0.5016052155141889,1,0.5681818181818182,0.022727272727272728,0.4090909090909091,-1,-0.06318718503251143,0.049027018677183384,0.05610710185484741,100.0,100.0,129,6,2026-03-12,1.0,IS7H26,21.0,2026-03-12,1.0,-0.03355332522040527,2,NO CALL,past independent N<20; past MAE skill<=0; 80% interval/class does not clear holding hurdle Rs2700
combined,90,492,2026-03-20,2026-06-18,37700.0,0.0,0.0,0,0.030056691390035008,0.0,-0.008185828360107682,0.40289112540595384,0.0027973908247292357,0.5943114837693169,1,0.5474452554744526,0.021897810218978103,0.4306569343065693,-1,-0.029716902211456855,0.08983028499152687,0.05977359360149186,100.0,100.0,134,6,2026-03-19,1.0,IS7H26,38.0,2026-03-17,3.0,-0.031516921986348256,2,NO CALL,past independent N<20; past MAE skill<=0; 80% interval/class does not clear holding hurdle Rs2700
combined,90,497,2026-03-27,2026-06-25,38300.0,-0.0426731411260757,-1600.0,-1,0.03302155039714791,0.0,-0.006559222214150036,0.3824501837850455,0.0026516840395495404,0.6148981321754049,1,0.5244755244755245,0.02097902097902098,0.45454545454545453,-1,-0.025356646428230517,0.09139974722252633,0.058378196825378426,100.0,100.0,140,6,2026-03-26,1.0,IS7H26,38.0,2026-03-26,1.0,-0.031412619800897296,2,NO CALL,past independent N<20; past MAE skill<=0; 80% interval/class does not clear holding hurdle Rs2700
combined,90,512,2026-04-14,2026-07-13,41500.0,-0.10670010058688277,-4200.0,-1,-0.004036266076155782,0.0,-0.006559222214150036,0.9162707235434254,0.03899498291213674,0.04473429354443775,-1,0.5172413793103449,0.020689655172413793,0.46206896551724136,-1,-0.06320615580761398,0.055133623655302416,0.059169889731458196,100.0,1.0,142,6,2026-04-13,1.0,IS7J26,31.0,2026-04-13,1.0,-0.03151988184064734,2,NO CALL,past independent N<20; past MAE skill<=0; 80% interval/class does not clear holding hurdle Rs2700
combined,90,518,2026-04-21,2026-07-20,40700.0,-0.0581706328548681,-2300.0,-1,0.018171455096837097,0.0,-0.004107804716000658,0.16106038524287125,0.0025695939447220174,0.8363700208124069,1,0.5,0.02,0.48,-1,-0.03896587632661347,0.07530878652028766,0.057137331423450566,100.0,1.0,147,6,2026-04-20,1.0,IS7J26,28.0,2026-04-20,1.0,-0.02929762259584716,2,NO CALL,past independent N<20; past MAE skill<=0; 80% interval/class does not clear holding hurdle Rs2700
combined,90,536,2026-05-12,2026-08-10,39400.0,-0.023107575010149605,-900.0,-1,0.012285676369373447,0.0,-0.004107804716000658,0.8930967803664831,0.04391418360197598,0.06298903603154093,-1,0.4807692307692308,0.019230769230769232,0.5,1,-0.043552834500957635,0.06812418723970454,0.055838510870331086,100.0,1.0,153,6,2026-05-11,1.0,IS7K26,19.0,2026-05-09,3.0,-0.02864314215472892,2,NO CALL,past independent N<20; past MAE skill<=0; 80% interval/class does not clear holding hurdle Rs2700
combined,90,537,2026-05-13,2026-08-11,39000.0,-0.012903404835907841,-500.0,-1,0.008360352996098226,0.0,-0.004107804716000658,0.618496143860551,0.03018639719657382,0.3513174589428752,-1,0.47770700636942676,0.01910828025477707,0.5031847133757962,1,-0.0473462272747582,0.06406693326695465,0.055706580270856426,100.0,1.0,154,6,2026-05-12,1.0,IS7K26,19.0,2026-05-12,1.0,-0.027734394055542497,3,NO CALL,past independent N<20; past MAE skill<=0; 80% interval/class does not clear holding hurdle Rs2700
nonlinear,90,370,2025-10-18,2026-01-16,34200.0,0.08408311721054144,3000.0,1,-0.029192125320247595,0.0,-0.02194124116956652,0.642375293559761,0.004624778474982112,0.35299992796525687,-1,0.6024096385542169,0.03614457831325301,0.3614457831325301,-1,-0.056281472131959887,-0.0021027785085353003,0.027089346811712295,10.0,10.0,80,4,2025-10-17,1.0,IS7V25,21.0,2025-10-15,3.0,,0,NO CALL,past independent N<20; past MAE skill<=0; 80% interval/class does not clear holding hurdle Rs2700
nonlinear,90,372,2025-10-25,2026-01-23,34000.0,0.07913732055872379,2800.0,1,-0.020182346171145123,0.0,-0.023048395436291017,0.5814649061468722,0.004346276473532669,0.41418881737959523,-1,0.625,0.03409090909090909,0.3409090909090909,-1,-0.046596153985614064,0.006231461643323822,0.026413807814468945,10.0,10.0,85,4,2025-10-24,1.0,IS7V25,21.0,2025-10-24,1.0,-0.02919212532024759,1,NO CALL,past independent N<20; past MAE skill<=0; 80% interval/class does not clear holding hurdle Rs2700
nonlinear,90,386,2025-11-11,2026-02-09,34300.0,0.08919557880447093,3200.0,1,-0.040248937776989485,0.0,-0.023048395436291017,0.7138073770452306,0.004029913427443058,0.28216270952732625,-1,0.6333333333333333,0.03333333333333333,0.3333333333333333,-1,-0.06496202418222678,-0.015535851371752184,0.0247130864052373,10.0,10.0,87,4,2025-11-10,1.0,IS7X25,15.0,2025-11-10,1.0,-0.024687235745696354,1,NO CALL,past independent N<20; past MAE skill<=0
nonlinear,90,392,2025-11-18,2026-02-16,35200.0,0.04173067245647328,1500.0,1,-0.0732202155597987,0.0,-0.023048395436291017,0.9556881807953037,0.004028347200426938,0.040283472004269384,-1,0.6451612903225806,0.03225806451612903,0.3225806451612903,-1,-0.09780119177977617,-0.048639239339821234,0.024580976219977464,10.0,10.0,90,4,2025-11-17,1.0,IS7X25,19.0,2025-11-17,1.0,-0.029874469756127398,1,NO CALL,past independent N<20; past MAE skill<=0
nonlinear,90,411,2025-12-10,2026-03-10,34300.0,0.12327489245733352,4500.0,1,-0.028595258514958824,0.0,-0.023048395436291017,0.7709047644953997,0.0038766032401022577,0.225218632264498,-1,0.6632653061224489,0.030612244897959183,0.30612244897959184,-1,-0.0566203366362838,-0.0005701803936338477,0.028025078121324976,10.0,10.0,95,5,2025-12-09,1.0,IS7Z25,27.0,2025-12-09,1.0,-0.04071090620704522,1,NO CALL,past independent N<20; past MAE skill<=0; 80% interval/class does not clear holding hurdle Rs2700
nonlinear,90,416,2025-12-17,2026-03-17,34500.0,0.0966268356890717,3500.0,1,-0.06975776389731675,0.0,-0.025975486403260677,0.9585568061095776,0.0037675630809474885,0.037675630809474885,-1,0.6764705882352942,0.029411764705882353,0.29411764705882354,-1,-0.10587699883965485,-0.033638528954978646,0.0361192349423381,10.0,10.0,99,5,2025-12-16,1.0,IS7Z25,42.0,2025-12-16,1.0,-0.038287776668627926,1,NO CALL,past independent N<20; past MAE skill<=0
nonlinear,90,422,2025-12-24,2026-03-25,35400.0,0.07873807604687161,2900.0,1,-0.11379129013951728,0.0,-0.03363512182376674,0.9688346767399915,0.0028332112054553268,0.028332112054553264,-1,0.6915887850467289,0.028037383177570093,0.2803738317757009,-1,-0.15358113103756957,-0.07400144924146498,0.03978984089805229,10.0,10.0,104,5,2025-12-23,1.0,IS7Z25,45.0,2025-12-23,1.0,-0.043532774540076064,1,NO CALL,past independent N<20; past MAE skill<=0
nonlinear,90,440,2026-01-15,2026-04-15,36700.0,0.11079531164378327,4300.0,1,-0.03885589439024068,0.0,-0.025105921131076358,0.8009081544928507,0.0034462658551420054,0.1956455796520073,-1,0.6696428571428571,0.026785714285714284,0.30357142857142855,-1,-0.08394498008484653,0.006233191304365171,0.04508908569460585,100.0,100.0,109,5,2026-01-14,1.0,IS7F26,45.0,2026-01-14,1.0,-0.05356970533999622,1,NO CALL,past independent N<20; past MAE skill<=0; 80% interval/class does not clear holding hurdle Rs2700
nonlinear,90,446,2026-01-22,2026-04-22,36500.0,0.11625980611586202,4500.0,1,-0.06375508795329746,0.0,-0.02407715828368369,0.9314188646708434,0.027011496702574658,0.04156963862658196,-1,0.6521739130434783,0.02608695652173913,0.3217391304347826,-1,-0.1112094065310463,-0.016300769375548606,0.04745431857774885,100.0,100.0,112,5,2026-01-21,1.0,IS7F26,45.0,2026-01-21,1.0,-0.051730478971276805,1,NO CALL,past independent N<20; past MAE skill<=0
nonlinear,90,459,2026-02-07,2026-05-08,37300.0,0.0648735856406222,2500.0,1,-0.023983586263108928,0.0,-0.023048395436291017,0.6211805406005237,0.0033090123131247397,0.3755104470863515,-1,0.6410256410256411,0.02564102564102564,0.3333333333333333,-1,-0.07193186423421938,0.023964691708001525,0.04794827797111045,100.0,100.0,114,5,2026-02-06,1.0,IS7G26,33.0,2026-02-06,1.0,-0.05306654663594576,2,NO CALL,past independent N<20; past MAE skill<=0; 80% interval/class does not clear holding hurdle Rs2700
nonlinear,90,465,2026-02-14,2026-05-15,36500.0,0.061107986040782006,2300.0,1,0.0012571204229074942,0.0,-0.023048395436291017,0.48560369426276756,0.010915307162947278,0.5034809985742852,1,0.6147540983606558,0.02459016393442623,0.36065573770491804,-1,-0.05385818737868025,0.05637242822449524,0.05511530780158774,100.0,100.0,119,5,2026-02-13,1.0,IS7G26,36.0,2026-02-10,4.0,-0.05015825059866208,2,NO CALL,past independent N<20; past MAE skill<=0; 80% interval/class does not clear holding hurdle Rs2700
nonlinear,90,471,2026-02-23,2026-05-25,36700.0,0.040058760552004954,1500.0,1,0.009329956535494649,0.0,-0.023048395436291017,0.43405470058477114,0.00300382586587417,0.5629414735493546,1,0.5859375,0.0234375,0.390625,-1,-0.044405604380130574,0.06306551745111988,0.05373556091562522,100.0,100.0,125,5,2026-02-20,3.0,IS7G26,36.0,2026-02-21,2.0,-0.045484125960337574,2,NO CALL,past independent N<20; past MAE skill<=0; 80% interval/class does not clear holding hurdle Rs2700
nonlinear,90,486,2026-03-13,2026-06-15,37900.0,0.01049878409821957,400.0,1,-0.005930353289013316,0.0,-0.023048395436291017,0.4907764875125843,0.002956853636316441,0.5062666588510992,1,0.5681818181818182,0.022727272727272728,0.4090909090909091,-1,-0.06361285520036561,0.051752148622338984,0.057682501911352296,100.0,100.0,129,6,2026-03-12,1.0,IS7H26,21.0,2026-03-12,1.0,-0.04091628575235157,2,NO CALL,past independent N<20; past MAE skill<=0; 80% interval/class does not clear holding hurdle Rs2700
nonlinear,90,492,2026-03-20,2026-06-18,37700.0,0.0,0.0,0,0.029847011614072577,0.0,-0.008185828360107682,0.40115414257268894,0.002798758812830182,0.5960470986144808,1,0.5474452554744526,0.021897810218978103,0.4306569343065693,-1,-0.030724952524213076,0.09041897575235823,0.06057196413828565,100.0,100.0,134,6,2026-03-19,1.0,IS7H26,38.0,2026-03-17,3.0,-0.038225060178248615,2,NO CALL,past independent N<20; past MAE skill<=0; 80% interval/class does not clear holding hurdle Rs2700
nonlinear,90,497,2026-03-27,2026-06-25,38300.0,-0.0426731411260757,-1600.0,-1,0.03325750181805345,0.0,-0.006559222214150036,0.3771395195794215,0.002652471182405095,0.6202080092381734,1,0.5244755244755245,0.02097902097902098,0.45454545454545453,-1,-0.025529418658883453,0.09204442229499035,0.058786920476936906,100.0,100.0,140,6,2026-03-26,1.0,IS7H26,38.0,2026-03-26,1.0,-0.03762662813795033,2,NO CALL,past independent N<20; past MAE skill<=0; 80% interval/class does not clear holding hurdle Rs2700
nonlinear,90,512,2026-04-14,2026-07-13,41500.0,-0.10670010058688277,-4200.0,-1,-0.0047386118323889895,0.0,-0.006559222214150036,0.6416025447266717,0.007384916288478583,0.3510125389848498,-1,0.5172413793103449,0.020689655172413793,0.46206896551724136,-1,-0.0640303875662466,0.05455316390146862,0.059291775733857605,100.0,100.0,142,6,2026-04-13,1.0,IS7J26,31.0,2026-04-13,1.0,-0.03733535304995719,2,NO CALL,past independent N<20; past MAE skill<=0; 80% interval/class does not clear holding hurdle Rs2700
nonlinear,90,518,2026-04-21,2026-07-20,40700.0,-0.0581706328548681,-2300.0,-1,0.016702334991960183,0.0,-0.004107804716000658,0.34597209772870924,0.00254255549104919,0.6514853467802415,1,0.5,0.02,0.48,-1,-0.040619445516833594,0.07402411550075397,0.05732178050879378,100.0,100.0,147,6,2026-04-20,1.0,IS7J26,28.0,2026-04-20,1.0,-0.034705730244810565,2,NO CALL,past independent N<20; past MAE skill<=0; 80% interval/class does not clear holding hurdle Rs2700
nonlinear,90,536,2026-05-12,2026-08-10,39400.0,-0.023107575010149605,-900.0,-1,0.010861780366274186,0.0,-0.004107804716000658,0.4469394258053388,0.013426742904817988,0.5396338312898432,1,0.4807692307692308,0.019230769230769232,0.5,1,-0.04586317652207041,0.06758673725461878,0.0567249568883446,100.0,100.0,153,6,2026-05-11,1.0,IS7K26,19.0,2026-05-09,3.0,-0.033646706994642894,2,NO CALL,past independent N<20; past MAE skill<=0; 80% interval/class does not clear holding hurdle Rs2700
nonlinear,90,537,2026-05-13,2026-08-11,39000.0,-0.012903404835907841,-500.0,-1,0.007490183285462083,0.0,-0.004107804716000658,0.42867042050916254,0.0024876129252597075,0.5688419665655777,1,0.47770700636942676,0.01910828025477707,0.5031847133757962,1,-0.04920982164341545,0.06419018821433961,0.05670000492887753,100.0,100.0,154,6,2026-05-12,1.0,IS7K26,19.0,2026-05-12,1.0,-0.03238087773751129,3,NO CALL,past independent N<20; past MAE skill<=0; 80% interval/class does not clear holding hurdle Rs2700
